opstina	redni_broj	biracko_mesto	adresa	naselje	ulica	lat	lng	geo_tacnost
Ада	1	"ПРЕЦИЗНИ ЛИВ"	Ада, Молски пут бр. 4	Ада	Молски пут бр. 4	45.785310	20.135490	objekat
Ада	2	Зграда І МЗ (велика сала)	Ада, Маршала Тита бр. 43	Ада	Маршала Тита бр. 43	45.792839	20.138264	objekat
Ада	3	Зграда І МЗ (мала сала)	Ада, Маршала Тита бр. 43	Ада	Маршала Тита бр. 43	45.792839	20.138264	objekat
Ада	4	Посланички клуб (зграда у дворишту СО)	Ада, Трг ослобођења бр. 1	Ада	Трг ослобођења бр. 1	45.796386	20.133478	objekat
Ада	5	Техничка школа	Ада, Раде Кончара бр. 32/А	Ада	Раде Кончара бр. 32/А	45.789969	20.129527	objekat
Ада	6	Техничка школа	Ада, Моше Пијаде бр. 39	Ада	Моше Пијаде бр. 39	45.791463	20.129893	objekat
Ада	7	Дом пензионера	Ада, Доситеја Обрадовића бр. 3	Ада	Доситеја Обрадовића бр. 3	45.797200	20.135919	objekat
Ада	8	Главна зграда ІІ МЗ	Ада, Лењинова бр. 47	Ада	Лењинова бр. 47	45.798696	20.126348	objekat
Ада	9	Забавиште	Ада, Димитрија Туцовића бр. 13	Ада	Димитрија Туцовића бр. 13	45.799141	20.134260	objekat
Ада	10	Забавиште	Ада, Саве Ковачевића бр. 74	Ада	Саве Ковачевића бр. 74	45.804251	20.130843	objekat
Ада	11	Барапарт школа	Ада, Лењинова бр. 85	Ада	Лењинова бр. 85	45.800299	20.121323	objekat
Ада	12	Кадарева кућа	Ада, Дожа Ђерђа бр. 25	Ада	Дожа Ђерђа бр. 25	45.805600	20.124532	objekat
Ада	13	Зграда ІІ МЗ	Ада, Халас Јожефа бр. 22	Ада	Халас Јожефа бр. 22	45.802116	20.111407	objekat
Ада	14	Забавиште у Гунарошу	Ада, Халас Јожефа бр. 22	Ада	Халас Јожефа бр. 22	45.802116	20.111407	objekat
Ада	15	Кадарева кућа – дворишни део зграде други улаз	Ада, Дожа Ђерђа бр. 25	Ада	Дожа Ђерђа бр. 25	45.805600	20.124532	objekat
Ада	16	Забавиште	Мол, Новака Радонића бр. 17	Мол	Новака Радонића бр. 17	45.762953	20.137339	objekat
Ада	17	Забавиште	Мол, Новака Радонића бр. 17	Мол	Новака Радонића бр. 17	45.762953	20.137339	objekat
Ада	18	Обданиште	Мол, Маршала Тита бр. 20	Мол	Маршала Тита бр. 20	45.764625	20.139126	objekat
Ада	19	Дом културе клуб	Мол, Маршала Тита бр. 72	Мол	Маршала Тита бр. 72	45.764261	20.132177	objekat
Ада	20	Дом пензионера	Мол, Петефи Шандора бр. 58	Мол	Петефи Шандора бр. 58	45.763897	20.130055	naselje
Ада	21	Дом културе - читаоница	Мол, Маршала Тита бр. 72	Мол	Маршала Тита бр. 72	45.764261	20.132177	objekat
Ада	22	Забавиште	Мол, Маршала Тита бр. 108	Мол	Маршала Тита бр. 108	45.763814	20.124874	objekat
Ада	23	Забавиште	Мол, Маршала Тита бр. 108	Мол	Маршала Тита бр. 108	45.763814	20.124874	objekat
Ада	24	Дом пензионера	Мол, Петефи Шандора бр. 58	Мол	Петефи Шандора бр. 58	45.763897	20.130055	naselje
Ада	25	Анушка клуб	Мол, Петефи Шандора бр. 74	Мол	Петефи Шандора бр. 74	45.763897	20.130055	naselje
Ада	26	Зграда МЗ	Оборњача, Маршала Тита бр. 2	Оборњача	Маршала Тита бр. 2	45.774248	19.891075	objekat
Ада	27	Дом омладине	Стеријино, Маршала Тита бр. 50	Стеријино	Маршала Тита бр. 50	45.802168	20.017475	objekat
Ада	28	ОШ "Чех Карољ"	Утрине, Јожеф Атиле бр. 8	Утрине	Јожеф Атиле бр. 8	45.811852	19.900713	objekat
Ада	29	Зграда МЗ	Утрине, Кошут Лајоша бр. 11	Утрине	Кошут Лајоша бр. 11	45.811041	19.904427	objekat
Александровац	1	ОСНОВНА ШКОЛА	Јелакци, Главна број 44	Јелакци	Главна број 44			nije_nadjeno
Александровац	2	КУЋА РАДИЧЕВИЋ Р. СРЕЋКА	Јелакци	Јелакци		43.421422	20.801184	naselje
Александровац	3	ДОМ КУЛТУРЕ	Рокци	Рокци		43.415300	20.848300	naselje
Александровац	4	ОСНОВНА ШКОЛА	Плоча, Светог Петра и Павла број 15	Плоча	Светог Петра и Павла број 15			nije_nadjeno
Александровац	5	ДОМ КУЛТУРЕ	Рогавчина, Школска 3	Рогавчина	Школска 3	43.502350	20.850469	objekat
Александровац	6	ОСНОВНА ШКОЛА	Бзенице, Жељинска 72	Бзенице	Жељинска 72	43.503377	20.878221	objekat
Александровац	7	ОСНОВНА ШКОЛА	Плеш, Радослава Раје Ђукића број 2	Плеш	Радослава Раје Ђукића број 2			nije_nadjeno
Александровац	8	ДОМ КУЛТУРЕ	Стрменица	Стрменица		43.507659	20.927005	naselje
Александровац	9	ОСНОВНА ШКОЛА	Грчак, Школска 12	Грчак	Школска 12	43.462721	20.949585	objekat
Александровац	10	ДОМ КУЛТУРЕ	Ботурићи, Расинска 31	Ботурићи	Расинска 31	43.456765	20.965688	objekat
Александровац	11	ОСНОВНА ШКОЛА	Козница, Козничка број 11	Козница	Козничка број 11			nije_nadjeno
Александровац	12	ДОМ КУЛТУРЕ	Велика Врбница, ББ	Велика Врбница	ББ	43.489763	20.968545	naselje
Александровац	13	ДОМ КУЛТУРЕ	Горњи Вратари, Врбничка улица 18	Горњи Вратари	Врбничка улица 18			nije_nadjeno
Александровац	14	ДОМ КУЛТУРЕ	Латковац, Школска бб	Латковац	Школска бб	43.479689	20.998430	ulica
Александровац	15	ДОМ КУЛТУРЕ	Пуховац, Михајла Колумбе бб	Пуховац	Михајла Колумбе бб	43.475886	21.020557	ulica
Александровац	16	КУЋА НИКОЛИЋ ЈЕЛИЦА	Ракља, Свете Тројице	Ракља	Свете Тројице	43.441102	21.030100	ulica
Александровац	17	ДОМ КУЛТУРЕ	Лесеновци, Катанци 1	Лесеновци	Катанци 1	43.431795	21.025133	objekat
Александровац	18	ДОМ КУЛТУРЕ	Доњи Вратари, Здравац-бб	Доњи Вратари	Здравац-бб	43.445352	21.016255	ulica
Александровац	19	ЗЕМЉОРАДНИЧКА ЗАДРУГА Витково	Витково	Витково		43.460400	21.100772	naselje
Александровац	20	ДОМ КУЛТУРЕ	Стањево, Крушевачка 54	Стањево	Крушевачка 54	43.457904	21.083049	objekat
Александровац	21	ОСНОВНА ШКОЛА	Новаци, Пољанска бр.9	Новаци	Пољанска бр.9	43.459303	21.143479	objekat
Александровац	22	ДОМ КУЛТУРЕ	Боботе, Крушевачка бб	Боботе	Крушевачка бб	43.454394	21.110741	ulica
Александровац	23	ОСНОВНА ШКОЛА	Стубал, Богдана Милића број 15	Стубал	Богдана Милића број 15			nije_nadjeno
Александровац	24	ДОМ КУЛТУРЕ	Венчац, Хаџи Михаила Кнежевића бб	Венчац	Хаџи Михаила Кнежевића бб			nije_nadjeno
Александровац	25	ДОМ КУЛТУРЕ	Шљивово, Видовданска 95	Шљивово	Видовданска 95	43.410885	21.074005	ulica
Александровац	26	ДОМ КУЛТУРЕ	Парчин, Главна бб	Парчин	Главна бб	43.416003	21.086919	ulica
Александровац	27	ОСНОВНА ШКОЛА	Љубинци, Главна улица 46	Љубинци	Главна улица 46			nije_nadjeno
Александровац	28	ОСНОВНА ШКОЛА	Доброљупци, Улица Главна 72	Доброљупци	Улица Главна 72			nije_nadjeno
Александровац	29	ОСНОВНА ШКОЛА	Пањевац, Патријарха Павла 30	Пањевац	Патријарха Павла 30	43.398679	21.116474	objekat
Александровац	30	ОСНОВНА ШКОЛА	Трнавци, Буџак број 11	Трнавци	Буџак број 11			nije_nadjeno
Александровац	31	ДОМ КУЛТУРЕ	Вражогрнци, Светог Трифуна 1	Вражогрнци	Светог Трифуна 1	43.432438	21.133451	objekat
Александровац	32	ОСНОВНА ШКОЛА	Суботица, Баштованска 20	Суботица	Баштованска 20	43.445276	21.143086	objekat
Александровац	33	ОСНОВНА ШКОЛА	Горња Злегиња, Видовданска 33	Горња Злегиња	Видовданска 33	43.450922	21.160578	objekat
Александровац	34	ДОМ КУЛТУРЕ	Доња Злегиња, Видовданска 38	Доња Злегиња	Видовданска 38	43.454564	21.167784	ulica
Александровац	35	КАНЦЕЛАРИЈА МЕСНА	Горњи Ступањ, Палих Бораца бб	Горњи Ступањ	Палих Бораца бб	43.469540	21.183048	ulica
Александровац	36	ДОМ КУЛТУРЕ	Гаревина, Ступљанска 1	Гаревина	Ступљанска 1	43.460842	21.178542	objekat
Александровац	37	ДОМ КУЛТУРЕ	Доњи Ступањ, Живка Рацића бб	Доњи Ступањ	Живка Рацића бб	43.498929	21.187119	ulica
Александровац	38	ОСНОВНА ШКОЛА	Дашница, Светосавска бб	Дашница	Светосавска бб	43.472136	21.146627	ulica
Александровац	39	ДОМ КУЛТУРЕ	Лаћислед, Спасовданска улица бб	Лаћислед	Спасовданска улица бб			nije_nadjeno
Александровац	40	ОСНОВНА ШКОЛА	Лаћислед, Милоша Обилића бб	Лаћислед	Милоша Обилића бб	43.503751	21.161082	ulica
Александровац	41	ДОМ КУЛТУРЕ	Мрмош, Главна бб	Мрмош	Главна бб	43.533017	21.162938	ulica
Александровац	42	ДОМ КУЛТУРЕ	Врбница, Жупска бб	Врбница	Жупска бб	43.523481	21.207348	ulica
Александровац	43	ОСНОВНА ШКОЛА	Веља Глава, Школска бб	Веља Глава	Школска бб	43.497870	21.026326	ulica
Александровац	44	ОСНОВНА ШКОЛА	Лесковица, Школска број 2	Лесковица	Школска број 2			nije_nadjeno
Александровац	45	ОСНОВНА ШКОЛА	Горња Ржаница, Школска бб	Горња Ржаница	Школска бб			nije_nadjeno
Александровац	46	ДОМ КУЛТУРЕ	Братићи, Главна бб	Братићи	Главна бб			nije_nadjeno
Александровац	47	ОСНОВНА ШКОЛА	Дренча, Винарска 1	Дренча	Винарска 1	43.475986	21.054381	objekat
Александровац	48	ОСНОВНА ШКОЛА	Тулеш, Школска бб	Тулеш	Школска бб	43.503010	21.090919	ulica
Александровац	49	ДОМ КУЛТУРЕ	Руденице, Манастирска бб	Руденице	Манастирска бб	43.507226	21.090641	ulica
Александровац	50	ОСНОВНА ШКОЛА	Горње Ратаје, Школска бр.2	Горње Ратаје	Школска бр.2	43.483277	21.108409	objekat
Александровац	51	ДОМ КУЛТУРЕ	Тржац, Винска бб.	Тржац	Винска бб.			nije_nadjeno
Александровац	52	ОСНОВНА ШКОЛА	Доње Ратаје, Школска бб	Доње Ратаје	Школска бб	43.479020	21.128757	ulica
Александровац	53	ПРЕДУЗЕЋЕ "МЛАДОСТ"	Кожетин, Омладинска бр. 106	Кожетин	Омладинска бр. 106	43.460592	21.038971	objekat
Александровац	54	ДОМ ПЕНЗИОНЕРА	Александровац, 29. новембар бр. 158	Александровац	29. новембар бр. 158			nije_nadjeno
Александровац	55	ДОМ КУЛТУРЕ	Александровац, 10. август бр. 56	Александровац	10. август бр. 56	43.460322	21.046326	objekat
Александровац	56	ОШ "АЦА АЛЕКСИЋ"	Александровац, Јаше Петровића бр. 6	Александровац	Јаше Петровића бр. 6	43.459012	21.051234	objekat
Александровац	57	ЗГРАДА СУДА	Александровац, 29. новембар бр. 1	Александровац	29. новембар бр. 1			nije_nadjeno
Александровац	58	КУЋА ПРЕДРАГА БАБИЋА	Александровац, Школска бр. 74	Александровац	Школска бр. 74	43.453088	21.048488	objekat
Александровац	59	СШ "СВЕТИ ТРИФУН"	Александровац, Крушевачка бр. 8	Александровац	Крушевачка бр. 8	43.457537	21.055372	objekat
Александровац	60	ОШ "ИВО ЛОЛА РИБАР"	Александровац, Крушевачка бр. 16	Александровац	Крушевачка бр. 16	43.457441	21.063432	objekat
Александровац	61	ОБЈЕКАТ ТРГОВИНЕ ПРИБАНОВИЋ ВЛАДИЦА	Доња Ржаница, Винарска бб	Доња Ржаница	Винарска бб			nije_nadjeno
Алексинац	1	ОСНОВНА ШКОЛА	Јаковље, ул. Вука Караџића 2	Јаковље	ул. Вука Караџића 2	43.460277	21.571429	objekat
Алексинац	2	ОСНОВНА ШКОЛА	Радевце, ул. Краља Петра Првог 1	Радевце	ул. Краља Петра Првог 1	43.479463	21.582225	ulica
Алексинац	3	ОСНОВНА ШКОЛА	Лознац, ул. Књаза Милоша 2	Лознац	ул. Књаза Милоша 2	43.464989	21.603905	objekat
Алексинац	4	ОСНОВНА ШКОЛА	Крушје, ул. Војводе Степе 1	Крушје	ул. Војводе Степе 1	43.488818	21.600817	objekat
Алексинац	5	ОСНОВНА ШКОЛА	Гредетин, ул. Саве Ковачевића 2	Гредетин	ул. Саве Ковачевића 2	43.503285	21.596087	objekat
Алексинац	6	ОСНОВНА ШКОЛА	Горња Пешчаница, ул. Николе Тесле 52	Горња Пешчаница	ул. Николе Тесле 52	43.522043	21.594560	objekat
Алексинац	7	ОСНОВНА ШКОЛА	Корман, ул. Милана Маринковића 1	Корман	ул. Милана Маринковића 1	43.553002	21.611073	objekat
Алексинац	8	ДОМ КУЛТУРЕ	Доња Пешчаница, ул 7 Јули 12	Доња Пешчаница	ул 7 Јули 12	43.535061	21.609555	objekat
Алексинац	9	ОСНОВНА ШКОЛА	Горњи Љубеш, ул. Момчила Поповића 12	Горњи Љубеш	ул. Момчила Поповића 12	43.567954	21.592849	objekat
Алексинац	10	ДОМ КУЛТУРЕ	Срезовац, ул. Саве Ковачевића 5	Срезовац	ул. Саве Ковачевића 5	43.573577	21.584844	objekat
Алексинац	11	ДОМ КУЛТУРЕ	Доњи Љубеш, улица Драгомира Костића Кољке бр 21	Доњи Љубеш	улица Драгомира Костића Кољке бр 21	43.579619	21.574067	objekat
Алексинац	12	ДОМ КУЛТУРЕ	Витковац, улица ЈНА бр 4	Витковац	улица ЈНА бр 4	43.590203	21.552734	objekat
Алексинац	13	ОСНОВНА ШКОЛА	Трњане, ул. Стојана Живковића Столета 77	Трњане	ул. Стојана Живковића Столета 77	43.540048	21.629508	objekat
Алексинац	14	ДОМ КУЛТУРЕ	Доњи Адровац, улица Милентија Поповића 28	Доњи Адровац	улица Милентија Поповића 28	43.520678	21.666534	objekat
Алексинац	15	ОСНОВНА ШКОЛА	Горњи Адровац, ул. Ратка Јовића-Душка 19	Горњи Адровац	ул. Ратка Јовића-Душка 19	43.498666	21.632724	objekat
Алексинац	16	ДОМ КУЛТУРЕ	Прћиловица, ул. Моше Пијаде 46	Прћиловица	ул. Моше Пијаде 46	43.513501	21.685676	objekat
Алексинац	17	ДОМ КУЛТУРЕ	Прћиловица, ул. Моше Пијаде 46	Прћиловица	ул. Моше Пијаде 46	43.513501	21.685676	objekat
Алексинац	18	ДОМ КУЛТУРЕ	Доње Сухотно, ул. Војводе Мишића 1	Доње Сухотно	ул. Војводе Мишића 1	43.484198	21.656129	objekat
Алексинац	19	ДОМ КУЛТУРЕ	Горње Сухотно, ул. Сремска 2	Горње Сухотно	ул. Сремска 2	43.474201	21.645285	objekat
Алексинац	20	МЕСНА ЗАЈЕДНИЦА	Житковац, улица Драгољуба Вујића 19	Житковац	улица Драгољуба Вујића 19	43.509515	21.694599	objekat
Алексинац	21	МЕСНА ЗАЈЕДНИЦА	Житковац, Улица Драгољуба Вујића 19	Житковац	Улица Драгољуба Вујића 19	43.509515	21.694599	objekat
Алексинац	22	МЕСНА ЗАЈЕДНИЦА	Житковац, улица Драгољуба Вујића 19	Житковац	улица Драгољуба Вујића 19	43.509515	21.694599	objekat
Алексинац	23	ДОМ КУЛТУРЕ	Моравац, улица Бранислава Нушића 51	Моравац	улица Бранислава Нушића 51	43.500918	21.703281	objekat
Алексинац	24	ПРИВАТНА КУЋА ГОРАНА СТАНОЈКОВИЋА	Стублина, ул. Патријарха Павла 2	Стублина	ул. Патријарха Павла 2	43.476208	21.705179	objekat
Алексинац	25	ОСНОВНА ШКОЛА	Нозрина, улица Радослава Јовановића 80	Нозрина	улица Радослава Јовановића 80	43.483745	21.715595	objekat
Алексинац	26	ОСНОВНА ШКОЛА	Лужане, улица Устаничка 80	Лужане	улица Устаничка 80	43.481890	21.729075	objekat
Алексинац	27	ДОМ КУЛТУРЕ	Моравски Бујмир, улица Моравска број 24	Моравски Бујмир	улица Моравска број 24	43.483132	21.753511	objekat
Алексинац	28	ОСНОВНА ШКОЛА	Тешица, улица Краљице Марије 119	Тешица	улица Краљице Марије 119	43.462300	21.752204	objekat
Алексинац	29	ПРИВАТНА КУЋА НИКОЛЕ ТОДОРОВИЋА	Банковац, улица Војводе Путника број 14	Банковац	улица Војводе Путника број 14	43.436031	21.733958	objekat
Алексинац	30	ОСНОВНА ШКОЛА	Грејач, улица Вука Карџића 119	Грејач	улица Вука Карџића 119	43.420848	21.742679	naselje
Алексинац	31	ДОМ КУЛТУРЕ	Велики Дреновац, ул. Карађорђева 1	Велики Дреновац	ул. Карађорђева 1	43.414406	21.746615	objekat
Алексинац	32	ОСНОВНА ШКОЛА	Лоћика, улица Јастребачка 97	Лоћика	улица Јастребачка 97	43.437800	21.698834	objekat
Алексинац	33	ДОМ КУЛТУРЕ	Копривница, ул. Војводе Степе 144	Копривница	ул. Војводе Степе 144	43.421284	21.703746	objekat
Алексинац	34	ОСНОВНА ШКОЛА	Мали Дреновац, Сокобањска 4	Мали Дреновац	Сокобањска 4	43.457191	21.673358	objekat
Алексинац	35	ОСНОВНА ШКОЛА	Врћеновица, улица Шуматовачка 18	Врћеновица	улица Шуматовачка 18	43.432666	21.673210	objekat
Алексинац	36	ОСНОВНА ШКОЛА	Шурић, улица Војводе Мишића 47	Шурић	улица Војводе Мишића 47	43.445903	21.645821	objekat
Алексинац	37	ОСНОВНА ШКОЛА	Честа, улица Доситеја Обрадовића 27	Честа	улица Доситеја Обрадовића 27	43.431116	21.657123	objekat
Алексинац	38	ЦРКВЕНА КУЋА	Чукуровац, улица Југ Богданова бб	Чукуровац	улица Југ Богданова бб	43.427641	21.639318	ulica
Алексинац	39	ОСНОВНА ШКОЛА	Кулина, улица Николе Тесле 42	Кулина	улица Николе Тесле 42	43.430259	21.614248	objekat
Алексинац	40	ОСНОВНА ШКОЛА	Љуптен, улица Делиградска 10a	Љуптен	улица Делиградска 10a	43.425123	21.580805	objekat
Алексинац	41	ОСНОВНА ШКОЛА	Вукања, улица Јастребачка 22	Вукања	улица Јастребачка 22	43.400367	21.549980	objekat
Алексинац	42	ОСНОВНА ШКОЛА	Породин, улица Јастребачка 29	Породин	улица Јастребачка 29	43.403973	21.583965	objekat
Алексинац	43	ДОМ КУЛТУРЕ	Мозгово, ул. Леле Поповић 54	Мозгово	ул. Леле Поповић 54	43.657391	21.662712	objekat
Алексинац	44	ОСНОВНА ШКОЛА	Суботинац, Ул. Рударска 14	Суботинац	Ул. Рударска 14	43.602060	21.690076	objekat
Алексинац	45	ОСНОВНА ШКОЛА	Бован, улица Вука Караџића 3	Бован	улица Вука Караџића 3	43.634934	21.718809	objekat
Алексинац	46	ДОМ КУЛТУРЕ	Делиград, ул. Кнеза Лазара 1	Делиград	ул. Кнеза Лазара 1	43.618269	21.581301	objekat
Алексинац	47	ДОМ КУЛТУРЕ	Јасење, ул. Кнеза Лазара 18	Јасење	ул. Кнеза Лазара 18	43.618103	21.574347	objekat
Алексинац	48	ОСНОВНА ШКОЛА	Вукашиновац, ул. Свете Петровића Бранка 6	Вукашиновац	ул. Свете Петровића Бранка 6	43.607037	21.604856	objekat
Алексинац	49	ОСНОВНА ШКОЛА	Брадарац, ул. Добривоја Стојадиновића 4	Брадарац	ул. Добривоја Стојадиновића 4	43.615024	21.646794	objekat
Алексинац	50	ДОМ КУЛТУРЕ	Рутевац, ул. Партизанска 50	Рутевац	ул. Партизанска 50	43.592486	21.613689	objekat
Алексинац	51	ОСНОВНА ШКОЛА	Бобовиште, ул. Дракчета Миловановића 167	Бобовиште	ул. Дракчета Миловановића 167	43.568021	21.656157	objekat
Алексинац	52	ДОМ КУЛТУРЕ	Ћићина, ул. Дракчета Миловановића 20	Ћићина	ул. Дракчета Миловановића 20	43.573361	21.644350	objekat
Алексинац	53	ОСНОВНА ШКОЛА	Алексиначки Рудник, ул. Трг Рудара 4	Алексиначки Рудник	ул. Трг Рудара 4	43.556619	21.690730	objekat
Алексинац	54	ОШ "ЉУПЧЕ НИКОЛИЋ"	Алексинац, ТИХОМИРА ЂОРЂЕВИЋА БР. 10	Алексинац	ТИХОМИРА ЂОРЂЕВИЋА БР. 10	43.542399	21.706569	objekat
Алексинац	55	ДОМ КУЛТУРЕ	Алексинац, ДУШАНА ТРИВУНЦА БР. 15	Алексинац	ДУШАНА ТРИВУНЦА БР. 15	43.540607	21.708099	objekat
Алексинац	56	ТШ "ПРОТА СТЕВАН ДИМИТРИЈЕВИЋ"	Алексинац, ТИХОМИРА ЂОРЂЕВИЋА БР. 80	Алексинац	ТИХОМИРА ЂОРЂЕВИЋА БР. 80	43.544235	21.698463	objekat
Алексинац	57	ТШ "ПРОТА СТЕВАН ДИМИТРИЈЕВИЋ"	Алексинац, ТИХОМИРА ЂОРЂЕВИЋА БР. 80	Алексинац	ТИХОМИРА ЂОРЂЕВИЋА БР. 80	43.544235	21.698463	objekat
Алексинац	58	ОСНОВНА МУЗИЧКА ШКОЛА „ВЛАДИМИР ЂОРЂЕВИЋ" АЛЕКСИНАЦ	Алексинац, МОМЧИЛА ПОПОВИЋА БР. 78а	Алексинац	МОМЧИЛА ПОПОВИЋА БР. 78а	43.540266	21.707153	objekat
Алексинац	59	ОБДАНИШТЕ "ЛАНЕ"	Алексинац, МИШИЋЕВА БР. 1	Алексинац	МИШИЋЕВА БР. 1	43.539557	21.696553	objekat
Алексинац	60	ЗГРАДА СЛУЖБЕ ДЕЧЈЕ ЗАШТИТЕ	Алексинац, ДУШАНА ТРИВУНЦА БР. 54	Алексинац	ДУШАНА ТРИВУНЦА БР. 54	43.539475	21.708257	objekat
Алексинац	61	ЈП "ВОДОВОД И КАНАЛИЗАЦИЈА"	Алексинац, ПЕТРА ЗЕЦА БР. 31	Алексинац	ПЕТРА ЗЕЦА БР. 31	43.534036	21.706213	objekat
Алексинац	62	ЗГРАДА СЛУЖБЕ ДЕЧЈЕ ЗАШТИТЕ	Алексинац, ДУШАНА ТРИВУНЦА БР. 54	Алексинац	ДУШАНА ТРИВУНЦА БР. 54	43.539475	21.708257	objekat
Алексинац	63	ДОМ КУЛТУРЕ	Алексинац, ДУШАНА ТРИВУНЦА БР. 15	Алексинац	ДУШАНА ТРИВУНЦА БР. 15	43.540607	21.708099	objekat
Алексинац	64	АЛЕКСИНАЧКА ГИМНАЗИЈА	Алексинац, ТИХОМИРА ЂОРЂЕВИЋА БР 4	Алексинац	ТИХОМИРА ЂОРЂЕВИЋА БР 4	43.542679	21.709673	objekat
Алексинац	65	ОШ "ВОЖД КАРАЂОРЂЕ"	Алексинац, ЛОЛЕ РИБАРА БР. 2	Алексинац	ЛОЛЕ РИБАРА БР. 2	43.542794	21.710765	objekat
Алексинац	66	ОШ "ЉУПЧЕ НИКОЛИЋ"	Алексинац, ТИХОМИРА ЂОРЂЕВИЋА БР. 10	Алексинац	ТИХОМИРА ЂОРЂЕВИЋА БР. 10	43.542399	21.706569	objekat
Алексинац	67	АЛЕКСИНАЧКА ГИМНАЗИЈА	Алексинац, ТИХОМИРА ЂОРЂЕВИЋА БР 4	Алексинац	ТИХОМИРА ЂОРЂЕВИЋА БР 4	43.542679	21.709673	objekat
Алексинац	68	ВИША ШКОЛА ЗА ОБРАЗОВАЊЕ ВАСПИТАЧА	Алексинац, ПИВАРСКА ББ	Алексинац	ПИВАРСКА ББ	43.539984	21.714678	ulica
Алексинац	69	ВИША ШКОЛА ЗА ОБРАЗОВАЊЕ ВАСПИТАЧА	Алексинац, ПИВАРСКА ББ	Алексинац	ПИВАРСКА ББ	43.539984	21.714678	ulica
Алексинац	70	ВИША ШКОЛА ЗА ОБРАЗОВАЊЕ ВАСПИТАЧА	Алексинац, ПИВАРСКА ББ	Алексинац	ПИВАРСКА ББ	43.539984	21.714678	ulica
Алексинац	71	ЕЛЕКТРОПРИВРЕДА СРБИЈЕ – ПОГОН АЛЕКСИНАЦ	Алексинац, НИШКА ББ	Алексинац	НИШКА ББ	43.528819	21.716937	ulica
Алексинац	72	ДОМ КУЛТУРЕ	Краљево, ул. 7 Јули 131	Краљево	ул. 7 Јули 131	43.571198	21.698077	objekat
Алексинац	73	ДОМ КУЛТУРЕ	Вакуп, улица Бранка Голубовића број 57	Вакуп	улица Бранка Голубовића број 57	43.555674	21.718065	objekat
Алексинац	74	ДОМ КУЛТУРЕ	Глоговица, улица Моравичка број 3	Глоговица	улица Моравичка број 3	43.529099	21.738017	objekat
Алексинац	75	ОСНОВНА ШКОЛА	Алексиначки Бујмир, ул. Балканска 90	Алексиначки Бујмир	ул. Балканска 90	43.512805	21.747344	objekat
Алексинац	76	ДОМ КУЛТУРЕ	Катун, улица Николе Тесле број 1	Катун	улица Николе Тесле број 1	43.493577	21.784117	objekat
Алексинац	77	ОСНОВНА ШКОЛА	Добрујевац, ул. Спортска 2	Добрујевац	ул. Спортска 2	43.510417	21.797461	objekat
Алексинац	78	ОСНОВНА ШКОЛА	Липовац, ул. Озренска 68	Липовац	ул. Озренска 68	43.552115	21.814269	objekat
Алексинац	79	ОСНОВНА ШКОЛА	Станци, ул. Војводе Степе 6	Станци	ул. Војводе Степе 6	43.532621	21.802246	objekat
Алексинац	80	ДОМ КУЛТУРЕ	Црна Бара, улица Озренска 23	Црна Бара	улица Озренска 23	43.570888	21.802658	objekat
Алексинац	81	ОСНОВНА ШКОЛА	Пруговац, ул. Кнеза Лазара 94	Пруговац	ул. Кнеза Лазара 94	43.559965	21.786651	objekat
Алексинац	82	ДОМ КУЛТУРЕ	Дражевац, ул. Светосавска 1	Дражевац	ул. Светосавска 1	43.450258	21.790842	objekat
Алексинац	83	ДОМ КУЛТУРЕ	Доњи Крупац, улица Бранка Миљковића број 4	Доњи Крупац	улица Бранка Миљковића број 4	43.497543	21.824122	objekat
Алексинац	84	ОСНОВНА ШКОЛА	Бели Брег, ул Колубарска 5	Бели Брег	ул Колубарска 5	43.485262	21.820947	objekat
Алексинац	85	ОСНОВНА ШКОЛА	Горњи Крупац, ул. Гаврила Принципа 2	Горњи Крупац	ул. Гаврила Принципа 2	43.528374	21.853914	objekat
Алексинац	86	ДОМ КУЛТУРЕ	Преконози, улица Светог Саве 51	Преконози	улица Светог Саве 51	43.542362	21.879152	objekat
Алексинац	87	ОСНОВНА ШКОЛА	Рсовац, ул. Шуматовачка 6	Рсовац	ул. Шуматовачка 6	43.523296	21.889669	objekat
Алексинац	88	ОСНОВНА ШКОЛА	Врело, ул. Војводе Петра Бојовића 68	Врело	ул. Војводе Петра Бојовића 68	43.491734	21.887379	ulica
Алибунар	1	МАЛА САЛА СКУПШТИНА ОПШТИНЕ -	Алибунар, ТРГ СЛОБОДЕ БР.15	Алибунар	ТРГ СЛОБОДЕ БР.15	45.079247	20.965626	objekat
Алибунар	2	ЛОВАЧКИ ДОМ	Алибунар, ЖАРКА ЗРЕЊАНИНА БР. 21А	Алибунар	ЖАРКА ЗРЕЊАНИНА БР. 21А	45.183517	20.865663	objekat
Алибунар	3	ОСНОВНА ШКОЛА	Алибунар, ВУКА КАРАЏИЋА БР. 4	Алибунар	ВУКА КАРАЏИЋА БР. 4	45.081068	20.968065	objekat
Алибунар	4	ЕКОНОМСКА ШКОЛА	Алибунар, ВУКА КАРАЏИЋА БР. 2	Алибунар	ВУКА КАРАЏИЋА БР. 2	45.080749	20.967359	objekat
Алибунар	5	ОСНОВНА ШКОЛА	Банатски Карловац, ЖАРКА ЗРЕЊАНИНА БР. 46	Банатски Карловац	ЖАРКА ЗРЕЊАНИНА БР. 46	45.048964	21.016318	objekat
Алибунар	6	ОСНОВНА ШКОЛА	Банатски Карловац, ЖАРКА ЗРЕЊАНИНА БР. 46	Банатски Карловац	ЖАРКА ЗРЕЊАНИНА БР. 46	45.048964	21.016318	objekat
Алибунар	7	МЕСНА ЗАЈЕДНИЦА	Банатски Карловац, КЊАЗА МИЛОША БР. 48	Банатски Карловац	КЊАЗА МИЛОША БР. 48	45.049777	21.015582	objekat
Алибунар	8	ОСНОВНА ШКОЛА	Банатски Карловац, ЖАРКА ЗРЕЊАНИНА БР. 46	Банатски Карловац	ЖАРКА ЗРЕЊАНИНА БР. 46	45.048964	21.016318	objekat
Алибунар	9	ДОМ КУЛТУРЕ	Банатски Карловац, НЕМАЊИНА БР. 67	Банатски Карловац	НЕМАЊИНА БР. 67	45.051294	21.015430	objekat
Алибунар	10	МЕСНА ЗАЈЕДНИЦА	Владимировац, ЦАРА ЛАЗАРА БР. 72	Владимировац	ЦАРА ЛАЗАРА БР. 72	45.033657	20.866273	objekat
Алибунар	11	ОСНОВНА ШКОЛА	Владимировац, ЦАРА ЛАЗАРА БР. 48	Владимировац	ЦАРА ЛАЗАРА БР. 48	45.035257	20.870731	objekat
Алибунар	12	ОСНОВНА ШКОЛА	Владимировац, ЦАРА ЛАЗАРА БР. 48	Владимировац	ЦАРА ЛАЗАРА БР. 48	45.035257	20.870731	objekat
Алибунар	13	ОСНОВНА ШКОЛА	Владимировац, ЦАРА ЛАЗАРА БР. 48	Владимировац	ЦАРА ЛАЗАРА БР. 48	45.035257	20.870731	objekat
Алибунар	14	ОСНОВНА ШКОЛА - КОЛОНИЈА	Владимировац, ПАЈЕ МАРГАНОВИЋА БР. 12	Владимировац	ПАЈЕ МАРГАНОВИЋА БР. 12	45.031448	20.888753	objekat
Алибунар	15	ОСНОВНА ШКОЛА	Добрица, СВЕТОГ САВЕ БР. 62	Добрица	СВЕТОГ САВЕ БР. 62	45.214969	20.848354	objekat
Алибунар	16	МЕСНА ЗАЈЕДНИЦА	Иланџа, СВЕТОГ САВЕ БР. 2	Иланџа	СВЕТОГ САВЕ БР. 2	45.168356	20.921334	naselje
Алибунар	17	ОСНОВНА ШКОЛА	Иланџа, МИЛОША ЦРЊАНСКОГ БР. 28	Иланџа	МИЛОША ЦРЊАНСКОГ БР. 28	45.161208	20.923562	objekat
Алибунар	18	ОСНОВНА ШКОЛА	Јаношик, ЕДВАРДА КАРДЕЉА БР. 59	Јаношик	ЕДВАРДА КАРДЕЉА БР. 59	45.171805	21.007194	objekat
Алибунар	19	ОСНОВНА ШКОЛА	Локве, ЛЕЊИНОВА БР. 91	Локве	ЛЕЊИНОВА БР. 91	45.152771	21.032821	objekat
Алибунар	20	МЕСНА ЗАЈЕДНИЦА	Локве, ТРГ ОСЛОБОЂЕЊА БР. 5	Локве	ТРГ ОСЛОБОЂЕЊА БР. 5	45.151368	21.032177	objekat
Алибунар	21	ОСНОВНА ШКОЛА	Николинци, ГЛАВНА БР. 42	Николинци	ГЛАВНА БР. 42	45.053151	21.070197	objekat
Алибунар	22	МЕСНА ЗАЈЕДНИЦА	Нови Козјак, СВЕТОГ САВЕ БР. 49	Нови Козјак	СВЕТОГ САВЕ БР. 49	45.182885	20.864183	objekat
Алибунар	23	ОСНОВНА ШКОЛА	Селеуш, ШКОЛСКА ББ	Селеуш	ШКОЛСКА ББ	45.130798	20.915131	ulica
Алибунар	24	ОСНОВНА ШКОЛА - ДЕВОЈАЧКИ БУНАР	Девојачки Бунар	Девојачки Бунар		44.989877	20.947094	naselje
Апатин	1	АГРОГЛОБЕ Д.О.О. НОВИ САД	Апатин, СОМБОРСКА БР. 119	Апатин	СОМБОРСКА БР. 119	45.685061	18.983121	objekat
Апатин	2	ДОМ ЗА СТАРЕ И ПЕНЗИОНЕРЕ	Апатин, БЕОГРАДСКА БР. 1	Апатин	БЕОГРАДСКА БР. 1	45.678342	18.976780	objekat
Апатин	3	ВРТИЋ "ПЧЕЛИЦА"	Апатин, ОГЊЕНА ПРИЦЕ БР. 67	Апатин	ОГЊЕНА ПРИЦЕ БР. 67	45.676547	18.991336	objekat
Апатин	4	ЦРВЕНИ КРСТ	Апатин, СТАНКА ОПСЕНИЦЕ 75А	Апатин	СТАНКА ОПСЕНИЦЕ 75А	45.672308	18.990883	objekat
Апатин	5	РАДНИЧКИ УНИВЕРЗИТЕТ	Апатин, ДИМИТРИЈА ТУЦОВИЋА БР. 32	Апатин	ДИМИТРИЈА ТУЦОВИЋА БР. 32	45.673172	18.981162	objekat
Апатин	6	НАРОДНА БИБЛИОТЕКА	Апатин, ТРГ НИКОЛЕ ТЕСЛЕ БР.12	Апатин	ТРГ НИКОЛЕ ТЕСЛЕ БР.12	45.673811	18.979196	objekat
Апатин	7	ОПШТИНСКИ КУЛТУРНИ ЦЕНТАР	Апатин, ТРГ НИКОЛЕ ТЕСЛЕ БР.12	Апатин	ТРГ НИКОЛЕ ТЕСЛЕ БР.12	45.673811	18.979196	objekat
Апатин	8	МЗ "АПАТИН"	Апатин, ТРГ ОСЛОБОЂЕЊА БР. 2	Апатин	ТРГ ОСЛОБОЂЕЊА БР. 2	45.673009	18.977720	objekat
Апатин	9	НИКОЛА ТЕСЛА ГИМНАЗИЈА И СТРУЧНА ШКОЛА	Апатин, БЛОК 112 БР. 44	Апатин	БЛОК 112 БР. 44	45.669730	18.980852	objekat
Апатин	10	ОШ "ЖАРКО ЗРЕЊАНИН"	Апатин, СРПСКИХ ВЛАДАРА БР. 25	Апатин	СРПСКИХ ВЛАДАРА БР. 25	45.670952	18.983220	objekat
Апатин	11	КУД "ДУНАВ"	Апатин, МАРКА ОРЕШКОВИЋА БР. 44А	Апатин	МАРКА ОРЕШКОВИЋА БР. 44А	45.663760	18.983515	ulica
Апатин	12	ТЕХНИЧКА ШКОЛА - ДОМ УЧЕНИКА	Апатин, ПРИГРЕВАЧКА БР. 72	Апатин	ПРИГРЕВАЧКА БР. 72	45.667732	18.999621	objekat
Апатин	13	ВАТРОГАСНИ ДОМ	Апатин, НОВА БР. 148А	Апатин	НОВА БР. 148А	45.658658	18.984880	objekat
Апатин	14	ДЕЧЈИ ВРТИЋ "ПЧЕЛИЦА"	Апатин, ПЕТРА ДРАПШИНА БР. 72	Апатин	ПЕТРА ДРАПШИНА БР. 72	45.664109	18.978846	objekat
Апатин	15	ОШ "ЖАРКО ЗРЕЊАНИН"	Апатин, ЖАРКА ЗРЕЊАНИНА БР. 21	Апатин	ЖАРКА ЗРЕЊАНИНА БР. 21	45.659694	18.978636	objekat
Апатин	16	ВАТРОГАСНИ ДОМ	Апатин, НОВА БР.148А	Апатин	НОВА БР.148А	45.658658	18.984880	objekat
Апатин	17	ДОМ КУЛТУРЕ - РОМСКО НАСЕЉЕ	Апатин, ЗВЕЗДАНСКА БР. 18	Апатин	ЗВЕЗДАНСКА БР. 18	45.740081	19.010179	objekat
Апатин	18	ЛОВАЧКИ ДОМ	Сонта, ЈУГОСЛОВЕНСКА БР. 14	Сонта	ЈУГОСЛОВЕНСКА БР. 14	45.588582	19.093698	objekat
Апатин	19	ДЕЧИЈИ ВРТИЋ "ПЧЕЛИЦА"	Сонта, ВОЈВОЂАНСКА БР. 63	Сонта	ВОЈВОЂАНСКА БР. 63	45.592653	19.095327	objekat
Апатин	20	ОШ "ИВАН ГОРАН КОВАЧИЋ"	Сонта, ВОЈВОЂАНСКА БР. 58	Сонта	ВОЈВОЂАНСКА БР. 58	45.593657	19.094552	objekat
Апатин	21	БИБЛИОТЕКА	Сонта, ВУКА КАРАЏИЋА БР. 22	Сонта	ВУКА КАРАЏИЋА БР. 22	45.595013	19.096538	objekat
Апатин	22	ЖЕЛЕЗНИЧКА СТАНИЦА	Сонта, ЖЕЛЕЗНИЧКА Б.Б.	Сонта	ЖЕЛЕЗНИЧКА Б.Б.	45.599773	19.110080	ulica
Апатин	23	БИБЛИОТЕКА	Пригревица, КРАЉА ПЕТРА ПРВОГ БР. 35	Пригревица	КРАЉА ПЕТРА ПРВОГ БР. 35	45.676690	19.081845	objekat
Апатин	24	МЕСНА КАНЦЕЛАРИЈА	Пригревица, ВАСИЉА ГАЋЕШЕ БР. 55	Пригревица	ВАСИЉА ГАЋЕШЕ БР. 55	45.668897	19.020360	ulica
Апатин	25	ОШ "МЛАДОСТ"	Пригревица, ВУКА КАРАЏИЋА БР. БА	Пригревица	ВУКА КАРАЏИЋА БР. БА	45.668897	19.020360	ulica
Апатин	26	ДЕЧИЈИ ВРТИЋ "ПЧЕЛИЦА"	Пригревица, ВАСИЉА ГАЋЕШЕ БР. 54	Пригревица	ВАСИЉА ГАЋЕШЕ БР. 54	45.668897	19.020360	ulica
Апатин	27	МК "КУПУСИНА"	Купусина, АПАТИНСКИ ПУТ БР. 4	Купусина	АПАТИНСКИ ПУТ БР. 4	45.741109	19.013577	objekat
Апатин	28	ОШ "ЈОЖЕФ АТИЛА"	Купусина, АДИ ЕНДРЕА БР. 4	Купусина	АДИ ЕНДРЕА БР. 4	45.740666	19.016807	objekat
Апатин	29	МЕСНА КАНЦЕЛАРИЈА	СВИЛОЈЕВО, Свилојево ЖЕЛЕЗНИЧКА БР. 21	СВИЛОЈЕВО	Свилојево ЖЕЛЕЗНИЧКА БР. 21	45.647193	19.064923	objekat
Аранђеловац	1	ОШ "СВЕТИ САВА"	Аранђеловац, НИКОЛЕ ПАШИЋА БР. 66	Аранђеловац	НИКОЛЕ ПАШИЋА БР. 66	44.322831	20.545987	objekat
Аранђеловац	2	ОШ "СВЕТИ САВА"	Аранђеловац, НИКОЛЕ ПАШИЋА БР. 66	Аранђеловац	НИКОЛЕ ПАШИЋА БР. 66	44.322831	20.545987	objekat
Аранђеловац	3	ОШ "СВЕТОЛИК РАНКОВИЋ"	Аранђеловац, МИЛОВАНА РИСТИЋА БР. 1	Аранђеловац	МИЛОВАНА РИСТИЋА БР. 1	44.314574	20.557005	objekat
Аранђеловац	4	ОШ "СВЕТОЛИК РАНКОВИЋ"	Аранђеловац, МИЛОВАНА РИСТИЋА БР. 1	Аранђеловац	МИЛОВАНА РИСТИЋА БР. 1	44.314574	20.557005	objekat
Аранђеловац	5	ВРТИЋ „СУНЦЕ"	Аранђеловац, РАТНИХ ВОЈНИХ ИНВАЛИДА БР. 10	Аранђеловац	РАТНИХ ВОЈНИХ ИНВАЛИДА БР. 10	44.308162	20.569286	objekat
Аранђеловац	6	АУТОБУСКА СТАНИЦА	Аранђеловац, КНЕЗА МИХАИЛА БР. 104	Аранђеловац	КНЕЗА МИХАИЛА БР. 104	44.307249	20.564204	objekat
Аранђеловац	7	ОШ "ИЛИЈА ГАРАШАНИН"	Аранђеловац, ЈОСИФА ПАНЧИЋА БР. 5	Аранђеловац	ЈОСИФА ПАНЧИЋА БР. 5	44.312073	20.549526	objekat
Аранђеловац	8	ЗГРАДА СКУПШТИНЕ ОПШТИНЕ	Аранђеловац, ВЕНАЦ СЛОБОДЕ БР. 10	Аранђеловац	ВЕНАЦ СЛОБОДЕ БР. 10	44.307366	20.557884	objekat
Аранђеловац	9	ЗГРАДА ОСНОВНОГ СУДА	Аранђеловац, КЊАЗА МИЛОША БР. 102	Аранђеловац	КЊАЗА МИЛОША БР. 102	44.304544	20.566447	objekat
Аранђеловац	10	ДОМ ОМЛАДИНЕ	Аранђеловац, ЈОСИПА ГРУШОВНИКА БР. 1	Аранђеловац	ЈОСИПА ГРУШОВНИКА БР. 1	44.303731	20.569531	objekat
Аранђеловац	11	АУТО-МОТО ДРУШТВО	Аранђеловац, ЗАНАТЛИЈСКА БР. 47	Аранђеловац	ЗАНАТЛИЈСКА БР. 47	44.302519	20.578785	objekat
Аранђеловац	12	КОЛЕКТИВ	Аранђеловац, КЊАЗА МИЛОША БР. 74	Аранђеловац	КЊАЗА МИЛОША БР. 74	44.303044	20.569061	objekat
Аранђеловац	13	ФОНД ЗДРАВСТВА	Аранђеловац, КРАЉА ПЕТРА ПРВОГ БР. 54	Аранђеловац	КРАЉА ПЕТРА ПРВОГ БР. 54	44.304507	20.563498	objekat
Аранђеловац	14	УДРУЖЕЊЕ ПЕНЗИОНЕРА	Аранђеловац, КРАЉА ПЕТРА ПРВОГ БР. 34	Аранђеловац	КРАЉА ПЕТРА ПРВОГ БР. 34	44.303305	20.566439	objekat
Аранђеловац	15	ОДМАРАЛИШТЕ "ИНО"	Аранђеловац, ВОЈВОДЕ ПУТНИКА БР. 4	Аранђеловац	ВОЈВОДЕ ПУТНИКА БР. 4	44.303873	20.553119	objekat
Аранђеловац	16	МЕСНА КАНЦЕЛАРИЈА ВРБИЦА	Аранђеловац, ЗАНАТЛИЈСКА БР. 82	Аранђеловац	ЗАНАТЛИЈСКА БР. 82	44.303134	20.581715	objekat
Аранђеловац	17	МПИ "ПОБЕДА"	Аранђеловац, КРАЉА АЛЕКСАНДРА БР. 36	Аранђеловац	КРАЉА АЛЕКСАНДРА БР. 36	44.298828	20.574441	objekat
Аранђеловац	18	ОШ "МИЛОШ ОБРЕНОВИЋ"	Аранђеловац, СВЕТОГОРСКА БР. 2	Аранђеловац	СВЕТОГОРСКА БР. 2	44.299622	20.570323	objekat
Аранђеловац	19	ОСНОВНА ШКОЛА У МАРИНОВЦУ	Бања	Бања		44.290619	20.625157	naselje
Аранђеловац	20	МЕСНА КАНЦЕЛАРИЈА	Бања	Бања		44.290619	20.625157	naselje
Аранђеловац	21	МЕСНА КАНЦЕЛАРИЈА	Босута	Босута		44.232852	20.476658	naselje
Аранђеловац	22	ДОМ КУЛТУРЕ	Брезовац	Брезовац		44.247748	20.600898	naselje
Аранђеловац	23	ДОМ КУЛТУРЕ	Буковик	Буковик		44.329681	20.517740	naselje
Аранђеловац	24	ОСНОВНА ШКОЛА	Буковик	Буковик		44.329681	20.517740	naselje
Аранђеловац	25	ДОМ КУЛТУРЕ	Венчани	Венчани				nije_nadjeno
Аранђеловац	26	ОСНОВНА ШКОЛА „ВЕЉА ГЕРАСИМОВИЋ"	Венчани	Венчани				nije_nadjeno
Аранђеловац	27	ОСНОВНА ШКОЛА	Вукосавци	Вукосавци		44.250984	20.520371	naselje
Аранђеловац	28	МЕСНА КАНЦЕЛАРИЈА	Гараши	Гараши		44.289913	20.447273	naselje
Аранђеловац	29	ОСНОВНА ШКОЛА	Горња Трешњевица	Горња Трешњевица		44.230562	20.547352	naselje
Аранђеловац	30	МЕСНА ЗАЈЕДНИЦА	Јеловик	Јеловик		44.253837	20.486197	naselje
Аранђеловац	31	ДОМ КУЛТУРЕ	Копљари	Копљари				nije_nadjeno
Аранђеловац	32	ДОМ КУЛТУРЕ	Мисача	Мисача		44.343034	20.549323	naselje
Аранђеловац	33	ДОМ КУЛТУРЕ	Даросава	Даросава		44.338573	20.457602	naselje
Аранђеловац	34	ОСНОВНА ШКОЛА	Даросава	Даросава		44.338573	20.457602	naselje
Аранђеловац	35	ДОМ КУЛТУРЕ	Прогореоци	Прогореоци		44.335544	20.431609	naselje
Аранђеловац	36	ОСНОВНА ШКОЛА	Раниловић	Раниловић		44.397286	20.520889	naselje
Аранђеловац	37	АМБУЛАНТА РАНИЛОВИЋ	Раниловић	Раниловић		44.397286	20.520889	naselje
Аранђеловац	38	ДОМ КУЛТУРЕ	Стојник	Стојник		44.374480	20.621164	naselje
Аранђеловац	39	ДОМ КУЛТУРЕ	Тулеж	Тулеж		44.415770	20.442225	naselje
Аранђеловац	40	ДОМ КУЛТУРЕ	Орашац	Орашац		44.330573	20.586662	naselje
Аранђеловац	41	КУЋА ДОБРИЦЕ ЈОКСИМОВИЋА	Орашац	Орашац		44.330573	20.586662	naselje
Ариље	1	Спортска хала	Ариље, Миће Матовића бб			43.753783	20.100713	objekat
Ариље	2	Соколски дом	Ариље, Трг партизана бр. 4			43.752700	20.096353	objekat
Ариље	3	Занатски дом	Ариље, Масарикова бр. 1			43.756006	20.094779	objekat
Ариље	4	Пословни објекат Мирковић Драгана	Ариље, Ул. Слободана Пенезића Крцуна			43.760830	20.103062	ulica
Ариље	5	Сала Скупштине општине Ариље	Ариље, Ул. Светог Ахилија 53			43.750543	20.100720	objekat
Ариље	6	Објекат ЈКП "Зелен" Ариље	Ариље, Ул. Виктора Зевника бб			43.748162	20.104156	ulica
Ариље	7	Средња школа Ариље	Ариље, Војводе Мишића 40			43.748430	20.099845	objekat
Ариље	8	Основна школа - издвојено одељење	Бјелуша			43.614979	20.017045	naselje
Ариље	9	Дом МЗ Богојевићи	Богојевићи			43.727540	20.112096	naselje
Ариље	10	Основна школа Бреково	Бреково			43.643504	20.013282	naselje
Ариље	11	Дом МЗ Вигоште	Вигоште			43.736003	20.108484	naselje
Ариље	12	Пословни објекат Слободана Недељковића Вирово	Вирово			43.776856	20.116265	naselje
Ариље	13	Основна школа - издвојено одељење	Висока			43.627394	19.932004	naselje
Ариље	14	Дом МЗ Вране	Вране			43.757108	20.081798	naselje
Ариље	15	Дом МЗ Грдовићи	Грдовићи			43.769379	20.086968	naselje
Ариље	16	Дом МЗ Гривска	Гривска			43.709164	20.025658	naselje
Ариље	17	Основна школа - издвојено одељење	Добраче			43.635385	20.084459	naselje
Ариље	18	Дом МЗ Драгојевац	Драгојевац			43.724083	20.127282	naselje
Ариље	19	Дом МЗ Крушчица	Крушчица			43.695832	19.990558	naselje
Ариље	20	Дом МЗ Латвица	Латвица			43.702019	20.094697	naselje
Ариље	21	Дом МЗ Миросаљци	Миросаљци			43.708727	20.128710	naselje
Ариље	22	Дом МЗ Поглед	Поглед			43.740365	20.078147	naselje
Ариље	23	Дом МЗ Радобуђа	Радобуђа			43.722390	20.040667	naselje
Ариље	24	Дом МЗ Радошево	Радошево			43.670264	19.944439	naselje
Ариље	25	Дом МЗ Северово	Северово			43.735529	19.957752	naselje
Ариље	26	Просторије МЗ Ступчевићи	Ступчевићи			43.706929	20.117612	naselje
Ариље	27	Нова школа Трешњевица	Трешњевица			43.679963	20.130070	naselje
Ариље	28	Дом МЗ Церова	Церова			43.757141	20.109952	naselje
Бабушница	1	ДОМ КУЛТУРЕ - НАРОДНА БИБЛИОТЕКА	Бабушница, САШЕ ИВКОВИЋА БР. 1	Бабушница	САШЕ ИВКОВИЋА БР. 1	43.070854	22.409355	ulica
Бабушница	2	СО БАБУШНИЦА - САЛА 2	Бабушница, РАТКА ПАВЛОВИЋА БР. 1	Бабушница	РАТКА ПАВЛОВИЋА БР. 1	43.065581	22.413248	objekat
Бабушница	3	СО БАБУШНИЦА - САЛА 3	Бабушница, РАТКА ПАВЛОВИЋА БР. 1	Бабушница	РАТКА ПАВЛОВИЋА БР. 1	43.065581	22.413248	objekat
Бабушница	4	ОШ "ДЕСПОТ СТЕФАН ЛАЗАРЕВИЋ" УЧИОНИЦА БРОЈ 3 У СТАРОМ СРЕЗУ	Бабушница, 7. ЈУЛА БР. 26	Бабушница	7. ЈУЛА БР. 26	43.066595	22.415964	objekat
Бабушница	5	СРЕДЊА ШКОЛА "ВУК КАРАЏИЋ" СА ДОМОМ УЧЕНИКА - КАБИНЕТ СОЦИОЛОГИЈЕ	Бабушница, ОМЛАДИНСКИХ БРИГАДА ББ	Бабушница	ОМЛАДИНСКИХ БРИГАДА ББ	43.067167	22.408569	ulica
Бабушница	6	СРЕДЊА ШКОЛА "ВУК КАРАЏИЋ" СА ДОМОМ УЧЕНИКА – КАБИНЕТ ХЕМИЈЕ	Бабушница, ОМЛАДИНСКИХ БРИГАДА ББ	Бабушница	ОМЛАДИНСКИХ БРИГАДА ББ	43.067167	22.408569	ulica
Бабушница	7	ЗГРАДА КУПАЛИШНОГ КОМПЛЕКСА - ИНФОРМАТИВНО-ЕДУКАТИВНИ ЦЕТАР НА ПРВОМ СПРАТУ ЗГРАДЕ КУПАЛИШНОГ КОМПЛЕКСА	Бабушница, СТЕВАНА СИНЂЕЛИЋА ББ	Бабушница	СТЕВАНА СИНЂЕЛИЋА ББ	43.068626	22.408969	ulica
Бабушница	8	ОСНОВНА ШКОЛА УЧИОНИЦА БРОЈ 1	Завидинце, СЕЛО БР. 121	Завидинце	СЕЛО БР. 121	43.041922	22.232792	objekat
Бабушница	9	ОСНОВНА ШКОЛА – ШКОЛСКА КУХИЊА	Велико Боњинце, МАЛА БРОЈ 70	Велико Боњинце	МАЛА БРОЈ 70	43.012898	22.260817	ulica
Бабушница	10	ОСНОВНА ШКОЛА – УЧИОНИЦА БРОЈ 1	Модра Стена, МОДРОСТЕНСКА БРОЈ 20	Модра Стена	МОДРОСТЕНСКА БРОЈ 20	43.005167	22.308871	objekat
Бабушница	11	ОСНОВНА ШКОЛА – ТРПЕЗАРИЈА ШКОЛЕ	Љуберађа, ШКОЛСКА БРОЈ 44	Љуберађа	ШКОЛСКА БРОЈ 44	43.020353	22.379414	objekat
Бабушница	12	ОСНОВНА ШКОЛА – УЧИОНИЦА БРОЈ 1	Бердуј, БЕРДУЈСКА БР.86	Бердуј	БЕРДУЈСКА БР.86	42.999411	22.379406	objekat
Бабушница	13	ОСНОВНА ШКОЛА – УЧИОНИЦА БРОЈ 1	Радињинци, КУРЕЈИНСКА БР.1	Радињинци	КУРЕЈИНСКА БР.1			nije_nadjeno
Бабушница	14	МЕСНА ЗАЈЕДНИЦА	Грнчар, СЕЛО БР.31	Грнчар	СЕЛО БР.31	43.019309	22.344924	objekat
Бабушница	15	МЕСНА ЗАЈЕДНИЦА	Врело, ВРЕЛСКА БР.1	Врело	ВРЕЛСКА БР.1	42.990951	22.341950	objekat
Бабушница	16	ОСНОВНА ШКОЛА – ШКОЛСКА ТРПЕЗАРИЈА	Звонце, ХРИСТО БОТЕВ БР.164	Звонце	ХРИСТО БОТЕВ БР.164	42.932631	22.572482	objekat
Бабушница	17	ОСНОВНА ШКОЛА – УЧИОНИЦА БРОЈ 1	Нашушковица, КАЛИМАН БР.13	Нашушковица	КАЛИМАН БР.13	42.958229	22.559510	objekat
Бабушница	18	ОСНОВНА ШКОЛА – УЧИОНИЦА БРОЈ 1	Јасенов Дел, ЈАСЕНОВДЕЛСКА БР.121	Јасенов Дел	ЈАСЕНОВДЕЛСКА БР.121	42.918644	22.615794	objekat
Бабушница	19	ОСНОВНА ШКОЛА – УЧИОНИЦА БРОЈ 1	Вучи Дел, ГАРИНСКА БР.6	Вучи Дел	ГАРИНСКА БР.6	42.885275	22.552953	objekat
Бабушница	20	ОСНОВНА ШКОЛА – УЧИОНИЦА БРОЈ 1	Ракита, РУЖИНСКА БР.1	Ракита	РУЖИНСКА БР.1	42.913430	22.556770	objekat
Бабушница	21	ОСНОВНА ШКОЛА - ТРПЕЗАРИЈА	Пресека, ПРЕСЕЧКА БР.4	Пресека	ПРЕСЕЧКА БР.4	42.950577	22.532414	objekat
Бабушница	22	МЕСНА ЗАЈЕДНИЦА	Студена, ЛЕДИЊЕ БР.14	Студена	ЛЕДИЊЕ БР.14	42.968392	22.507736	objekat
Бабушница	23	ОСНОВНА ШКОЛА – УЧИОНИЦА РАЗРЕДА	Стрелац, МАСУРОВСКИ ПУТ БР.5	Стрелац	МАСУРОВСКИ ПУТ БР.5	42.984803	22.462996	objekat
Бабушница	24	МЕСНА ЗАЈЕДНИЦА	Дучевац, ДУШИНСКА БР.33	Дучевац	ДУШИНСКА БР.33	43.021149	22.462935	objekat
Бабушница	25	ОСНОВНА ШКОЛА – УЧИОНИЦА БРОЈ 1	Стол, НОВА МАЛА БР.2	Стол	НОВА МАЛА БР.2	43.039474	22.468412	objekat
Бабушница	26	ОСНОВНА ШКОЛА – УЧИОНИЦА БР. 1	Бава, ЧУКУРЕИНЦИ БР.1	Бава	ЧУКУРЕИНЦИ БР.1			nije_nadjeno
Бабушница	27	МЕСНА ЗАЈЕДНИЦА	Црвена Јабука, ДОЛЊОМАЛСКА БР.12	Црвена Јабука	ДОЛЊОМАЛСКА БР.12	42.902513	22.462877	objekat
Бабушница	28	ОСНОВНА ШКОЛА – УЧИОНИЦА БРОЈ 1	Камбелевац, СТОЛЕВИЦА БР.3	Камбелевац	СТОЛЕВИЦА БР.3	43.019324	22.435835	objekat
Бабушница	29	ОСНОВНА ШКОЛА – УЧИОНИЦА БРОЈ 1	Горчинци, ГОСПОДСКА БР.44	Горчинци	ГОСПОДСКА БР.44			nije_nadjeno
Бабушница	30	ОСНОВНА ШКОЛА – УЧИОНИЦА БРОЈ 1	Драгинац, ВАВСКА БР.41	Драгинац	ВАВСКА БР.41	43.054946	22.435740	objekat
Бабушница	31	ПРИВАТНА КУЋА ЈУЛИЈАНЕ АЛЕКСИЋ	Драгинац, ГЛАВНИ ПУТ БР.76	Драгинац	ГЛАВНИ ПУТ БР.76	43.056461	22.424600	objekat
Бабушница	32	ОШ „ДЕСПОТ СТЕФАН ЛАЗАРЕВИЋ" УЧИОНИЦА БРОЈ 2 У СТАРОМ СРЕЗУ	Бабушница, 7.ЈУЛА 26	Бабушница	7.ЈУЛА 26	43.066595	22.415964	objekat
Бабушница	33	МЕСНА ЗАЈЕДНИЦА - ВЕЛИКА САЛА	Извор, ЛИВАЂЕ БР.27	Извор	ЛИВАЂЕ БР.27	43.078104	22.393752	objekat
Бабушница	34	МЕСНА ЗАЈЕДНИЦА	Проваљеник, ПРОВАЉЕНИЧКА ББ	Проваљеник	ПРОВАЉЕНИЧКА ББ	43.088003	22.379556	ulica
Бабушница	35	ОСНОВНА ШКОЛА – УЧИОНИЦА БРОЈ 1	Сурачево, БЕЛИ БРЕГ БР.2	Сурачево	БЕЛИ БРЕГ БР.2	43.055363	22.394618	objekat
Бабушница	36	ОСНОВНА ШКОЛА – УЧИОНИЦА БРОЈ 1	Радошевац, ШОНДИНА БАРА БР.5	Радошевац	ШОНДИНА БАРА БР.5	43.092115	22.443706	objekat
Бабушница	37	ОСНОВНА ШКОЛА – УЧИОНИЦА БРОЈ 1	Горње Крњино, ГЛАВНИ ПУТ БР.202	Горње Крњино	ГЛАВНИ ПУТ БР.202	43.106302	22.431363	objekat
Бабушница	38	ОСНОВНА ШКОЛА – УЧИОНИЦА БРОЈ 1	Доње Крњино, ГЛАВНИ ПУТ БР.211	Доње Крњино	ГЛАВНИ ПУТ БР.211	43.108147	22.414323	objekat
Бабушница	39	МЕСНА ЗАЈЕДНИЦА	Доњи Стрижевац, ГЛАВНИ ПУТ БР.94	Доњи Стрижевац	ГЛАВНИ ПУТ БР.94	43.097261	22.395090	objekat
Бабушница	40	МЕСНА ЗАЈЕДНИЦА	Горњи Стрижевац, МОМЧИЛОВАЦ БР.2	Горњи Стрижевац	МОМЧИЛОВАЦ БР.2	43.118705	22.390471	objekat
Бабушница	41	ОСНОВНА ШКОЛА УЧИОНИЦА БРОЈ 1	Братишевац, ШКОЛСКА БР.49	Братишевац	ШКОЛСКА БР.49	43.102289	22.367602	objekat
Бајина Башта	1	ЈП НАЦИОНАЛНИ ПАРК "ТАРА" - САЛА	Бајина Башта, МИЛЕНКА ТОПАЛОВИЋА БР. З	Бајина Башта	МИЛЕНКА ТОПАЛОВИЋА БР. З	43.971223	19.566015	naselje
Бајина Башта	2	ЕЛЕКТРОИСТОК	Бајина Башта, МИЛЕНКА ТРИШИЋА БР. 4	Бајина Башта	МИЛЕНКА ТРИШИЋА БР. 4	43.977510	19.569626	objekat
Бајина Башта	3	А.Д. РАКЕТА АУТОБУСКА СТАНИЦА - БИЛЕТАРНИЦА	Бајина Башта, СВЕТОСАВСКА БР. З	Бајина Башта	СВЕТОСАВСКА БР. З	43.971223	19.566015	naselje
Бајина Башта	4	12.СЕПТЕМБАР КОМУНАЛНО ПРЕДУЗЕЋЕ	Бајина Башта, СВЕТОСАВСКА БР. 6	Бајина Башта	СВЕТОСАВСКА БР. 6	43.973107	19.567383	objekat
Бајина Башта	5	ЗАПОШЉАВАЊЕ - САЛА НАЦИОНАЛНА СЛУЖБА ЗА	Бајина Башта, КНЕЗА МИЛАНА ОБРЕНОВИЋА БР. 34	Бајина Башта	КНЕЗА МИЛАНА ОБРЕНОВИЋА БР. 34	43.972380	19.563966	objekat
Бајина Башта	6	ОШ "РАЈАК ПАВИЋЕВИЋ"	Бајина Башта, РАЈКА ТАДИЋА БР. 10	Бајина Башта	РАЈКА ТАДИЋА БР. 10	43.970478	19.565854	objekat
Бајина Башта	7	ГИМНАЗИЈА "ЈОСИФ ПАНЧИЋ"	Бајина Башта, ВУКА КАРАЏИЋА БР. 32	Бајина Башта	ВУКА КАРАЏИЋА БР. 32	43.970140	19.562319	objekat
Бајина Башта	8	ПАНА ПАК	Бајина Башта, КНЕЗА МИЛАНА ОБРЕНОВИЋА БР. 80	Бајина Башта	КНЕЗА МИЛАНА ОБРЕНОВИЋА БР. 80	43.974901	19.557029	objekat
Бајина Башта	9	ОСНОВНА ШКОЛА	Бачевци	Бачевци		44.090109	19.509115	ulica
Бајина Башта	10	ОСНОВНА ШКОЛА	Јасик	Јасик				nije_nadjeno
Бајина Башта	11	КУЋА НЕШКОВИЋ АЛЕКСЕ	Бачевци	Бачевци		44.090109	19.509115	ulica
Бајина Башта	12	ОСНОВНА ШКОЛА	Бесеровина	Бесеровина		43.950692	19.469352	naselje
Бајина Башта	13	ДОМ	Вишесава	Вишесава		43.981315	19.569073	objekat
Бајина Башта	14	ОСНОВНА ШКОЛА	Гвоздац	Гвоздац		44.097872	19.616741	naselje
Бајина Башта	15	МЕСНА ЗАЈЕДНИЦА	Гвоздац	Гвоздац		44.097872	19.616741	naselje
Бајина Башта	16	КУЋА ВЛАДАНА ИВАНОВИЋА	Добротин	Добротин		43.997569	19.648705	naselje
Бајина Башта	17	ДОМ	Заглавак	Заглавак		43.939594	19.710159	naselje
Бајина Башта	18	СТАРА ШКОЛА	Заовине	Заовине		43.868123	19.353985	naselje
Бајина Башта	19	АМБУЛАНТА-ВЕЖАЊА	Заовине	Заовине		43.868123	19.353985	naselje
Бајина Башта	20	КУЋА МИЛЕКИЋ МИЛУТИНА	Заовине	Заовине		43.868123	19.353985	naselje
Бајина Башта	21	ОСНОВНА ШКОЛА	Зарожје	Зарожје		44.124426	19.677186	ulica
Бајина Башта	22	ОСНОВНА ШКОЛА	Зарожје	Зарожје		44.124426	19.677186	ulica
Бајина Башта	23	ОСНОВНА ШКОЛА	Злодол	Злодол		43.945363	19.685091	naselje
Бајина Башта	24	КУЋА МИРЈАНЕ ВУКОСАВЉЕВИЋ	Дуб	Дуб		43.959027	19.674503	naselje
Бајина Башта	25	ОСНОВНА ШКОЛА	Јагоштица	Јагоштица		43.965316	19.275990	naselje
Бајина Башта	26	ОСНОВНА ШКОЛА	Јакаљ	Јакаљ		44.018551	19.756401	naselje
Бајина Башта	27	ОСНОВНА ШКОЛА	Јеловик	Јеловик		43.999267	19.731531	naselje
Бајина Башта	28	КУЋА МИЛИСАВА МАРЈАНОВИЋА	Јеловик	Јеловик		43.999267	19.731531	naselje
Бајина Башта	29	ОСНОВНА ШКОЛА	Костојевићи	Костојевићи		44.007951	19.686827	naselje
Бајина Башта	30	КУЋА МИЈАТОВИЋ ОБРАДА	Драксин	Драксин		43.986732	19.693422	naselje
Бајина Башта	31	ОШ "СВЕТИ САВА"	Луг	Луг		43.969963	19.547381	naselje
Бајина Башта	32	ОШ "СВЕТИ САВА"	Луг	Луг		43.969963	19.547381	naselje
Бајина Башта	33	ОСНОВНА ШКОЛА	Љештанско	Љештанско		44.035406	19.686620	naselje
Бајина Башта	34	ДОМ	Обајгора	Обајгора		43.955668	19.577784	naselje
Бајина Башта	35	ОСНОВНА ШКОЛА	Овчиња	Овчиња		44.086575	19.635709	naselje
Бајина Башта	36	ОСНОВНА ШКОЛА	Оклетац	Оклетац		44.078062	19.576489	naselje
Бајина Башта	37	ОСНОВНА ШКОЛА	Оклетац	Оклетац		44.078062	19.576489	naselje
Бајина Башта	38	ДОМ БИБЛИОТЕКЕ У МЕСНОJ ЗАЈЕДНИЦИ ПЕРУЋАЦ	Перућац	Перућац		43.956807	19.447155	naselje
Бајина Башта	39	ДОМ	Пилица	Пилица		43.956598	19.578839	drugo:waterway
Бајина Башта	40	КУЋА ДЕСПОТОВИЋ ФИЛИПА	Пилица	Пилица		43.956598	19.578839	drugo:waterway
Бајина Башта	41	ОСНОВНА ШКОЛА	Пилица	Пилица		43.956598	19.578839	drugo:waterway
Бајина Башта	42	ОСНОВНА ШКОЛА	Пилица	Пилица		43.956598	19.578839	drugo:waterway
Бајина Башта	43	ОСНОВНА ШКОЛА	Растиште	Растиште		43.942212	19.371093	naselje
Бајина Башта	44	ТУР ДАНА ЈОВАНОВИЋ	Рача	Рача		43.951459	19.533262	naselje
Бајина Башта	45	ТУР ДАНА ЈОВАНОВИЋ	Рача	Рача		43.951459	19.533262	naselje
Бајина Башта	46	КУЋА ВЛАДИМИРА ДУЛОВИЋА	Рача	Рача		43.951459	19.533262	naselje
Бајина Башта	47	ОСНОВНА ШКОЛА	Рогачица	Рогачица		44.038330	19.629544	naselje
Бајина Башта	48	КУЋА РАДИШЕ ЈЕЛИЋА	Сијерач	Сијерач		44.010266	19.648691	naselje
Бајина Башта	49	ОСНОВНА ШКОЛА	Солотуша	Солотуша		43.910632	19.592910	naselje
Бајина Башта	50	КУЋА ЂОКИЋ ДАРКА	Солотуша	Солотуша		43.910632	19.592910	naselje
Бајина Башта	51	ОСНОВНА ШКОЛА	Јасиковице	Јасиковице		43.906036	19.563460	naselje
Бајина Башта	52	ОСНОВНА ШКОЛА	Црвица	Црвица		44.000903	19.583130	naselje
Барајево	1	АРНАЈЕВО	Арнајево, КОСМАЈСКОГ ОДРЕДА БР. 1	Арнајево	КОСМАЈСКОГ ОДРЕДА БР. 1			nije_nadjeno
Барајево	2	ОШ „КНЕЗ СИМА МАРКОВИЋ"	Барајево, СВЕТОСАВСКА БР. 77	Барајево	СВЕТОСАВСКА БР. 77	44.581408	20.414989	objekat
Барајево	3	ЛОВАЧКИ ДОМ	Барајево, СВЕТОСАВСКА БР. 378Ц	Барајево	СВЕТОСАВСКА БР. 378Ц	44.609673	20.413289	ulica
Барајево	4	ОШ "РАВНИ ГАЈ"	Барајево, ДУЈЕ ДАМЊАНОВИЋА БР. 82	Барајево	ДУЈЕ ДАМЊАНОВИЋА БР. 82	44.577770	20.453160	objekat
Барајево	5	ОШ "СРЕДЊИ КРАЈ"	Барајево, ШКОЛСКА БР. 24	Барајево	ШКОЛСКА БР. 24	44.598568	20.448713	ulica
Барајево	6	ОШ "ГЛУМЧЕВО БРДО"	Глумчево брдо, ГЛУМЧЕВО БРДО БР. 456	Глумчево брдо	ГЛУМЧЕВО БРДО БР. 456	44.607726	20.438023	ulica
Барајево	7	ПРЕДУЗЕЋЕ ALUMINCO SRB D.O.O	Барајево, 29. НОВЕМБРА БР. ББ	Барајево	29. НОВЕМБРА БР. ББ	44.643546	20.426941	ulica
Барајево	8	ДОМ КУЛТУРЕ	Баћевац, КОСМАЈСКИХ ПАРТИЗАНА БР. 2	Баћевац	КОСМАЈСКИХ ПАРТИЗАНА БР. 2	44.585128	20.375752	objekat
Барајево	9	СПОРТСКО ДРУШТВО	Баћевац, СКОЈЕВСКА БР. 2	Баћевац	СКОЈЕВСКА БР. 2	44.596820	20.372379	objekat
Барајево	10	ДОМ КУЛТУРЕ	Бељина, ШЕСТЕ ЛИЧКЕ ДИВИЗИЈЕ БР. 12	Бељина	ШЕСТЕ ЛИЧКЕ ДИВИЗИЈЕ БР. 12			nije_nadjeno
Барајево	11	ДОМ КУЛТУРЕ ДРАГОМИРА МИЛОВАНОВИЋА МИРКА	Бождаревац, МИРКА БР. 61	Бождаревац	МИРКА БР. 61	44.555858	20.396646	objekat
Барајево	12	ДОМ КУЛТУРЕ	Велики Борак, ПАЛИХ БОРАЦА БР. 3	Велики Борак	ПАЛИХ БОРАЦА БР. 3			nije_nadjeno
Барајево	13	ЛОКАЛ - БИВШИ ФРИЗЕРСКИ САЛОН	Вранић, КОСМАЈСКИХ ПАРТИЗАНА БР. 174	Вранић	КОСМАЈСКИХ ПАРТИЗАНА БР. 174			nije_nadjeno
Барајево	14	ЗДРАВСТВЕНА СТАНИЦА ВРАНИЋ	Вранић, ЧЕДОМИРА БОИНЧЕВИЋА БР. 95	Вранић	ЧЕДОМИРА БОИНЧЕВИЋА БР. 95			nije_nadjeno
Барајево	15	ДОМ СПОМЕН ПАЛИХ БОРАЦА И ЖРТАВА ФАШИСТИЧКОГ ТЕРОРА	ВраниЋ, ТРГ ПАЛИХ БОРАЦА И ЖРТАВА ФАШИСТИЧКОГ ТЕРОРА БР. 2	ВраниЋ	ТРГ ПАЛИХ БОРАЦА И ЖРТАВА ФАШИСТИЧКОГ ТЕРОРА БР. 2			nije_nadjeno
Барајево	16	БИВША ПРОДАВНИЦА	Вранић, ПРОЛЕТЕРСКИХ БРИГАДА БР. 21	Вранић	ПРОЛЕТЕРСКИХ БРИГАДА БР. 21			nije_nadjeno
Барајево	17	ФК ВРАНИЋ	Вранић, ЂУРЕ МИТРОВИЋА БР. 45	Вранић	ЂУРЕ МИТРОВИЋА БР. 45			nije_nadjeno
Барајево	18	МЕСНА ЗАЈЕДНИЦА - НАСЕЉЕ "ГАЈ"	Барајево, ДВАДЕСЕТОГ ОКТОБРА БР. 2	Барајево	ДВАДЕСЕТОГ ОКТОБРА БР. 2	44.571970	20.427648	objekat
Барајево	19	СРЕДЊА ШКОЛА „БАРАЈЕВО"	Барајево, СВЕТОСАВСКА БР. 4А	Барајево	СВЕТОСАВСКА БР. 4А	44.582390	20.413646	objekat
Барајево	20	ОСНОВНА ШКОЛА	Гунцати, ПАЛИХ БОРАЦА БР. 1	Гунцати	ПАЛИХ БОРАЦА БР. 1	44.598547	20.401327	ulica
Барајево	21	МК "ЛИСОВИЋ" ДОМ КУЛТУРЕ - СПАСОВИНА	Лисовић, ИЛИЈЕ И ИВАНА ТРИФУНОВИЋА БР. 25	Лисовић	ИЛИЈЕ И ИВАНА ТРИФУНОВИЋА БР. 25	44.550262	20.445208	objekat
Барајево	22	ЛИСОВИЋ	Лисовић, РАТКА ЈЕВТИЋА БР. 97	Лисовић	РАТКА ЈЕВТИЋА БР. 97	44.554519	20.427043	objekat
Барајево	23	ОСНОВНА ШКОЛА ЧЕДОМИРА РАНКОВИЋА	Манић, ЧЕДОМИРА РАНКОВИЋА БР. 1А	Манић	ЧЕДОМИРА РАНКОВИЋА БР. 1А			nije_nadjeno
Барајево	24	МЕСНА ЗАЈЕДНИЦА - МЕЉАК	Мељак, МАРШАЛА ТИТА БР. 32А	Мељак	МАРШАЛА ТИТА БР. 32А	44.622315	20.367160	objekat
Барајево	25	МК КОСМАЈСКИХ ПАРТИЗАНА	Рожанци, КОСМАЈСКИХ ПАРТИЗАНА БР. 2	Рожанци	КОСМАЈСКИХ ПАРТИЗАНА БР. 2			nije_nadjeno
Барајево	26	ДОМ КУЛТУРЕ	Шиљаковац, ДОБРИВОЈА МАКСИМОВИЋА БР. 2	Шиљаковац	ДОБРИВОЈА МАКСИМОВИЋА БР. 2			nije_nadjeno
Барајево	27	ДОМ КУЛТУРЕ БАРАЈЕВО	Барајево, МИОДРАГА ВУКОВИЋА БР. 2	Барајево	МИОДРАГА ВУКОВИЋА БР. 2	44.577428	20.417391	objekat
Барајево	28	ЛОКАЛ "БАЗА"	Мељак, ЛОЛЕ РИБАРА БР. 7	Мељак	ЛОЛЕ РИБАРА БР. 7	44.626185	20.377642	objekat
Баточина	1	ДОМ КУЛТУРЕ	Никшић	Никшић		44.110496	21.001071	naselje
Баточина	2	ОСНОВНА ШКОЛА	Милатовац	Милатовац		44.088541	20.983028	naselje
Баточина	3	ОСНОВНА ШКОЛА	Прњавор	Прњавор		44.092181	21.025671	naselje
Баточина	4	ОСНОВНА ШКОЛА	Кијево	Кијево		44.097387	21.073794	naselje
Баточина	5	ОСНОВНА ШКОЛА	Доброводица	Доброводица		44.118895	21.065512	naselje
Баточина	6	ОСНОВНА ШКОЛА	Жировница	Жировница		44.116338	21.022510	naselje
Баточина	7	ОСНОВНА ШКОЛА	Бадњевац	Бадњевац		44.135899	20.988607	naselje
Баточина	8	ОСНОВНА ШКОЛА	Бадњевац	Бадњевац		44.135899	20.988607	naselje
Баточина	9	ДОМ КУЛТУРЕ	Градац	Градац		44.152084	21.032917	objekat
Баточина	10	ОСНОВНА ШКОЛА	Брзан	Брзан		44.124564	21.114693	naselje
Баточина	11	СПОМЕН ДОМ	Брзан	Брзан		44.124564	21.114693	naselje
Баточина	12	АМБУЛАНТА БРЗАН	Брзан	Брзан		44.124564	21.114693	naselje
Баточина	13	ОСНОВНА ШКОЛА ЦРНИ КАО	Црни Као	Црни Као		44.177282	21.034234	naselje
Баточина	14	ДОМ КУЛТУРЕ	Горња Баточина	Горња Баточина		44.148517	21.044694	naselje
Баточина	15	СРЕДЊА ШКОЛА	Баточина	Баточина		44.154551	21.080131	naselje
Баточина	16	ОСНОВНА ШКОЛА	Баточина	Баточина		44.154551	21.080131	naselje
Баточина	17	ЛОВАЧКИ ДОМ	Баточина	Баточина		44.154551	21.080131	naselje
Баточина	18	СРЕДЊА ШКОЛА	Баточина	Баточина		44.154551	21.080131	naselje
Баточина	19	СРЕДЊА ШКОЛА	Баточина	Баточина		44.154551	21.080131	naselje
Баточина	20	КУЛТУРНИ ЦЕНТАР "ДОСИТЕЈ ОБРАДОВИЋ"	Баточина	Баточина		44.154551	21.080131	naselje
Баточина	21	ОСНОВНА ШКОЛА	Баточина	Баточина		44.154551	21.080131	naselje
Баточина	22	ОСНОВНА ШКОЛА	Баточина	Баточина		44.154551	21.080131	naselje
Бач	1	ПУ "КОЛИБРИ"	Бач, ВОЈВОЂАНСКА БР. 30	Бач	ВОЈВОЂАНСКА БР. 30	45.400250	19.197462	objekat
Бач	2	НАРОДНА БИБЛИОТЕКА "ВУК КАРАЏИЋ" УЛАЗ У БИОСКОП	Бач, ТРГ ДР ЗОРАНА ЂИНЂИЋА БР. 4	Бач	ТРГ ДР ЗОРАНА ЂИНЂИЋА БР. 4	45.392637	19.229707	objekat
Бач	3	ОШ "ВУК КАРАЏИЋ"	Бач, ШКОЛСКА БР. 1	Бач	ШКОЛСКА БР. 1	45.390242	19.233759	objekat
Бач	4	НАРОДНА БИБЛИОТЕКА "ВУК КАРАЏИЋ"	Бач, ТРГ ДР ЗОРАНА ЂИНЂИЋА БР. 4	Бач	ТРГ ДР ЗОРАНА ЂИНЂИЋА БР. 4	45.392637	19.229707	objekat
Бач	5	КУД "МЛАДОСТ"	Бач, ЈНА БР. 45	Бач	ЈНА БР. 45	45.414213	19.115220	objekat
Бач	6	ОШ "ВУК КАРАЏИЋ"	Бач, ШКОЛСКА БР. 1	Бач	ШКОЛСКА БР. 1	45.390242	19.233759	objekat
Бач	7	ВАТРОГАСНИ ДОМ	Бач, БРАТСТВА ЈЕДИНСТВА БР. 12	Бач	БРАТСТВА ЈЕДИНСТВА БР. 12	45.392871	19.237531	objekat
Бач	8	ЈКП "ТВРЂАВА"	Бач, МАРШАЛА ТИТА БР. 73	Бач	МАРШАЛА ТИТА БР. 73	45.390018	19.240556	objekat
Бач	9	ЈКП "ТВРЂАВА"	Бач, ЈНА БР. 68	Бач	ЈНА БР. 68	45.414325	19.115880	ulica
Бач	10	ОШ "МОША ПИЈАДЕ"	Бачко Ново Село, ВУКА КАРАЏИЋА БР. 4	Бачко Ново Село	ВУКА КАРАЏИЋА БР. 4	45.291460	19.137980	objekat
Бач	11	ОШ "МОША ПИЈАДЕ"	Бачко Ново Село, ВУКА КАРАЏИЋА БР. 4	Бачко Ново Село	ВУКА КАРАЏИЋА БР. 4	45.291460	19.137980	objekat
Бач	12	ЗДРАВСТВЕНА СТАНИЦА "БОЂАНИ"	Бођани, ДР ЗОРАНА ЂИНЂИЋА БР. 8	Бођани	ДР ЗОРАНА ЂИНЂИЋА БР. 8	45.388933	19.102909	objekat
Бач	13	ОШ "АЛЕКСА ШАНТИЋ" - ОДЕЉЕЊЕ У БОЂАНИМА	Бођани, ВОЈВОЂАНСКА БР. 8	Бођани	ВОЈВОЂАНСКА БР. 8	45.391390	19.111191	ulica
Бач	14	ОШ "АЛЕКСА ШАНТИЋ"	Вајска, МАРШАЛА ТИТА БР. 33	Вајска	МАРШАЛА ТИТА БР. 33	45.411307	19.102540	objekat
Бач	15	ОШ "АЛЕКСА ШАНТИЋ"	Вајска, МАРШАЛА ТИТА БР. 33	Вајска	МАРШАЛА ТИТА БР. 33	45.411307	19.102540	objekat
Бач	16	ЗДРАВСТВЕНА СТАНИЦА "ВАЈСКА"	Вајска, МАРШАЛА ТИТА БР. 37	Вајска	МАРШАЛА ТИТА БР. 37	45.411520	19.103276	objekat
Бач	17	ОШ "АЛЕКСА ШАНТИЋ"	Вајска, МАРШАЛА ТИТА БР. 33	Вајска	МАРШАЛА ТИТА БР. 33	45.411307	19.102540	objekat
Бач	18	ОШ "АЛЕКСА ШАНТИЋ"	Вајска, МАРШАЛА ТИТА БР.33	Вајска	МАРШАЛА ТИТА БР.33	45.411307	19.102540	objekat
Бач	19	ОШ "СВЕТИ САВА"	Плавна, МАРШАЛА ТИТА БР. 52	Плавна	МАРШАЛА ТИТА БР. 52	45.349824	19.123789	objekat
Бач	20	МЗ "ПЛАВНА"	Плавна, МАРШАЛА ТИТА БР. 45	Плавна	МАРШАЛА ТИТА БР. 45	45.349177	19.123656	objekat
Бач	21	МЗ "СЕЛЕНЧА"	Селенча, МАРШАЛА ТИТА БР. 124	Селенча	МАРШАЛА ТИТА БР. 124	45.410344	19.299506	objekat
Бач	22	ЗДРАВСТВЕНА СТАНИЦА "СЕЛЕНЧА"	Селенча, МАСАРИКОВА БР. 40	Селенча	МАСАРИКОВА БР. 40	45.410888	19.299168	objekat
Бач	23	ОШ "ЈАН КОЛАР"	Селенча, ВАЈАНСКЕХО БР. 1	Селенча	ВАЈАНСКЕХО БР. 1	45.411265	19.299052	objekat
Бач	24	МЕСНА КАНЦЕЛАРИЈА "СЕЛЕНЧА"	Селенча, МАРШАЛА ТИТА БР. 124	Селенча	МАРШАЛА ТИТА БР. 124	45.410344	19.299506	objekat
Бач	25	ОШ "ЈАН КОЛАР"	Селенча, ВАЈАНСКЕХО БР. 1	Селенча	ВАЈАНСКЕХО БР. 1	45.411265	19.299052	objekat
Бачка Паланка	1	МЗ "БРАТСТВО"	Бачка Паланка, МИЧУРИНОВА БР. 1	Бачка Паланка	МИЧУРИНОВА БР. 1	45.244906	19.377228	objekat
Бачка Паланка	2	ЗАБАВИШТЕ	Бачка Паланка, МАРИЈЕ БУРСАЋ БР. 1A	Бачка Паланка	МАРИЈЕ БУРСАЋ БР. 1A	45.248566	19.375787	objekat
Бачка Паланка	3	ВРТИЋ „БАМБИ" - БЕЛО НОВОЈ ПАЛАНЦИ	Бачка Паланка, ОСЛОБОЂЕЊА БР. 12	Бачка Паланка	ОСЛОБОЂЕЊА БР. 12	45.245454	19.376960	objekat
Бачка Паланка	4	ДОМ ЗДРАВЉА АМБУЛАНТА У БАЧКОЈ ПАЛАНЦИ	Бачка Паланка, ТРГ ДУШАНА ЋУБИЋА БР. 1/А	Бачка Паланка	ТРГ ДУШАНА ЋУБИЋА БР. 1/А	45.250100	19.382940	naselje
Бачка Паланка	5	ОШ "ДЕСАНКА МАКСИМОВИЋ"	Бачка Паланка, СКОЈЕВСКА БР. 1/А	Бачка Паланка	СКОЈЕВСКА БР. 1/А	45.253127	19.372721	objekat
Бачка Паланка	6	ВРТИЋ "БУБАМАРА"	Бачка Паланка, ЈУГОСЛОВЕНСКЕ АРМИЈЕ БР. 4	Бачка Паланка	ЈУГОСЛОВЕНСКЕ АРМИЈЕ БР. 4	45.247933	19.380237	objekat
Бачка Паланка	7	ГИМНАЗИЈА  20.ОКТОБАР"	Бачка Паланка, ТРГ БРАТСТВА - ЈЕДИНСТВА БР. 23	Бачка Паланка	ТРГ БРАТСТВА - ЈЕДИНСТВА БР. 23	45.248503	19.382625	objekat
Бачка Паланка	8	МЗ "ДУНАВ"	Бачка Паланка, ИВЕ ЛОЛЕ РИБАРА БР. 25	Бачка Паланка	ИВЕ ЛОЛЕ РИБАРА БР. 25	45.245488	19.385358	objekat
Бачка Паланка	9	МЗ "ДУНАВ"	Бачка Паланка, ИВЕ ЛОЛЕ РИБАРА БР. 25	Бачка Паланка	ИВЕ ЛОЛЕ РИБАРА БР. 25	45.245488	19.385358	objekat
Бачка Паланка	10	ОШ "СВЕТИ САВА"	Бачка Паланка, ТРГ БРАТСТВА - ЈЕДИНСТВА БР. 22	Бачка Паланка	ТРГ БРАТСТВА - ЈЕДИНСТВА БР. 22	45.250602	19.381989	objekat
Бачка Паланка	11	ОШ "СВЕТИ САВА"	Бачка Паланка, ТРГ БРАТСТВА - ЈЕДИНСТВА БР. 22	Бачка Паланка	ТРГ БРАТСТВА - ЈЕДИНСТВА БР. 22	45.250602	19.381989	objekat
Бачка Паланка	12	ВРТИЋ "МАСЛАЧАК"	Бачка Паланка, ЦАРА ЛАЗАРА БР. 45	Бачка Паланка	ЦАРА ЛАЗАРА БР. 45	45.252667	19.388575	objekat
Бачка Паланка	13	ОШ "СВЕТИ САВА"	Бачка Паланка, ТРГ БРАТСТВА - ЈЕДИНСТВА БР. 22	Бачка Паланка	ТРГ БРАТСТВА - ЈЕДИНСТВА БР. 22	45.250602	19.381989	objekat
Бачка Паланка	14	ВРТИЋ "МАСЛАЧАК"	Бачка Паланка, ЦАРА ЛАЗАРА БР. 45	Бачка Паланка	ЦАРА ЛАЗАРА БР. 45	45.252667	19.388575	objekat
Бачка Паланка	15	МЗ "СТАРИ ГРАД"	Бачка Паланка, КРАЉА ПЕТРА ПРВОГ БР. 83	Бачка Паланка	КРАЉА ПЕТРА ПРВОГ БР. 83	45.249861	19.397161	objekat
Бачка Паланка	16	ОШ "ВУК КАРАЏИЋ"	Бачка Паланка, ДОСИТЕЈЕВА БР. 5	Бачка Паланка	ДОСИТЕЈЕВА БР. 5	45.247975	19.402751	ulica
Бачка Паланка	17	ДОО "ЕНЕРГОСОЛАР"	Бачка Паланка, ЈУГОСЛОВЕНСКЕ АРМИЈЕ БР. 204	Бачка Паланка	ЈУГОСЛОВЕНСКЕ АРМИЈЕ БР. 204	45.245558	19.407252	objekat
Бачка Паланка	18	СУР „НЕРЕТВА"	Бачка Паланка, ДОСИТЕЈЕВА БР. 104	Бачка Паланка	ДОСИТЕЈЕВА БР. 104	45.247254	19.408667	objekat
Бачка Паланка	19	ВРТИЋ "СВЕТИ САВА"	Бачка Паланка, ЗМАЈ ЈОВИНА БР. 48	Бачка Паланка	ЗМАЈ ЈОВИНА БР. 48	45.253094	19.402468	objekat
Бачка Паланка	20	ОШ "ЗДРАВКО ЧЕЛАР"	Челарево, ТРГ БОРИСА КИДРИЧА БР. 1	Челарево	ТРГ БОРИСА КИДРИЧА БР. 1	45.333639	19.474114	ulica
Бачка Паланка	21	ОШ "ЗДРАВКО ЧЕЛАР"	Челарево, ТРГ БОРИСА КИДРИЧА БР. 1	Челарево	ТРГ БОРИСА КИДРИЧА БР. 1	45.333639	19.474114	ulica
Бачка Паланка	22	ОШ "ЗДРАВКО ЧЕЛАР"	Челарево, ТРГ БОРИСА КИДРИЧА БР. 1	Челарево	ТРГ БОРИСА КИДРИЧА БР. 1	45.333639	19.474114	ulica
Бачка Паланка	23	ОШ "ЗДРАВКО ЧЕЛАР"	Челарево, ТРГ БОРИСА КИДРИЧА БР. 1	Челарево	ТРГ БОРИСА КИДРИЧА БР. 1	45.333639	19.474114	ulica
Бачка Паланка	24	МЗ "НЕШТИН"	Нештин, КОЧЕ ПОПОВИЋА БР. 2	Нештин	КОЧЕ ПОПОВИЋА БР. 2	45.225154	19.451788	objekat
Бачка Паланка	25	ДОМ ОМЛАДИНЕ	Визић, ПЕКЕ ДАПЧЕВИЋА БР. 30	Визић	ПЕКЕ ДАПЧЕВИЋА БР. 30	45.171290	19.452885	objekat
Бачка Паланка	26	ОШ "АЛЕКСА ШАНТИЋ"	Нова Гајдобра, ПРОЛЕТЕРСКА БР. 39	Нова Гајдобра	ПРОЛЕТЕРСКА БР. 39	45.329847	19.435132	objekat
Бачка Паланка	27	ДОМ ЗДРАВЉА-АМБУЛАНТА У ГАЈДОБРИ	Гајдобра, ПАТРИЈАРХА ПАВЛА БР. 2	Гајдобра	ПАТРИЈАРХА ПАВЛА БР. 2	45.350839	19.443772	objekat
Бачка Паланка	28	ДОМ КУЛТУРЕ	Гајдобра, НЕВЕСИЊСКА БР. 7	Гајдобра	НЕВЕСИЊСКА БР. 7	45.350629	19.445637	objekat
Бачка Паланка	29	ОШ "БРАЋА НОВАКОВ"	Силбаш, КРАЉА ПЕТРА ПРВОГ БР. 79	Силбаш	КРАЉА ПЕТРА ПРВОГ БР. 79	45.394076	19.460194	objekat
Бачка Паланка	30	МЗ "СИЛБАШ"	Силбаш, ПЕТРА ДРАПШИНА БР. 59	Силбаш	ПЕТРА ДРАПШИНА БР. 59	45.392645	19.462123	objekat
Бачка Паланка	31	ОШ "БРАЋА НОВАКОВ"	Параге, КРАЉА ПЕТРА ПРВОГ БР. 25	Параге	КРАЉА ПЕТРА ПРВОГ БР. 25	45.414678	19.403786	objekat
Бачка Паланка	32	ЧИТАОНИЦА	Деспотово, ТРГ ОСЛОБОЂЕЊА БР. 21	Деспотово	ТРГ ОСЛОБОЂЕЊА БР. 21	45.458313	19.526580	objekat
Бачка Паланка	33	ОШ "15. ОКТОБАР"	Пивнице, МАРШАЛА ТИТА БР. 99	Пивнице	МАРШАЛА ТИТА БР. 99	45.468484	19.458620	objekat
Бачка Паланка	34	ОШ "15. ОКТОБАР"	Пивнице, МАРШАЛА ТИТА БР. 99	Пивнице	МАРШАЛА ТИТА БР. 99	45.468484	19.458620	objekat
Бачка Паланка	35	ОШ "15. ОКТОБАР"	Пивнице, МАРШАЛА ТИТА БР. 99	Пивнице	МАРШАЛА ТИТА БР. 99	45.468484	19.458620	objekat
Бачка Паланка	36	ВРТИЋ	Карађорђево, ИВЕ АНДРИЋА БР. 31	Карађорђево	ИВЕ АНДРИЋА БР. 31	45.290236	19.304382	ulica
Бачка Паланка	37	КАФАНА "БАЛКАНА"	Карађорђево, ВОЈВОДЕ РАДОМИРА ПУТНИКА БР. 2	Карађорђево	ВОЈВОДЕ РАДОМИРА ПУТНИКА БР. 2	45.309506	19.203503	naselje
Бачка Паланка	38	ОШ "БРАНКО ЋОПИЋ"	Младеново, КРАЉА ПЕТРА ПРВОГ БР. 52	Младеново	КРАЉА ПЕТРА ПРВОГ БР. 52	45.304560	19.260216	objekat
Бачка Паланка	39	ДОМ КУЛТУРЕ	Младеново, КНЕЗА МИХАЈЛА БР. 61	Младеново	КНЕЗА МИХАЈЛА БР. 61	45.304734	19.263356	objekat
Бачка Паланка	40	ОШ "ЖАРКО ЗРЕЊАНИН"	Обровац, КРАЉА ПЕТРА ПРВОГ БР. 73	Обровац	КРАЉА ПЕТРА ПРВОГ БР. 73	45.320124	19.350661	objekat
Бачка Паланка	41	ДОМ КУЛТУРЕ	Обровац, КРАЉА ПЕТРА ПРВОГ БР. 40	Обровац	КРАЉА ПЕТРА ПРВОГ БР. 40	45.322324	19.350178	objekat
Бачка Паланка	42	ОШ "МИЛЕТА ПРОТИЋ"	Товаришево, МАРШАЛА ТИТА БР. 62	Товаришево	МАРШАЛА ТИТА БР. 62	45.355067	19.323902	objekat
Бачка Паланка	43	ОШ "МИЛЕТА ПРОТИЋ"	Товаришево, МАРШАЛА ТИТА БР. 62	Товаришево	МАРШАЛА ТИТА БР. 62	45.355067	19.323902	objekat
Бачка Топола	1	ЗГРАДА "НОВИ БАМБИ"	Бачка Топола, Сенћански пут бб	Бачка Топола	Сенћански пут бб	45.820436	19.654756	ulica
Бачка Топола	2	ЗГРАДА "НОВИ БАМБИ"	Бачка Топола, Сенћански пут бб	Бачка Топола	Сенћански пут бб	45.820436	19.654756	ulica
Бачка Топола	3	ДОМ САМОУПРАВНЕ ЈЕДИНИЦЕ "ПРОЛЕТЕР"	Бачка Топола, Неретванска бр. 2	Бачка Топола	Неретванска бр. 2	45.819554	19.653768	objekat
Бачка Топола	4	ШКОЛА ЗА ОСНОВНО МУЗИЧКО ОБРАЗОВАЊЕ "МУЗИЧКА ШКОЛА" БАЧКА ТОПОЛА	Бачка Топола, Главна бр. 84	Бачка Топола	Главна бр. 84	45.815169	19.643578	objekat
Бачка Топола	5	ДОМ САМОУПРАВНЕ ЈЕДИНИЦЕ "ЧАКИ ЛАЈОШ"	Бачка Топола, Лењинова бр. 44	Бачка Топола	Лењинова бр. 44	45.818305	19.641296	objekat
Бачка Топола	6	ЗГРАДА ДОМА ЗДРАВЉА "ДР ХАЏИ ЈАНОШ"	Бачка Топола, Светог Стефана бр. 1	Бачка Топола	Светог Стефана бр. 1	45.822518	19.632730	objekat
Бачка Топола	7	ЗГРАДА "ЕЛЕКТРОВОЈВОДИНЕ"	Бачка Топола, Главна бр. 57	Бачка Топола	Главна бр. 57	45.814445	19.638350	objekat
Бачка Топола	8	ЗГРАДА ОШ "НИКОЛА ТЕСЛА"	Бачка Топола, Фрушкогорска бр. 1	Бачка Топола	Фрушкогорска бр. 1	45.816830	19.627528	objekat
Бачка Топола	9	ЗГРАДА ГИМНАЗИЈЕ "ДОСИТЕЈ ОБРАДОВИЋ"	Бачка Топола, Трг др Зорана Ђинђића бр. 12	Бачка Топола	Трг др Зорана Ђинђића бр. 12	45.810855	19.633460	objekat
Бачка Топола	10	ДОМ САМОУПРАВНЕ ЈЕДИНИЦЕ "ВАШАРИШТЕ"	Бачка Топола, Љиљана бр. 25	Бачка Топола	Љиљана бр. 25	45.812868	19.644730	objekat
Бачка Топола	11	ЗГРАДА УГОСТИТЕЉСКОГ ОБЈЕКТА „ЦУФИ“	Бачка Топола, Вашариште бр. 3	Бачка Топола	Вашариште бр. 3	45.809428	19.643779	objekat
Бачка Топола	12	ЗГРАДА ГИМНАЗИЈЕ "ДОСИТЕЈ ОБРАДОВИЋ"	Бачка Топола, Трг др Зорана Ђинђића бр. 12	Бачка Топола	Трг др Зорана Ђинђића бр. 12	45.810855	19.633460	objekat
Бачка Топола	13	ЗГРАДА СТШ "ШИНКОВИЧ ЈОЖЕФ"	Бачка Топола, Трг др Зорана Ђинђића бр. 10	Бачка Топола	Трг др Зорана Ђинђића бр. 10	45.810864	19.632600	objekat
Бачка Топола	14	ДОМ САМОУПРАВНЕ ЈЕДИНИЦЕ "ЦЕНТАР"	Бачка Топола, Петефи бригаде бр. 7	Бачка Топола	Петефи бригаде бр. 7	45.811879	19.628466	objekat
Бачка Топола	15	ЗГРАДА ВАТРОГАСНОГ ДОМА	Бачка Топола, Маршала Тита бр. 59	Бачка Топола	Маршала Тита бр. 59	45.813947	19.629710	objekat
Бачка Топола	16	ДОМ САМОУПРАВНЕ ЈЕДИНИЦЕ "НОВИ ДОМ"	Бачка Топола, Радних бригада бр. 28	Бачка Топола	Радних бригада бр. 28	45.816390	19.619160	ulica
Бачка Топола	17	ДОМ САМОУПРАВНЕ ЈЕДИНИЦЕ "ГОРИЦА" - ВЕЛИКА САЛА	Бачка Топола, Вука Караџића бр. 1	Бачка Топола	Вука Караџића бр. 1	45.819082	19.626001	objekat
Бачка Топола	18	ДОМ САМОУПРАВНЕ ЈЕДИНИЦЕ "ГОРИЦА" - МАЛА САЛА	Бачка Топола, Вука Караџића бр. 1	Бачка Топола	Вука Караџића бр. 1	45.819082	19.626001	objekat
Бачка Топола	19	ЗГРАДА ОШ "НИКОЛА ТЕСЛА"	Бачка Топола, Фрушкогорска бр. 1	Бачка Топола	Фрушкогорска бр. 1	45.816830	19.627528	objekat
Бачка Топола	20	ДОМ САМОУПРАВНЕ ЈЕДИНИЦЕ "МИЋУНОВО"	Мићуново, Павла Мићуновића бр. 2	Мићуново	Павла Мићуновића бр. 2	45.832645	19.664544	objekat
Бачка Топола	21	ЗГРАДА МЕСНЕ ЗАЈЕДНИЦЕ	Бајша, Закина бр. 4	Бајша	Закина бр. 4	45.777264	19.584685	objekat
Бачка Топола	22	ЗГРАДА БИБЛИОТЕКЕ	Бајша, Трг ослобођења бр. 2	Бајша	Трг ослобођења бр. 2	45.776458	19.583739	objekat
Бачка Топола	23	ЗГРАДА МЕСНЕ ЗАЈЕДНИЦЕ "ПАНОНИЈА"	Панонија, Шарла де Гола бб	Панонија	Шарла де Гола бб	45.750377	19.520194	ulica
Бачка Топола	24	ЗГРАДА ДОМА КУЛТУРЕ	Средњи Салаш, Маршала Тита бр. 1	Средњи Салаш	Маршала Тита бр. 1	45.751712	19.475689	objekat
Бачка Топола	25	ЗГРАДА ДОМА КУЛТУРЕ	Бачки Соколац, Церска бр. 16	Бачки Соколац	Церска бр. 16	45.849455	19.541777	objekat
Бачка Топола	26	ЗГРАДА ДОМА КУЛТУРЕ	Горња Рогатица, Петра Драпшина бр. 1	Горња Рогатица	Петра Драпшина бр. 1	45.804939	19.466801	objekat
Бачка Топола	27	ЗГРАДА ОШ "ВУК СТЕФАНОВИЋ КАРАЏИЋ"	Криваја, Маршала Тита бр. 1	Криваја	Маршала Тита бр. 1	45.832389	19.507623	objekat
Бачка Топола	28	ЗГРАДА ДОМА КУЛТУРЕ	Томиславци, Козарачка бр. 34	Томиславци	Козарачка бр. 34	45.827239	19.558582	objekat
Бачка Топола	29	ЗГРАДА УДРУЖЕЊА ПЕНЗИОНЕРА	Гунарош, Маршала Тита бр. 82	Гунарош	Маршала Тита бр. 82	45.760703	19.825596	objekat
Бачка Топола	30	ЗГРАДА БИВШЕ ШКОЛЕ	Багремово, Првомајска бр. 9	Багремово	Првомајска бр. 9	45.744622	19.811390	naselje
Бачка Топола	31	ЗГРАДА МЕСНЕ ЗАЈЕДНИЦЕ	Гунарош, Маршала Тита бр. 83	Гунарош	Маршала Тита бр. 83	45.761381	19.825888	objekat
Бачка Топола	32	ЗГРАДА ДОМА КУЛТУРЕ	Победа, Омладинска бр. 1	Победа	Омладинска бр. 1	45.792522	19.825944	objekat
Бачка Топола	33	ЗГРАДА МЕСНЕ ЗАЈЕДНИЦЕ	Кавило, Радничка бр. 18	Кавило	Радничка бр. 18	45.803428	19.855206	ulica
Бачка Топола	34	ЗГРАДА БИВШЕ ШКОЛЕ	Светићево, Републичка бр. 24	Светићево	Републичка бр. 24	45.803280	19.836605	ulica
Бачка Топола	35	ЗАДРУЖНОГ ДОМА ЗГРАДА	Његошево, Николе Тесле бр. 21	Његошево	Николе Тесле бр. 21	45.762011	19.753858	objekat
Бачка Топола	36	ЗГРАДА ОШ "МОША ПИЈАДЕ"	Пачир, Школска бр. 1	Пачир	Школска бр. 1	45.895923	19.444407	objekat
Бачка Топола	37	ЗГРАДА ОШ "МОША ПИЈАДЕ"	Пачир, Школска бр. 1	Пачир	Школска бр. 1	45.895923	19.444407	objekat
Бачка Топола	38	ЗГРАДА ОШ "МОША ПИЈАДЕ"	Пачир, Школска бр. 1	Пачир	Школска бр. 1	45.895923	19.444407	objekat
Бачка Топола	39	ЗГРАДА ОШ "СТАРИ КОВАЧ ЂУЛА"	Стара Моравица, Танчић Михаља бр. 2	Стара Моравица	Танчић Михаља бр. 2	45.869343	19.466617	naselje
Бачка Топола	40	ЗГРАДА ОШ "СТАРИ КОВАЧ ЂУЛА"	Стара Моравица, Танчић Михаља бр. 2	Стара Моравица	Танчић Михаља бр. 2	45.869343	19.466617	naselje
Бачка Топола	41	ЗГРАДА ОШ "СТАРИ КОВАЧ ЂУЛА"	Стара Моравица, Танчић Михаља бр. 2	Стара Моравица	Танчић Михаља бр. 2	45.869343	19.466617	naselje
Бачка Топола	42	ЗГРАДА ОШ "СТАРИ КОВАЧ ЂУЛА"	Стара Моравица, Танчић Михаља бр. 2	Стара Моравица	Танчић Михаља бр. 2	45.869343	19.466617	naselje
Бачка Топола	43	ЗГРАДА ОШ "СТАРИ КОВАЧ ЂУЛА"	Стара Моравица, Танчић Михаља бр. 2	Стара Моравица	Танчић Михаља бр. 2	45.869343	19.466617	naselje
Бачка Топола	44	ЗГРАДА ОШ "СТАРИ КОВАЧ ЂУЛА"	Стара Моравица, Танчић Михаља бр. 2	Стара Моравица	Танчић Михаља бр. 2	45.869343	19.466617	naselje
Бачка Топола	45	ЗГРАДА МЕСНЕ ЗАЈЕДНИЦЕ	Ново Орахово, Кошут Лајоша бр. 2	Ново Орахово	Кошут Лајоша бр. 2	45.848059	19.765885	objekat
Бачка Топола	46	ЗГРАДА ДОМА ПЕНЗИОНЕРА	Ново Орахово, ЈНА бр. 18	Ново Орахово	ЈНА бр. 18	45.849844	19.774842	objekat
Бачка Топола	47	ЗГРАДА ДОМА КУЛТУРЕ	Карађорђево, Николе Тесле бр. 25	Карађорђево	Николе Тесле бр. 25	45.585149	20.565020	objekat
Бачка Топола	48	ЗГРАДА БИВШЕ ШКОЛЕ	Мали Београд, Маршала Тита бр. 47	Мали Београд	Маршала Тита бр. 47	45.882911	19.633972	objekat
Бачка Топола	49	УПРАВНА ЗГРАДА А.Д. "ЗОБНАТИЦА"	Зобнатица, Економија бр. 1	Зобнатица	Економија бр. 1	45.852215	19.619395	objekat
Бачка Топола	50	ЗГРАДА ОСНОВНЕ ШКОЛЕ	Бајша, Закина бр. 5	Бајша	Закина бр. 5	45.776734	19.583026	objekat
Бачки Петровац	1	КЛУБ ПОЉОПРИВРЕДНИКА	Бачки Петровац, ЛЕЊИНОВА БР. 5	Бачки Петровац	ЛЕЊИНОВА БР. 5	45.359262	19.589421	objekat
Бачки Петровац	2	ОШ "ЈАН ЧАЈAK"	Бачки Петровац, СЛАДКОВИЧОВА БР. 2	Бачки Петровац	СЛАДКОВИЧОВА БР. 2	45.356367	19.596463	objekat
Бачки Петровац	3	ОШ "ЈАН ЧАJAK"	Бачки Петровац, СЛАДКОВИЧОВА БР. 2	Бачки Петровац	СЛАДКОВИЧОВА БР. 2	45.356367	19.596463	objekat
Бачки Петровац	4	ОШ "ЈАН ЧАЈАК"	Петровац, СЛАДКОВИЧОВА БР. 2	Петровац	СЛАДКОВИЧОВА БР. 2	45.356367	19.596463	objekat
Бачки Петровац	5	МЕСНА ЗАЈЕДНИЦА БАЧКИ ПЕТРОВАЦ	Бачки Петровац, КОЛАРОВА БР. 3	Бачки Петровац	КОЛАРОВА БР. 3	45.359091	19.592025	objekat
Бачки Петровац	6	ОШ "ЈОЗЕФ МАРЧОК ДРАГУТИН"	Гложан, ЉУДЕВИТА ДУДКА ББ	Гложан	ЉУДЕВИТА ДУДКА ББ	45.279527	19.568781	ulica
Бачки Петровац	7	ОШ "ЈОЗЕФ МАРЧОК ДРАГУТИН"	Гложан, ЉУДЕВИТА ДУДКА ББ	Гложан	ЉУДЕВИТА ДУДКА ББ	45.279527	19.568781	ulica
Бачки Петровац	8	ОШ "ЈАН АМОС КОМЕНСКИ"	Кулпин, МАРШАЛА ТИТА БР. 102	Кулпин	МАРШАЛА ТИТА БР. 102	45.402162	19.589472	objekat
Бачки Петровац	9	ОШ "ЈАН АМОС КОМЕНСКИ"	Кулпин, МАРШАЛА ТИТА БР. 102	Кулпин	МАРШАЛА ТИТА БР. 102	45.402162	19.589472	objekat
Бачки Петровац	10	ДОМ КУЛТУРЕ МАЛИ ХОЛ	Маглић, МАРШАЛА ТИТА БР. 46	Маглић	МАРШАЛА ТИТА БР. 46	45.363452	19.531446	objekat
Бачки Петровац	11	ОШ "ЖАРКО ЗРЕЊАНИН"	Маглић, ИВЕ ЛОЛЕ РИБАРА БР. 9	Маглић	ИВЕ ЛОЛЕ РИБАРА БР. 9	45.360246	19.528798	objekat
Бела Паланка	1	ЛОВАЧКИ ДОМ	Бела Паланка, СРПСКИХ ВЛАДАРА ББ	Бела Паланка	СРПСКИХ ВЛАДАРА ББ	43.220062	22.306016	ulica
Бела Паланка	2	КУЛТУРНО ИНФОРМАТИВНИ ЦЕНТАР	Бела Паланка, СРПСКИХ ВЛАДАРА БР. 52	Бела Паланка	СРПСКИХ ВЛАДАРА БР. 52	43.218106	22.311247	objekat
Бела Паланка	3	БИБЛИОТЕКА	Бела Паланка, КРСТЕ ЈОЦИЋА ББ	Бела Паланка	КРСТЕ ЈОЦИЋА ББ	43.217869	22.310119	objekat
Бела Паланка	4	ОПШТИНА БЕЛА ПАЛАНКА	Бела Паланка, КАРАЂОРЂЕВА БР. 28	Бела Паланка	КАРАЂОРЂЕВА БР. 28	43.218761	22.312681	objekat
Бела Паланка	5	ОШ "ЉУПЧЕ ШПАНАЦ"	Бела Паланка, СВЕТОГ САВЕ ББ	Бела Паланка	СВЕТОГ САВЕ ББ	43.220860	22.312434	ulica
Бела Паланка	6	ГИМНАЗИЈА "НИКЕТА РЕМЕЗИЈАНСКИ"	Бела Паланка, 9. МАЈА ББ	Бела Паланка	9. МАЈА ББ	43.221665	22.317619	drugo:railway
Бела Паланка	7	ГИМНАЗИЈА "НИКЕТА РЕМЕЗИЈАНСКИ"	Бела Паланка, 9. МАЈА ББ	Бела Паланка	9. МАЈА ББ	43.221665	22.317619	drugo:railway
Бела Паланка	8	ЈКП "КОМНИС"	Бела Паланка, СРПСКИХ ВЛАДАРА БР. 51	Бела Паланка	СРПСКИХ ВЛАДАРА БР. 51	43.217899	22.311077	objekat
Бела Паланка	9	САВЕЗ ПЕНЗИОНЕРА	Бела Паланка, КРСТЕ ТОШИЋА БР. 5	Бела Паланка	КРСТЕ ТОШИЋА БР. 5	43.217175	22.310524	objekat
Бела Паланка	10	ДОМ ЗДРАВЉА	Бела Паланка, БРАНИСЛАВА НУШИЋА БР. 2	Бела Паланка	БРАНИСЛАВА НУШИЋА БР. 2	43.217954	22.321225	objekat
Бела Паланка	11	ПОСЛОВНЕ ПРОСТОРИЈЕ ПУ "ДРАГИЦА ЛАЛОВИЋ" - "ДЕЧЈА РАДОСТ"	Бела Паланка, ПАРТИЗАНСКИ ПУТ ББ	Бела Паланка	ПАРТИЗАНСКИ ПУТ ББ	43.224564	22.315771	ulica
Бела Паланка	12	ПОСЛОВНЕ ПРОСТОРИЈЕ	Бела Паланка, ПАРТИЗАНСКИ ПУТ ББ	Бела Паланка	ПАРТИЗАНСКИ ПУТ ББ	43.224564	22.315771	ulica
Бела Паланка	13	ПОСЛОВНЕ ПРОСТОРИЈЕ ЂОРИЋ МИЛАНА	Бела Паланка, ЈОВАН МИТИЋ ЂОРЂЕ БР. 8	Бела Паланка	ЈОВАН МИТИЋ ЂОРЂЕ БР. 8	43.221665	22.317619	drugo:railway
Бела Паланка	14	ПОСЛОВНЕ ПРОСТОРИЈЕ ГОЛУБОВИЋ ИВАНА	Бела Паланка, ЊЕГОШЕВА БР. 2 В	Бела Паланка	ЊЕГОШЕВА БР. 2 В	43.222260	22.316931	objekat
Бела Паланка	15	ПОСЛОВНЕ ПРОСТОРИЈЕ НИКОЛИЋ ВЕСНЕ	Бела Паланка, ТИХОМИРА НИКОЛИЋА БР. 1	Бела Паланка	ТИХОМИРА НИКОЛИЋА БР. 1	43.226216	22.316671	objekat
Бела Паланка	16	ПРОСТОРИЈЕ АМБУЛАНТА	Мирановачка Кула	Мирановачка Кула		43.360290	22.355461	naselje
Бела Паланка	17	ЗАДРУГА - ПРОДАВНИЦА	Бабин Кал	Бабин Кал		43.293913	22.378658	naselje
Бела Паланка	18	МИРАНОВАЧКА КУЛА	Мирановац	Мирановац		43.363745	22.371938	naselje
Бела Паланка	19	ОСНОВНА ШКОЛА	Шљивовик	Шљивовик		43.142534	22.361118	naselje
Бела Паланка	20	ОСНОВНА ШКОЛА	Бежиште	Бежиште		43.123393	22.334847	naselje
Бела Паланка	21	ОСНОВНА ШКОЛА	Доња Коритница	Доња Коритница		43.154196	22.314891	naselje
Бела Паланка	22	ЗАДРУГА - ПРОДАВНИЦА ЈОВАНОВИЋ СЛАВОЉУБА	Мокра	Мокра		43.224985	22.295340	objekat
Бела Паланка	23	ПОСЛОВНЕ ПРОСТОРИЈЕ	Дивљана	Дивљана		43.175911	22.306468	naselje
Бела Паланка	24	ЗАДРУЖНИ ДОМ	Вргудинац	Вргудинац		43.239178	22.250968	naselje
Бела Паланка	25	ОСНОВНА ШКОЛА	Врандол	Врандол		43.273419	22.248443	naselje
Бела Паланка	26	ОСНОВНА ШКОЛА	Црвена Река	Црвена Река		43.271426	22.233837	naselje
Бела Паланка	27	ПРОСТОРИЈЕ ВЕЛИЧКОВИЋ ДУШАНА	Космовац	Космовац		43.189864	22.203791	naselje
Бела Паланка	28	ЗАДРУЖНИ ДОМ	Вета	Вета		43.232685	22.156090	naselje
Бела Паланка	29	ДОМ КУЛТУРЕ	Долац	Долац		43.317457	22.198505	naselje
Бела Паланка	30	ЗАДРУЖНИ ДОМ	Крупац	Крупац		43.294277	22.223093	naselje
Бела Паланка	31	ОСНОВНА ШКОЛА	Тамњаница	Тамњаница		43.284350	22.198337	naselje
Бела Паланка	32	ЗАДРУГА - ПРОДАВНИЦА	Црнче	Црнче		43.308473	22.165196	naselje
Бела Паланка	33	ОСНОВНА ШКОЛА	Моклиште	Моклиште		43.235115	22.306457	ulica
Бела Паланка	34	ОСНОВНА ШКОЛА	Сињац	Сињац		43.244391	22.424627	naselje
Бела Паланка	35	МЕСНА ЗАЈЕДНИЦА	Чифлик	Чифлик		43.223900	22.407948	naselje
Бела Паланка	36	ЗАДРУЖНИ ДОМ	Клисура	Клисура		43.218071	22.369296	naselje
Беочин	1	Ресторан „Караш"	Беочин, Насеље Дунав 104	Беочин	Насеље Дунав 104	45.227230	19.715262	objekat
Беочин	2	Дом пензионера - Кантина	Беочин, Стевана Петровића Брила 18	Беочин	Стевана Петровића Брила 18	45.206796	19.713806	objekat
Беочин	3	Амбуланта БФЦ	Беочин, Цементашка 1	Беочин	Цементашка 1	45.213473	19.713871	ulica
Беочин	4	ОШ „Јован Грчић Миленко"	Беочин, Школска 8	Беочин	Школска 8	45.208912	19.721108	objekat
Беочин	5	Културни центар општине Беочин	Беочин, Школска 2	Беочин	Школска 2	45.207956	19.721114	objekat
Беочин	6	Спортски центар Беочин	Беочин, Беочински трг 1	Беочин	Беочински трг 1	45.209601	19.726519	objekat
Беочин	7	Дом културе Беочин	Беочин, Стојана Вукосављевића 77	Беочин	Стојана Вукосављевића 77	45.192850	19.725152	objekat
Беочин	8	МЗ Бразилија	Черевић, Сремска 88	Черевић	Сремска 88	45.212170	19.685619	ulica
Беочин	9	Дом културе Раковац	Раковац, Мите Белића 6	Раковац	Мите Белића 6	45.210037	19.769468	objekat
Беочин	10	ОБЈЕКАТ „ПЕЋИНА"	Раковац, Манастирска 124	Раковац	Манастирска 124	45.182936	19.772378	objekat
Беочин	11	ОШ „Јован Грчић Миленко"	Черевић, Петра Костића 5	Черевић	Петра Костића 5	45.218088	19.666011	objekat
Беочин	12	МЗ Баноштор	Баноштор, Светозара Марковића 31 А	Баноштор	Светозара Марковића 31 А	45.213406	19.609475	objekat
Беочин	13	Дом културе Сусек	Сусек, Бранка Радичевића 3	Сусек	Бранка Радичевића 3	45.223803	19.534514	objekat
Беочин	14	ОШ „Јован Поповић"	Луг, Маршала Тита 66	Луг	Маршала Тита 66	45.181244	19.545043	objekat
Беочин	15	ОШ „Јован Поповић"	Свилош, Фрушкогорска 40	Свилош	Фрушкогорска 40	45.175324	19.586019	objekat
Беочин	16	ОШ „Јован Поповић"	Грабово, Војвођанска 11	Грабово	Војвођанска 11	45.174215	19.612280	objekat
Бечеј	1	БИВША ПРОДАВНИЦА УНИВЕРЗАЛ	Бечеј, ГЛАВНА БР. 66	Бечеј	ГЛАВНА БР. 66	45.620525	20.040147	objekat
Бечеј	2	ШКОЛА ЗА ОСНОВНО И СРЕДЊЕ ОБРАЗОВАЊЕ "БРАТСТВО"	Бечеј, ДОСИТЕЈЕВА БР. 11	Бечеј	ДОСИТЕЈЕВА БР. 11	45.617970	20.047565	objekat
Бечеј	3	НАРОДНА БИБЛИОТЕКА БЕЧЕЈ	Бечеј, ГЛАВНА БР. 11	Бечеј	ГЛАВНА БР. 11	45.616799	20.046536	objekat
Бечеј	4	ОШ "ЗДРАВКО ГЛОЖАНСКИ"	Бечеј, ДОСИТЕЈЕВА БР. 4	Бечеј	ДОСИТЕЈЕВА БР. 4	45.616673	20.049507	objekat
Бечеј	5	БИВШИ ШКОРПИОН БЕЧЕЈ	Бечеј, ГЛАВНА БР. 78	Бечеј	ГЛАВНА БР. 78	45.621443	20.038626	objekat
Бечеј	6	МЗ "ИНГ. ИВАН ПЕРИШИЋ"	Бечеј, ГЕРБЕРОВИХ БР. 56	Бечеј	ГЕРБЕРОВИХ БР. 56	45.620415	20.052689	objekat
Бечеј	7	СПОРТСКИ ЦЕНТАР ВЕЛИКА САЛА	Бечеј, ЗЕЛЕНА БР. 34	Бечеј	ЗЕЛЕНА БР. 34	45.612777	20.051078	objekat
Бечеј	8	СПОРТСКИ ЦЕНТАР МАЛА САЛА	Бечеј, ЗЕЛЕНА БР. 34	Бечеј	ЗЕЛЕНА БР. 34	45.612777	20.051078	objekat
Бечеј	9	І МЗ "ИНГ. ИВАН ПЕРИШИЋ"	Бечеј, ГЕРБЕРОВИХ БР. 56	Бечеј	ГЕРБЕРОВИХ БР. 56	45.620415	20.052689	objekat
Бечеј	10	ДОМ "ЛЕНЂЕЛ ИШТВАН"	Бечеј, ДОЖА ЂЕРЂА БР. 60	Бечеј	ДОЖА ЂЕРЂА БР. 60	45.617280	20.037893	objekat
Бечеј	11	ДОМ "НАЋ ИШТВАН"	Бечеј, НИКОЛЕ ТЕСЛЕ БР. 38	Бечеј	НИКОЛЕ ТЕСЛЕ БР. 38	45.611729	20.037078	objekat
Бечеј	12	ІІ МЗ "ТОДОР ДУКИН"	Бечеј, НОВОСАДСКА БР. 104	Бечеј	НОВОСАДСКА БР. 104	45.608644	20.039326	objekat
Бечеј	13	ПРЕДШКОЛСКА УСТАНОВА "ЛАБУД ПЕЈОВИЋ"	Бечеј, РЕПУБЛИКАНСКА БР. 133	Бечеј	РЕПУБЛИКАНСКА БР. 133	45.612157	20.036686	objekat
Бечеј	14	ГИМНАЗИЈА БЕЧЕЈ	Бечеј, ЗЕЛЕНА БР. 13	Бечеј	ЗЕЛЕНА БР. 13	45.613245	20.049101	objekat
Бечеј	15	ДОМ "СЛАВКО СИМИН"	Бечеј, СТЕВАНА КОЈИЋА БР. 26	Бечеј	СТЕВАНА КОЈИЋА БР. 26	45.607451	20.043613	objekat
Бечеј	16	ДОМ "СЛАВКО СИМИН"	Бечеј, СТЕВАНА КОЈИЋА БР. 26	Бечеј	СТЕВАНА КОЈИЋА БР. 26	45.607451	20.043613	objekat
Бечеј	17	ДОМ "ФЕКЕТЕ МАЋАШ"	Бечеј, ХОВЕ ФРИЂЕША БР. 82	Бечеј	ХОВЕ ФРИЂЕША БР. 82	45.619021	20.024488	ulica
Бечеј	18	МЗ "ПОЉАНИЦА"	Бечеј, ПОТЕС ПОЉАНИЦА ББ	Бечеј	ПОТЕС ПОЉАНИЦА ББ	45.722291	19.913419	ulica
Бечеј	19	ДОМ "ФЕКЕТЕ МАЋАШ"	Бечеј, ХОВЕ ФРИЂЕША БР. 82	Бечеј	ХОВЕ ФРИЂЕША БР. 82	45.619021	20.024488	ulica
Бечеј	20	ОШ "КАРОЉ ТАН"	Бечеј, ТРГ БРАТСТВА - ЈЕДИНСТВА БР. 2	Бечеј	ТРГ БРАТСТВА - ЈЕДИНСТВА БР. 2	45.628327	20.029625	objekat
Бечеј	21	ПРЕДШКОЛСКА УСТАНОВА "ЛАБУД ПЕЈОВИЋ"	Бечеј, ТРГ БРАТСТВА - ЈЕДИНСТВА БР. 19	Бечеј	ТРГ БРАТСТВА - ЈЕДИНСТВА БР. 19	45.628040	20.029521	objekat
Бечеј	22	БРАТСТВО ЈЕДИНСТВО III МЗ	Бечеј, ТРГ БРАТСТВА - ЈЕДИНСТВА БР. 16	Бечеј	ТРГ БРАТСТВА - ЈЕДИНСТВА БР. 16	45.628758	20.027437	objekat
Бечеј	23	ОШ "КАРОЉ ТАН"	Бечеј, ТРГ БРАТСТВА - ЈЕДИНСТВА БР. 2	Бечеј	ТРГ БРАТСТВА - ЈЕДИНСТВА БР. 2	45.628327	20.029625	objekat
Бечеј	24	ПРОСТОРИЈЕ ГЕРОНТОЛОШКОГ ЦЕНТРА	Бечеј, ЈОЖЕФ АТИЛЕ БР. 44а	Бечеј	ЈОЖЕФ АТИЛЕ БР. 44а	45.632545	20.024851	objekat
Бечеј	25	ВЕТЕРИНАРСКА СТАНИЦА БАЧКО ГРАДИШТЕ	Бачко Градиште, МИЛОРАДА РУСА БР. 1	Бачко Градиште	МИЛОРАДА РУСА БР. 1	45.537533	20.034525	objekat
Бечеј	26	ОШ "СВЕТОЗАР МАРКОВИЋ"	Бачко Градиште, ШКОЛСКА БР. 33	Бачко Градиште	ШКОЛСКА БР. 33	45.533263	20.029182	objekat
Бечеј	27	МЗ "БАЧКО ГРАДИШТЕ"	Бачко Градиште, ГЛАВНА БР. 35	Бачко Градиште	ГЛАВНА БР. 35	45.534254	20.028058	objekat
Бечеј	28	КЛУБ "СТЕВАН ДЕЈАНОВ"	Бачко Градиште, БОРИСА КИДРИЧА БР. 14	Бачко Градиште	БОРИСА КИДРИЧА БР. 14	45.533367	20.016108	ulica
Бечеј	29	КЛУБ "КЕНДЕРЕШИ ГЕРГЕЉ"	Бачко Градиште, 22. ОКТОБРА БР. 47Б	Бачко Градиште	22. ОКТОБРА БР. 47Б	45.523750	20.033706	objekat
Бечеј	30	ПРЕДШКОЛСКА УСТАНОВА ПАТРИЈАРХА ВИЋЕНТИЈА	Бачко Петрово Село, ПРОДАНОВА БР. 58	Бачко Петрово Село	ПРОДАНОВА БР. 58	45.696618	20.083098	objekat
Бечеј	31	ПРЕДШКОЛСКА УСТАНОВА	Бачко Петрово Село, ДОЖА ЂЕРЂА БР. 17	Бачко Петрово Село	ДОЖА ЂЕРЂА БР. 17	45.706872	20.086796	objekat
Бечеј	32	ГИРОС ПЕЦЕЛО	Бачко Петрово Село, ДР. ИМРЕА КИША БР. 107	Бачко Петрово Село	ДР. ИМРЕА КИША БР. 107	45.707520	20.073877	objekat
Бечеј	33	ПРЕДШКОЛСКА УСТАНОВА	Бачко Петрово Село, ЈОЖЕФ АТИЛЕ БР. 35	Бачко Петрово Село	ЈОЖЕФ АТИЛЕ БР. 35	45.703822	20.082811	objekat
Бечеј	34	ПРЕДШКОЛСКА УСТАНОВА	Бачко Петрово Село, ТАНЧИЋ МИХАЉА БР. 2	Бачко Петрово Село	ТАНЧИЋ МИХАЉА БР. 2	45.713887	20.067493	objekat
Бечеј	35	ВИЛА НЕГРА	Бачко Петрово Село, ДР. ИМРЕА КИША БР. 138	Бачко Петрово Село	ДР. ИМРЕА КИША БР. 138	45.709500	20.068330	objekat
Бечеј	36	ДОМ КУЛТУРЕ	Милешево, 12. ОКТОБАРА БР. 3	Милешево	12. ОКТОБАРА БР. 3	45.733873	19.820393	naselje
Бечеј	37	ДОМ КУЛТУРЕ ДРЉАН	Милешево, ЈОЖЕФ АТИЛЕ БР. 13	Милешево	ЈОЖЕФ АТИЛЕ БР. 13	45.715037	19.823956	objekat
Бечеј	38	ДОМ КУЛТУРЕ РАДИЧЕВИЋ	РадичевиЋ, ВЕЉКА ВЛАХОВИЋА БР. 2	РадичевиЋ	ВЕЉКА ВЛАХОВИЋА БР. 2	45.586041	19.918735	objekat
Блаце	1	ОСНОВНА ШКОЛА "СТОЈАН НОВАКОВИЋ"	Блаце	Блаце		43.295516	21.286597	naselje
Блаце	2	ЗГРАДА ОПШТИНЕ БЛАЦЕ	Блаце	Блаце		43.295516	21.286597	naselje
Блаце	3	КУЛТУРНИ ЦЕНТАР "РАДЕ ДРАИНАЦ"	Блаце	Блаце		43.295516	21.286597	naselje
Блаце	4	ЦЕНТАР ЗА СОЦИЈАЛНИ РАД	Блаце	Блаце		43.295516	21.286597	naselje
Блаце	5	ОСНОВНА ШКОЛА	Ђуревац	Ђуревац		43.292778	21.251944	naselje
Блаце	6	ОСНОВНА ШКОЛА	Попова	Попова		43.333352	21.269106	naselje
Блаце	7	ОСНОВНА ШКОЛА	Врбовац	Врбовац		43.313943	21.290139	ulica
Блаце	8	ОСНОВНА ШКОЛА	Стубал	Стубал		43.279515	21.295398	ulica
Блаце	9	ОСНОВНА ШКОЛА	Трбуње	Трбуње		43.287577	21.269368	ulica
Блаце	10	ОСНОВНА ШКОЛА	Кашевар	Кашевар		43.269077	21.241796	ulica
Блаце	11	ЗГРАДА НЕДЕЉКОВИЋ СНЕЖАНЕ	Кутловац	Кутловац		43.247778	21.240278	naselje
Блаце	12	ОСНОВНА ШКОЛА	Барбатовац	Барбатовац		43.228056	21.258889	naselje
Блаце	13	ОСНОВНА ШКОЛА	Рашица	Рашица		43.279549	21.197633	naselje
Блаце	14	МЕСНА КАНЦЕЛАРИЈА	Горње Гргуре	Горње Гргуре		43.242521	21.211081	ulica
Блаце	15	ОСНОВНА ШКОЛА	Чунгула	Чунгула		43.245660	21.308570	naselje
Блаце	16	ОСНОВНА ШКОЛА	Суви До	Суви До		43.258286	21.332693	naselje
Блаце	17	ОСНОВНА ШКОЛА	Међухана	Међухана		43.311961	21.333746	naselje
Блаце	18	ЗГРАДА МИЛОСАВЉЕВИЋ МИЛЕНА	Алабана	Алабана		43.294091	21.347310	naselje
Блаце	19	ОСНОВНА ШКОЛА	Придворица	Придворица		43.339181	21.328480	naselje
Блаце	20	МЕСНА КАНЦЕЛАРИЈА	Претрешња	Претрешња		43.343777	21.350112	naselje
Блаце	21	ОСНОВНА ШКОЛА	Горња Јошаница	Горња Јошаница		43.344907	21.365001	naselje
Блаце	22	ОСНОВНА ШКОЛА	Криваја	Криваја		43.285995	21.335366	naselje
Блаце	23	ОСНОВНА ШКОЛА	Мала Драгуша	Мала Драгуша		43.270637	21.347368	ulica
Блаце	24	ДОМ КУЛТУРЕ	Претежана	Претежана		43.258131	21.357123	ulica
Блаце	25	ОСНОВНА ШКОЛА	Горња Драгуша	Горња Драгуша		43.279499	21.360277	naselje
Блаце	26	ОСНОВНА ШКОЛА	Горње Сварче	Горње Сварче		43.293155	21.376683	ulica
Блаце	27	КУЋА МИЛЕНКОВИЋ МИЛУТИНА	Пребреза	Пребреза		43.322992	21.249760	naselje
Блаце	28	КУЋА ПАВЛОВИЋ АНДРЕЈЕ	Џепница	Џепница		43.332855	21.228074	naselje
Блаце	29	ОСНОВНА ШКОЛА	Сибница	Сибница		43.304055	21.220112	naselje
Блаце	30	МЕСНА ЗАЈЕДНИЦА	Чучале	Чучале		43.324038	21.213301	naselje
Блаце	31	ОСНОВНА ШКОЛА	Лазаревац	Лазаревац		43.245075	21.361616	naselje
Богатић	1	Локал Јанка Јевтића	Бадовинци, ул. Девет Југовића бр. 95	Бадовинци	ул. Девет Југовића бр. 95	44.800505	19.373305	objekat
Богатић	2	ОШ "Вука Караџића" Бадовинци	Бадовинци, Карађорђева бр. 1	Бадовинци	Карађорђева бр. 1	44.786287	19.372784	objekat
Богатић	3	Месна заједница Сала за венчања	Бадовинци, Поп Тешина бр. 1	Бадовинци	Поп Тешина бр. 1	44.785678	19.371465	objekat
Богатић	4	ОШ "Вука Караџића" Бадовинци	Бадовинци, Карађорђева бр. 1	Бадовинци	Карађорђева бр. 1	44.786287	19.372784	objekat
Богатић	5	Локал власника Вере Росић	Бадовинци, Милоша Обилића бр. 56	Бадовинци	Милоша Обилића бр. 56	44.778762	19.379797	objekat
Богатић	6	Дом културе Баново Поље	Баново Поље, Глише Малетића бр. 2	Баново Поље	Глише Малетића бр. 2	44.903153	19.444028	objekat
Богатић	7	Основна школа Баново Поље	Баново Поље, ул. Милана Јоцковића бр.	Баново Поље	ул. Милана Јоцковића бр.	44.913307	19.446892	ulica
Богатић	8	Дом културе Белотић	Белотић, ул. Проте Смиљанића бр. 1	Белотић	ул. Проте Смиљанића бр. 1	44.817633	19.548067	objekat
Богатић	9	Основна школа Белотић	Белотић, ул. Стевана Немање бр. 2	Белотић	ул. Стевана Немање бр. 2	44.817967	19.548293	objekat
Богатић	10	Основна школа "Мике Митровић" Богатић	Богатић, ул. Војводе Степе бр. 4	Богатић	ул. Војводе Степе бр. 4	44.835583	19.480513	objekat
Богатић	11	Дом културе Богатић	Богатић, ул. Мике Витомировића бр. 4	Богатић	ул. Мике Витомировића бр. 4	44.833838	19.480862	objekat
Богатић	12	Локла власника Драгана Дрмановића	Богатић, ул. Свето Поље бр. 115	Богатић	ул. Свето Поље бр. 115	44.840827	19.497192	objekat
Богатић	13	Локал власника Ненада Берића	Богатић, ул. Народног фронта бр. 48	Богатић	ул. Народног фронта бр. 48	44.845427	19.482772	objekat
Богатић	14	Ветеринарска станице Богатић	Богатић, ул. Бранка Ђонлића бр. 27	Богатић	ул. Бранка Ђонлића бр. 27	44.834302	19.479521	naselje
Богатић	15	Клуб пензионера бифе	Богатић, ул. Мике Миторвића бр. 4	Богатић	ул. Мике Миторвића бр. 4	44.834302	19.479521	naselje
Богатић	16	Основна школа Глоговац	Глоговац, ул. Јанка Веселиновића бр. 21	Глоговац	ул. Јанка Веселиновића бр. 21	44.859540	19.414882	ulica
Богатић	17	Дом културе Глушци	Глушци, ул. Светомира Алимпића бр. 1	Глушци	ул. Светомира Алимпића бр. 1	44.889660	19.548652	objekat
Богатић	18	Основна школа "Цветин Бркић" Глушци	Глушци, ул. Светомира Алимпића бр. 3	Глушци	ул. Светомира Алимпића бр. 3	44.889370	19.548245	objekat
Богатић	19	Дом културе Дубље бифе	Дубље, ул. Катице Чачић бр. 2	Дубље	ул. Катице Чачић бр. 2	44.800351	19.508106	objekat
Богатић	20	Месна заједница Дубље сала за венчања	Дубље, ул. Катице Чачић бр. 2А	Дубље	ул. Катице Чачић бр. 2А	44.786155	19.517119	ulica
Богатић	21	Локал власника Марка Ерцеговичевића	Дубље, ул. Кнеза Милоша бр. 114	Дубље	ул. Кнеза Милоша бр. 114	44.788230	19.500129	objekat
Богатић	22	Основна школа Клење	Клење, ул. Св. Саве бр. 4	Клење	ул. Св. Саве бр. 4	44.807222	19.434444	naselje
Богатић	23	Основна школа Клење	Клење, ул. Св. Саве бр. 4	Клење	ул. Св. Саве бр. 4	44.807222	19.434444	naselje
Богатић	24	Основна школа Клење	Клење, ул. Св. Саве бр. 4	Клење	ул. Св. Саве бр. 4	44.807222	19.434444	naselje
Богатић	25	Основна школа Метковић	Метковић, Краља Петра бр. 2	Метковић	Краља Петра бр. 2	44.855118	19.546491	objekat
Богатић	26	Дом културе Очаге	Очаге, УЛ. Михајла Јокића бр. 42	Очаге	УЛ. Михајла Јокића бр. 42	44.753611	19.411667	naselje
Богатић	27	Основна школа Салаш Црнобарски	Салаш Црнобарски, ул. Јанка Веселиновића бр. 4	Салаш Црнобарски	ул. Јанка Веселиновића бр. 4	44.825776	19.392657	objekat
Богатић	28	Основна школа Совљак	Совљак, ул. Иве Лоле Рибара бр. 10	Совљак	ул. Иве Лоле Рибара бр. 10	44.864203	19.432179	objekat
Богатић	29	Основна школа Узвеће	Узвеће, Драгомира Танасића бр. 1	Узвеће	Драгомира Танасића бр. 1	44.901254	19.639630	objekat
Богатић	30	Основна школа Црна Бара	Црна Бара, ул. Миодрага Петровића Ујке бр. 54	Црна Бара	ул. Миодрага Петровића Ујке бр. 54	44.871187	19.394069	objekat
Богатић	31	Дом културе Црна Бара бифе	Црна Бара, ул. Миодрага Петровића Ујке бр. 1	Црна Бара	ул. Миодрага Петровића Ујке бр. 1	44.876209	19.396271	objekat
Бојник	1	ОШ "СТАНИМИР ВЕЉКОВИЋ-ЗЕЛЕ"	Бојник, ТРГ СЛОБОДЕ БР. 1	Бојник	ТРГ СЛОБОДЕ БР. 1	43.012671	21.719924	objekat
Бојник	2	ШКОЛСКА КУХИЊА	Бојник, ТРГ СЛОБОДЕ БР. 1	Бојник	ТРГ СЛОБОДЕ БР. 1	43.012671	21.719924	objekat
Бојник	3	СПОРТСКА ХАЛА БОЈНИК (БОЧНИ УЛАЗ)	Бојник, ВУКА КАРАЏИЋА БР. 4	Бојник	ВУКА КАРАЏИЋА БР. 4	43.014657	21.721984	objekat
Бојник	4	ПРОСТОРИЈА БИВШЕГ ДП "МЛИНПЕК" БОЈНИК	Бојник, ЂУКЕ ДИНИЋ БР. 2	Бојник	ЂУКЕ ДИНИЋ БР. 2	43.016080	21.723908	objekat
Бојник	5	МЕСНА ЗАЈЕДНИЦА	Драговац, ВЛАЈКА КОСТИЋА БР. 14	Драговац	ВЛАЈКА КОСТИЋА БР. 14	43.009509	21.725269	objekat
Бојник	6	ОШ "СТАНИМИР ВЕЉКОВИЋ-ЗЕЛЕ"	Придворица, ЂАЧКА БР. 44	Придворица	ЂАЧКА БР. 44	43.003908	21.745520	objekat
Бојник	7	ОШ "СТАНИМИР ВЕЉКОВИЋ-ЗЕЛЕ"	Придворица, ЂАЧКА БР. 44	Придворица	ЂАЧКА БР. 44	43.003908	21.745520	objekat
Бојник	8	ОШ "СТАНИМИР ВЕЉКОВИЋ-ЗЕЛЕ"	Ђинђуша, ЈАБЛАНИЧКА БР. 130	Ђинђуша	ЈАБЛАНИЧКА БР. 130	43.006846	21.787470	objekat
Бојник	9	ОШ "СТАНИМИР ВЕЉКОВИЋ-ЗЕЛЕ"	Лапотинце, ЦАРА ДУШАНА БР. 30	Лапотинце	ЦАРА ДУШАНА БР. 30	43.022634	21.785705	objekat
Бојник	10	ОШ "СТОЈАН ЉУБИЋ"	Стубла, ПАУНОВСКА БР. 2	Стубла	ПАУНОВСКА БР. 2	43.070180	21.794134	objekat
Бојник	11	ОШ "СТОЈАН ЉУБИЋ"	Горње Бријање, БОЈАНА ПАВЛОВИЋА БР. 15	Горње Бријање	БОЈАНА ПАВЛОВИЋА БР. 15	43.097446	21.799022	objekat
Бојник	12	ОШ "СТОЈАН ЉУБИЋ"	Кацабаћ, ВОЈЕ МЕДЕНИЦЕ БР. 1	Кацабаћ	ВОЈЕ МЕДЕНИЦЕ БР. 1	43.058170	21.778189	objekat
Бојник	13	ПРОСТОРИЈА ИЛИЋ СТОЈАНА	Граница, ЛУКЕ СТОЈАНОВИЋА БР. 2	Граница	ЛУКЕ СТОЈАНОВИЋА БР. 2	43.070923	21.711127	objekat
Бојник	14	ОШ "СТАНИМИР ВЕЉКОВИЋ-ЗЕЛЕ"	Плавце, ОМЛАДИНСКА БР. 35	Плавце	ОМЛАДИНСКА БР. 35	43.049054	21.745554	objekat
Бојник	15	ОШ "СТАНИМИР ВЕЉКОВИЋ-ЗЕЛЕ"	Црквице, ДРАГОСЛАВА АВРАМОВИЋА БР. 15	Црквице	ДРАГОСЛАВА АВРАМОВИЋА БР. 15			nije_nadjeno
Бојник	16	МЕСНА ЗАЈЕДНИЦА	Косанчић, МАРШАЛА ТИТА БР. 22	Косанчић	МАРШАЛА ТИТА БР. 22	43.089104	21.780783	objekat
Бојник	17	ОШ "СТАНИМИР ВЕЉКОВИЋ-ЗЕЛЕ"	Доње Коњувце, СВЕТОГ САВЕ БР. 7	Доње Коњувце	СВЕТОГ САВЕ БР. 7	43.038919	21.686129	objekat
Бојник	18	АМБУЛАНТА ДОМА ЗДРАВЉА	Горње Коњувце, БОШКА КРСТИЋА БР. 126	Горње Коњувце	БОШКА КРСТИЋА БР. 126	43.051518	21.683568	objekat
Бојник	19	ОШ "КАМЕНИЦА"	Каменица, ЖИВКА МОМЧИЛОВИЋА БР. 1	Каменица	ЖИВКА МОМЧИЛОВИЋА БР. 1	42.993997	21.692094	objekat
Бојник	20	АМБУЛАНТА ДОМА ЗДРАВЉА	Оране, РАДАНСКА БР. 10	Оране	РАДАНСКА БР. 10	42.993443	21.610395	objekat
Бојник	21	ОСНОВНА ШКОЛА	Брестовац, АДАМА ДИМИТРИЈЕВИЋА БР. 14	Брестовац	АДАМА ДИМИТРИЈЕВИЋА БР. 14	43.040032	21.635014	naselje
Бојник	22	ОСНОВНА ШКОЛА	Магаш, РАДАНСКА БР. 8	Магаш	РАДАНСКА БР. 8	43.025687	21.571151	objekat
Бојник	23	ОШ "СТОЈАН ЉУБИЋ"	Славник, НИКОЛЕ ТЕСЛЕ БР. 63	Славник	НИКОЛЕ ТЕСЛЕ БР. 63	43.026242	21.651204	objekat
Бојник	24	ОСНОВНА ШКОЛА	Мрвеш, ДУШКА РАДОВИЋА БР. 79	Мрвеш	ДУШКА РАДОВИЋА БР. 79	42.978019	21.718353	objekat
Бољевац	1	ДОМ КУЛТУРЕ	Бачевица, БАЧЕВИЦА	Бачевица	БАЧЕВИЦА	43.789506	22.083748	naselje
Бољевац	2	ДОМ КУЛТУРЕ	Боговина, БОГОВИНА БР. 1	Боговина	БОГОВИНА БР. 1	43.893749	21.944122	objekat
Бољевац	3	ДОМ КУЛТУРЕ "ФАЦА ВАЈЕЉЕ"	Боговина, БОГОВИНА БР. 2	Боговина	БОГОВИНА БР. 2	43.893561	21.944662	objekat
Бољевац	4	ОСНОВНА ШКОЛА	Боговина, БОГОВИНА БР. 3	Боговина	БОГОВИНА БР. 3	43.903869	21.950885	ulica
Бољевац	5	ОПШТИНСКИ СУД	Бољевац, СОЛУНСКИХ БОРАЦА БР. 1	Бољевац	СОЛУНСКИХ БОРАЦА БР. 1	43.829722	21.962116	objekat
Бољевац	6	КЛУБ ПЕНЗИОНЕРА	Бољевац, КРАЉА АЛЕКСАНДРА БР. 7	Бољевац	КРАЉА АЛЕКСАНДРА БР. 7	43.830372	21.960256	objekat
Бољевац	7	ОШ "9. СРПСКА БРИГАДА"	Бољевац, КНЕЗА МИЛОША БР. 11	Бољевац	КНЕЗА МИЛОША БР. 11	43.829570	21.959160	objekat
Бољевац	8	ОШ "9. СРПСКА БРИГАДА"	Бољевац, КНЕЗА МИЛОША БР. 11	Бољевац	КНЕЗА МИЛОША БР. 11	43.829570	21.959160	objekat
Бољевац	9	ШУМСКА УПРАВА	Бољевац, ДРАГИШЕ ПЕТРОВИЋА БР. 31	Бољевац	ДРАГИШЕ ПЕТРОВИЋА БР. 31	43.829237	21.952425	objekat
Бољевац	10	ДОМ КУЛТУРЕ	Бољевац село, БОЉЕВАЦ СЕЛО	Бољевац село	БОЉЕВАЦ СЕЛО	43.826279	21.969203	naselje
Бољевац	11	ДОМ КУЛТУРЕ	Врбовац, ВРБОВАЦ	Врбовац	ВРБОВАЦ	43.812145	22.094415	naselje
Бољевац	12	ДОМ КУЛТУРЕ	Добро Поље, ДОБРО ПОЉЕ	Добро Поље	ДОБРО ПОЉЕ	43.772347	22.028501	naselje
Бољевац	13	ЛОВАЧКИ КЛУБ	Добрујевац, ДОБРУЈЕВАЦ	Добрујевац	ДОБРУЈЕВАЦ	43.809140	21.986827	naselje
Бољевац	14	ДОМ КУЛТУРЕ	Илино, ИЛИНО	Илино	ИЛИНО	43.796842	21.948156	objekat
Бољевац	15	ДОМ КУЛТУРЕ	Јабланица, ЈАБЛАНИЦА	Јабланица	ЈАБЛАНИЦА	43.835137	21.866557	naselje
Бољевац	16	ДОМ КУЛТУРЕ	Криви Вир, КРИВИ ВИР	Криви Вир	КРИВИ ВИР	43.822591	21.748870	objekat
Бољевац	17	МЕСНА ЗАЈЕДНИЦА	Луково, ЛУКОВО БР. 1	Луково	ЛУКОВО БР. 1	43.803425	21.844230	objekat
Бољевац	18	ДОМ КУЛТУРЕ	Луково, ЛУКОВО БР. 2	Луково	ЛУКОВО БР. 2	43.803425	21.844230	objekat
Бољевац	19	ДОМ КУЛТУРЕ	Мали Извор, МАЛИ ИЗВОР	Мали Извор	МАЛИ ИЗВОР	43.846492	21.921054	naselje
Бољевац	20	ОМЛАДИНСКИ КЛУБ	Мирово, МИРОВО	Мирово	МИРОВО	43.802366	21.897148	drugo:railway
Бољевац	21	МЕСНА ЗАЈЕДНИЦА	Ртањ, РТАЊ	Ртањ	РТАЊ	43.775500	21.889841	drugo:natural
Бољевац	22	ДОМ КУЛТУРЕ	Рујиште, РУЈИШТЕ	Рујиште	РУЈИШТЕ	43.744405	21.956396	naselje
Бољевац	23	ОСНОВНА ШКОЛА	Савинац, САВИНАЦ	Савинац	САВИНАЦ	43.902379	22.035039	objekat
Бољевац	24	ОСНОВНА ШКОЛА	Сумраковац, СУМРАКОВАЦ	Сумраковац	СУМРАКОВАЦ	43.938277	22.031407	objekat
Бољевац	25	ОСНОВНА ШКОЛА	Оснић, ОСНИЋ БР. 1	Оснић	ОСНИЋ БР. 1	43.853966	22.071920	objekat
Бољевац	26	ДОМ КУЛТУРЕ	Оснић, ОСНИЋ БР. 2	Оснић	ОСНИЋ БР. 2	43.853966	22.071920	objekat
Бољевац	27	МЕСНА ЗАЈЕДНИЦА	Оснић, ОСНИЋ БР. 3	Оснић	ОСНИЋ БР. 3	43.853966	22.071920	objekat
Бољевац	28	ОШ "БУКОВО"	Оснић, ОСНИЋ БР. 4	Оснић	ОСНИЋ БР. 4	43.853966	22.071920	objekat
Бољевац	29	ОСНОВНА ШКОЛА	Подгорац, ПОДГОРАЦ БР. 1	Подгорац	ПОДГОРАЦ БР. 1	43.945154	21.950017	objekat
Бољевац	30	ЂАЧКА КУХИЊА	Подгорац, ПОДГОРАЦ БР. 2	Подгорац	ПОДГОРАЦ БР. 2	43.945154	21.950017	objekat
Бољевац	31	ДОМ КУЛТУРЕ „ТИМОК"	Подгорац, ПОДГОРАЦ БР. 3	Подгорац	ПОДГОРАЦ БР. 3	43.945154	21.950017	objekat
Бољевац	32	ОСНОВНА ШКОЛА	Подгорац, ПОДГОРАЦ БР. 4	Подгорац	ПОДГОРАЦ БР. 4	43.945154	21.950017	objekat
Бољевац	33	ОСНОВНА ШКОЛА	Подгорац, ПОДГОРАЦ БР. 5	Подгорац	ПОДГОРАЦ БР. 5	43.945154	21.950017	objekat
Бољевац	34	ОСНОВНА ШКОЛА	Валакоње Буково, ВАЛАКОЊЕ БР. 1	Валакоње Буково	ВАЛАКОЊЕ БР. 1	43.847922	22.027488	naselje
Бољевац	35	ОСНОВНА ШКОЛА	Валакоње, ВАЛАКОЊЕ БР. 2	Валакоње	ВАЛАКОЊЕ БР. 2	43.847922	22.027488	naselje
Бољевац	36	МЕСНА ЗАЈЕДНИЦА	Валакоње, ВАЛАКОЊЕ БР. 3	Валакоње	ВАЛАКОЊЕ БР. 3	43.847922	22.027488	naselje
Бољевац	37	МИЛОШЕВ ДВОР	Валакоње, ВАЛАКОЊЕ БР. 4	Валакоње	ВАЛАКОЊЕ БР. 4	43.847922	22.027488	naselje
Бор	1	МЗ "БРЕЗОНИК"	Бор, Козарачка бр. 3А	Бор	Козарачка бр. 3А	44.305762	22.234782	naselje
Бор	2	Центар за социјални рад	Бор, Војске Југославије бр. 11	Бор	Војске Југославије бр. 11	44.305762	22.234782	naselje
Бор	3	Технички факултет Рударски одсек	Бор, Војске Југославије бр. 15	Бор	Војске Југославије бр. 15	44.305762	22.234782	naselje
Бор	4	МЗ "Стари центар"	Бор, Boжина Јовановића бр. 3 (бивша Кестенова)	Бор	Boжина Јовановића бр. 3 (бивша Кестенова)	44.305762	22.234782	naselje
Бор	5	МЗ "Стари центар"	Бор, Boжина Јовановића бр. 3 (бивша Кестенова)	Бор	Boжина Јовановића бр. 3 (бивша Кестенова)	44.305762	22.234782	naselje
Бор	6	ОШ "Вук Караџић"	Бор, Моше Пијаде бр. 6	Бор	Моше Пијаде бр. 6	44.305762	22.234782	naselje
Бор	7	МЗ "Старо Селиште"	Бор, Албанске споменице бр. 13	Бор	Албанске споменице бр. 13	44.462723	22.152970	ulica
Бор	8	Пословне просторије	Бор, Филипа Филиповића бр. 6	Бор	Филипа Филиповића бр. 6	44.305762	22.234782	naselje
Бор	9	МЗ "Ново Селиште"	Бор, Његошева бр. 5А	Бор	Његошева бр. 5А	44.471500	22.110326	ulica
Бор	10	МЗ "Ново Селиште"	Бор, Његошева бр. 5А	Бор	Његошева бр. 5А	44.471500	22.110326	ulica
Бор	11	ОШ "Бранко Радичевић"	Бор, Моше Пијаде бр. 31	Бор	Моше Пијаде бр. 31	44.305762	22.234782	naselje
Бор	12	ОШ "Бранко Радичевић"	Бор, Моше Пијаде бр. 31	Бор	Моше Пијаде бр. 31	44.305762	22.234782	naselje
Бор	13	МЗ "Рудар"	Бор, Моше Пијаде бр. 74	Бор	Моше Пијаде бр. 74	44.305762	22.234782	naselje
Бор	14	Клуб пензионера	Бор, Моше Пијаде бр. 96	Бор	Моше Пијаде бр. 96	44.305762	22.234782	naselje
Бор	15	ОШ "Душан Радовић"	Бор, Краља Петра Првог бр. 10	Бор	Краља Петра Првог бр. 10	44.466713	22.150946	objekat
Бор	16	МЗ "Бакар"	Бор, Моше Пијаде бр. 76А	Бор	Моше Пијаде бр. 76А	44.305762	22.234782	naselje
Бор	17	ОШ "Видовдан"	Бор, Моше Пијаде бр. 31	Бор	Моше Пијаде бр. 31	44.305762	22.234782	naselje
Бор	18	ОШ "Трећи октобар"	Бор, Трећи октобар бр. 71	Бор	Трећи октобар бр. 71	44.305762	22.234782	naselje
Бор	19	ОШ "Трећи октобар"	Бор, Трећи октобар бр. 71	Бор	Трећи октобар бр. 71	44.305762	22.234782	naselje
Бор	20	МЗ "Напредак"	Бор, Зајечарска бб	Бор	Зајечарска бб	44.305762	22.234782	naselje
Бор	21	Машинско електротехничка школа	Бор, Зелени булевар бр. 24	Бор	Зелени булевар бр. 24	44.305762	22.234782	naselje
Бор	22	Гимназија "Бора Станковић"	Бор, Зелени булевар бр. 26	Бор	Зелени булевар бр. 26	44.305762	22.234782	naselje
Бор	23	Школска радионица Машинско електротехничке школе	Бор, Зелени булевар бр. 22	Бор	Зелени булевар бр. 22	44.305762	22.234782	naselje
Бор	24	МЗ "Слога"	Бор, Ђорђа Симеоновића бр. 2	Бор	Ђорђа Симеоновића бр. 2	44.305762	22.234782	naselje
Бор	25	МЗ "Брестовачка Бања"	Бор, Војводе Радомира Путника бр. 4	Бор	Војводе Радомира Путника бр. 4	44.339749	22.058459	ulica
Бор	26	МЗ "Нови центар"	Бор, Добривоја Радосављевића Бобија бр. 15	Бор	Добривоја Радосављевића Бобија бр. 15	44.305762	22.234782	naselje
Бор	27	Пословни простор	Бор, Добривоја Радосављевића Бобија бр. 13	Бор	Добривоја Радосављевића Бобија бр. 13	44.305762	22.234782	naselje
Бор	28	МЗ "Металург"	Бор, Љубе Нешића бр. 23	Бор	Љубе Нешића бр. 23	44.305762	22.234782	naselje
Бор	29	ОШ "Петар Радовановић"	Злот	Злот				nije_nadjeno
Бор	30	МЗ "Злот"	Злот	Злот				nije_nadjeno
Бор	31	ОШ на "Кобили"	Злот	Злот				nije_nadjeno
Бор	32	ОШ на "Селишту"	Злот	Злот				nije_nadjeno
Бор	33	ОШ "Станоје Миљковић"	Шарбановац	Шарбановац				nije_nadjeno
Бор	34	ОШ на "Тимоку"	Шарбановац	Шарбановац				nije_nadjeno
Бор	35	Дом културе	Метовница	Метовница				nije_nadjeno
Бор	36	ОШ "Станоје Миљковић"	Брестовац	Брестовац				nije_nadjeno
Бор	37	ОШ "Станоје Миљковић"	Брестовац	Брестовац				nije_nadjeno
Бор	38	Дом културе	Слатина	Слатина		44.357333	21.843867	drugo:natural
Бор	39	Дом културе	Бучје	Бучје				nije_nadjeno
Бор	40	Дом културе	Доња Бела Река	Доња Бела Река				nije_nadjeno
Бор	41	Дом културе	Лука	Лука				nije_nadjeno
Бор	42	ОШ "Ђура Јакшић"	Кривељ	Кривељ				nije_nadjeno
Бор	43	Дом културе	Мали Кривељ	Мали Кривељ				nije_nadjeno
Бор	44	ОШ "Бранко Радичевић"	Оштрељ	Оштрељ				nije_nadjeno
Бор	45	Дом културе	Горњане	Горњане		44.243478	22.061786	naselje
Бор	46	ОШ у "Крушару"	Горњане	Горњане		44.243478	22.061786	naselje
Бор	47	Дом културе	Танда	Танда		44.228741	22.147039	naselje
Бор	48	Дечије одмаралиште	Бор, Реон Савача ул. Симе Јовановића 86А	Бор	Реон Савача ул. Симе Јовановића 86А	44.305762	22.234782	naselje
Босилеград	1	ОШ „ГЕОРГИ ДИМИТРОВ“	Босилеград, РИБАРА ББ	Босилеград	РИБАРА ББ	42.498335	22.471135	ulica
Босилеград	2	ДОМ ПЕНЗИОНЕРА	Босилеград, ЈОРДАН ЗАХАРИЈЕВ ББ	Босилеград	ЈОРДАН ЗАХАРИЈЕВ ББ	42.493795	22.476525	ulica
Босилеград	3	ОШ „ГЕОРГИ ДИМИТРОВ“	Босилеград, ИВЕ ЛОЛЕ РИБАРА ББ	Босилеград	ИВЕ ЛОЛЕ РИБАРА ББ	42.498335	22.471135	ulica
Босилеград	4	ОШ „ГЕОРГИ ДИМИТРОВ“	Босилеград, ИВЕ ЛОЛЕ РИБАРА ББ	Босилеград	ИВЕ ЛОЛЕ РИБАРА ББ	42.498335	22.471135	ulica
Босилеград	5	ОСНОВНА ШКОЛА	Паралово	Паралово		42.484564	22.442120	naselje
Босилеград	6	МЕСНА ЗАЈЕДНИЦА	Рајчиловци	Рајчиловци		42.486389	22.473889	naselje
Босилеград	7	ОСНОВНА ШКОЛА	Рајчиловци	Рајчиловци		42.486389	22.473889	naselje
Босилеград	8	ОСНОВНА ШКОЛА	Гложје	Гложје		42.511105	22.397390	naselje
Босилеград	9	ОСНОВНА ШКОЛА	Горња Лисина	Горња Лисина		42.557778	22.363333	naselje
Босилеград	10	ОСНОВНА ШКОЛА	Горње Тламино	Горње Тламино		42.360475	22.399309	naselje
Босилеград	11	ОСНОВНА ШКОЛА	Дукат	Дукат		42.436746	22.311046	naselje
Босилеград	12	ОСНОВНА ШКОЛА	Доња Љубата	Доња Љубата		42.498570	22.343854	naselje
Босилеград	13	ОСНОВНА ШКОЛА	Доња Лисина	Доња Лисина		42.541654	22.408479	naselje
Босилеград	14	ОСНОВНА ШКОЛА	Доње Тламино	Доње Тламино		42.360000	22.425833	naselje
Босилеград	15	ОСНОВНА ШКОЛА	Грујинци	Грујинци		42.545573	22.482236	naselje
Босилеград	16	ОСНОВНА ШКОЛА	Милевци	Милевци		42.537778	22.460833	naselje
Босилеград	17	ОСНОВНА ШКОЛА	Црноштица	Црноштица		42.458607	22.367863	naselje
Босилеград	18	ОСНОВНА ШКОЛА	Извор	Извор		42.515502	22.513165	naselje
Босилеград	19	ОСНОВНА ШКОЛА	Радичевци	Радичевци		42.467500	22.482778	naselje
Босилеград	20	ОСНОВНА ШКОЛА	Млекоминци	Млекоминци		42.449728	22.502033	naselje
Босилеград	21	ОСНОВНА ШКОЛА	Горња Ржана	Горња Ржана		42.577778	22.277500	naselje
Босилеград	22	ОСНОВНА ШКОЛА	Мусуљ	Мусуљ		42.516944	22.257778	naselje
Босилеград	23	ОСНОВНА ШКОЛА	Плоча	Плоча		42.555869	22.276597	naselje
Босилеград	24	ОСНОВНА ШКОЛА	Горња Љубата	Горња Љубата		42.501011	22.294514	naselje
Босилеград	25	ОСНОВНА ШКОЛА	Горња Љубата	Горња Љубата		42.501011	22.294514	naselje
Босилеград	26	ОСНОВНА ШКОЛА	Бранковци	Бранковци		42.414395	22.486585	naselje
Босилеград	27	ОСНОВНА ШКОЛА	Зли Дол	Зли Дол		42.431036	22.430484	naselje
Босилеград	28	ОСНОВНА ШКОЛА	Бистар	Бистар		42.374444	22.439444	naselje
Босилеград	29	ОСНОВНА ШКОЛА	Рикачево	Рикачево		42.401524	22.445778	naselje
Босилеград	30	ОСНОВНА ШКОЛА	Назарица	Назарица		42.405997	22.360315	naselje
Босилеград	31	ОСНОВНА ШКОЛА	Караманица	Караманица		42.348154	22.342450	naselje
Брус	1	Основна школа Блажево	Блажево	Блажево		43.234841	20.910952	naselje
Брус	2	Основна школа Ђерекаре	Ђерекаре	Ђерекаре		43.255342	20.909563	naselje
Брус	3	Основна школа Брзеће	Брзеће	Брзеће		43.301145	20.885375	naselje
Брус	4	Основна школа Влајковци	Влајковци	Влајковци		43.337236	20.952286	naselje
Брус	5	Основна школа Грашевци	Грашевци	Грашевци		43.362051	20.991313	naselje
Брус	6	Основна школа Брус	Брус, Братиславе Петровић бр. 71	Брус	Братиславе Петровић бр. 71	43.382522	21.025789	objekat
Брус	7	Центaр за културу Брус	Брус, Братиславе Петровић бр. 15	Брус	Братиславе Петровић бр. 15	43.383189	21.032484	objekat
Брус	8	ЈКП "Расина" Брус	Брус, Краља Петра Првог бб	Брус	Краља Петра Првог бб	43.387302	21.024925	ulica
Брус	9	Шумска управа Брус	Брус, Јосипа Панчића бр. 2	Брус	Јосипа Панчића бр. 2	43.384347	21.031389	naselje
Брус	10	Спортски центар	Брус, Краља Петра Првог бр. 148	Брус	Краља Петра Првог бр. 148	43.386462	21.028521	objekat
Брус	11	Индустријски центар "Савић"	Брус, 8. марта бр. 1	Брус	8. марта бр. 1	43.381738	21.042094	objekat
Брус	12	Основна школа Велика Грабовница	Велика Грабовница	Велика Грабовница		43.398189	20.997512	naselje
Брус	13	Предузеће за путеве Кобиље	Кобиље	Кобиље		43.406565	21.031893	naselje
Брус	14	Нова основна школа Милентија	Милентија	Милентија		43.435054	20.994127	naselje
Брус	15	Основна школа Осредци	Осредци	Осредци				nije_nadjeno
Брус	16	Основна школа Крива Река	Крива Река	Крива Река		43.395285	20.875627	naselje
Брус	17	Омладински дом Лепенац	Лепенац	Лепенац		43.348585	21.084035	naselje
Брус	18	Основна школа Ботуња	Ботуња	Ботуња		43.423188	21.050175	naselje
Брус	19	Основна школа Мала Врбница	Мала Врбница	Мала Врбница		43.411740	21.053951	naselje
Брус	20	Основна школа Игрош	Игрош	Игрош		43.376755	21.095493	naselje
Брус	21	Основна школа Стројинци	Стројинци	Стројинци		43.365513	21.114333	naselje
Брус	22	Нови дом културе Дупци	Дупци	Дупци		43.343960	21.140460	naselje
Брус	23	Основна школа Жуње	Жуње	Жуње		43.315011	21.153971	naselje
Брус	24	Основна школа Разбојна	Разбојна	Разбојна		43.344683	21.166288	naselje
Брус	25	Основна школа Златари	Златари	Златари		43.387746	21.158686	naselje
Брус	26	Основна школа Богише	Богише	Богише		43.378310	21.190728	naselje
Брус	27	Основна школа Батоте	Батоте	Батоте		43.286281	21.086358	naselje
Брус	28	Сеоски дом Тршановци	Тршановци	Тршановци		43.370081	21.057307	naselje
Бујановац	1	ОШ "МУХАРЕМ КАДРИУ" - ХОЛ	Велики Трновац	Велики Трновац		42.469514	21.752937	ulica
Бујановац	2	ОШ "МУХАРЕМ КАДРИУ" - УЧИОНИЦА	Велики Трновац	Велики Трновац		42.469514	21.752937	ulica
Бујановац	3	МК ДЕЧЈИ ВРТИЋ - ХОЛ	Велики Трновац	Велики Трновац		42.469514	21.752937	ulica
Бујановац	4	ЛОКАЛ ХАЛИМИ ИСМАИЛ ХАКИ	Велики Трновац	Велики Трновац		42.469514	21.752937	ulica
Бујановац	5	ОШ "МУХАРЕМ КАДРИУ" - ХОЛ	Велики Трновац	Велики Трновац		42.469514	21.752937	ulica
Бујановац	6	ОШ "МУХАРЕМ КАДРИУ" - УЧИОНИЦА	Велики Трновац	Велики Трновац		42.469514	21.752937	ulica
Бујановац	7	ОШ "САМИ ФРАШЕРИ"	Турија	Турија		42.457837	21.720584	naselje
Бујановац	8	ОШ "МУХАРЕМ КАДРИУ"	Мали Трновац	Мали Трновац		42.500099	21.705638	ulica
Бујановац	9	ОШ "МИЂЕНИ"	Брезница	Брезница		42.537612	21.716803	naselje
Бујановац	10	ОШ "САМИ ФРАШЕРИ"	Кончуљ	Кончуљ		42.474944	21.687382	naselje
Бујановац	11	ОШ "МИЂЕНИ"	Муховац	Муховац		42.569166	21.754045	naselje
Бујановац	12	ОШ "МИЂЕНИ"	Чар	Чар		42.593475	21.750535	naselje
Бујановац	13	АМБУЛАНТА	Зарбинце	Зарбинце		42.620474	21.795843	naselje
Бујановац	14	ОШ "АЛИ БЕКТАШИ"	Несалце	Несалце		42.419167	21.708611	naselje
Бујановац	15	ОШ "САМИ ФРАШЕРИ"	Лучане	Лучане		42.446035	21.705143	naselje
Бујановац	16	ОШ "САМИ ФРАШЕРИ"	Добросин	Добросин		42.449969	21.636212	naselje
Бујановац	17	ОШ "АЛИ БЕКТАШИ"	Летовица	Летовица		42.393079	21.692531	naselje
Бујановац	18	ОШ "ДЕСАНКА МАКСИМОВИЋ"	Биљача	Биљача		42.353682	21.741316	ulica
Бујановац	19	ОШ "ДЕСАНКА МАКСИМОВИЋ"	Самољица	Самољица		42.386406	21.735408	naselje
Бујановац	20	ПРОСТОРИЈЕ МЕСНЕ КАНЦЕЛАРИЈЕ	Биљача	Биљача		42.353682	21.741316	ulica
Бујановац	21	ЛОКАЛ ПЕШИЋ ЉУБИШЕ	Биљача	Биљача		42.353682	21.741316	ulica
Бујановац	22	ОШ "БРАНКО РАДИЧЕВИЋ"	Лопардинце	Лопардинце		42.495000	21.770833	naselje
Бујановац	23	ОШ "БРАНКО РАДИЧЕВИЋ"	Српска Кућа	Српска Кућа		42.472500	21.809722	naselje
Бујановац	24	ОШ "БРАНКО РАДИЧЕВИЋ"	Карадник	Карадник		42.486051	21.814521	naselje
Бујановац	25	ОШ "БРАНКО РАДИЧЕВИЋ"	Раковац	Раковац		42.471152	21.781749	ulica
Бујановац	26	ОШ "БРАНКО РАДИЧЕВИЋ"	Левосоје	Левосоје		42.436576	21.744079	naselje
Бујановац	27	ОШ "ВУК КАРАЏИЋ"	Осларе	Осларе		42.435586	21.725379	naselje
Бујановац	28	ДОМ КУЛТУРЕ	Божињевац	Божињевац		42.439445	21.760484	naselje
Бујановац	29	ОШ "ВУК КАРАЏИЋ"	Боровац	Боровац		42.407009	21.747652	naselje
Бујановац	30	ОШ "ДРАГОМИР ТРАЈКОВИЋ"	Љиљанце	Љиљанце		42.434912	21.812248	naselje
Бујановац	31	ЛОКАЛ МИТИЋ ЗАРИЈЕ	Жужељица	Жужељица		42.443606	21.790656	naselje
Бујановац	32	ОШ "ДРАГОМИР ТРАЈКОВИЋ"	Богдановац	Богдановац		42.410872	21.803191	naselje
Бујановац	33	ОШ "ДРАГОМИР ТРАЈКОВИЋ"	Жбевац	Жбевац		42.448442	21.835552	naselje
Бујановац	34	ОШ "ДРАГОМИР ТРАЈКОВИЋ"	Кршевица	Кршевица		42.443101	21.859591	naselje
Бујановац	35	ОШ "БОРА СТАНКОВИЋ"	Клиновац	Клиновац		42.419146	21.872190	naselje
Бујановац	36	ОШ "БОРА СТАНКОВИЋ"	Брњарре	Брњарре				nije_nadjeno
Бујановац	37	ОШ "БОРА СТАНКОВИЋ"	Кленике	Кленике		42.389722	21.888889	naselje
Бујановац	38	ОШ "БОРА СТАНКОВИЋ"	Трејак	Трејак		42.398183	21.856215	naselje
Бујановац	39	ОШ "БОРА СТАНКОВИЋ"	Куштица	Куштица		42.377304	21.865583	naselje
Бујановац	40	СЕОСКА ЗАДРУГА	Бараљевац	Бараљевац		42.379764	21.895559	naselje
Бујановац	41	ОШ "БОРА СТАНКОВИЋ"	Сејаце	Сејаце		42.375028	21.931477	naselje
Бујановац	42	ОШ "БОРА СТАНКОВИЋ"	Спанчевац	Спанчевац		42.362631	21.856187	naselje
Бујановац	43	ЗАДРУЖНИ ДОМ	Спанчевац	Спанчевац		42.362631	21.856187	naselje
Бујановац	44	ОШ "БОРА СТАНКОВИЋ"	Себрат	Себрат		42.354599	21.822169	naselje
Бујановац	45	ОШ "БОРА СТАНКОВИЋ"	Јабланица	Јабланица		42.332983	21.904469	naselje
Бујановац	46	ДОМ КУЛТУРЕ "ВУК КАРАЏИЋ" - УЧИОНИЦА (БИВШИ ЕКОНОМСКИ ФАКУЛТЕТ)	Бујановац, КАРАЂОРЂЕВ ТРГ БР. 115	Бујановац	КАРАЂОРЂЕВ ТРГ БР. 115	42.459846	21.767128	naselje
Бујановац	47	ДОМ КУЛТУРЕ "ВУК КАРАЏИЋ" - МАЛА САЛА	Бујановац, КАРАЂОРЂЕВ ТРГ БР. 115	Бујановац	КАРАЂОРЂЕВ ТРГ БР. 115	42.459846	21.767128	naselje
Бујановац	48	СПОРТСКИ ЦЕНТАР "МЛАДОСТ" - ХОЛ	Бујановац, БРАНКА РАДИЧЕВИЋА БР. 2	Бујановац	БРАНКА РАДИЧЕВИЋА БР. 2	42.464374	21.770352	objekat
Бујановац	49	ДЕЧИЈИ ВРТИЋ "НАША РАДОСТ" - ХОЛ	Бујановац, ВУКА КАРАЏИЋА БР. 2	Бујановац	ВУКА КАРАЏИЋА БР. 2	42.462038	21.771476	objekat
Бујановац	50	ДОМ ЗДРАВЉА	Бујановац, КАРАЂОРЂА ПЕТРОВИЋА БР. 226	Бујановац	КАРАЂОРЂА ПЕТРОВИЋА БР. 226	42.458877	21.766642	objekat
Бујановац	51	ШУМСКА СЕКЦИЈА	Бујановац, БОРЕ СТАНКОВИЋА БР. 1	Бујановац	БОРЕ СТАНКОВИЋА БР. 1	42.461632	21.767382	objekat
Бујановац	52	ОШ "НАИМ ФРАШЕРИ" – ХОЛ	Бујановац, ДОСИТЕЈА ОБРАДОВИЋА БР. 8	Бујановац	ДОСИТЕЈА ОБРАДОВИЋА БР. 8	42.459846	21.767128	naselje
Бујановац	53	ОШ "НАИМ ФРАШЕРИ" – УЧИОНИЦА	Бујановац, ДОСИТЕЈА ОБРАДОВИЋА БР. 8	Бујановац	ДОСИТЕЈА ОБРАДОВИЋА БР. 8	42.459846	21.767128	naselje
Бујановац	54	ОПШТИНСКА УПРАВА ОПШТИНЕ БУЈАНОВАЦ	Бујановац, КАРАЂОРЂА ПЕТРОВИЋА БР. 115	Бујановац	КАРАЂОРЂА ПЕТРОВИЋА БР. 115	42.461233	21.768193	objekat
Бујановац	55	ДОМ КУЛТУРЕ – ХОЛ	Бујановац, КАРАЂОРЂЕВ ТРГ БР. 115	Бујановац	КАРАЂОРЂЕВ ТРГ БР. 115	42.459846	21.767128	naselje
Бујановац	56	ОШ "БРАНКО РАДИЧЕВИЋ" - ОБЈЕКАТ ПРИПРЕМНОГ ПРЕДШКОЛСКОГ ПРОГРАМА	Бујановац, ЛОПАРДИНСКИ ПУТ БР. 5	Бујановац	ЛОПАРДИНСКИ ПУТ БР. 5	42.468011	21.767273	objekat
Бујановац	57	РЕСТОРАН ДУВАНСКЕ ИНДУСТРИЈЕ	Бујановац, СИМЕ ПОГАЧАРЕВИЋА БР. 21	Бујановац	СИМЕ ПОГАЧАРЕВИЋА БР. 21	42.456341	21.766787	ulica
Бујановац	58	СШ "СЕЗАИ СУРОИ"	Бујановац, СВЕТОЗАРА МАРКОВИЋА БР. 11	Бујановац	СВЕТОЗАРА МАРКОВИЋА БР. 11	42.459846	21.767128	naselje
Бујановац	59	СШ "СЕЗАИ СУРОИ" - ФИСКУЛТУРНА САЛА	Бујановац, СВЕТОЗАРА МАРКОВИЋА БР. 11	Бујановац	СВЕТОЗАРА МАРКОВИЋА БР. 11	42.459846	21.767128	naselje
Ваљево	1	МЗ "ГРАДАЦ" - ВЕЛИКА САЛА	ВАЉЕВО, УЖИЧКА ББ	ВАЉЕВО	УЖИЧКА ББ	44.248766	19.899570	ulica
Ваљево	2	МЗ "ГРАДАЦ" - МАЛА САЛА	ВАЉЕВО, УЖИЧКА ББ	ВАЉЕВО	УЖИЧКА ББ	44.248766	19.899570	ulica
Ваљево	3	ОШ "ВЛАДИКА НИКОЛАЈ ВЕЛИМИРОВИЋ"	ВАЉЕВО, СУВОБОРСКА БР. 48	ВАЉЕВО	СУВОБОРСКА БР. 48	44.263802	19.899731	objekat
Ваљево	4	ОШ "СЕСТРЕ ИЛИЋ"	ВАЉЕВО, МИЛОВАНА ГЛИШИЋА БР. 45	ВАЉЕВО	МИЛОВАНА ГЛИШИЋА БР. 45	44.266611	19.883317	ulica
Ваљево	5	ОШ "СЕСТРЕ ИЛИЋ"	ВАЉЕВО, МИЛОВАНА ГЛИШИЋА БР. 45	ВАЉЕВО	МИЛОВАНА ГЛИШИЋА БР. 45	44.266611	19.883317	ulica
Ваљево	6	ДОМ У ПОПАРАМА	ВАЉЕВО, ПОПАРСКИ ПУТ ББ	ВАЉЕВО	ПОПАРСКИ ПУТ ББ	44.250707	19.873937	ulica
Ваљево	7	ОШ "МИЛОВАН ГЛИШИЋ"	ВАЉЕВО, ПРВА ПРОЛЕТЕРСКА БР. 6	ВАЉЕВО	ПРВА ПРОЛЕТЕРСКА БР. 6	44.274813	19.871885	objekat
Ваљево	8	ТЕХНИЧКА ШКОЛА	ВАЉЕВО, КОСТЕ АБРАШЕВИЋА БР. 1	ВАЉЕВО	КОСТЕ АБРАШЕВИЋА БР. 1	44.272899	19.878646	objekat
Ваљево	9	ОШ "МИЛОВАН ГЛИШИЋ"	ВАЉЕВО, ПРВА ПРОЛЕТЕРСКА БР. 6	ВАЉЕВО	ПРВА ПРОЛЕТЕРСКА БР. 6	44.274813	19.871885	objekat
Ваљево	10	ОШ "МИЛОВАН ГЛИШИЋ"	ВАЉЕВО, ПРВА ПРОЛЕТЕРСКА БР. 6	ВАЉЕВО	ПРВА ПРОЛЕТЕРСКА БР. 6	44.274813	19.871885	objekat
Ваљево	11	ТЕХНИЧКА ШКОЛА	ВАЉЕВО, КОСТЕ АБРАШЕВИЋА БР. 1	ВАЉЕВО	КОСТЕ АБРАШЕВИЋА БР. 1	44.272899	19.878646	objekat
Ваљево	12	ЛОВАЧКИ ДОМ	ВАЉЕВО, МАЈОРА ИЛИЋА ББ	ВАЉЕВО	МАЈОРА ИЛИЋА ББ	44.262364	19.870444	objekat
Ваљево	13	МЗ "АНДРА САВЧИЋ"	ВАЉЕВО, КАРАЂОРЂЕВА БР. 41	ВАЉЕВО	КАРАЂОРЂЕВА БР. 41	44.270890	19.882754	objekat
Ваљево	14	ВАЉЕВСКА ГИМНАЗИЈА	ВАЉЕВО, ВУКА КАРАЂОРЂЕВА БР. 3	ВАЉЕВО	ВУКА КАРАЂОРЂЕВА БР. 3	44.269758	19.885956	objekat
Ваљево	15	ГРАДСКА УПРАВА ВАЉЕВО ШАЛТЕР САЛА	ВАЉЕВО, КАРАЂОРЂЕВА БР. 64	ВАЉЕВО	КАРАЂОРЂЕВА БР. 64	44.270576	19.887305	objekat
Ваљево	16	ПРВА ОСНОВНА ШКОЛА	ВАЉЕВО, КАРАЂОРЂЕВА БР. 122	ВАЉЕВО	КАРАЂОРЂЕВА БР. 122	44.270348	19.896032	objekat
Ваљево	17	ПРВА ОСНОВНА ШКОЛА	ВАЉЕВО, КАРАЂОРЂЕВА БР. 122	ВАЉЕВО	КАРАЂОРЂЕВА БР. 122	44.270348	19.896032	objekat
Ваљево	18	МЗ "ОСЛОБОДИОЦИ ВАЉЕВА"	ВАЉЕВО, ОСЛОБОДИОЦИ ВАЉЕВА БР. 24	ВАЉЕВО	ОСЛОБОДИОЦИ ВАЉЕВА БР. 24	44.271514	19.900947	objekat
Ваљево	19	ЈКП "ТОПЛАНА ВАЉЕВО"	ВАЉЕВО, ОСЛОБОДИОЦИ ВАЉЕВА БР. 38	ВАЉЕВО	ОСЛОБОДИОЦИ ВАЉЕВА БР. 38	44.271629	19.902549	objekat
Ваљево	20	ПОЉОПРИВРЕДНА ШКОЛА	ВАЉЕВО, ВЛАДИКЕ НИКОЛАЈА БР. 54	ВАЉЕВО	ВЛАДИКЕ НИКОЛАЈА БР. 54	44.274437	19.909597	objekat
Ваљево	21	ОШ "ДЕСАНКА МАКСИМОВИЋ"	ВАЉЕВО, ВЛАДИМИРА НАЗОРА БР. 2	ВАЉЕВО	ВЛАДИМИРА НАЗОРА БР. 2	44.280893	19.917357	objekat
Ваљево	22	ОШ „ДЕСАНКА МАКСИМОВИЋ"	ВАЉЕВО, ВЛАДИМИРА НАЗОРА БР. 2	ВАЉЕВО	ВЛАДИМИРА НАЗОРА БР. 2	44.280893	19.917357	objekat
Ваљево	23	МЗ "НАДА ПУРИЋ"	ВАЉЕВО, СРЕТЕНА ДУДИЋА ББ	ВАЉЕВО	СРЕТЕНА ДУДИЋА ББ	44.275967	19.892585	ulica
Ваљево	24	ОШ "НАДА ПУРИЋ"	ВАЉЕВО, ВЛАДИКЕ НИКОЛАЈА БР. 33	ВАЉЕВО	ВЛАДИКЕ НИКОЛАЈА БР. 33	44.274625	19.893507	objekat
Ваљево	25	ОШ "НАДА ПУРИЋ"	ВАЉЕВО, ВЛАДИКЕ НИКОЛАЈА БР. 33	ВАЉЕВО	ВЛАДИКЕ НИКОЛАЈА БР. 33	44.274625	19.893507	objekat
Ваљево	26	ОШ "АНДРА САВЧИЋ"	ВАЉЕВО, ЈОВАНА ДУЧИЋА БР. 5	ВАЉЕВО	ЈОВАНА ДУЧИЋА БР. 5	44.277651	19.886958	objekat
Ваљево	27	ОБДАНИШТЕ „ПЧЕЛИЦА"	ВАЉЕВО, ПЕТИ ПУК ББ	ВАЉЕВО	ПЕТИ ПУК ББ	44.276390	19.889918	objekat
Ваљево	28	МЗ „КРУШИК" - МАЛА САЛА	ВАЉЕВО, ПЕТИ ПУК БР.12	ВАЉЕВО	ПЕТИ ПУК БР.12	44.280238	19.889724	objekat
Ваљево	29	ОБДАНИШТЕ „ПЧЕЛИЦА"	ВАЉЕВО, ПЕТИ ПУК ББ	ВАЉЕВО	ПЕТИ ПУК ББ	44.276390	19.889918	objekat
Ваљево	30	ОШ "АНДРА САВЧИЋ"	ВАЉЕВО, ЈОВАНА ДУЧИЋА БР. 5	ВАЉЕВО	ЈОВАНА ДУЧИЋА БР. 5	44.277651	19.886958	objekat
Ваљево	31	ОШ „ЗДРАВКО ЈОВАНОВИЋ"	ВУЈИНОВАЧА	ВУЈИНОВАЧА		44.193588	19.694899	naselje
Ваљево	32	ОШ "ЗДРАВКО ЈОВАНОВИЋ"	ТУБРАВИЋ	ТУБРАВИЋ		44.213856	19.738733	naselje
Ваљево	33	ОШ „ЗДРАВКО ЈОВАНОВИЋ"	БРЕЗОВИЦЕ	БРЕЗОВИЦЕ		44.176999	19.744497	naselje
Ваљево	34	КУЋА ИЛИЈЕ ЈОВИЋА	МИЈАЧИ	МИЈАЧИ		44.218009	19.715258	naselje
Ваљево	35	ПРВА ОСНОВНА ШКОЛА	ЈОВАЊА	ЈОВАЊА		44.264067	19.806400	naselje
Ваљево	36	ПРВА ОСНОВНА ШКОЛА ЗА РОВНИ	ЈОВАЊА	ЈОВАЊА		44.264067	19.806400	naselje
Ваљево	37	ДОМ НА ЧАРДАЦИМА	СТУБО	СТУБО		44.230970	19.774230	naselje
Ваљево	38	ОШ "ЗДРАВКО ЈОВАНОВИЋ"	СОВАЧ	СОВАЧ		44.226546	19.711127	naselje
Ваљево	39	МЗ „СЕДЛАРИ"	СЕДЛАРИ	СЕДЛАРИ		44.255136	19.849669	naselje
Ваљево	40	ОШ „МИЛОШ МАРКОВИЋ"	ЛЕЛИЋ	ЛЕЛИЋ		44.214159	19.827967	naselje
Ваљево	41	КУЋА СТЕВАНОВИЋ МИЛИВОЈА	БОГАТИЋ	БОГАТИЋ		44.202611	19.845184	naselje
Ваљево	42	КУЋА ЛЕКИЋ РАНКА	СТРМНА ГОРА	СТРМНА ГОРА		44.241075	19.841591	naselje
Ваљево	43	ОШ „МИЛОШ МАРКОВИЋ"	СУШИЦА	СУШИЦА		44.199286	19.802153	naselje
Ваљево	44	ОШ „МИЛОШ МАРКОВИЋ"	ДОЊЕ ЛЕСКОВИЦЕ	ДОЊЕ ЛЕСКОВИЦЕ		44.174627	19.805882	naselje
Ваљево	45	ОШ „МИЛОШ МАРКОВИЋ"	ДОЊЕ ЛЕСКОВИЦЕ	ДОЊЕ ЛЕСКОВИЦЕ		44.174627	19.805882	naselje
Ваљево	46	ОШ „МИЛОШ МАРКОВИЋ"	ГОРЊИ ТАОР	ГОРЊИ ТАОР				nije_nadjeno
Ваљево	47	ОШ „МИЛОШ МАРКОВИЋ"	ДОЊИ ТАОР	ДОЊИ ТАОР		44.093371	19.808525	naselje
Ваљево	48	ОШ „ДРАГОЉУБ ИЛИЋ"	ДРАЧИЋ	ДРАЧИЋ		44.221743	19.902314	naselje
Ваљево	49	ДОМ	ПРИЈЕЗДИЋ	ПРИЈЕЗДИЋ		44.194050	19.927705	naselje
Ваљево	50	ДОМ	БАЧЕВЦИ	БАЧЕВЦИ		44.167834	19.904264	naselje
Ваљево	51	ОШ „ДРАГОЉУБ ИЛИЋ"	ДРАЧИЋ	ДРАЧИЋ		44.221743	19.902314	naselje
Ваљево	52	АМБУЛАНТА ДОМА ЗДРАВЉА	ДИВЧИБАРЕ	ДИВЧИБАРЕ		44.104756	19.991637	naselje
Ваљево	53	СТАРА ОСНОВНА ШКОЛА	МРЧИЋ	МРЧИЋ		44.270498	19.983404	naselje
Ваљево	54	ОШ "ВЛАДИКА НИКОЛАЈ ВЕЛИМИРОВИЋ"	ПАУНЕ	ПАУНЕ		44.254545	19.980159	naselje
Ваљево	55	ДОМ	КЛИНЦИ	КЛИНЦИ		44.245111	19.951763	naselje
Ваљево	56	ОШ „ДРАГОЉУБ ИЛИЋ"	ЖАБАРИ	ЖАБАРИ		44.250374	19.901296	ulica
Ваљево	57	МЗ „ПЕТНИЦА"	ПЕТНИЦА	ПЕТНИЦА		44.250215	19.932534	naselje
Ваљево	58	ОШ "ВЛАДИКА НИКОЛАЈ ВЕЛИМИРОВИЋ"	БЕЛОШЕВАЦ	БЕЛОШЕВАЦ		44.266554	19.946253	naselje
Ваљево	59	МЕСНА КАНЦЕЛАРИЈА	ДИВЦИ	ДИВЦИ		44.302230	20.027365	naselje
Ваљево	60	ДОМ	КЛАНИЦА	КЛАНИЦА		44.323521	20.020161	naselje
Ваљево	61	ОШ "СТЕВАН ФИЛИПОВИЋ"	ЛОЗНИЦА	ЛОЗНИЦА		44.325601	20.045129	naselje
Ваљево	62	ДОМ НА БАШЧАРИ	ЛУКАВАЦ	ЛУКАВАЦ		44.297045	19.999941	naselje
Ваљево	63	ДОМ НА БИРТИЈИ	ЛУКАВАЦ	ЛУКАВАЦ		44.297045	19.999941	naselje
Ваљево	64	ДОМ	ДУПЉАЈ	ДУПЉАЈ		44.338070	19.981318	naselje
Ваљево	65	ОБЈЕКАТ ИВАНА БРАНКОВИЋА, "ПИМИЋА КРАЈ"	ДУПЉАЈ	ДУПЉАЈ		44.338070	19.981318	naselje
Ваљево	66	МЗ "ПОПУЧКЕ"	ПОПУЧКЕ	ПОПУЧКЕ		44.297796	19.967969	naselje
Ваљево	67	ОШ „СВЕТИ САВА"	ПОПУЧКЕ	ПОПУЧКЕ		44.297796	19.967969	naselje
Ваљево	68	МЗ „ДОЊА ГРАБОВИЦА"	ДОЊА ГРАБОВИЦА	ДОЊА ГРАБОВИЦА		44.292080	19.921053	ulica
Ваљево	69	МЗ "ГОРИЋ"	ГОРИЋ	ГОРИЋ		44.286448	19.940316	naselje
Ваљево	70	ХЛАДЊАЧА ПГ "КРУНИЋ АГРАР"	РАЂЕВО СЕЛО	РАЂЕВО СЕЛО		44.291212	19.863809	naselje
Ваљево	71	ОШ „АНДРА САВЧИЋ"	ГОРЊА ГРАБОВИЦА	ГОРЊА ГРАБОВИЦА		44.315106	19.888613	naselje
Ваљево	72	МЕСНА КАНЦЕЛАРИЈА	БРАНКОВИНА	БРАНКОВИНА		44.352977	19.899392	naselje
Ваљево	73	ОШ "ПРОТА МАТЕЈА НЕНАДОВИЋ"	БАБИНА ЛУКА	БАБИНА ЛУКА		44.354219	19.947686	naselje
Ваљево	74	КУЋА ЋЕБИЋ МИЛИВОЈА	БАБИНА ЛУКА	БАБИНА ЛУКА		44.354219	19.947686	naselje
Ваљево	75	СЕОСКИ ДОМ	КОЗЛИЧИЋ	КОЗЛИЧИЋ		44.343887	19.879276	naselje
Ваљево	76	МЕСНА КАНЦЕЛАРИЈА	ГОЛА ГЛАВА	ГОЛА ГЛАВА		44.406858	19.863744	naselje
Ваљево	77	КУЋА ДАБИЋ ДРАГАНА	ГОЛА ГЛАВА	ГОЛА ГЛАВА		44.406858	19.863744	naselje
Ваљево	78	ОШ "ПРОТА МАТЕЈА НЕНАДОВИЋ"	ЈОШЕВА	ЈОШЕВА		44.371509	19.832349	naselje
Ваљево	79	ОШ "ПРОТА МАТЕЈА НЕНАДОВИЋ"	КОТЕШИЦА	КОТЕШИЦА		44.331574	19.851268	naselje
Ваљево	80	КУЋА ЛАЗИЋ СТАНЕ	КОТЕШИЦА	КОТЕШИЦА		44.331574	19.851268	naselje
Ваљево	81	КУЋА КРСТИЋ МИЛЕНЕ	РАБАС	РАБАС		44.353498	19.812496	naselje
Ваљево	82	ОШ "МИЛОВАН ГЛИШИЋ"	ГОРЊА БУКОВИЦА	ГОРЊА БУКОВИЦА		44.337439	19.782881	naselje
Ваљево	83	ДОМ	ГОРЊА БУКОВИЦА	ГОРЊА БУКОВИЦА		44.337439	19.782881	naselje
Ваљево	84	ОШ "МИЛОВАН ГЛИШИЋ"	ДОЊА БУКОВИЦА	ДОЊА БУКОВИЦА		44.310087	19.798418	naselje
Ваљево	85	ПРВА ОСНОВНА ШКОЛА	ЗЛАТАРИЋ	ЗЛАТАРИЋ		44.289140	19.820648	naselje
Ваљево	86	ОШ "МИЛОВАН ГЛИШИЋ"	ГОРЊА КАМЕНИЦА	ГОРЊА КАМЕНИЦА				nije_nadjeno
Ваљево	87	ОШ "МИЛОВАН ГЛИШИЋ"	ДОЊА КАМЕНИЦА	ДОЊА КАМЕНИЦА				nije_nadjeno
Ваљево	88	ОШ "МИЛОВАН ГЛИШИЋ"	ГОРЊА КАМЕНИЦА	ГОРЊА КАМЕНИЦА				nije_nadjeno
Ваљево	89	ОШ "МИЛОВАН ГЛИШИЋ"	ОСЛАДИЋ	ОСЛАДИЋ		44.352468	19.691498	naselje
Ваљево	90	КУЋА ЖИВКА НИНКОВИЋА	ОСЛАДИЋ	ОСЛАДИЋ		44.352468	19.691498	naselje
Ваљево	91	ОШ „ИЛИЈА БИРЧАНИН"	ВРАГОЧАНИЦА	ВРАГОЧАНИЦА		44.291927	19.691200	naselje
Ваљево	92	ДОМ	ОГЛАЂЕНОВАЦ	ОГЛАЂЕНОВАЦ		44.394960	19.755212	naselje
Ваљево	93	ОШ "МИЛОВАН ГЛИШИЋ", КОД ЦРКВЕ	МИЛИЧИНИЦА	МИЛИЧИНИЦА		44.440454	19.691286	naselje
Ваљево	94	ОШ "МИЛОВАН ГЛИШИЋ", У УБИЋУ	МИЛИЧИНИЦА	МИЛИЧИНИЦА		44.440454	19.691286	naselje
Ваљево	95	ОШ "ИЛИЈА БИРЧАНИН"	СУВОДАЊЕ	СУВОДАЊЕ		44.229853	19.655809	naselje
Ваљево	96	КУЋА СТАНИЋ МИЛИЈАНА	СУВОДАЊЕ	СУВОДАЊЕ		44.229853	19.655809	naselje
Ваљево	97	КУЋА ВУКОВИЋ ГОРАНА	СТАНИНА РЕКА	СТАНИНА РЕКА		44.267768	19.652210	naselje
Ваљево	98	ОШ "ИЛИЈА БИРЧАНИН"	СУВОДАЊЕ	СУВОДАЊЕ		44.229853	19.655809	naselje
Ваљево	99	ОШ "ИЛИЈА БИРЧАНИН"	ПРИЧЕВИЋ	ПРИЧЕВИЋ		44.279959	19.772920	naselje
Ваљево	100	ОШ "ИЛИЈА БИРЧАНИН"	ТУПАНЦИ	ТУПАНЦИ		44.271286	19.754939	naselje
Ваљево	101	ОШ "ИЛИЈА БИРЧАНИН"	БЕОМУЖЕВИЋ	БЕОМУЖЕВИЋ		44.307509	19.771662	naselje
Ваљево	102	ОШ „СВЕТИ САВА"	ЗАБРДИЦА	ЗАБРДИЦА		44.324434	19.936546	naselje
Ваљево	103	ПРОДАВНИЦА ОЛГЕ РАНИСАВЉЕВИЋ	БАБИНА ЛУКА	БАБИНА ЛУКА		44.354219	19.947686	naselje
Варварин	1	ОШ "СВЕТИ САВА"	БАЧИНА, Маршала Тита 8	БАЧИНА	Маршала Тита 8	43.727173	21.298199	objekat
Варварин	2	ОШ "СВЕТИ САВА"	БАЧИНА, Маршала Тита 8	БАЧИНА	Маршала Тита 8	43.727173	21.298199	objekat
Варварин	3	ОШ "СВЕТИ САВА"	БАЧИНА, Маршала Тита 8	БАЧИНА	Маршала Тита 8	43.727173	21.298199	objekat
Варварин	4	МЕСНА ЗАЈЕДНИЦА	БАЧИНА, Душана Гавриловића 25	БАЧИНА	Душана Гавриловића 25	43.726515	21.294588	objekat
Варварин	5	ОШ "ДРАГИ МАКИЋ"	БОШЊАНЕ, Вука Караџића 1	БОШЊАНЕ	Вука Караџића 1	43.663916	21.365047	objekat
Варварин	6	ОШ "ДРАГИ МАКИЋ"	БОШЊАНЕ, Вука Караџића 1	БОШЊАНЕ	Вука Караџића 1	43.663916	21.365047	objekat
Варварин	7	ОШ "ДРАГИ МАКИЋ"	БОШЊАНЕ, Вука Караџића 1	БОШЊАНЕ	Вука Караџића 1	43.663916	21.365047	objekat
Варварин	8	ОСНОВНИ СУД - СУДСКА ЈЕДИНИЦА ВАРВАРИН	ВАРВАРИН, Марина Мариновића 38	ВАРВАРИН	Марина Мариновића 38	43.724235	21.368793	objekat
Варварин	9	ОСНОВНИ СУД - СУДСКА ЈЕДИНИЦА ВАРВАРИН	ВАРВАРИН, Марина Мариновића 38	ВАРВАРИН	Марина Мариновића 38	43.724235	21.368793	objekat
Варварин	10	ОСНОВНИ СУД - СУДСКА ЈЕДИНИЦА ВАРВАРИН	ВАРВАРИН, Марина Мариновића 38	ВАРВАРИН	Марина Мариновића 38	43.724235	21.368793	objekat
Варварин	11	МЕСНА ЗАЈЕДНИЦА - КЛУБ БИФЕ	ВАРВАРИН (СЕЛО), Јове Курсуле 8	ВАРВАРИН (СЕЛО)	Јове Курсуле 8	43.718587	21.374249	objekat
Варварин	12	МЕСНА ЗАЈЕДНИЦА	ВАРВАРИН (СЕЛО), Јове Курсуле 8	ВАРВАРИН (СЕЛО)	Јове Курсуле 8	43.718587	21.374249	objekat
Варварин	13	МЕСНА ЗАЈЕДНИЦА	ВАРВАРИН (СЕЛО), Јове Курсуле 8	ВАРВАРИН (СЕЛО)	Јове Курсуле 8	43.718587	21.374249	objekat
Варварин	14	ОШ "ЈОВАН КУРСУЛА"	ГОРЊИ КАТУН, Маршала Тита 110	ГОРЊИ КАТУН	Маршала Тита 110	43.738103	21.359908	objekat
Варварин	15	ОШ "ЈОВАН КУРСУЛА"	ГОРЊИ КАТУН, Маршала Тита 110	ГОРЊИ КАТУН	Маршала Тита 110	43.738103	21.359908	objekat
Варварин	16	ОШ "ЈОВАН КУРСУЛА"	ГОРЊИ КАТУН, Маршала Тита 110	ГОРЊИ КАТУН	Маршала Тита 110	43.738103	21.359908	objekat
Варварин	17	ОШ "ХЕРОЈ МИРКО ТОМИЋ"	ГОРЊИ КРЧИН, Цара Лазара 26	ГОРЊИ КРЧИН	Цара Лазара 26	43.756244	21.148852	objekat
Варварин	18	СЕОСКИ ДОМ	ДОЊИ КАТУН, Кнеза Милете Радојковића 38	ДОЊИ КАТУН	Кнеза Милете Радојковића 38	43.745186	21.389545	objekat
Варварин	19	ОШ "ЈОВАН КУРСУЛА"	ДОЊИ КАТУН, Кнеза Милете Радојковића 115	ДОЊИ КАТУН	Кнеза Милете Радојковића 115	43.751437	21.392754	objekat
Варварин	20	ОШ "ХЕРОЈ МИРКО ТОМИЋ"	ДОЊИ КРЧИН, Хероја Мирка Томића 15	ДОЊИ КРЧИН	Хероја Мирка Томића 15	43.734083	21.186854	objekat
Варварин	21	ОШ "ХЕРОЈ МИРКО ТОМИЋ"	ЗАЛОГОВАЦ, Светог Саве 3	ЗАЛОГОВАЦ	Светог Саве 3	43.689276	21.251048	objekat
Варварин	22	ОШ "ХЕРОЈ МИРКО ТОМИЋ"	ЗАЛОГОВАЦ, Светог Саве 3	ЗАЛОГОВАЦ	Светог Саве 3	43.689276	21.251048	objekat
Варварин	23	ЗДРАВСТВЕНА АМБУЛАНТА	ИЗБЕНИЦА, Ђурђевданска 1	ИЗБЕНИЦА	Ђурђевданска 1	43.760599	21.279473	objekat
Варварин	24	МЕСНА ЗАЈЕДНИЦА	КАРАНОВАЦ, Вука Караџића 33	КАРАНОВАЦ	Вука Караџића 33	43.726931	21.179760	objekat
Варварин	25	ОШ "ХЕРОЈ МИРКО ТОМИЋ"	МАЛА КРУШЕВИЦА, Стевана Синђелића 1	МАЛА КРУШЕВИЦА	Стевана Синђелића 1	43.723582	21.147946	objekat
Варварин	26	ОШ "ХЕРОЈ МИРКО ТОМИЋ"	МАРЕНОВО, Шумадијска 9	МАРЕНОВО	Шумадијска 9	43.698116	21.240132	objekat
Варварин	27	ОШ "ДРАГИ МАКИЋ"	МАСКАРЕ, Пана Ђукића 2	МАСКАРЕ	Пана Ђукића 2	43.678284	21.379427	objekat
Варварин	28	ОШ "МИРКО ТОМИЋ"	ОБРЕЖ, Мирка Томића 10	ОБРЕЖ	Мирка Томића 10	43.770697	21.346608	objekat
Варварин	29	ОШ "МИРКО ТОМИЋ"	ОБРЕЖ, Мирка Томића 10	ОБРЕЖ	Мирка Томића 10	43.770697	21.346608	objekat
Варварин	30	ОШ "МИРКО ТОМИЋ"	ОБРЕЖ, Мирка Томића 10	ОБРЕЖ	Мирка Томића 10	43.770697	21.346608	objekat
Варварин	31	ОШ "МИРКО ТОМИЋ"	ОБРЕЖ, Мирка Томића 10	ОБРЕЖ	Мирка Томића 10	43.770697	21.346608	objekat
Варварин	32	ОШ "МИРКО ТОМИЋ"	ОБРЕЖ, Мирка Томића 10	ОБРЕЖ	Мирка Томића 10	43.770697	21.346608	objekat
Варварин	33	МЕСНА ЗАЈЕДНИЦА	ОРАШЈЕ, Маршала Тита 55	ОРАШЈЕ	Маршала Тита 55	43.743373	21.270283	objekat
Варварин	34	МЕСНА КАНЦЕЛАРИЈА	ОРАШЈЕ, Маршала Тита 55	ОРАШЈЕ	Маршала Тита 55	43.743373	21.270283	objekat
Варварин	35	МЕСНА ЗАЈЕДНИЦА	ПАЈКОВАЦ, Маршала Тита 28	ПАЈКОВАЦ	Маршала Тита 28	43.755244	21.208555	objekat
Варварин	36	ОШ "ХЕРОЈ МИРКО ТОМИЋ"	ПАРЦАНЕ, 7. Јула 2	ПАРЦАНЕ	7. Јула 2	43.692585	21.212808	objekat
Варварин	37	МЕСНА ЗАЈЕДНИЦА	СУВАЈА, Ђурђевданска 11	СУВАЈА	Ђурђевданска 11	43.769594	21.279074	objekat
Варварин	38	МЕСНА ЗАЈЕДНИЦА (КЛУБ-БИФЕ)	ТОЉЕВАЦ, Гордана Милосављевића 2	ТОЉЕВАЦ	Гордана Милосављевића 2	43.735976	21.204115	objekat
Варварин	39	МЕСНА ЗАЈЕДНИЦА	ТОЉЕВАЦ, Гордана Милосављевића 5	ТОЉЕВАЦ	Гордана Милосављевића 5	43.735582	21.204526	objekat
Варварин	40	МЕСНА ЗАЈЕДНИЦА	ЦЕРНИЦА, Војводе Мишића 3	ЦЕРНИЦА	Војводе Мишића 3	43.732102	21.260396	objekat
Велика Плана	1	ОШ "ЦРКВЕНА МАЛА"	ЛОЗОВИК, ЈНА 141	ЛОЗОВИК	ЈНА 141	44.473431	21.085443	objekat
Велика Плана	2	ЗДРАВСТВЕНА СТАНИЦА	ЛОЗОВИК, ЈНА 153	ЛОЗОВИК	ЈНА 153	44.475961	21.078214	objekat
Велика Плана	3	ОСНОВНА ШКОЛА "ЦЕНТАР"	ЛОЗОВИК, ТРГ ПРВОБОРАЦА 16	ЛОЗОВИК	ТРГ ПРВОБОРАЦА 16	44.468019	21.101359	objekat
Велика Плана	4	ОСНОВНА ШКОЛА "БУГАР МАЛА"	ЛОЗОВИК, БРАНКА НИКОЛИЋА 43	ЛОЗОВИК	БРАНКА НИКОЛИЋА 43	44.461219	21.101013	objekat
Велика Плана	5	ОСНОВНА ШКОЛА "ЦЕНТАР"	ЛОЗОВИК, ТРГ ПРВОБОРАЦА 16	ЛОЗОВИК	ТРГ ПРВОБОРАЦА 16	44.468019	21.101359	objekat
Велика Плана	6	МЕСНА ЗАЈЕДНИЦА	МИЛОШЕВАЦ, ТРГ ЈЕДИНСТВА 31	МИЛОШЕВАЦ	ТРГ ЈЕДИНСТВА 31	44.440204	21.111702	objekat
Велика Плана	7	ОСНОВНА ШКОЛА "ТАБАЧИНА"	МИЛОШЕВАЦ, МОРАВСКА 6	МИЛОШЕВАЦ	МОРАВСКА 6	44.436152	21.115504	objekat
Велика Плана	8	ОСНОВНА ШКОЛА "ЦЕНТАР"	МИЛОШЕВАЦ, ТРГ ЈЕДИНСТВА 13	МИЛОШЕВАЦ	ТРГ ЈЕДИНСТВА 13	44.441454	21.110108	objekat
Велика Плана	9	ОСНОВНА ШКОЛА	ТРНОВЧЕ, МОРАВСКА 15	ТРНОВЧЕ	МОРАВСКА 15	44.411677	21.112013	objekat
Велика Плана	10	ОСНОВНА ШКОЛА "ЦЕНТАР"	КРЊЕВО, НИКОЛЕ ПАШИЋА 4	КРЊЕВО	НИКОЛЕ ПАШИЋА 4	44.405474	21.046414	objekat
Велика Плана	11	ОСНОВНА ШКОЛА "ЦЕНТАР"	КРЊЕВО, НИКОЛЕ ПАШИЋА 4	КРЊЕВО	НИКОЛЕ ПАШИЋА 4	44.405474	21.046414	objekat
Велика Плана	12	ОСНОВНА ШКОЛА "ЦЕНТАР"	КРЊЕВО, НИКОЛЕ ПАШИЋА 4	КРЊЕВО	НИКОЛЕ ПАШИЋА 4	44.405474	21.046414	objekat
Велика Плана	13	ОСНОВНА ШКОЛА "ВУК КАРАЏИЋ" САВАНОВАЦ	КРЊЕВО, БУЛЕВАР ОСЛОБОЂЕЊА 61	КРЊЕВО	БУЛЕВАР ОСЛОБОЂЕЊА 61	44.413051	21.073746	objekat
Велика Плана	14	ОСНОВНА ШКОЛА "ВУК КАРАЏИЋ" САВАНОВАЦ	КРЊЕВО, БУЛЕВАР ОСЛОБОЂЕЊА 63	КРЊЕВО	БУЛЕВАР ОСЛОБОЂЕЊА 63	44.412781	21.073701	objekat
Велика Плана	15	ОСНОВНА ШКОЛА	ВЕЛИКО ОРАШЈЕ, НЕМАЊИНА 62	ВЕЛИКО ОРАШЈЕ	НЕМАЊИНА 62	44.373511	21.087536	objekat
Велика Плана	16	ДОМ КУЛТУРЕ	ВЕЛИКО ОРАШЈЕ (КРУШЕВО), НЕМАЊИНА 92а	ВЕЛИКО ОРАШЈЕ (КРУШЕВО)	НЕМАЊИНА 92а			nije_nadjeno
Велика Плана	17	ЛОВАЧКИ ДОМ	ДОЊА ЛИВАДИЦА, ВОЖДА КАРАЂОРЂА 88	ДОЊА ЛИВАДИЦА	ВОЖДА КАРАЂОРЂА 88	44.355468	21.139226	objekat
Велика Плана	18	ОСНОВНА ШКОЛА	ДОЊА ЛИВАДИЦА, ПРВА НОВА 37	ДОЊА ЛИВАДИЦА	ПРВА НОВА 37	44.352861	21.135930	objekat
Велика Плана	19	ДОМ ЗДРАВЉА - МЕДИЦИНА РАДА	ВЕЛИКА ПЛАНА, МИЛОША ВЕЛИКОГ 110	ВЕЛИКА ПЛАНА	МИЛОША ВЕЛИКОГ 110	44.328365	21.077376	objekat
Велика Плана	20	ВЕТЕРИНАРСКА СТАНИЦА	ВЕЛИКА ПЛАНА, 9. ОКТОБРА 26	ВЕЛИКА ПЛАНА	9. ОКТОБРА 26	44.339520	21.084748	objekat
Велика Плана	21	ДОМ ЗДРАВЉА	ВЕЛИКА ПЛАНА, МИЛОША ВЕЛИКОГ 110	ВЕЛИКА ПЛАНА	МИЛОША ВЕЛИКОГ 110	44.328365	21.077376	objekat
Велика Плана	22	ОСНОВНА ШКОЛА "СВЕТИ САВА"	ВЕЛИКА ПЛАНА, БУЛЕВАР ДЕСПОТА СТЕФАНА 40	ВЕЛИКА ПЛАНА	БУЛЕВАР ДЕСПОТА СТЕФАНА 40	44.330622	21.070276	objekat
Велика Плана	23	ДОМ КУЛТУРЕ "МАСУКА" - БИОСКОП	ВЕЛИКА ПЛАНА, БРАНКА РАДИЧЕВИЋА 1	ВЕЛИКА ПЛАНА	БРАНКА РАДИЧЕВИЋА 1	44.332323	21.074871	objekat
Велика Плана	24	ДОМ ОМЛАДИНЕ	ВЕЛИКА ПЛАНА, КОСОВСКА 4	ВЕЛИКА ПЛАНА	КОСОВСКА 4	44.332899	21.070995	objekat
Велика Плана	25	ГИМНАЗИЈА	ВЕЛИКА ПЛАНА, 29. ОКТОБАР 22	ВЕЛИКА ПЛАНА	29. ОКТОБАР 22	44.321866	21.079925	objekat
Велика Плана	26	ОБРАЗОВНИ ЦЕНТАР	ВЕЛИКА ПЛАНА, ВОЈВОДЕ МИШИЋА 3	ВЕЛИКА ПЛАНА	ВОЈВОДЕ МИШИЋА 3	44.336027	21.076321	objekat
Велика Плана	27	"ШТАМПАРИЈА"	ВЕЛИКА ПЛАНА, МИЛОША ВЕЛИКОГ 14	ВЕЛИКА ПЛАНА	МИЛОША ВЕЛИКОГ 14	44.339974	21.079088	objekat
Велика Плана	28	ОСНОВНА ШКОЛА "НАДЕЖДА ПЕТРОВИЋ"	ВЕЛИКА ПЛАНА, 10. ОКТОБРА 54	ВЕЛИКА ПЛАНА	10. ОКТОБРА 54	44.339739	21.090394	objekat
Велика Плана	29	ПРВА МЕСНА ЗАЈЕДНИЦА	ВЕЛИКА ПЛАНА, БУЛЕВАР ДЕСПОТА СТЕФАНА 83	ВЕЛИКА ПЛАНА	БУЛЕВАР ДЕСПОТА СТЕФАНА 83	44.325965	21.075673	objekat
Велика Плана	30	ОСНОВНА ШКОЛА "КАРАЂОРЂЕ"	ВЕЛИКА ПЛАНА, НИКОЛЕ ПАШИЋА 17	ВЕЛИКА ПЛАНА	НИКОЛЕ ПАШИЋА 17	44.330982	21.073440	objekat
Велика Плана	31	ДОМ КУЛТУРЕ	ВЕЛИКА ПЛАНА (БУГАРИЈА), МИЛОРАДА СТАНКОВИЋА 83	ВЕЛИКА ПЛАНА (БУГАРИЈА)	МИЛОРАДА СТАНКОВИЋА 83			nije_nadjeno
Велика Плана	32	ОСНОВНА ШКОЛА "КАРАЂОРЂЕ"	ВЕЛИКА ПЛАНА, ВОЈВОДЕ МИШИЋА 135	ВЕЛИКА ПЛАНА	ВОЈВОДЕ МИШИЋА 135	44.336328	21.054663	objekat
Велика Плана	33	ДОМ КУЛТУРЕ	ВЕЛИКА ПЛАНА (БРЕСЈЕ), БУЛЕВАР ОСЛОБОЂЕЊА 100	ВЕЛИКА ПЛАНА (БРЕСЈЕ)	БУЛЕВАР ОСЛОБОЂЕЊА 100			nije_nadjeno
Велика Плана	34	ОСНОВНА ШКОЛА	ВЕЛИКА ПЛАНА (БРЕСЈЕ), БУЛЕВАР ОСЛОБОЂЕЊА 97	ВЕЛИКА ПЛАНА (БРЕСЈЕ)	БУЛЕВАР ОСЛОБОЂЕЊА 97			nije_nadjeno
Велика Плана	35	ДОМ КУЛТУРЕ	СТАРО СЕЛО, БУЛЕВАР ОСЛОБОЂЕЊА 17	СТАРО СЕЛО	БУЛЕВАР ОСЛОБОЂЕЊА 17	44.292063	21.102041	objekat
Велика Плана	36	ОСНОВНА ШКОЛА - КОД ПРУГЕ	СТАРО СЕЛО, БУЛЕВАР ОСЛОБОЂЕЊА 69	СТАРО СЕЛО	БУЛЕВАР ОСЛОБОЂЕЊА 69	44.293924	21.090661	objekat
Велика Плана	37	ОСНОВНА ШКОЛА ГОРЊИ КРАЈ	СТАРО СЕЛО, ВЛАДЕ МАРЈАНОВИЋА 66	СТАРО СЕЛО	ВЛАДЕ МАРЈАНОВИЋА 66	44.277399	21.111863	objekat
Велика Плана	38	МЕСНА КАНЦЕЛАРИЈА	СТАРО СЕЛО, БУЛЕВАР ОСЛОБОЂЕЊА 8	СТАРО СЕЛО	БУЛЕВАР ОСЛОБОЂЕЊА 8	44.292000	21.103713	objekat
Велика Плана	39	ОСНОВНА ШКОЛА	НОВО СЕЛО, КРАЉА ПЕТРА ПРВОГ 121	НОВО СЕЛО	КРАЉА ПЕТРА ПРВОГ 121	44.259262	21.091378	objekat
Велика Плана	40	ДОМ КУЛТУРЕ	МАРКОВАЦ, 8. ОКТОБРА 15	МАРКОВАЦ	8. ОКТОБРА 15	44.238464	21.113010	naselje
Велика Плана	41	ОСНОВНА ШКОЛА "ДРУГИ ШУМАДИЈСКИ ОДРЕД"	МАРКОВАЦ, 8. ОКТОБРА 10	МАРКОВАЦ	8. ОКТОБРА 10	44.238464	21.113010	naselje
Велика Плана	42	МЛИН	МАРКОВАЦ, КОЈЕ МИЛЕНКОВИЋА 15	МАРКОВАЦ	КОЈЕ МИЛЕНКОВИЋА 15	44.240446	21.098422	objekat
Велика Плана	43	ОСНОВНА ШКОЛА	МАРКОВАЦ (ПИНОСАВА), РАДОМИРА ПЕТРОВИЋА 60	МАРКОВАЦ (ПИНОСАВА)	РАДОМИРА ПЕТРОВИЋА 60			nije_nadjeno
Велика Плана	44	ДОМ КУЛТУРЕ	РАКИНАЦ, КАРАЂОРЂЕВА 20	РАКИНАЦ	КАРАЂОРЂЕВА 20	44.263667	21.059171	objekat
Велика Плана	45	ДОМ КУЛТУРЕ	РАДОВАЊЕ, КАРАЂОРЂЕВА 5	РАДОВАЊЕ	КАРАЂОРЂЕВА 5	44.284974	21.020082	objekat
Велика Плана	46	ОСНОВНА ШКОЛА	РАДОВАЊЕ (КАРАУЛА), ЦАРА ЛАЗАРА 23	РАДОВАЊЕ (КАРАУЛА)	ЦАРА ЛАЗАРА 23			nije_nadjeno
Велика Плана	47	МЕСНА ЗАЈЕДНИЦА "КУПУСИНА"	КУПУСИНА, ЗАСЕОК КУПУСИНА ББ	КУПУСИНА	ЗАСЕОК КУПУСИНА ББ	44.276109	21.010881	ulica
Велико Градиште	1	МЕСНА ЗАЈЕДНИЦА	БИСКУПЉЕ	БИСКУПЉЕ		44.740018	21.386552	naselje
Велико Градиште	2	ГИМНАЗИЈА	ВЕЛИКО ГРАДИШТЕ, ЖИТНИ ТРГ БР. 4	ВЕЛИКО ГРАДИШТЕ	ЖИТНИ ТРГ БР. 4	44.765992	21.519569	objekat
Велико Градиште	3	МЕСНА ЗАЈЕДНИЦА	ВЕЛИКО ГРАДИШТЕ, КНЕЗА ЛАЗАРА БР. 70	ВЕЛИКО ГРАДИШТЕ	КНЕЗА ЛАЗАРА БР. 70	44.763953	21.516786	objekat
Велико Градиште	4	СКУПШТИНА ОПШТИНЕ	ВЕЛИКО ГРАДИШТЕ, ЖИТНИ ТРГ БР. 1	ВЕЛИКО ГРАДИШТЕ	ЖИТНИ ТРГ БР. 1	44.766737	21.519733	objekat
Велико Градиште	5	МУЗИЧКА ШКОЛА	ВЕЛИКО ГРАДИШТЕ, ОБАЛА КРАЉА ПЕТРА ПРВОГ БР. 19	ВЕЛИКО ГРАДИШТЕ	ОБАЛА КРАЉА ПЕТРА ПРВОГ БР. 19	44.752232	21.496915	objekat
Велико Градиште	6	ОСНОВНА ШКОЛА	ВЕЛИКО ГРАДИШТЕ, ДР БОШКА ВРЕБАЛОВА БР.1/А	ВЕЛИКО ГРАДИШТЕ	ДР БОШКА ВРЕБАЛОВА БР.1/А	44.760250	21.511667	objekat
Велико Градиште	7	ОСНОВНА ШКОЛА	ГАРЕВО	ГАРЕВО		44.609384	21.445944	naselje
Велико Градиште	8	ОСНОВНА ШКОЛА	ДЕСИНЕ	ДЕСИНЕ		44.672388	21.437017	naselje
Велико Градиште	9	ОСНОВНА ШКОЛА	ДОЉАШНИЦА	ДОЉАШНИЦА		44.599700	21.460113	naselje
Велико Градиште	10	МЕСНА КАНЦЕЛАРИЈА	ЂУРАКОВО	ЂУРАКОВО		44.706746	21.403012	naselje
Велико Градиште	11	ОСНОВНА ШКОЛА	ЗАТОЊЕ	ЗАТОЊЕ		44.767543	21.387338	naselje
Велико Градиште	12	ОСНОВНА ШКОЛА	КАМИЈЕВО	КАМИЈЕВО		44.657465	21.473447	naselje
Велико Градиште	13	ДОМ КУЛТУРЕ	КИСИЉЕВО	КИСИЉЕВО		44.736960	21.419672	naselje
Велико Градиште	14	НОВА ОСНОВНА ШКОЛА	КУМАНЕ	КУМАНЕ		44.730738	21.467227	naselje
Велико Градиште	15	ОСНОВНА ШКОЛА	КУРЈАЧЕ	КУРЈАЧЕ		44.717709	21.336001	naselje
Велико Градиште	16	МЕСНА ЗАЈЕДНИЦА	КУСИЋЕ	КУСИЋЕ		44.718762	21.532086	naselje
Велико Градиште	17	ОСНОВНА ШКОЛА	ЉУБИЊЕ	ЉУБИЊЕ		44.632871	21.429650	naselje
Велико Градиште	18	ДОМ КУЛТУРЕ	МАЈИЛОВАЦ	МАЈИЛОВАЦ		44.691748	21.361553	naselje
Велико Градиште	19	ОСНОВНА ШКОЛА	МАЈИЛОВАЦ	МАЈИЛОВАЦ		44.691748	21.361553	naselje
Велико Градиште	20	ОСНОВНА ШКОЛА	МАКЦЕ	МАКЦЕ		44.577515	21.466573	naselje
Велико Градиште	21	МЕСНА ЗАЈЕДНИЦА	МАКЦЕ	МАКЦЕ		44.577515	21.466573	naselje
Велико Градиште	22	ОСНОВНА ШКОЛА	ОСТРОВО	ОСТРОВО		44.766332	21.447244	naselje
Велико Градиште	23	ОСНОВНА ШКОЛА	ПЕЧАНИЦА	ПЕЧАНИЦА		44.657457	21.413632	naselje
Велико Градиште	24	ДОМ КУЛТУРЕ	ПОЖЕЖЕНО	ПОЖЕЖЕНО		44.758301	21.571793	naselje
Велико Градиште	25	НОВА ОСНОВНА ШКОЛА	РАМ	РАМ		44.811587	21.332558	naselje
Велико Градиште	26	МЕСНА ЗАЈЕДНИЦА	СИРАКОВО	СИРАКОВО		44.671899	21.337805	naselje
Велико Градиште	27	ДОМ КУЛТУРЕ	СРЕДЊЕВО	СРЕДЊЕВО		44.645671	21.489107	naselje
Велико Градиште	28	ОСНОВНА ШКОЛА	ТОПОЛОВНИК	ТОПОЛОВНИК		44.720148	21.441898	naselje
Велико Градиште	29	ОСНОВНА ШКОЛА	ТОПОЛОВНИК	ТОПОЛОВНИК		44.720148	21.441898	naselje
Велико Градиште	30	МЕСНА КАНЦЕЛАРИЈА	ТРИБРОДЕ	ТРИБРОДЕ		44.696775	21.522268	naselje
Велико Градиште	31	ОСНОВНА ШКОЛА	ЦАРЕВАЦ	ЦАРЕВАЦ		44.678666	21.494448	naselje
Велико Градиште	32	ОСНОВНА ШКОЛА	ЧЕШЉЕВА БАРА	ЧЕШЉЕВА БАРА		44.616847	21.484937	naselje
Витина	1	ОШ "МАРКО РАЈКОВИЋ"	ВРБОВАЦ	ВРБОВАЦ				nije_nadjeno
Витина	2	ОШ "МАРКО РАЈКОВИЋ"	ВРБОВАЦ	ВРБОВАЦ				nije_nadjeno
Владимирци	1	О.Ф.К. БЕЛПОС	Белотић	Белотић		44.580990	19.719320	naselje
Владимирци	2	ОСНОВНА ШКОЛА	Бељин	Бељин		44.627101	19.961669	naselje
Владимирци	3	ДОМ КУЛТУРЕ	Бобовик	Бобовик		44.623525	19.797842	naselje
Владимирци	4	САЛА "КОНАК", ВЛАДИМИРЦИ 1	Владимирци	Владимирци		44.615829	19.785104	naselje
Владимирци	5	ЛОВАЧКА КУЋА ВЛАДИМИРЦИ 2	Владимирци	Владимирци		44.615829	19.785104	naselje
Владимирци	6	ДОМ КУЛТУРЕ	Власаница	Власаница		44.606793	19.870842	naselje
Владимирци	7	ДОМ КУЛТУРЕ	Вукошић	Вукошић		44.654039	19.716706	naselje
Владимирци	8	ДОМ КУЛТУРЕ	Вучевица	Вучевица		44.671687	19.773013	naselje
Владимирци	9	ДОМ КУЛТУРЕ	Дебрц	Дебрц		44.622707	19.902695	naselje
Владимирци	10	ОСНОВНА ШКОЛА	Драгојевац	Драгојевац		44.686089	19.850081	naselje
Владимирци	11	ОСНОВНА ШКОЛА ЗВЕЗД 1	Звезд	Звезд		44.651085	19.870247	naselje
Владимирци	12	ДОМ КУЛТУРЕ ЈАЛОВИК 1	Јаловик	Јаловик		44.598536	19.828773	naselje
Владимирци	13	М.З. ЈАЛОВИК 2	Јаловик	Јаловик		44.598536	19.828773	naselje
Владимирци	14	КУЋА КАТИЋ МИЛИВОЈА, ЈАЛОВИК 3	Јаловик	Јаловик		44.598536	19.828773	naselje
Владимирци	15	ДОМ КУЛТУРЕ ЈАЗОВНИК 1 ЛИПОВИЦА	Јазовник	Јазовник		44.563985	19.871162	naselje
Владимирци	16	ОСНОВНА ШКОЛА ЈАЗОВНИК 2-ШЕВАРИЦЕ	Јазовник	Јазовник		44.563985	19.871162	naselje
Владимирци	17	ОСНОВНА ШКОЛА ЈАЗОВНИК-КРНИЋ	Јазовник	Јазовник		44.563985	19.871162	naselje
Владимирци	18	ДОМ КУЛТУРЕ	Каона	Каона		44.547458	19.690723	naselje
Владимирци	19	М.З. КОЗАРИЦА	Козарица	Козарица		44.511755	19.699749	naselje
Владимирци	20	ОСНОВНА ШКОЛА	Крнуле	Крнуле		44.583398	19.749725	naselje
Владимирци	21	ОСНОВНА ШКОЛА	Кујавица	Кујавица		44.676570	19.789228	naselje
Владимирци	22	ОСНОВНА ШКОЛА	Лојанице	Лојанице		44.630006	19.730976	naselje
Владимирци	23	ОСНОВНА ШКОЛА	Матијевац	Матијевац		44.603063	19.715037	naselje
Владимирци	24	ДОМ КУЛТУРЕ	Месарци	Месарци		44.617348	19.931684	naselje
Владимирци	25	ДОМ КУЛТУРЕ	Меховине	Меховине		44.637967	19.781109	naselje
Владимирци	26	ДОМ КУЛТУРЕ	Мровска	Мровска		44.542778	19.675000	naselje
Владимирци	27	ДОМ КУЛТУРЕ	Ново Село	Ново Село		44.630529	19.928868	naselje
Владимирци	28	ДОМ КУЛТУРЕ	Пејиновић	Пејиновић		44.578113	19.684212	naselje
Владимирци	29	ОСНОВНА ШКОЛА ПРОВО 1	Прово	Прово		44.669566	19.910427	naselje
Владимирци	30	КУЋА ИВАНКОВИЋ ДРАГАНА ПРОВО 2	Прово	Прово		44.669566	19.910427	naselje
Владимирци	31	ОСНОВНА ШКОЛА	Риђаке	Риђаке		44.658881	19.763763	naselje
Владимирци	32	ДОМ КУЛТУРЕ	Скупљен	Скупљен		44.651532	19.807971	naselje
Владимирци	33	ОСНОВНА ШКОЛА	Суво Село	Суво Село		44.578516	19.936015	naselje
Владимирци	34	ОСНОВНА ШКОЛА	Трбушац	Трбушац		44.669607	19.840632	naselje
Владичин Хан	1	ОСНОВНИ СУД СУРДУЛИЦА - СУДСКА ЈЕДИНИЦА ВЛАДИЧИН ХАН	ВЛАДИЧИН ХАН, СВЕТОСАВСКА БР. 1	ВЛАДИЧИН ХАН	СВЕТОСАВСКА БР. 1	42.706562	22.058492	objekat
Владичин Хан	2	ОСНОВНИ СУД СУРДУЛИЦА - СУДСКА ЈЕДИНИЦА ВЛАДИЧИН ХАН	ВЛАДИЧИН ХАН, СВЕТОСАВСКА БР. 1	ВЛАДИЧИН ХАН	СВЕТОСАВСКА БР. 1	42.706562	22.058492	objekat
Владичин Хан	3	ОШ "БРАНКО РАДИЧЕВИЋ"	ВЛАДИЧИН ХАН, БОРЕ СТАНКОВИЋА БР. 40	ВЛАДИЧИН ХАН	БОРЕ СТАНКОВИЋА БР. 40	42.710449	22.058073	objekat
Владичин Хан	4	ДУВАНСКА СТАНИЦА	ВЛАДИЧИН ХАН	ВЛАДИЧИН ХАН		42.705926	22.073466	ulica
Владичин Хан	5	ОШ "СВЕТИ САВА"	ВЛАДИЧИН ХАН, ПЕТРА СТАНКОВИЋА БР. 2	ВЛАДИЧИН ХАН	ПЕТРА СТАНКОВИЋА БР. 2	42.700686	22.062127	objekat
Владичин Хан	6	ПРОСТОРИЈЕ ОПШТИНСКЕ УПРАВЕ	ВЛАДИЧИН ХАН, СВЕТОСАВСКА БР. 1	ВЛАДИЧИН ХАН	СВЕТОСАВСКА БР. 1	42.706562	22.058492	objekat
Владичин Хан	7	ЦЕНТАР ЗА КОНФЕКЦИЈУ	ВЛАДИЧИН ХАН, СВЕТОСАВСКА ББ	ВЛАДИЧИН ХАН	СВЕТОСАВСКА ББ	42.718246	22.064918	ulica
Владичин Хан	8	ПРИВАТНЕ ПРОСТОРИЈЕ СТОЈКОВИЋ СЛОБОДАНА	ВЛАДИЧИН ХАН, НИКОЛЕ ПАШИЋА ББ	ВЛАДИЧИН ХАН	НИКОЛЕ ПАШИЋА ББ	42.710803	22.076205	ulica
Владичин Хан	9	ДЕЧИЈИ ВРТИЋ	ВЛАДИЧИН ХАН, МИНИЋЕВА БР. 2	ВЛАДИЧИН ХАН	МИНИЋЕВА БР. 2	42.705926	22.073466	ulica
Владичин Хан	10	СКУПШТИНА ОПШТИНЕ	ВЛАДИЧИН ХАН, СВЕТОСАВСКА БР. 1	ВЛАДИЧИН ХАН	СВЕТОСАВСКА БР. 1	42.706562	22.058492	objekat
Владичин Хан	11	ОСНОВНА ШКОЛА	ПРЕКОДОЛЦЕ	ПРЕКОДОЛЦЕ				nije_nadjeno
Владичин Хан	12	ДЕЧИЈИ ВРТИЋ	ЖИТОРАЂЕ	ЖИТОРАЂЕ		42.710197	22.113153	naselje
Владичин Хан	13	ОСНОВНА ШКОЛА	ЖИТОРАЂЕ	ЖИТОРАЂЕ		42.710197	22.113153	naselje
Владичин Хан	14	ОСНОВНА ШКОЛА	СТУБАЛ	СТУБАЛ		42.635900	22.033986	naselje
Владичин Хан	15	ОСНОВНА ШКОЛА	ЛЕПЕНИЦА	ЛЕПЕНИЦА		42.669551	22.030447	naselje
Владичин Хан	16	ЗГРАДА МЕСНЕ ЗАЈЕДНИЦЕ	РЕПИНЦЕ	РЕПИНЦЕ		42.694582	22.060220	naselje
Владичин Хан	17	ОСНОВНА ШКОЛА	КУНОВО	КУНОВО		42.705070	21.999882	naselje
Владичин Хан	18	ОСНОВНА ШКОЛА	МАЊАК	МАЊАК		42.768522	22.132100	naselje
Владичин Хан	19	ОСНОВНА ШКОЛА	СУВА МОРАВА	СУВА МОРАВА		42.686409	22.050639	naselje
Владичин Хан	20	ОСНОВНА ШКОЛА	СТУБАЛ	СТУБАЛ		42.635900	22.033986	naselje
Владичин Хан	21	ОСНОВНА ШКОЛА	ПРИБОЈ	ПРИБОЈ		42.607659	22.016107	naselje
Владичин Хан	22	ЗГРАДА МЕСНЕ ЗАЈЕДНИЦЕ	МАЗАРАЋ	МАЗАРАЋ		42.590379	21.998448	naselje
Владичин Хан	23	ОСНОВНА ШКОЛА	МОШТАНИЦА	МОШТАНИЦА				nije_nadjeno
Владичин Хан	24	ОСНОВНА ШКОЛА	ЈАГЊИЛО	ЈАГЊИЛО		42.709536	21.963315	naselje
Владичин Хан	25	ОСНОВНА ШКОЛА	ПОЛОМ	ПОЛОМ		42.701622	22.075338	ulica
Владичин Хан	26	ОСНОВНА ШКОЛА	СЕНОКОС	СЕНОКОС				nije_nadjeno
Владичин Хан	27	ОСНОВНА ШКОЛА	ДЕКУТИНЦЕ	ДЕКУТИНЦЕ		42.666044	22.061828	naselje
Владичин Хан	28	ОСНОВНА ШКОЛА	ЏЕП	ЏЕП		42.768215	22.088340	naselje
Владичин Хан	29	ОСНОВНА ШКОЛА	МРТВИЦА	МРТВИЦА		42.780901	22.073089	naselje
Владичин Хан	30	ОСНОВНА ШКОЛА	ТЕГОВИШТЕ	ТЕГОВИШТЕ		42.759875	22.072739	naselje
Владичин Хан	31	ОСНОВНА ШКОЛА	РУЖИЋ	РУЖИЋ		42.751778	22.109462	naselje
Владичин Хан	32	ОСНОВНА ШКОЛА	КОЗНИЦА	КОЗНИЦА		42.728519	22.111986	naselje
Владичин Хан	33	ОСНОВНА ШКОЛА	ЛЕБЕТ	ЛЕБЕТ		42.774960	22.199972	naselje
Владичин Хан	34	ОСНОВНА ШКОЛА	ВРБОВО	ВРБОВО		42.627009	22.053271	naselje
Владичин Хан	35	ОСНОВНА ШКОЛА	БОГОШЕВО	БОГОШЕВО		42.611944	22.076111	naselje
Владичин Хан	36	СЕОСКА ЗГРАДА	ДЕКУТИНЦЕ	ДЕКУТИНЦЕ		42.666044	22.061828	naselje
Владичин Хан	37	ОСНОВНА ШКОЛА	ГРАМАЂЕ	ГРАМАЂЕ		42.655377	22.055091	naselje
Владичин Хан	38	ДОМ КУЛТУРЕ	КРЖИНЦЕ	КРЖИНЦЕ		42.732708	22.075068	naselje
Владичин Хан	39	ПРИВАТНЕ ПРОСТОРИЈЕ "ЕКО"	ДУПЉАНЕ	ДУПЉАНЕ		42.745683	22.086628	naselje
Владичин Хан	40	ОСНОВНА ШКОЛА	УРВИЧ	УРВИЧ		42.763278	22.055684	naselje
Владичин Хан	41	ОСНОВНА ШКОЛА	ЛИЧИНДОЛ	ЛИЧИНДОЛ				nije_nadjeno
Владичин Хан	42	ОСНОВНА ШКОЛА	КРЖИНЦЕ	КРЖИНЦЕ		42.732708	22.075068	naselje
Владичин Хан	43	МЕСНА КАНЦЕЛАРИЈА	ГАБИНЕД	ГАБИНЕД				nije_nadjeno
Владичин Хан	44	ОСНОВНА ШКОЛА	БАЧВИШТЕ	БАЧВИШТЕ		42.661132	22.016537	naselje
Владичин Хан	45	ОСНОВНА ШКОЛА	КАЦАПУН	КАЦАПУН		42.677782	22.007348	naselje
Владичин Хан	46	ОСНОВНА ШКОЛА	КУКАВИЦА	КУКАВИЦА		42.753429	21.969477	naselje
Владичин Хан	47	ОСНОВНА ШКОЛА	БЕЛАНОВЦЕ	БЕЛАНОВЦЕ		42.647330	21.954176	naselje
Владичин Хан	48	ОСНОВНА ШКОЛА	РАВНА РЕКА	РАВНА РЕКА		42.684118	21.942695	naselje
Владичин Хан	49	ПРИВАТНЕ ПРОСТОРИЈЕ ИЛИЋ ЗАРИЈА	РДОВО	РДОВО		42.764386	22.000345	naselje
Владичин Хан	50	ОСНОВНА ШКОЛА	ЈАСТРЕБАЦ	ЈАСТРЕБАЦ		42.773295	22.044735	naselje
Владичин Хан	51	ПРИВАТНЕ ПРОСТОРИЈЕ САВИЋ СТАНИШЕ	ЗЕБИНЦЕ	ЗЕБИНЦЕ		42.769523	22.029793	naselje
Власотинце	1	ПОСЛОВНА ПРОСТОРИЈА СРЂАНА ШАРИЋА	Власотинце, 29. НОВЕМБРА БР. 43	Власотинце	29. НОВЕМБРА БР. 43	42.962674	22.121081	objekat
Власотинце	2	ПОСЛОВНА ПРОСТОРИЈА ЦОНИЋ ИВАНЕ	Власотинце, 29. НОВЕМБРА БР. 27	Власотинце	29. НОВЕМБРА БР. 27	42.962555	22.121958	objekat
Власотинце	3	ПУ "МИЛКА ДИМАНИЋ"	Власотинце, 12. БРИГАДЕ ББ	Власотинце	12. БРИГАДЕ ББ	42.962528	22.125578	ulica
Власотинце	4	ПОСЛОВНА ПРОСТОРИЈА СРЂАНА ШАРИЋА „МЕЛА РОСА"	Власотинце, 12. БРИГАДЕ 49	Власотинце	12. БРИГАДЕ 49	42.962528	22.125578	ulica
Власотинце	5	ОШ „8. ОКТОБАР"	Власотинце, МАРКА ОРЕШКОВИЋА БР. 2	Власотинце	МАРКА ОРЕШКОВИЋА БР. 2	42.965758	22.127805	objekat
Власотинце	6	ЗГАДА СКУПШТИНЕ ОПШТИНЕ - МАЛА САЛА	Власотинце, ТРГ ОСЛОБОЂЕЊА БР. 12	Власотинце	ТРГ ОСЛОБОЂЕЊА БР. 12	42.964909	22.128334	objekat
Власотинце	7	ЗГРАДА СКУПШТИНЕ ОПШТИНЕ ВЕЛИКА САЛА	Власотинце, ТРГ ОСЛОБОЂЕЊА БР. 12	Власотинце	ТРГ ОСЛОБОЂЕЊА БР. 12	42.964909	22.128334	objekat
Власотинце	8	ОШ "СИНИША ЈАНИЋ"	Власотинце, ИВЕ ЛОЛЕ РИБАРА ББ	Власотинце	ИВЕ ЛОЛЕ РИБАРА ББ	42.963174	22.129033	ulica
Власотинце	9	ОШ "СИНИША ЈАНИЋ"	Власотинце, ИВЕ ЛОЛЕ РИБАРА ББ	Власотинце	ИВЕ ЛОЛЕ РИБАРА ББ	42.963174	22.129033	ulica
Власотинце	10	ОШ „8.ОКТОБАР"	Власотинце, МАРКА ОРЕШКОВИЋА БР. 2	Власотинце	МАРКА ОРЕШКОВИЋА БР. 2	42.965758	22.127805	objekat
Власотинце	11	ПОСЛОВНА ПРОСТОРИЈА „ЈЕЛЕН КАФАНА" ДРАГАНА КОСТАДИНОВИЋА	Власотинце, КОНОПНИЧКА ББ	Власотинце	КОНОПНИЧКА ББ	42.968656	22.129014	ulica
Власотинце	12	ПОСЛОВНА ПРОСТОРИЈА ЈКП КОМУНАЛАЦ-пијаца	Власотинце, ВИНОГРАДАРСКА ББ	Власотинце	ВИНОГРАДАРСКА ББ	42.967369	22.131893	ulica
Власотинце	13	ПУ "МИЛКА ДИМАНИЋ"	Власотинце, БОРЕ СТАНКОВИЋА ББ	Власотинце	БОРЕ СТАНКОВИЋА ББ	42.967220	22.137231	ulica
Власотинце	14	ХОТЕЛ "НОВИ ЗЕМУН" - ГАЛЕРИЈА КУЛТУРНОГ ЦЕНТРА	Власотинце, НЕШИЋЕВ КЕЈ	Власотинце	НЕШИЋЕВ КЕЈ	42.964869	22.133055	ulica
Власотинце	15	ПОСЛОВНА ПРОСТОРИЈА ЈОВИЦЕ ЛЕПОЈЕВИЋА	Власотинце, 22. ДИВИЗИЈЕ БР. 201	Власотинце	22. ДИВИЗИЈЕ БР. 201	42.962133	22.145426	objekat
Власотинце	16	ПОСЛОВНА ПРОСТОРИЈА ДРАГАНА ИГЊАТОВИЋА	Власотинце, 22. ДИВИЗИЈЕ БР. 80	Власотинце	22. ДИВИЗИЈЕ БР. 80	42.965409	22.136920	objekat
Власотинце	17	ПОСЛОВНА ПРОСТОРИЈА ДРАГАНЕ СТАНКОВИЋ	Власотинце, МАНАСТИРИШТЕ ББ	Власотинце	МАНАСТИРИШТЕ ББ	42.965235	22.128108	naselje
Власотинце	18	ОСНОВНА ШКОЛА	Брезовица	Брезовица		42.952289	22.178685	naselje
Власотинце	19	МЕСНА ЗАЈЕДНИЦА	Шишаве	Шишаве		42.980410	22.124282	ulica
Власотинце	20	ОШ "БРАЋА МИЛЕНКОВИЋ"	Доња Ломница	Доња Ломница		42.994580	22.128400	naselje
Власотинце	21	ОСНОВНА ШКОЛА	Црна Бара	Црна Бара		43.016842	22.164999	naselje
Власотинце	22	ОСНОВНА ШКОЛА	Средор	Средор		43.013392	22.132987	naselje
Власотинце	23	ОСНОВНА ШКОЛА	Скрапеж	Скрапеж		43.004163	22.104751	naselje
Власотинце	24	ОСНОВНА ШКОЛА	Липовица	Липовица		43.025175	22.104992	naselje
Власотинце	25	ОСНОВНА ШКОЛА	Конопница	Конопница		42.983373	22.095219	naselje
Власотинце	26	ОСНОВНА ШКОЛА	Стајковце	Стајковце		42.986322	22.061359	naselje
Власотинце	27	ОСНОВНА ШКОЛА	Стајковце	Стајковце		42.986322	22.061359	naselje
Власотинце	28	ОСНОВНА ШКОЛА	Батуловце	Батуловце		42.974269	22.076281	naselje
Власотинце	29	ОСНОВНА ШКОЛА	Прилепац	Прилепац		42.961415	22.046370	naselje
Власотинце	30	ОСНОВНА ШКОЛА	Гложане	Гложане		42.966220	22.049467	naselje
Власотинце	31	ОСНОВНА ШКОЛА	Ладовица	Ладовица		42.937798	22.065623	naselje
Власотинце	32	ОСНОВНА ШКОЛА	Орашје	Орашје		42.958400	22.101911	ulica
Власотинце	33	ПРОСТОРИЈА ФК „БУДУЋНОСТ"	Кукавица	Кукавица		42.945228	22.086609	ulica
Власотинце	34	ОСНОВНА ШКОЛА	Јастребац	Јастребац		42.945979	22.141897	naselje
Власотинце	35	ДОМ КУЛТУРЕ	Дадинце	Дадинце		42.929600	22.124037	naselje
Власотинце	36	ПОСЛОВНА ПРОСТОРИЈА ДРАГАНА МИЛЕНКОВИЋА	Градиште	Градиште		42.927783	22.140812	naselje
Власотинце	37	МЕСНА КАНЦЕЛАРИЈА	Доња Лопушња	Доња Лопушња		42.907472	22.181330	naselje
Власотинце	38	ПОСЛОВНА ПРОСТОРИЈА ВЛАСТЕ ЂИКИЋА	Крушевица	Крушевица		42.996144	22.177379	naselje
Власотинце	39	ПОСЛОВНА ПРОСТОРИЈА СНЕЖАНЕ МИЉКОВИЋ	Равна Гора	Равна Гора		42.929127	22.201709	naselje
Власотинце	40	ОШ "КАРАЂОРЂЕ ПЕТРОВИЋ"	Крушевица	Крушевица		42.996144	22.177379	naselje
Власотинце	41	ОСНОВНА ШКОЛА	Бољаре	Бољаре		42.973734	22.166968	naselje
Власотинце	42	ДОМ КУЛТУРЕ ЦРНАТОВО	Црнатово	Црнатово		42.997382	22.165917	naselje
Власотинце	43	ОСНОВНА ШКОЛА	Равни Дел	Равни Дел		42.963036	22.199744	naselje
Власотинце	44	ОСНОВНА ШКОЛА	Златићево	Златићево		42.953879	22.248912	naselje
Власотинце	45	МЕСНА ЗАЈЕДНИЦА	Горњи Дејан	Горњи Дејан		42.960294	22.230502	ulica
Власотинце	46	ОСНОВНА ШКОЛА	Доњи Дејан	Доњи Дејан		42.980615	22.208181	ulica
Власотинце	47	ОСНОВНА ШКОЛА	Борин До	Борин До		42.987541	22.234718	naselje
Власотинце	48	ОСНОВНА ШКОЛА	Алексине	Алексине		42.977919	22.290347	naselje
Власотинце	49	ОШ "ДОСИТЕЈ ОБРАДОВИЋ"	Свође	Свође		42.977321	22.265618	naselje
Власотинце	50	ОСНОВНА ШКОЛА	Доње Гаре	Доње Гаре		42.939616	22.296119	naselje
Власотинце	51	ПОСЛОВНИ ПРОСТОР ПЕШИЋ НАЈДАНА	Рајићево	Рајићево				nije_nadjeno
Власотинце	52	ОСНОВНА ШКОЛА	Јаковљево	Јаковљево		42.950242	22.277890	naselje
Власотинце	53	ОСНОВНА ШКОЛА	Горњи Орах	Горњи Орах		42.963897	22.317610	naselje
Власотинце	54	МЕСНА ЗАЈЕДНИЦА	Горњи Орах	Горњи Орах		42.963897	22.317610	naselje
Власотинце	55	ОСНОВНА ШКОЛА	Добровиш	Добровиш		42.954702	22.356921	naselje
Власотинце	56	ОШ "БОЖИДАР МИЉКОВИЋ"	Горњи Присјан	Горњи Присјан		43.063060	22.226863	naselje
Власотинце	57	ОСНОВНА ШКОЛА	Доњи Присјан	Доњи Присјан		43.054051	22.202030	naselje
Власотинце	58	ОСНОВНА ШКОЛА	Комарица	Комарица		43.056049	22.162657	naselje
Вождовац	1	"ЕПСТУРС"	Београд (Вождовац), ВОЈВОДЕ СТЕПЕ БР. 412A	Београд (Вождовац)	ВОЈВОДЕ СТЕПЕ БР. 412A	44.754891	20.489070	objekat
Вождовац	2	ОШ "БОРА СТАНКОВИЋ"	Београд (Вождовац), ПАУНОВА БР. 19А	Београд (Вождовац)	ПАУНОВА БР. 19А	44.758173	20.478080	objekat
Вождовац	3	ОШ "БОРА СТАНКОВИЋ"	Београд (Вождовац), ПАУНОВА БР. 19А	Београд (Вождовац)	ПАУНОВА БР. 19А	44.758173	20.478080	objekat
Вождовац	4	ОШ "БОРА СТАНКОВИЋ"	Београд (Вождовац), ПАУНОВА БР. 19А	Београд (Вождовац)	ПАУНОВА БР. 19А	44.758173	20.478080	objekat
Вождовац	5	ОШ "БОРА СТАНКОВИЋ"	Београд (Вождовац), ПАУНОВА БР. 19А	Београд (Вождовац)	ПАУНОВА БР. 19А	44.758173	20.478080	objekat
Вождовац	6	ОШ "БОРА СТАНКОВИЋ"	Београд (Вождовац), ПАУНОВА БР. 19А	Београд (Вождовац)	ПАУНОВА БР. 19А	44.758173	20.478080	objekat
Вождовац	7	ОШ "БОРА СТАНКОВИЋ"	Београд (Вождовац), ПАУНОВА БР. 19А	Београд (Вождовац)	ПАУНОВА БР. 19А	44.758173	20.478080	objekat
Вождовац	8	ОШ "БОРА СТАНКОВИЋ"	Београд (Вождовац), ПАУНОВА БР. 19А	Београд (Вождовац)	ПАУНОВА БР. 19А	44.758173	20.478080	objekat
Вождовац	9	ОШ "БОРА СТАНКОВИЋ"	Београд (Вождовац), ПАУНОВА БР. 19А	Београд (Вождовац)	ПАУНОВА БР. 19А	44.758173	20.478080	objekat
Вождовац	10	СТУДЕНТСКИ ДОМ "4 АПРИЛ"	Београд (Вождовац), ВОЈВОДЕ СТЕПЕ БР. 320	Београд (Вождовац)	ВОЈВОДЕ СТЕПЕ БР. 320	44.763434	20.482707	objekat
Вождовац	11	ОШ "ФИЛИП ФИЛИПОВИЋ"	Београд (Вождовац), БУЛЕВАР ОСЛОБОЂЕЊА БР. 317	Београд (Вождовац)	БУЛЕВАР ОСЛОБОЂЕЊА БР. 317	44.763265	20.479680	objekat
Вождовац	12	САОБРАЋАЈНИ ФАКУЛТЕТ	Београд (Вождовац), ВОЈВОДЕ СТЕПЕ БР. 305	Београд (Вождовац)	ВОЈВОДЕ СТЕПЕ БР. 305	44.765870	20.482944	objekat
Вождовац	13	САОБРАЋАЈНИ ФАКУЛТЕТ	Београд (Вождовац), ВОЈВОДЕ СТЕПЕ БР. 305	Београд (Вождовац)	ВОЈВОДЕ СТЕПЕ БР. 305	44.765870	20.482944	objekat
Вождовац	14	ВИСОКА ШКОЛА ЕЛЕКТРОТЕХНИКЕ И РАЧУНАРСТВА	Београд (Вождовац), ВОЈВОДЕ СТЕПЕ БР. 283	Београд (Вождовац)	ВОЈВОДЕ СТЕПЕ БР. 283	44.768195	20.480260	objekat
Вождовац	15	ВИСОКА ШКОЛА ЕЛЕКТРОТЕХНИКЕ И РАЧУНАРСТВА	Београд (Вождовац), ВОЈВОДЕ СТЕПЕ БР. 283	Београд (Вождовац)	ВОЈВОДЕ СТЕПЕ БР. 283	44.768195	20.480260	objekat
Вождовац	16	ВИСОКА ШКОЛА ЕЛЕКТРОТЕХНИКЕ И РАЧУНАРСТВА	Београд (Вождовац), ВОЈВОДЕ СТЕПЕ БР. 283	Београд (Вождовац)	ВОЈВОДЕ СТЕПЕ БР. 283	44.768195	20.480260	objekat
Вождовац	17	ВИСОКА ШКОЛА ЕЛЕКТРОТЕХНИКЕ И РАЧУНАРСТВА	Београд (Вождовац), ВОЈВОДЕ СТЕПЕ БР. 283	Београд (Вождовац)	ВОЈВОДЕ СТЕПЕ БР. 283	44.768195	20.480260	objekat
Вождовац	18	ОШ "КАРАЂОРЂЕ"	Београд (Вождовац), ЈОВЕ ИЛИЋА БР. 2	Београд (Вождовац)	ЈОВЕ ИЛИЋА БР. 2	44.784302	20.467425	objekat
Вождовац	19	МЗ "ЧИНОВНИЧКА КОЛОНИЈА"	Београд (Вождовац), ЈОВЕ ИЛИЋА БР. 89	Београд (Вождовац)	ЈОВЕ ИЛИЋА БР. 89	44.779105	20.472301	objekat
Вождовац	20	ФАКУЛТЕТ ЗА ПРОЈЕКТНИ И ИНОВАЦИОНИ МЕНАЏМЕНТ	Београд (Вождовац), БОЖЕ ЈАНКОВИЋА БР. 14	Београд (Вождовац)	БОЖЕ ЈАНКОВИЋА БР. 14	44.783552	20.472142	objekat
Вождовац	21	ОШ "ВЕСЕЛИН МАСЛЕША"	Београд (Вождовац), КУМОДРАШКА БР. 72	Београд (Вождовац)	КУМОДРАШКА БР. 72	44.780274	20.478487	objekat
Вождовац	22	ОШ "ВЕСЕЛИН МАСЛЕША"	Београд (Вождовац), КУМОДРАШКА БР. 72	Београд (Вождовац)	КУМОДРАШКА БР. 72	44.780274	20.478487	objekat
Вождовац	23	НАЦИОНАЛНА АКАДЕМИЈА ЗА ЈАВНУ УПРАВУ	Београд (Вождовац), ВОЈВОДЕ СТЕПЕ БР. 51	Београд (Вождовац)	ВОЈВОДЕ СТЕПЕ БР. 51	44.783367	20.470762	objekat
Вождовац	24	ГЕОЛОШКА ШКОЛА	Београд (Вождовац), ЕСАД ПАШИНА БР. 26	Београд (Вождовац)	ЕСАД ПАШИНА БР. 26	44.782043	20.475501	objekat
Вождовац	25	ЈП ЗА СТАМБЕНЕ УСЛУГЕ	Београд (Вождовац), ДАНИЈЕЛОВА БР. 33	Београд (Вождовац)	ДАНИЈЕЛОВА БР. 33	44.782004	20.479704	objekat
Вождовац	26	ЗГРАДА УПРАВЕ ГРАДСКЕ ОПШТИНЕ ВОЖДОВАЦ	Београд (Вождовац), УСТАНИЧКА БР. 53	Београд (Вождовац)	УСТАНИЧКА БР. 53	44.787896	20.476988	objekat
Вождовац	27	ДРУГА ЕКОНОМСКА ШКОЛА	Београд (Вождовац), ГОСПОДАРА ВУЧИЋА БР. 50	Београд (Вождовац)	ГОСПОДАРА ВУЧИЋА БР. 50	44.791123	20.479045	objekat
Вождовац	28	ОСМА БЕОГРАДСКА ГИМНАЗИЈА - ХОЛ У ПРИЗЕМЉУ	Београд (Вождовац), ГРЧИЋА МИЛЕНКА БР. 71	Београд (Вождовац)	ГРЧИЋА МИЛЕНКА БР. 71	44.787676	20.489112	objekat
Вождовац	29	ОСМА БЕОГРАДСКА ГИМНАЗИЈА - ХОЛ У ПРИЗЕМЉУ	Београд (Вождовац), ГРЧИЋА МИЛЕНКА БР. 71	Београд (Вождовац)	ГРЧИЋА МИЛЕНКА БР. 71	44.787676	20.489112	objekat
Вождовац	30	ШКОЛА ЗА НЕГУ ЛЕПОТЕ	Београд (Вождовац), ЈОВАНА СУБОТИЋА БР. 2	Београд (Вождовац)	ЈОВАНА СУБОТИЋА БР. 2	44.785297	20.481570	objekat
Вождовац	31	ПРЕДУЗЕЋЕ "ЛИПАКС"	Београд (Вождовац), ВИДСКА БР. 29A	Београд (Вождовац)	ВИДСКА БР. 29A	44.785209	20.484746	objekat
Вождовац	32	ОСМА БЕОГРАДСКА ГИМНАЗИЈА ФИСКУЛТУРНА САЛА	Београд (Вождовац), ГРЧИЋА МИЛЕНКА БР. 71	Београд (Вождовац)	ГРЧИЋА МИЛЕНКА БР. 71	44.787676	20.489112	objekat
Вождовац	33	ОШ "ЈАНКО ВЕСЕЛИНОВИЋ"	Београд (Вождовац), УМЧАРСКА БР. 2	Београд (Вождовац)	УМЧАРСКА БР. 2	44.785935	20.497721	objekat
Вождовац	34	ОШ "ЈАНКО ВЕСЕЛИНОВИЋ"	Београд (Вождовац), УМЧАРСКА БР. 2	Београд (Вождовац)	УМЧАРСКА БР. 2	44.785935	20.497721	objekat
Вождовац	35	МЗ "ДУШАНОВАЦ"	Београд (Вождовац), ОЗРЕНСКА БР. 39	Београд (Вождовац)	ОЗРЕНСКА БР. 39	44.783398	20.486006	objekat
Вождовац	36	ДВ "БИСЕРИ"	Београд (Вождовац), ЉЕРМОНТОВА БР. 9	Београд (Вождовац)	ЉЕРМОНТОВА БР. 9	44.783386	20.488061	objekat
Вождовац	37	ДВ "ШЕЋЕРКО"	Београд (Вождовац), ВЛАДИМИРА ТОМАНОВИЋА БР. 25	Београд (Вождовац)	ВЛАДИМИРА ТОМАНОВИЋА БР. 25	44.782462	20.496574	objekat
Вождовац	38	ПРЕДУЗЕЋЕ "НЕРЕТВА КОМЕРЦ"	Београд (Вождовац), СТЕФАНА ПРВОВЕНЧАНОГ БР. 148	Београд (Вождовац)	СТЕФАНА ПРВОВЕНЧАНОГ БР. 148	44.782007	20.489225	ulica
Вождовац	39	ДВ "СЕСТРЕ БУКУМИРОВИЋ"	Београд (Вождовац), ИГЊАТА ЈОБА БР. 69	Београд (Вождовац)	ИГЊАТА ЈОБА БР. 69	44.773116	20.499354	objekat
Вождовац	40	ДВ "СЕСТРЕ БУКУМИРОВИЋ"	Београд (Вождовац), ИГЊАТА ЈОБА БР. 69	Београд (Вождовац)	ИГЊАТА ЈОБА БР. 69	44.773116	20.499354	objekat
Вождовац	41	МЗ "МИЛОРАД МЕДАКОВИЋ"	Београд (Вождовац), МИЛОРАДА УМЈЕНОВИЋА БР. 18	Београд (Вождовац)	МИЛОРАДА УМЈЕНОВИЋА БР. 18	44.776925	20.493189	ulica
Вождовац	42	ОШ "БРАНИСЛАВ НУШИЋ" ВЕЛИКА ШКОЛА	Београд (Вождовац), ЗАПЛАЊСКА БР. 45	Београд (Вождовац)	ЗАПЛАЊСКА БР. 45	44.776187	20.490206	objekat
Вождовац	43	ОШ "БРАНИСЛАВ НУШИЋ" - МАЛА ШКОЛА	Београд (Вождовац), ЗАПЛАЊСКА БР. 45	Београд (Вождовац)	ЗАПЛАЊСКА БР. 45	44.776187	20.490206	objekat
Вождовац	44	ОШ "БРАНИСЛАВ НУШИЋ" - МАЛА ШКОЛА	Београд (Вождовац), ЗАПЛАЊСКА БР. 45	Београд (Вождовац)	ЗАПЛАЊСКА БР. 45	44.776187	20.490206	objekat
Вождовац	45	ОШ "БРАНИСЛАВ НУШИЋ" - МАЛА ШКОЛА	Београд (Вождовац), ЗАПЛАЊСКА БР. 45	Београд (Вождовац)	ЗАПЛАЊСКА БР. 45	44.776187	20.490206	objekat
Вождовац	46	СПЕЦИЈАЛНА БОЛНИЦА ЗА ЦЕРЕБРАЛНУ ПАРАЛИЗУ И РАЗВОЈНУ НЕУРОЛОГИЈУ	Београд (Вождовац), БРАЋЕ ЈЕРКОВИЋ БР. 5	Београд (Вождовац)	БРАЋЕ ЈЕРКОВИЋ БР. 5	44.780734	20.484683	objekat
Вождовац	47	ОШ "ЗМАЈ ЈОВА ЈОВАНОВИЋ"	Београд (Вождовац), МЕШТРОВИЋЕВА БР. 19	Београд (Вождовац)	МЕШТРОВИЋЕВА БР. 19	44.770784	20.490656	objekat
Вождовац	48	ОШ "ЗМАЈ ЈОВА ЈОВАНОВИЋ"	Београд (Вождовац), МЕШТРОВИЋЕВА БР. 19	Београд (Вождовац)	МЕШТРОВИЋЕВА БР. 19	44.770784	20.490656	objekat
Вождовац	49	ОШ "ЂУРА ДАНИЧИЋ"	Београд (Вождовац), МЕШТРОВИЋЕВА БР. 19	Београд (Вождовац)	МЕШТРОВИЋЕВА БР. 19	44.770784	20.490656	objekat
Вождовац	50	ОШ "ЂУРА ДАНИЧИЋ"	Београд (Вождовац), МЕШТРОВИЋЕВА БР. 19	Београд (Вождовац)	МЕШТРОВИЋЕВА БР. 19	44.770784	20.490656	objekat
Вождовац	51	ОШ "ЂУРА ДАНИЧИЋ"	Београд (Вождовац), МЕШТРОВИЋЕВА БР. 19	Београд (Вождовац)	МЕШТРОВИЋЕВА БР. 19	44.770784	20.490656	objekat
Вождовац	52	ДВ "ПЛАВИ ЧУПЕРАК"	Београд (Вождовац), ДРАГИЦЕ КОНЧАР БР. 8A	Београд (Вождовац)	ДРАГИЦЕ КОНЧАР БР. 8A	44.768610	20.497589	objekat
Вождовац	53	ДВ "ПЛАВИ ЧУПЕРАК"	Београд (Вождовац), ДРАГИЦЕ КОНЧАР БР. 8A	Београд (Вождовац)	ДРАГИЦЕ КОНЧАР БР. 8A	44.768610	20.497589	objekat
Вождовац	54	ЈП "ГРАДСКО ЗЕЛЕНИЛО"	Београд (Вождовац), ДРАГИЦЕ КОНЧАР 0	Београд (Вождовац)	ДРАГИЦЕ КОНЧАР 0	44.768544	20.498690	ulica
Вождовац	55	МЗ "МИТРОВО БРДО"	Београд (Вождовац), ЗАПЛАЊСКА БР. 86	Београд (Вождовац)	ЗАПЛАЊСКА БР. 86	44.766196	20.497435	objekat
Вождовац	56	МЗ "МИТРОВО БРДО"	Београд (Вождовац), ЗАПЛАЊСКА БР. 86	Београд (Вождовац)	ЗАПЛАЊСКА БР. 86	44.766196	20.497435	objekat
Вождовац	57	МЗ "КУМОДРАЖ-ЈЕДАН - АМБУЛАНТА"	Београд (Вождовац), СТАРА БР. 1	Београд (Вождовац)	СТАРА БР. 1	44.744408	20.500911	objekat
Вождовац	58	ДВ "НЕВЕН"	Београд (Вождовац), МАЈСКА БР. 9	Београд (Вождовац)	МАЈСКА БР. 9	44.742493	20.500741	objekat
Вождовац	59	МЗ "КУМОДРАЖ-ДВА" МАЛА САЛА	Београд (Вождовац), КУМОДРАШКА БР. 376	Београд (Вождовац)	КУМОДРАШКА БР. 376	44.778777	20.479913	ulica
Вождовац	60	МЗ "КУМОДРАЖ-ДВА" - ВЕЛИКА САЛА	Београд (Вождовац), КУМОДРАШКА БР. 376	Београд (Вождовац)	КУМОДРАШКА БР. 376	44.778777	20.479913	ulica
Вождовац	61	ОШ "ВОЈВОДА СТЕПА"	Београд (Вождовац), ВОЈВОДЕ СТЕПЕ БР. 520	Београд (Вождовац)	ВОЈВОДЕ СТЕПЕ БР. 520	44.738314	20.504423	objekat
Вождовац	62	ОШ "ВОЈВОДА СТЕПА"	Београд (Вождовац), ВОЈВОДЕ СТЕПЕ БР. 520	Београд (Вождовац)	ВОЈВОДЕ СТЕПЕ БР. 520	44.738314	20.504423	objekat
Вождовац	63	ДЗ "ЈАЈИНЦИ"	Београд (Вождовац), БУЛЕВАР ЈНА БР. 86	Београд (Вождовац)	БУЛЕВАР ЈНА БР. 86	44.740284	20.485676	objekat
Вождовац	64	ОШ "ЈАЈИНЦИ"	Београд (Вождовац), ИЛИЈЕ ПЕТРОВИЋА БР. 12	Београд (Вождовац)	ИЛИЈЕ ПЕТРОВИЋА БР. 12	44.736279	20.486812	objekat
Вождовац	65	МЗ "РАКОВИЦА СЕЛО"	Београд (Вождовац), БУЛЕВАР ЈНА БР. 30	Београд (Вождовац)	БУЛЕВАР ЈНА БР. 30	44.744907	20.478484	objekat
Вождовац	66	МЗ "БЕЛИ ПОТОК"	Београд (Вождовац), ВАСЕ ЧАРАПИЋА БР. 48	Београд (Вождовац)	ВАСЕ ЧАРАПИЋА БР. 48	44.717884	20.504063	ulica
Вождовац	67	ОШ "ВАСА ЧАРАПИЋ" - ИСТУРЕНО ОДЕЉЕЊЕ ПИНОСАВА	Београд (Вождовац), НОВА 3 БР. 59	Београд (Вождовац)	НОВА 3 БР. 59	44.787896	20.476988	objekat
Вождовац	68	ОШ "ВАСА ЧАРАПИЋ" - ИСТУРЕНО ОДЕЉЕЊЕ ЗУЦЕ	Зуце, НОВА 14 БР. 7	Зуце	НОВА 14 БР. 7	44.696311	20.553626	naselje
Вождовац	69	ОШ "ВУК КАРАЏИЋ"	Рипањ, ЕРЧАНСКА БР. 3	Рипањ	ЕРЧАНСКА БР. 3	44.640136	20.520312	objekat
Вождовац	70	ОШ "ВУК КАРАЏИЋ"	Рипањ, ЕРЧАНСКА БР. 3	Рипањ	ЕРЧАНСКА БР. 3	44.640136	20.520312	objekat
Вождовац	71	ОШ "ВОЈВОДА ПУТНИК" - ИСТУРЕНО ОДЕЉЕЊЕ	Рипањ, АВАЛСКА БР. 184	Рипањ	АВАЛСКА БР. 184	44.661761	20.508741	objekat
Вождовац	72	ОШ "ВОЈВОДА ПУТНИК"	Рипањ, ПУТ ЗА КОЛОНИЈУ БР. 12	Рипањ	ПУТ ЗА КОЛОНИЈУ БР. 12	44.667904	20.499296	objekat
Вождовац	73	ОШ "ВУК КАРАЏИЋ" - ИСТУРЕНО ОДЕЉЕЊЕ БРЂАНИ	Рипањ, БРЂАНСКА БР. 185	Рипањ	БРЂАНСКА БР. 185	44.619374	20.510781	objekat
Вождовац	74	ОШ "ВУК КАРАЏИЋ" - ИСТУРЕНО ОДЕЉЕЊЕ ПРЊАВОР	Рипањ, КРАГУЈЕВАЧКИ ПУТ 0	Рипањ	КРАГУЈЕВАЧКИ ПУТ 0	44.665222	20.542268	ulica
Вождовац	75	ТРЕШЊА - СТР "ДРАГАНА МАРКОВИЋ"	Рипањ, КРАГУЈЕВАЧКИ ПУТ БР. 567	Рипањ	КРАГУЈЕВАЧКИ ПУТ БР. 567	44.614792	20.557117	objekat
Вождовац	76	ОШ "МИЛАН Б. МИЛИЋЕВИЋ"	Београд (Вождовац), БОРИВОЈА СТЕВАНОВИЋА БР. 27А	Београд (Вождовац)	БОРИВОЈА СТЕВАНОВИЋА БР. 27А	44.774001	20.503827	objekat
Вождовац	77	ОШ "МИЛАН Б. МИЛИЋЕВИЋ"	Београд (Вождовац), БОРИВОЈА СТЕВАНОВИЋА БР. 27А	Београд (Вождовац)	БОРИВОЈА СТЕВАНОВИЋА БР. 27А	44.774001	20.503827	objekat
Вождовац	78	ОШ "МИЛАН Б. МИЛИЋЕВИЋ"	Београд (Вождовац), БОРИВОЈА СТЕВАНОВИЋА БР. 27А	Београд (Вождовац)	БОРИВОЈА СТЕВАНОВИЋА БР. 27А	44.774001	20.503827	objekat
Вождовац	79	ОШ "МИЛАН Б. МИЛИЋЕВИЋ"	Београд (Вождовац), БОРИВОЈА СТЕВАНОВИЋА БР. 27А	Београд (Вождовац)	БОРИВОЈА СТЕВАНОВИЋА БР. 27А	44.774001	20.503827	objekat
Вождовац	80	МЗ. БЕЛИ ПОТОК	Београд (Вождовац), ВАСЕ ЧАРАПИЋА БР. 48	Београд (Вождовац)	ВАСЕ ЧАРАПИЋА БР. 48	44.717884	20.504063	ulica
Вождовац	81	ОШ "ЈАЈИНЦИ"	Београд (Вождовац), ИЛИЈЕ ПЕТРОВИЋА БР. 12	Београд (Вождовац)	ИЛИЈЕ ПЕТРОВИЋА БР. 12	44.736279	20.486812	objekat
Вождовац	82	ОШ "ЂУРА ДАНИЧИЋ"	Београд (Вождовац), МЕШТРОВИЋЕВА БР. 19A	Београд (Вождовац)	МЕШТРОВИЋЕВА БР. 19A	44.769860	20.491537	objekat
Вождовац	83	МЗ "РАКОВИЦА СЕЛО"	Београд (Вождовац), БУЛЕВАР ЈНА БР. 30	Београд (Вождовац)	БУЛЕВАР ЈНА БР. 30	44.744907	20.478484	objekat
Вождовац	84	ОШ "ЈАЈИНЦИ"	Београд (Вождовац), ИЛИЈЕ ПЕТРОВИЋА БР. 12	Београд (Вождовац)	ИЛИЈЕ ПЕТРОВИЋА БР. 12	44.736279	20.486812	objekat
Вождовац	85	ДВ "ЛЕПТИРИЋ"	Београд (Вождовац), ГЕНЕРАЛА ВЛАДИМИРА КОНДИЋА-ЛАМЕЛА 2	Београд (Вождовац)	ГЕНЕРАЛА ВЛАДИМИРА КОНДИЋА-ЛАМЕЛА 2	44.787896	20.476988	objekat
Вождовац	86	ДВ "ЛЕПТИРИЋ"	Београд (Вождовац), ГЕНЕРАЛА ВЛАДИМИРА КОНДИЋА-ЛАМЕЛА 2	Београд (Вождовац)	ГЕНЕРАЛА ВЛАДИМИРА КОНДИЋА-ЛАМЕЛА 2	44.787896	20.476988	objekat
Вождовац	87	ОШ "ВОЈВОДА СТЕПА"	Београд (Вождовац), ВОЈВОДЕ СТЕПЕ БР. 520	Београд (Вождовац)	ВОЈВОДЕ СТЕПЕ БР. 520	44.738314	20.504423	objekat
Вождовац	88	ОШ "ДАНИЛО КИШ"	Београд (Вождовац), ГЕНЕРАЛА ШТЕФАНИКА БР. 6	Београд (Вождовац)	ГЕНЕРАЛА ШТЕФАНИКА БР. 6	44.759011	20.488501	objekat
Вождовац	89	ОШ "ДАНИЛО КИШ"	Београд (Вождовац), ГЕНЕРАЛА ШТЕФАНИКА БР. 6	Београд (Вождовац)	ГЕНЕРАЛА ШТЕФАНИКА БР. 6	44.759011	20.488501	objekat
Вождовац	90	ОШ "ВАСА ЧАРАПИЋ" - ИСТУРЕНО ОДЕЉЕЊЕ ПИНОСАВА	Пиносава, НОВА 3 БР. 59	Пиносава	НОВА 3 БР. 59	44.698864	20.459493	ulica
Вождовац	91	МЗ „ЈАЈИНЦИ"	Београд (Вождовац), БУЛЕВАР ЈНА 86	Београд (Вождовац)	БУЛЕВАР ЈНА 86	44.740284	20.485676	objekat
Вождовац	92	ОШ "ЈАЈИНЦИ"	Београд (Вождовац), ИЛИЈЕ ПЕТРОВИЋА БР. 12	Београд (Вождовац)	ИЛИЈЕ ПЕТРОВИЋА БР. 12	44.736279	20.486812	objekat
Вождовац	93	ОШ "КАРАЂОРЂЕ"	Београд (Вождовац), ЈОВЕ ИЛИЋА БР. 2	Београд (Вождовац)	ЈОВЕ ИЛИЋА БР. 2	44.784302	20.467425	objekat
Вождовац	94	НАЦИОНАЛНА АКАДЕМИЈА ЗА ЈАВНУ УПРАВУ	Београд (Вождовац), ВОЈВОДЕ СТЕПЕ БР. 51	Београд (Вождовац)	ВОЈВОДЕ СТЕПЕ БР. 51	44.783367	20.470762	objekat
Вождовац	95	ОСМА БЕОГРАДСКА ГИМНАЗИЈА ФИСКУЛТУРНА САЛА	Београд (Вождовац), ГРЧИЋА МИЛЕНКА БР. 71	Београд (Вождовац)	ГРЧИЋА МИЛЕНКА БР. 71	44.787676	20.489112	objekat
Вождовац	96	ШКОЛА ЗА НЕГУ ЛЕПОТЕ	Београд (Вождовац), ЈОВАНА СУБОТИЋА БР. 2	Београд (Вождовац)	ЈОВАНА СУБОТИЋА БР. 2	44.785297	20.481570	objekat
Вождовац	97	ШКОЛА ЗА ДИЗАЈН ТЕКСТИЛА	Београд (Вождовац), ВОЈИСЛАВА ИЛИЋА БР. 88	Београд (Вождовац)	ВОЈИСЛАВА ИЛИЋА БР. 88	44.788281	20.497358	objekat
Вождовац	98	ОШ "БОРА СТАНКОВИЋ"	Београд (Вождовац), ПАУНОВА БР. 19А	Београд (Вождовац)	ПАУНОВА БР. 19А	44.758173	20.478080	objekat
Вождовац	99	ОШ "БОРА СТАНКОВИЋ"	Београд (Вождовац), ПАУНОВА БР. 19А	Београд (Вождовац)	ПАУНОВА БР. 19А	44.758173	20.478080	objekat
Вождовац	100	ЕПСТУРС	Београд (Вождовац), ВОЈВОДЕ СТЕПЕ БР. 412A	Београд (Вождовац)	ВОЈВОДЕ СТЕПЕ БР. 412A	44.754891	20.489070	objekat
Вождовац	101	ДВ "1001 РАДОСТ"	Београд (Вождовац), СТРУМИЧКА БР. 88	Београд (Вождовац)	СТРУМИЧКА БР. 88	44.786256	20.495499	objekat
Вождовац	102	ОШ "МИЛАН Б. МИЛИЋЕВИЋ"	Београд (Вождовац), БОРИВОЈА СТЕВАНОВИЋА БР. 27А	Београд (Вождовац)	БОРИВОЈА СТЕВАНОВИЋА БР. 27А	44.774001	20.503827	objekat
Вождовац	103	ОШ "ЗМАЈ ЈОВА ЈОВАНОВИЋ"	Београд (Вождовац), МЕШТРОВИЋЕВА БР. 19	Београд (Вождовац)	МЕШТРОВИЋЕВА БР. 19	44.770784	20.490656	objekat
Вождовац	104	МЗ "МИТРОВО БРДО"	Београд (Вождовац), ЗАПЛАЊСКА БР. 86	Београд (Вождовац)	ЗАПЛАЊСКА БР. 86	44.766196	20.497435	objekat
Вождовац	105	МЗ "МИТРОВО БРДО"	Београд (Вождовац), ЗАПЛАЊСКА БР. 86	Београд (Вождовац)	ЗАПЛАЊСКА БР. 86	44.766196	20.497435	objekat
Вождовац	106	МЗ "КУМОДРАЖ-ЈЕДАН"	Београд (Вождовац), СТАРА БР. 1	Београд (Вождовац)	СТАРА БР. 1	44.744408	20.500911	objekat
Вождовац	107	ДВ "МАЛА СИРЕНА"	Београд (Вождовац), КАПЛАРА МОМЧИЛА ГАВРИЋА БР. 14	Београд (Вождовац)	КАПЛАРА МОМЧИЛА ГАВРИЋА БР. 14	44.758592	20.487341	objekat
Врање	1	ОШ "РАДОЈЕ ДОМАНОВИЋ"	Врање, ПАРТИЗАНСКИ ПУТ БР.3	Врање	ПАРТИЗАНСКИ ПУТ БР.3	42.542583	21.903475	objekat
Врање	2	ОШ "РАДОЈЕ ДОМАНОВИЋ"	Врање, ПАРТИЗАНСКИ ПУТ БР.3	Врање	ПАРТИЗАНСКИ ПУТ БР.3	42.542583	21.903475	objekat
Врање	3	МЗ "ДВА БРЕСТА"	Врање, 4. ЈУЛА БР. 2	Врање	4. ЈУЛА БР. 2	42.555602	21.904089	objekat
Врање	4	ОШ "СВЕТОЗАР МАРКОВИЋ"	Врање, ФРАНЦУСКА БР.39	Врање	ФРАНЦУСКА БР.39	42.533091	21.898755	objekat
Врање	5	ОШ "СВЕТОЗАР МАРКОВИЋ"	Врање, ФРАНЦУСКА БР.39	Врање	ФРАНЦУСКА БР.39	42.533091	21.898755	objekat
Врање	6	ОШ "СВЕТОЗАР МАРКОВИЋ"	Врање, ФРАНЦУСКА БР.39	Врање	ФРАНЦУСКА БР.39	42.533091	21.898755	objekat
Врање	7	УПРАВА ТЕКИЈА	Врање, ТРГ НЕМАЊИЋА БР.22 (РАНИЈЕ ТРГ БРАТСТВА И ЈЕДИНСТВА БР.22)	Врање	ТРГ НЕМАЊИЋА БР.22 (РАНИЈЕ ТРГ БРАТСТВА И ЈЕДИНСТВА БР.22)	42.554351	21.897900	naselje
Врање	8	ЈКП "КОМРАД" - ПИЈАЧНА УПРАВА ТЕКИЈА	Врање, ТРГ НЕМАЊИЋА БР.22 (РАНИЈЕ ТРГ БРАТСТВА И ЈЕДИНСТВА БР.22)	Врање	ТРГ НЕМАЊИЋА БР.22 (РАНИЈЕ ТРГ БРАТСТВА И ЈЕДИНСТВА БР.22)	42.554351	21.897900	naselje
Врање	9	ЛОКАЛ ПЕШИЋ ПЕТРОВИЋ ЛИДИЈЕ - „ПЕДИНА ПРОДАВНИЦА"	Врање, ПАРТИЗАНСКИ ПУТ БР.340/Г	Врање	ПАРТИЗАНСКИ ПУТ БР.340/Г	42.538415	21.903810	ulica
Врање	10	ЈП ВОДОВОД	Врање, БЕОГРАДСКА БР. 63	Врање	БЕОГРАДСКА БР. 63	42.550868	21.895947	objekat
Врање	11	ОШ "ЈОВАН ЈОВАНОВИЋ ЗМАЈ"	Врање, ЈУЖНОМОРАВСКА БР. 9	Врање	ЈУЖНОМОРАВСКА БР. 9	42.548773	21.892479	objekat
Врање	12	ШОСО "ВУЛЕ АНТИЋ"	Врање, РАДНИХ БРИГАДА БР.11	Врање	РАДНИХ БРИГАДА БР.11	42.544704	21.882622	objekat
Врање	13	ШОСО "ВУЛЕ АНТИЋ"	Врање, РАДНИХ БРИГАДА БР.11	Врање	РАДНИХ БРИГАДА БР.11	42.544704	21.882622	objekat
Врање	14	ОСНОВНА ШКОЛА	Врање, ПИЛОТА МИЛЕНКА ПАВЛОВИЋА БР.2	Врање	ПИЛОТА МИЛЕНКА ПАВЛОВИЋА БР.2	42.543106	21.874147	objekat
Врање	15	МЗ "ОЏИНКА"	Врање, СЛОБОДАНА ПЕНЕЗИЋА БР. 25А	Врање	СЛОБОДАНА ПЕНЕЗИЋА БР. 25А	42.551016	21.889353	objekat
Врање	16	ЛОКАЛ РАНЂЕЛОВИЋ ЖИВКЕ	Врање, МОРАВСКЕ ДИВИЗИЈЕ БР.28/1 (ЂУРЕ ЂАКОВИЋА 28/1)	Врање	МОРАВСКЕ ДИВИЗИЈЕ БР.28/1 (ЂУРЕ ЂАКОВИЋА 28/1)	42.554351	21.897900	naselje
Врање	17	ОШ "БРАНКО РАДИЧЕВИЋ"	Врање, ДРАГУТИНА ЈОВАНОВИЋА БР.1А	Врање	ДРАГУТИНА ЈОВАНОВИЋА БР.1А	42.548112	21.884504	objekat
Врање	18	ОШ "БРАНКО РАДИЧЕВИЋ"	Врање, ДРАГУТИНА ЈОВАНОВИЋА БР.1А	Врање	ДРАГУТИНА ЈОВАНОВИЋА БР.1А	42.548112	21.884504	objekat
Врање	19	МЗ "СОБИНА"	Врање, ЦЕТИЊСКА БР. 33	Врање	ЦЕТИЊСКА БР. 33	42.556038	21.884633	objekat
Врање	20	ПЕДАГОШКИ ФАКУЛТЕТ	Врање, ПАРТИЗАНСКА БР. 14	Врање	ПАРТИЗАНСКА БР. 14	42.552717	21.894978	objekat
Врање	21	ПЕДАГОШКИ ФАКУЛТЕТ	Врање, ПАРТИЗАНСКА БР. 14	Врање	ПАРТИЗАНСКА БР. 14	42.552717	21.894978	objekat
Врање	22	НАРОДНИ УНИВЕРЗИТЕТ	Врање, КНЕЗА МИЛОША БР. 25	Врање	КНЕЗА МИЛОША БР. 25	42.555140	21.893344	objekat
Врање	23	МЗ "ТУЛБЕ"	Врање, КРАЉА АЛЕКСАНДРА КАРАЂОРЂЕВИЋА БР. 47 (МАТИЈЕ ГУПЦА БР.47)	Врање	КРАЉА АЛЕКСАНДРА КАРАЂОРЂЕВИЋА БР. 47 (МАТИЈЕ ГУПЦА БР.47)	42.554351	21.897900	naselje
Врање	24	ЛОКАЛ ВЕЛИЧКОВИЋ АЛЕКСАНДРА	Врање, ТАНАСКА РАЈИЋА БР. 23	Врање	ТАНАСКА РАЈИЋА БР. 23	42.560479	21.899632	objekat
Врање	25	СУБНОР	Врање, КРАЉА МИЛАНА БР. 41	Врање	КРАЉА МИЛАНА БР. 41	42.556967	21.898619	objekat
Врање	26	ОШ "ВУК КАРАЏИЋ"	Врање, ПИОНИРСКА БР. 5	Врање	ПИОНИРСКА БР. 5	42.554459	21.898547	objekat
Врање	27	МЗ "БУЈКОВСКИ МОСТ"	Врање, ГРАЧАНИЧКА БР. 2	Врање	ГРАЧАНИЧКА БР. 2	42.554479	21.905648	objekat
Врање	28	ДЕЧЈИ ВРТИЋ ЗВОНЧИЦА	Врање, КАЈМАКЧАЛАНСКА БР.22	Врање	КАЈМАКЧАЛАНСКА БР.22	42.560454	21.903403	objekat
Врање	29	ДЕЧЈИ ВРТИЋ ЗВОНЧИЦА	Врање, КАЈМАКЧАЛАНСКА БР.22	Врање	КАЈМАКЧАЛАНСКА БР.22	42.560454	21.903403	objekat
Врање	30	ЛОКАЛ КИТАНОВИЋ СИНИШЕ	Врање, КРАЉЕВИЋА МАРКА БР. 72	Врање	КРАЉЕВИЋА МАРКА БР. 72	42.556802	21.906376	objekat
Врање	31	ПОЉОПРИВРЕДНА СТРУЧНА САВЕТОДАВНА СЛУЖБА	Врање, МАРИЧКА БР. 3	Врање	МАРИЧКА БР. 3	42.552240	21.911281	objekat
Врање	32	ЈП ЕПС ДИСТРИБУЦИЈА ВРАЊЕ	Врање, МАРИЧКА БР.8	Врање	МАРИЧКА БР.8	42.550038	21.913645	objekat
Врање	33	ЈП ЕПС ДИСТРИБУЦИЈА ВРАЊЕ	Врање, МАРИЧКА БР.8	Врање	МАРИЧКА БР.8	42.550038	21.913645	objekat
Врање	34	ЛОКАЛ МИТИЋ СЛАВИЦЕ „РУДИНА"	Врање, КАЈМАКЧАЛАНСКА БР. 53	Врање	КАЈМАКЧАЛАНСКА БР. 53	42.561978	21.905880	objekat
Врање	35	ОСНОВНА ШКОЛА	Мечковац, МЕЧКОВАЦ БР.2	Мечковац	МЕЧКОВАЦ БР.2	42.576111	21.929722	naselje
Врање	36	КУЋА СТАМЕНКОВИЋ СЛОБОДАНА	Балиновац, БАЛИНОВАЧКА БР. 10	Балиновац	БАЛИНОВАЧКА БР. 10			nije_nadjeno
Врање	37	УДРУЖЕЊЕ ПЕНЗИОНЕРА	Врање, ДР ДИМИТРИЈА ЈОВЧИЋА БР. 23 (ЛЕЊИНОВА БР. 23)	Врање	ДР ДИМИТРИЈА ЈОВЧИЋА БР. 23 (ЛЕЊИНОВА БР. 23)	42.554351	21.897900	naselje
Врање	38	ЕКОНОМСКА ШКОЛА	Врање, ЕСПЕРАНТО БР. 1	Врање	ЕСПЕРАНТО БР. 1	42.549531	21.906870	objekat
Врање	39	ЕКОНОМСКА ШКОЛА	Врање, ЕСПЕРАНТО БР. 1	Врање	ЕСПЕРАНТО БР. 1	42.549531	21.906870	objekat
Врање	40	ПОЉОПРИВРЕДНО-ВЕТЕРИНАРСКА ШКОЛА	Врање, БУЛЕВАР ПАТРИЈАРХА ПАВЛА БР.2 (БУЛЕВАР АВНОЈА БР.2)	Врање	БУЛЕВАР ПАТРИЈАРХА ПАВЛА БР.2 (БУЛЕВАР АВНОЈА БР.2)	42.554351	21.897900	naselje
Врање	41	ТЕХНИЧКА ШКОЛА	Врање, БУЛЕВАР ПАТРИЈАРХА ПАВЛА БР. 2 (БУЛЕВАР АВНОЈА БР.2)	Врање	БУЛЕВАР ПАТРИЈАРХА ПАВЛА БР. 2 (БУЛЕВАР АВНОЈА БР.2)	42.544951	21.903846	objekat
Врање	42	ТЕХНИЧКА ШКОЛА	Врање, БУЛЕВАР ПАТРИЈАРХА ПАВЛА БР. 2 (БУЛЕВАР АВНОЈА БР.2)	Врање	БУЛЕВАР ПАТРИЈАРХА ПАВЛА БР. 2 (БУЛЕВАР АВНОЈА БР.2)	42.544951	21.903846	objekat
Врање	43	АКАДЕМИЈА ТЕХНИЧКО ВАСПИТАЧКИХ СТРУКОВНИХ СТУДИЈА (ВИША ШКОЛА ПРИМЕЊЕНИХ СТРУКОВНИХ СТУДИЈА)	Врање, ФИЛИПА ФИЛИПОВИЋА БР.18А	Врање	ФИЛИПА ФИЛИПОВИЋА БР.18А	42.542577	21.905261	objekat
Врање	44	МЕСНА ЗАЈЕДНИЦА	Барелић, БАРЕЛИЋ БР.4	Барелић	БАРЕЛИЋ БР.4	42.466680	22.048046	naselje
Врање	45	ОСНОВНА ШКОЛА	Вишевце, ВИШЕВЦЕ БР.63	Вишевце	ВИШЕВЦЕ БР.63	42.474773	22.042115	objekat
Врање	46	ОСНОВНА ШКОЛА	Коћура, КОЋУРА БР.52	Коћура	КОЋУРА БР.52	42.448538	22.077957	drugo:natural
Врање	47	КУЋА СТОЈАНА СТОЈИЉКОВИЋА	Нова Брезовица, НОВА БРЕЗОВИЦА БР.1	Нова Брезовица	НОВА БРЕЗОВИЦА БР.1	42.464722	22.083889	naselje
Врање	48	ОСНОВНА ШКОЛА	Буштрање, БУШТРАЊЕ БР.146	Буштрање	БУШТРАЊЕ БР.146	42.406687	21.920141	ulica
Врање	49	ОСНОВНА ШКОЛА	Миланово, МИЛАНОВО БР.3	Миланово	МИЛАНОВО БР.3	42.443333	21.896389	naselje
Врање	50	ОСНОВНА ШКОЛА	Бресница, БРЕСНИЦА БР.30	Бресница	БРЕСНИЦА БР.30	42.569410	21.962001	naselje
Врање	51	ОСНОВНА ШКОЛА	Бресница, БРЕСНИЦА БР.30	Бресница	БРЕСНИЦА БР.30	42.569410	21.962001	naselje
Врање	52	ЛОКАЛ АЛЕКСАНДРОВ ПЕТРА	Суви Дол, СУВИ ДОЛ КРАЉА ПЕТРА ПРВОГ БР.20	Суви Дол	СУВИ ДОЛ КРАЉА ПЕТРА ПРВОГ БР.20	42.554648	21.937121	naselje
Врање	53	ОСНОВНА ШКОЛА	Власе, ВЛАСЕ БР. ЗБ	Власе	ВЛАСЕ БР. ЗБ	42.694865	21.867294	naselje
Врање	54	ОСНОВНА ШКОЛА	Ушевце, УШЕВЦЕ БР. 87	Ушевце	УШЕВЦЕ БР. 87	42.677534	21.880924	naselje
Врање	55	ОСНОВНА ШКОЛА	Смиљевић, СМИЉЕВИЋ БР.42	Смиљевић	СМИЉЕВИЋ БР.42	42.669993	21.907182	naselje
Врање	56	ОСНОВНА ШКОЛА	Станце, СТАНЦЕ БР.2	Станце	СТАНЦЕ БР.2	42.682321	21.860179	naselje
Врање	57	ОСНОВНА ШКОЛА	Трстена, ТРСТЕНА БР.1	Трстена	ТРСТЕНА БР.1	42.685747	21.789055	naselje
Врање	58	КУЋА ЈОВИЋ СТАНИШЕ	Крушева Глава, КРУШЕВА ГЛАВА БР.67	Крушева Глава	КРУШЕВА ГЛАВА БР.67	42.717778	21.907778	naselje
Врање	59	ОСНОВНА ШКОЛА	Стрешак, СТРЕШАК БР.61	Стрешак	СТРЕШАК БР.61	42.707084	21.911457	naselje
Врање	60	ОСНОВНА ШКОЛА	Градња, ГРАДЊА БР.49	Градња	ГРАДЊА БР.49	42.702500	21.888889	naselje
Врање	61	ОМЛАДИНСКИ КЛУБ	Вртогош, ВРТОГОШ НАРОДНОГ ФРОНТА 20A	Вртогош	ВРТОГОШ НАРОДНОГ ФРОНТА 20A	42.499648	21.812245	objekat
Врање	62	СПОРТСКИ ЦЕНТАР МЕСНА ЗАЈЕДНИЦА	Вртогош, ВРТОГОШ НАРОДНОГ ФРОНТА 16	Вртогош	ВРТОГОШ НАРОДНОГ ФРОНТА 16	42.499648	21.812245	objekat
Врање	63	МЕСНА ЗАЈЕДНИЦА	Големо Село, ГОЛЕМО СЕЛО БР.27Б	Големо Село	ГОЛЕМО СЕЛО БР.27Б	42.714346	21.857201	naselje
Врање	64	КУЋА МЛАДЕНОВИЋ ГОРАНА	Студена, СТУДЕНА БР.26	Студена	СТУДЕНА БР.26	42.738973	21.856451	naselje
Врање	65	АМБУЛАНТА	Мијовце, МИЈОВЦЕ БР.2А	Мијовце	МИЈОВЦЕ БР.2А	42.742431	21.815956	naselje
Врање	66	ОСНОВНА ШКОЛА	Лалинце, ЛАЛИНЦЕ БР.39	Лалинце	ЛАЛИНЦЕ БР.39	42.762222	21.832778	naselje
Врање	67	КУЋА ЖИВКОВИЋ ДРАГАНА	Оштра Глава, ОШТРА ГЛАВА БР.З	Оштра Глава	ОШТРА ГЛАВА БР.З	42.726944	21.820556	naselje
Врање	68	МЕСНА ЗАЈЕДНИЦА	Дреновац, ДРЕНОВАЦ БР.33	Дреновац	ДРЕНОВАЦ БР.33	42.631111	21.883056	naselje
Врање	69	ОСНОВНА ШКОЛА	Сикирје, СИКИРЈЕ БР.1	Сикирје	СИКИРЈЕ БР.1	42.646043	21.900567	naselje
Врање	70	МЕСНА КАНЦЕЛАРИЈА	Дубница, ДУБНИЦА МИЛОША ОБИЛИЋА БР.19	Дубница	ДУБНИЦА МИЛОША ОБИЛИЋА БР.19	42.535761	21.846430	objekat
Врање	71	ОСНОВНА ШКОЛА	Содерце, СОДЕРЦЕ БР.102	Содерце	СОДЕРЦЕ БР.102	42.552545	21.855072	naselje
Врање	72	СЕОСКИ ДОМ ЗА ОДРЖАВАЊЕ ЗБОРОВА	Стропско, СТРОПСКО БР.113	Стропско	СТРОПСКО БР.113	42.531861	21.860498	naselje
Врање	73	ОСНОВНА ШКОЛА	Катун, КАТУН РАДНИЧКА БР.1	Катун	КАТУН РАДНИЧКА БР.1	42.518056	21.830278	naselje
Врање	74	ОСНОВНА ШКОЛА	Лепчинце, ЛЕПЧИНЦЕ БР.8	Лепчинце	ЛЕПЧИНЦЕ БР.8	42.416944	21.987778	naselje
Врање	75	ОСНОВНА ШКОЛА	Моштаница, МОШТАНИЦА БР.106	Моштаница	МОШТАНИЦА БР.106	42.575638	21.976181	naselje
Врање	76	МЕСНА ЗАЈЕДНИЦА	Доњи Нерадовац, ДОЊИ НЕРАДОВАЦ БР.3	Доњи Нерадовац	ДОЊИ НЕРАДОВАЦ БР.3	42.508768	21.879562	naselje
Врање	77	ЛОКАЛ СИМОНОВИЋ РАТКЕ	Рибинце, РИБИНЦЕ БР.ББ	Рибинце	РИБИНЦЕ БР.ББ	42.515794	21.894227	naselje
Врање	78	ОСНОВНА ШКОЛА	Павловац, ПАВЛОВАЦ БР.46	Павловац	ПАВЛОВАЦ БР.46	42.491667	21.853611	naselje
Врање	79	ОСНОВНА ШКОЛА	Ратаје, РАТАЈЕ ШКОЛСКА БР.18	Ратаје	РАТАЈЕ ШКОЛСКА БР.18	42.487222	21.877500	naselje
Врање	80	ОСНОВНА ШКОЛА	Александровац, АЛЕКСАНДРОВАЦ БР.64	Александровац	АЛЕКСАНДРОВАЦ БР.64	42.484444	21.897778	naselje
Врање	81	ОСНОВНА ШКОЛА	Доње Жапско, ДОЊЕ ЖАПСКО БР.54	Доње Жапско	ДОЊЕ ЖАПСКО БР.54	42.458889	21.899444	naselje
Врање	82	СЕОСКА ЗГРАДА	Црни Луг, ЦРНИ ЛУГ ТИКВАРСКА 10	Црни Луг	ЦРНИ ЛУГ ТИКВАРСКА 10	42.471683	21.883534	naselje
Врање	83	ОСНОВНА ШКОЛА	Ристовац, РИСТОВАЦ БР.30	Ристовац	РИСТОВАЦ БР.30	42.466334	21.842788	drugo:railway
Врање	84	ОСНОВНА ШКОЛА	Давидовац, ДАВИДОВАЦ БР.5	Давидовац	ДАВИДОВАЦ БР.5	42.477778	21.831944	naselje
Врање	85	МЕСНА КАНЦЕЛАРИЈА	Тесовиште, ТЕСОВИШТЕ БР.36	Тесовиште	ТЕСОВИШТЕ БР.36	42.617807	21.943526	naselje
Врање	86	ОСНОВНА ШКОЛА	Тибужде, ТИБУЖДЕ ЛУКОВСКИ ПУТ БР.4А	Тибужде	ТИБУЖДЕ ЛУКОВСКИ ПУТ БР.4А	42.502591	21.947262	naselje
Врање	87	ОСНОВНА ШКОЛА	Луково, ЛУКОВО БР.4	Луково	ЛУКОВО БР.4	42.487146	21.972430	naselje
Врање	88	ОСНОВНА ШКОЛА	Златокоп, ЗЛАТОКОП БР 83	Златокоп	ЗЛАТОКОП БР 83	42.511360	21.921107	objekat
Врање	89	ОСНОВНА ШКОЛА	Доње Требешиње, ДОЊЕ ТРЕБЕШИЊЕ БР.78	Доње Требешиње	ДОЊЕ ТРЕБЕШИЊЕ БР.78	42.488645	21.925490	naselje
Врање	90	ОСНОВНА ШКОЛА	Горње Требешиње, ГОРЊЕ ТРЕБЕШИЊЕ СРПСКА 105A	Горње Требешиње	ГОРЊЕ ТРЕБЕШИЊЕ СРПСКА 105A	42.479167	21.953889	naselje
Врање	91	КУЋА РАДОСЛАВА МИТОРИВИЋА	Преображење, ПРЕОБРАЖЕЊЕ ДР ЂОРЂА ТАСИЋА 21	Преображење	ПРЕОБРАЖЕЊЕ ДР ЂОРЂА ТАСИЋА 21	42.473751	21.931710	naselje
Врање	92	ОСНОВНА ШКОЛА	Ћуковац, ЋУКОВАЦ ЦАРСКИ ДРУМ БР.85	Ћуковац	ЋУКОВАЦ ЦАРСКИ ДРУМ БР.85	42.534824	21.946215	naselje
Врање	93	МЗ ВРАЊСКА БАЊА	Врањска Бања, ВРАЊСКА БАЊА БОРЕ СТАНКОВИЋА БР.1	Врањска Бања	ВРАЊСКА БАЊА БОРЕ СТАНКОВИЋА БР.1	42.546907	22.001697	naselje
Врање	94	ОСНОВНА ШКОЛА	Изумно, ИЗУМНО БР.51Г	Изумно	ИЗУМНО БР.51Г	42.542324	22.023521	naselje
Врање	95	ОШ "ПРЕДРАГ ДЕВЕЏИЋ"	Врањска Бања, ВРАЊСКА БАЊА КРАЉА ПЕТРА ПРВОГ ОСЛОБОДИОЦА БР. 44	Врањска Бања	ВРАЊСКА БАЊА КРАЉА ПЕТРА ПРВОГ ОСЛОБОДИОЦА БР. 44	42.545638	22.008600	objekat
Врање	96	ЛОКАЛ СТАНИШЕ ИЛИЋА	Бујковац, БУЈКОВАЦ БР.161	Бујковац	БУЈКОВАЦ БР.161	42.561111	22.018889	naselje
Врање	97	КУЋА СТАНОЈЕВИЋ Ч. ГОРАНА	Врањска Бања, ВРАЊСКА БАЊА ЈУЖНОМОРАВСКИХ БРИГАДА 92	Врањска Бања	ВРАЊСКА БАЊА ЈУЖНОМОРАВСКИХ БРИГАДА 92	42.568680	21.982661	drugo:railway
Врање	98	КОМБИНАТ "ЦВЕЋЕ"	Врањска Бања, ВРАЊСКА БАЊА КРАЉА ПЕТРА ПРВОГ ОСЛОБОДИОЦА БР. 136	Врањска Бања	ВРАЊСКА БАЊА КРАЉА ПЕТРА ПРВОГ ОСЛОБОДИОЦА БР. 136	42.545638	22.008600	objekat
Врање	99	КОМБИНАТ "ЦВЕЋЕ"	Врањска Бања, ВРАЊСКА БАЊА КРАЉА ПЕТРА ПРВОГ ОСЛОБОДИОЦА БР. 136	Врањска Бања	ВРАЊСКА БАЊА КРАЉА ПЕТРА ПРВОГ ОСЛОБОДИОЦА БР. 136	42.545638	22.008600	objekat
Врање	100	ДП "ЖИВИНОПРОДУКТ"	Врањска Бања, ВРАЊСКА БАЊА КРАЉА ПЕТРА ПРВОГ ОСЛОБОДИОЦА БР.140	Врањска Бања	ВРАЊСКА БАЊА КРАЉА ПЕТРА ПРВОГ ОСЛОБОДИОЦА БР.140	42.545638	22.008600	objekat
Врање	101	ОСНОВНА ШКОЛА	Кумарево, КУМАРЕВО БР.59Б	Кумарево	КУМАРЕВО БР.59Б	42.556637	21.975135	naselje
Врање	102	ОСНОВНА ШКОЛА	Топлац, ТОПЛАЦ БР.75	Топлац	ТОПЛАЦ БР.75	42.544741	21.958364	naselje
Врање	103	МЕСНА ЗАЈЕДНИЦА	Корбевац, КОРБЕВАЦ РУСКИ ПУТ БР. 170	Корбевац	КОРБЕВАЦ РУСКИ ПУТ БР. 170	42.589650	22.013172	naselje
Врање	104	ЛОКАЛ АНЂЕЛКОВИЋ ГОРАНА	Превалац, ПРЕВАЛАЦ БР.48	Превалац	ПРЕВАЛАЦ БР.48	42.598333	22.025556	naselje
Врање	105	ОСНОВНА ШКОЛА	Себеврање, СЕБЕВРАЊЕ БР.37	Себеврање	СЕБЕВРАЊЕ БР.37	42.594577	22.068610	naselje
Врање	106	ОСНОВНА ШКОЛА	Паневље, ПАНЕВЉЕ БР.38	Паневље	ПАНЕВЉЕ БР.38	42.604167	22.036389	naselje
Врање	107	ОСНОВНА ШКОЛА	Клисурица, КЛИСУРИЦА БР.96	Клисурица	КЛИСУРИЦА БР.96	42.577232	22.083790	naselje
Врање	108	ОСНОВНА ШКОЛА	Крива Феја, КРИВА ФЕЈА БР.159	Крива Феја	КРИВА ФЕЈА БР.159	42.558594	22.174463	objekat
Врање	109	ОСНОВНА ШКОЛА	Несврта, НЕСВРТА БР.11	Несврта	НЕСВРТА БР.11	42.578233	22.137189	naselje
Врање	110	ОСНОВНА ШКОЛА	Првонек, ПРВОНЕК БР. 1	Првонек	ПРВОНЕК БР. 1	42.510565	22.070529	naselje
Врање	111	ОСНОВНА ШКОЛА	Сливница, СЛИВНИЦА БР.44	Сливница	СЛИВНИЦА БР.44	42.543617	22.098410	naselje
Врање	112	КУЋА СТАНЕ СТАНКОВИЋ	Дуга Лука, ДУГА ЛУКА БР.6Б	Дуга Лука	ДУГА ЛУКА БР.6Б	42.526389	22.054722	naselje
Врање	113	МЕСНА КАНЦЕЛАРИЈА	Стари Глог, СТАРИ ГЛОГ БР.40	Стари Глог	СТАРИ ГЛОГ БР.40	42.473167	22.137923	naselje
Врачар	1	МУЗИЧКА ШКОЛА "МОКРАЊАЦ"	Београд (Врачар), КРУНСКА БР. 8	Београд (Врачар)	КРУНСКА БР. 8	44.808682	20.465145	objekat
Врачар	2	МУЗИЧКА ШКОЛА "МОКРАЊАЦ"	Београд (Врачар), КРУНСКА БР. 8	Београд (Врачар)	КРУНСКА БР. 8	44.808682	20.465145	objekat
Врачар	3	ПРИВРЕДНА КОМОРА СРБИЈЕ	Београд (Врачар), РЕСАВСКА БР. 15	Београд (Врачар)	РЕСАВСКА БР. 15	44.808339	20.466600	objekat
Врачар	4	III БЕОГРАДСКА ГИМНАЗИЈА	Београд (Врачар), ЊЕГОШЕВА БР. 15	Београд (Врачар)	ЊЕГОШЕВА БР. 15	44.805371	20.466884	objekat
Врачар	5	III БЕОГРАДСКА ГИМНАЗИЈА	Београд (Врачар), ЊЕГОШЕВА БР. 15	Београд (Врачар)	ЊЕГОШЕВА БР. 15	44.805371	20.466884	objekat
Врачар	6	III БЕОГРАДСКА ГИМНАЗИЈА	Београд (Врачар), ДЕСАНКЕ МАКСИМОИЋ БР. 6	Београд (Врачар)	ДЕСАНКЕ МАКСИМОИЋ БР. 6	44.803596	20.475828	objekat
Врачар	7	III БЕОГРАДСКА ГИМНАЗИЈА	Београд (Врачар), ЊЕГОШЕВА БР. 15	Београд (Врачар)	ЊЕГОШЕВА БР. 15	44.805371	20.466884	objekat
Врачар	8	III БЕОГРАДСКА ГИМНАЗИЈА	Београд (Врачар), ЊЕГОШЕВА БР. 15	Београд (Врачар)	ЊЕГОШЕВА БР. 15	44.805371	20.466884	objekat
Врачар	9	ПОСЛОВНИ ПРОСТОР ХЕМОФАРМ А.Д.	Београд (Врачар), ПРОТЕ МАТЕЈЕ БР. 70	Београд (Врачар)	ПРОТЕ МАТЕЈЕ БР. 70	44.806303	20.472067	objekat
Врачар	10	ГЕРОНТОЛОШКИ ЦЕНТАР БЕОГРАД - РЈ ДНЕВНИ БОРАВАК И КЛУБОВИ	Београд (Врачар), ПРОТЕ МАТЕЈЕ БР. 36	Београд (Врачар)	ПРОТЕ МАТЕЈЕ БР. 36	44.804028	20.469430	objekat
Врачар	11	ДЕЧИЈИ ВРТИЋ БИСЕР	Београд (Врачар), СВЕТОЗАРА МАРКОВИЋА БР. 14-16	Београд (Врачар)	СВЕТОЗАРА МАРКОВИЋА БР. 14-16	44.806681	20.467567	ulica
Врачар	12	ДЕЧИЈИ ВРТИЋ НАДА ПУРИЋ	Београд (Врачар), КРУНСКА БР. 68	Београд (Врачар)	КРУНСКА БР. 68	44.803640	20.472036	objekat
Врачар	13	ЗГРАДА РЕПУБЛИЧКИХ ОРГАНА-АНЕКС/БИВША ЛОЛА	Београд (Врачар), БУЛЕВАР КРАЉА АЛЕКСАНДРА БР. 84	Београд (Врачар)	БУЛЕВАР КРАЉА АЛЕКСАНДРА БР. 84	44.805346	20.474290	objekat
Врачар	14	III БЕОГРАДСКА ГИМНАЗИЈА	Београд (Врачар), ЊЕГОШЕВА БР. 15	Београд (Врачар)	ЊЕГОШЕВА БР. 15	44.805371	20.466884	objekat
Врачар	15	III БЕОГРАДСКА ГИМНАЗИЈА	Београд (Врачар), ЊЕГОШЕВА БР. 15	Београд (Врачар)	ЊЕГОШЕВА БР. 15	44.805371	20.466884	objekat
Врачар	16	ГО ВРАЧАР	Београд (Врачар), ЊЕГОШЕВА БР. 77	Београд (Врачар)	ЊЕГОШЕВА БР. 77	44.800647	20.474323	objekat
Врачар	17	XIV БЕОГРАДСКА ГИМНАЗИЈА	Београд (Врачар), ХАЏИ ПРОДАНОВА БР. 5	Београд (Врачар)	ХАЏИ ПРОДАНОВА БР. 5	44.803146	20.475213	objekat
Врачар	18	XIV БЕОГРАДСКА ГИМНАЗИЈА	Београд (Врачар), ХАЏИ ПРОДАНОВА БР. 5	Београд (Врачар)	ХАЏИ ПРОДАНОВА БР. 5	44.803146	20.475213	objekat
Врачар	19	ДРУШТВО ПЧЕЛАРА БЕОГРАД	Београд (Врачар), МОЛЕРОВА БР. 13	Београд (Врачар)	МОЛЕРОВА БР. 13	44.801482	20.471040	objekat
Врачар	20	XIV БЕОГРАДСКА ГИМНАЗИЈА	Београд (Врачар), ХАЏИ ПРОДАНОВА БР. 5	Београд (Врачар)	ХАЏИ ПРОДАНОВА БР. 5	44.803146	20.475213	objekat
Врачар	21	ДЗ „ВРАЧАР"- ЗУБНА АМБУЛАНТА	Београд (Врачар), КНЕГИЊЕ ЗОРКА БР.15	Београд (Врачар)	КНЕГИЊЕ ЗОРКА БР.15	44.803596	20.475828	objekat
Врачар	22	ИНСТИТУТ ЗА ТРАНСФУЗИЈУ КРВИ	Београд (Врачар), СВЕТОГ САВЕ БР. 39	Београд (Врачар)	СВЕТОГ САВЕ БР. 39	44.799682	20.468460	objekat
Врачар	23	ИНСТИТУТ ЗА ЈАВНО ЗДРАВЉЕ СРБИЈЕ „ДР МИЛАН ЈОВАНОВИЋ БАТУТ"	Београд (Врачар), НИКОЛАЈА КРАСНОВА БР.13	Београд (Врачар)	НИКОЛАЈА КРАСНОВА БР.13	44.799850	20.469483	objekat
Врачар	24	ИНСТИТУТ ЗА ТРАНСФУЗИЈУ КРВИ	Београд (Врачар), СВЕТОГ САВЕ БР. 39	Београд (Врачар)	СВЕТОГ САВЕ БР. 39	44.799682	20.468460	objekat
Врачар	25	ЈП ДИРЕКЦИЈА ЗА ГРАЂЕВИСКО ЗЕМЉИШТЕ И ИЗГРАДЊУ БЕОГРАДА	Београд (Врачар), ЊЕГОШЕВА БР. 84	Београд (Врачар)	ЊЕГОШЕВА БР. 84	44.799608	20.475093	objekat
Врачар	26	ГО ВРАЧАР	Београд (Врачар), ЊЕГОШЕВА БР. 77	Београд (Врачар)	ЊЕГОШЕВА БР. 77	44.800647	20.474323	objekat
Врачар	27	XIV БЕОГРАДСКА ГИМНАЗИЈА	Београд (Врачар), ХАЏИ ПРОДАНОВА БР. 5	Београд (Врачар)	ХАЏИ ПРОДАНОВА БР. 5	44.803146	20.475213	objekat
Врачар	28	ОШ "ЈОВАН МИОДРАГОВИЋ"	Београд (Врачар), ВОЈВОДЕ ДРАГОМИРА БР. 1	Београд (Врачар)	ВОЈВОДЕ ДРАГОМИРА БР. 1	44.799857	20.478964	objekat
Врачар	29	ОШ "ЈОВАН МИОДРАГОВИЋ"	Београд (Врачар), ВОЈВОДЕ ДРАГОМИРА БР. 1	Београд (Врачар)	ВОЈВОДЕ ДРАГОМИРА БР. 1	44.799857	20.478964	objekat
Врачар	30	ОШ "ЈОВАН МИОДРАГОВИЋ"	Београд (Врачар), ВОЈВОДЕ ДРАГОМИРА БР. 1	Београд (Врачар)	ВОЈВОДЕ ДРАГОМИРА БР. 1	44.799857	20.478964	objekat
Врачар	31	ОШ "ЈОВАН МИОДРАГОВИЋ"	Београд (Врачар), ВОЈВОДЕ ДРАГОМИРА БР. 1	Београд (Врачар)	ВОЈВОДЕ ДРАГОМИРА БР. 1	44.799857	20.478964	objekat
Врачар	32	ПРИВРЕДНО ДРУШТВО МИРКО САНДИЋ ДОО	Београд (Врачар), СЈЕНИЧКА БР. 1	Београд (Врачар)	СЈЕНИЧКА БР. 1	44.799285	20.483573	objekat
Врачар	33	АМК ВРАЧАР	Београд (Врачар), ЦАРА НИКОЛАЈА ІІ БР. 11	Београд (Врачар)	ЦАРА НИКОЛАЈА ІІ БР. 11	44.797850	20.475555	objekat
Врачар	34	БИБЛИОТЕКА "ПЕТАР КОЧИЋ"	Београд (Врачар), ВИШКА БР. 3	Београд (Врачар)	ВИШКА БР. 3	44.800994	20.474934	objekat
Врачар	35	ДЕЧИЈИ ВРТИЋ МИЋА И АЋИМ	Београд (Врачар), ВОЈВОДЕ ДРАГОМИРА БР. 11	Београд (Врачар)	ВОЈВОДЕ ДРАГОМИРА БР. 11	44.799189	20.478802	objekat
Врачар	36	ОШ "ЈОВАН МИОДРАГОВИЋ"	Београд (Врачар), ВОЈВОДЕ ДРАГОМИРА БР. 1	Београд (Врачар)	ВОЈВОДЕ ДРАГОМИРА БР. 1	44.799857	20.478964	objekat
Врачар	37	ТЕХНИЧКА ШКОЛА ГСП	Београд (Врачар), РАДОСЛАВА ГРУЈИЋА БР. 2	Београд (Врачар)	РАДОСЛАВА ГРУЈИЋА БР. 2	44.798183	20.479687	objekat
Врачар	38	„БОЖИДАРАЦ - ВРАЧАР" УСТАНОВА КУЛТУРЕ	Београд (Врачар), РАДОСЛАВА ГРУЈИЋА БР. З	Београд (Врачар)	РАДОСЛАВА ГРУЈИЋА БР. З	44.803596	20.475828	objekat
Врачар	39	УСТАНОВА КУЛТУРЕ „БОЖИДАРАЦ - ВРАЧАР"	Београд (Врачар), РАДОСЛАВА ГРУЈИЋА БР. З	Београд (Врачар)	РАДОСЛАВА ГРУЈИЋА БР. З	44.803596	20.475828	objekat
Врачар	40	ОШ "КРАЉ ПЕТАР ІІ КАРАЂОРЂЕВИЋ"	Београд (Врачар), МАРУЛИЋЕВА БР. 8	Београд (Врачар)	МАРУЛИЋЕВА БР. 8	44.794633	20.480669	objekat
Врачар	41	ДЗ "ВРАЧАР"	Београд (Врачар), ВЕЛИМИРА БАТЕ ЖИВОЈИНОВИЋА БР. 16	Београд (Врачар)	ВЕЛИМИРА БАТЕ ЖИВОЈИНОВИЋА БР. 16	44.797306	20.484126	objekat
Врачар	42	ОШ "СИНИША НИКОЛАЈЕВИЋ"	Београд (Врачар), ТИМОЧКА БР. 24	Београд (Врачар)	ТИМОЧКА БР. 24	44.795455	20.486396	objekat
Врачар	43	ОШ "СИНИША НИКОЛАЈЕВИЋ"	Београд (Врачар), ТИМОЧКА БР. 24	Београд (Врачар)	ТИМОЧКА БР. 24	44.795455	20.486396	objekat
Врачар	44	ОШ "КРАЉ ПЕТАР ІІ КАРАЂОРЂЕВИЋ"	Београд (Врачар), МАРУЛИЋЕВА БР. 8	Београд (Врачар)	МАРУЛИЋЕВА БР. 8	44.794633	20.480669	objekat
Врачар	45	ОШ "СИНИША НИКОЛАЈЕВИЋ"	Београд (Врачар), ТИМОЧКА БР. 24	Београд (Врачар)	ТИМОЧКА БР. 24	44.795455	20.486396	objekat
Врачар	46	ОШ "ДУШАН ДУГАЛИЋ"	Београд (Врачар), ЂЕРДАПСКА БР. 19	Београд (Врачар)	ЂЕРДАПСКА БР. 19	44.792710	20.485960	objekat
Врачар	47	АРХИТЕКТОНСКА ТЕХНИЧКА ШКОЛА	Београд (Врачар), ВОЈИСЛАВА ИЛИЋА БР. 78	Београд (Врачар)	ВОЈИСЛАВА ИЛИЋА БР. 78	44.792040	20.496650	objekat
Врачар	48	АРХИТЕКТОНСКА ТЕХНИЧКА ШКОЛА	Београд (Врачар), ВОЈИСЛАВА ИЛИЋА БР. 78	Београд (Врачар)	ВОЈИСЛАВА ИЛИЋА БР. 78	44.792040	20.496650	objekat
Врачар	49	ОШ "КРАЉ ПЕТАР ІІ КАРАЂОРЂЕВИЋ"	Београд (Врачар), МАРУЛИЋЕВА БР. 8	Београд (Врачар)	МАРУЛИЋЕВА БР. 8	44.794633	20.480669	objekat
Врачар	50	ГЕРОНТОЛОШКИ ЦЕНТАР БЕОГРАД - РЈ ДНЕВНИ БОРАВАК И КЛУБОВИ	Београд (Врачар), СИМЕ ИГУМАНОВА БР. 4	Београд (Врачар)	СИМЕ ИГУМАНОВА БР. 4	44.792828	20.477114	objekat
Врачар	51	ОШ "СВЕТОЗАР МАРКОВИЋ"	Београд (Врачар), ХАЏИ МЕЛЕНТИЈЕВА БР. 62	Београд (Врачар)	ХАЏИ МЕЛЕНТИЈЕВА БР. 62	44.793821	20.474346	objekat
Врачар	52	ОШ "СВЕТОЗАР МАРКОВИЋ"	Београд (Врачар), ХАЏИ МЕЛЕНТИЈЕВА БР. 62	Београд (Врачар)	ХАЏИ МЕЛЕНТИЈЕВА БР. 62	44.793821	20.474346	objekat
Врачар	53	ОШ "СВЕТОЗАР МАРКОВИЋ"	Београд (Врачар), ХАЏИ МЕЛЕНТИЈЕВА БР. 62	Београд (Врачар)	ХАЏИ МЕЛЕНТИЈЕВА БР. 62	44.793821	20.474346	objekat
Врачар	54	ОШ "СВЕТОЗАР МАРКОВИЋ"	Београд (Врачар), ХАЏИ МЕЛЕНТИЈЕВА БР. 62	Београд (Врачар)	ХАЏИ МЕЛЕНТИЈЕВА БР. 62	44.793821	20.474346	objekat
Врачар	55	ОШ "СВЕТОЗАР МАРКОВИЋ"	Београд (Врачар), ХАЏИ МЕЛЕНТИЈЕВА БР. 62	Београд (Врачар)	ХАЏИ МЕЛЕНТИЈЕВА БР. 62	44.793821	20.474346	objekat
Врачар	56	ОШ "СВЕТОЗАР МАРКОВИЋ"	Београд (Врачар), ХАЏИ МЕЛЕНТИЈЕВА БР. 62	Београд (Врачар)	ХАЏИ МЕЛЕНТИЈЕВА БР. 62	44.793821	20.474346	objekat
Врачар	57	ПЛАНИНАРСКИ СПОРТСКИ КЛУБ ПОБЕДА	Београд (Врачар), МАЧВАНСКА БР. 8	Београд (Врачар)	МАЧВАНСКА БР. 8	44.797750	20.473220	objekat
Врачар	58	ДЕЧИЈИ ВРТИЋ ЛЕПА ВИТАС	Београд (Врачар), ХАЏИ-МЕЛЕНТИЈЕВА БР. 35	Београд (Врачар)	ХАЏИ-МЕЛЕНТИЈЕВА БР. 35	44.794436	20.470180	objekat
Врачар	59	СТОМАТОЛОШКИ ФАКУЛТЕТ	Београд (Врачар), РАНКЕОВА БР. 4	Београд (Врачар)	РАНКЕОВА БР. 4	44.796048	20.467359	objekat
Врачар	60	ОШ "СВЕТОЗАР МАРКОВИЋ"	Београд (Врачар), ХАЏИ МЕЛЕНТИЈЕВА БР. 62	Београд (Врачар)	ХАЏИ МЕЛЕНТИЈЕВА БР. 62	44.793821	20.474346	objekat
Врачар	61	ОШ "СВЕТОЗАР МАРКОВИЋ"	Београд (Врачар), ХАЏИ МЕЛЕНТИЈЕВА БР. 62	Београд (Врачар)	ХАЏИ МЕЛЕНТИЈЕВА БР. 62	44.793821	20.474346	objekat
Врачар	62	ОШ "КРАЉ ПЕТАР ІІ КАРАЂОРЂЕВИЋ"	Београд (Врачар), МАРУЛИЋЕВА БР. 8	Београд (Врачар)	МАРУЛИЋЕВА БР. 8	44.794633	20.480669	objekat
Врачар	63	ДЕЧИЈИ ВРТИЋ ЛУЊА	Београд (Врачар), МЕТОХИЈСКА БР. 42	Београд (Врачар)	МЕТОХИЈСКА БР. 42	44.792787	20.494671	objekat
Врбас	1	СУР "КОД МОСТА"	Врбас, УГАО ПЕТРА ДРАПШИНА И ЊЕГОШЕВЕ	Врбас	УГАО ПЕТРА ДРАПШИНА И ЊЕГОШЕВЕ	45.568028	19.647009	naselje
Врбас	2	НОВА АМБУЛАНТА "СТАРИ ВРБАС"	Врбас, ПЕТРА ДРАПШИНА БР. 28	Врбас	ПЕТРА ДРАПШИНА БР. 28	45.566844	19.660831	objekat
Врбас	3	ПУ "БОШКО БУХА"	Врбас, БОШКА БУХЕ БР. 1	Врбас	БОШКА БУХЕ БР. 1	45.567940	19.666899	objekat
Врбас	4	ЦРВЕНИ КРСТ	Врбас, МАРШАЛА ТИТА БР. 141	Врбас	МАРШАЛА ТИТА БР. 141	45.568795	19.646426	objekat
Врбас	5	ЗГРАДА ПРВЕ МЕСНЕ ЗАЈЕДНИЦЕ	Врбас, СВЕТОЗАРА МАРКОВИЋА БР. 29	Врбас	СВЕТОЗАРА МАРКОВИЋА БР. 29	45.568762	19.652675	objekat
Врбас	6	ССШ "4. ЈУЛИ"	Врбас, СВЕТОЗАРА МАРКОВИЋА БР. 53	Врбас	СВЕТОЗАРА МАРКОВИЋА БР. 53	45.566705	19.655341	objekat
Врбас	7	ОШ "СВЕТОЗАР МИЛЕТИЋ"	Врбас, СВЕТОЗАРА МАРКОВИЋА БР. 55	Врбас	СВЕТОЗАРА МАРКОВИЋА БР. 55	45.566212	19.655850	objekat
Врбас	8	УДРУЖЕЊЕ ВОЗАЧА	Врбас, МАРШАЛА ТИТА БР. 120	Врбас	МАРШАЛА ТИТА БР. 120	45.569064	19.644500	objekat
Врбас	9	САЛА СУБНОР-А	Врбас, САВЕ КОВАЧЕВИЋА БР. 94	Врбас	САВЕ КОВАЧЕВИЋА БР. 94	45.569934	19.638041	objekat
Врбас	10	ОШ "ПЕТАР ПЕТРОВИЋ ЊЕГОШ"	Врбас, ПАЛИХ БОРАЦА БР. 34	Врбас	ПАЛИХ БОРАЦА БР. 34	45.569191	19.636305	objekat
Врбас	11	ХОЛ ЈКП "СТАНДАРД"	Врбас, САВЕ КОВАЧЕВИЋА БР. 87	Врбас	САВЕ КОВАЧЕВИЋА БР. 87	45.570475	19.638095	objekat
Врбас	12	ГИМНАЗИЈА "ЖАРКО ЗРЕЊАНИН"	Врбас, ПАЛИХ БОРАЦА БР. 9	Врбас	ПАЛИХ БОРАЦА БР. 9	45.572968	19.641225	objekat
Врбас	13	ОШ "БРАТСТВО ЈЕДИНСТВО"	Врбас, ПАЛИХ БОРАЦА БР. 2	Врбас	ПАЛИХ БОРАЦА БР. 2	45.575326	19.642996	objekat
Врбас	14	ЗГРАДА ТРЕЋЕ МЕСНЕ ЗАЈЕДНИЦЕ	Врбас, МАРШАЛА ТИТА БР. 8	Врбас	МАРШАЛА ТИТА БР. 8	45.577254	19.629937	objekat
Врбас	15	ОШ "20. ОКТОБАР"	Врбас, ПЕТЕ ПРОЛЕТЕРСКЕ БР. 1	Врбас	ПЕТЕ ПРОЛЕТЕРСКЕ БР. 1	45.576588	19.629598	objekat
Врбас	16	ОШ "20. ОКТОБАР"	Врбас, ПЕТЕ ПРОЛЕТЕРСКЕ БР. 1	Врбас	ПЕТЕ ПРОЛЕТЕРСКЕ БР. 1	45.576588	19.629598	objekat
Врбас	17	ЗГРАДА ЗА СПОРТ И ФИЗИЧКО ВАСПИТАЊЕ (СТАДИОН "ШЛАЈЗ")	Врбас, МИЛЕТИЋЕВА БР. 1	Врбас	МИЛЕТИЋЕВА БР. 1	45.583850	19.622102	objekat
Врбас	18	ПУ "БОШКО БУХА"	Врбас, ВИНОГРАДСКА БР. 10А	Врбас	ВИНОГРАДСКА БР. 10А	45.590730	19.636943	ulica
Врбас	19	ПУ "БОШКО БУХА"	Врбас, ВИНОГРАДСКА БР. 10А	Врбас	ВИНОГРАДСКА БР. 10А	45.590730	19.636943	ulica
Врбас	20	ПУ "БОШКО БУХА"	Бачко Добро Поље, МАРШАЛА ТИТА ББ	Бачко Добро Поље	МАРШАЛА ТИТА ББ	45.508807	19.687638	ulica
Врбас	21	ОШ "ВУК КАРАЏИЋ"	Бачко Добро Поље, МАРШАЛА ТИТА БР. 79	Бачко Добро Поље	МАРШАЛА ТИТА БР. 79	45.500652	19.689725	objekat
Врбас	22	ЗГРАДА МЕСНЕ ЗАЈЕДНИЦЕ	Бачко Добро Поље, МАРШАЛА ТИТА БР. 120	Бачко Добро Поље	МАРШАЛА ТИТА БР. 120	45.500852	19.688635	objekat
Врбас	23	ЗГРАДА БИБЛИОТЕКЕ	Змајево, ИВЕ ЛОЛЕ РИБАРА БР. 16	Змајево	ИВЕ ЛОЛЕ РИБАРА БР. 16	45.451889	19.686600	objekat
Врбас	24	КЛУБ ПЕНЗИОНЕРА	Змајево, ИВЕ ЛОЛЕ РИБАРА БР. 16	Змајево	ИВЕ ЛОЛЕ РИБАРА БР. 16	45.451889	19.686600	objekat
Врбас	25	ЗГРАДА МЕСНЕ ЗАЈЕДНИЦЕ	Змајево, ИВАНА МИЛУТИНОВИЋА БР. 59	Змајево	ИВАНА МИЛУТИНОВИЋА БР. 59	45.452362	19.689167	objekat
Врбас	26	ОШ "ЈОВАН ЈОВАНОВИЋ ЗМАЈ"	Змајево, ИВАНА МИЛУТИНОВИЋА БР. 64	Змајево	ИВАНА МИЛУТИНОВИЋА БР. 64	45.451527	19.688288	objekat
Врбас	27	ДЕСНИ ХОЛ ОСНОВНЕ ШКОЛЕ	Куцура, ОСЛОБОЂЕЊА БР. 6	Куцура	ОСЛОБОЂЕЊА БР. 6	45.520884	19.583112	ulica
Врбас	28	МАЛА САЛА МЕСНЕ ЗАЈЕДНИЦЕ	Куцура, МАРШАЛА ТИТА БР. 77	Куцура	МАРШАЛА ТИТА БР. 77	45.520513	19.588878	objekat
Врбас	29	ЛЕВИ ХОЛ ОСНОВНЕ ШКОЛЕ	Куцура, ОСЛОБОЂЕЊА БР. 6	Куцура	ОСЛОБОЂЕЊА БР. 6	45.520884	19.583112	ulica
Врбас	30	ВЕЛИКА САЛА МЕСНЕ ЗАЈЕДНИЦЕ	Куцура, МАРШАЛА ТИТА БР. 77	Куцура	МАРШАЛА ТИТА БР. 77	45.520513	19.588878	objekat
Врбас	31	ОМЛАДИНСКИ ДОМ	Савино Село, МАРШАЛА ТИТА БР. 34	Савино Село	МАРШАЛА ТИТА БР. 34	45.506544	19.522730	objekat
Врбас	32	Хол ОСНОВНЕ ШКОЛЕ	Савино Село, МАРШАЛА ТИТА БР. 55	Савино Село	МАРШАЛА ТИТА БР. 55	45.503166	19.523302	objekat
Врбас	33	ЛОВАЧКИ ДОМ	Савино Село, ИВЕ ЛОЛЕ РИБАРА БР. 35	Савино Село	ИВЕ ЛОЛЕ РИБАРА БР. 35	45.506259	19.520380	objekat
Врбас	34	ПУ "БОШКО БУХА"	Равно Село, 29. НОВЕМБАР БР. 7А	Равно Село	29. НОВЕМБАР БР. 7А	45.448768	19.623005	naselje
Врбас	35	МЕСНА ЗАЈЕДНИЦА	Равно Село, 7. ЈУЛА БР. 12	Равно Село	7. ЈУЛА БР. 12	45.448742	19.623208	objekat
Врбас	36	ОШ "БРАНКО РАДИЧЕВИЋ"	Равно Село, МАРШАЛА ТИТА БР. 112	Равно Село	МАРШАЛА ТИТА БР. 112	45.448689	19.619442	objekat
Врњачка Бања	1	ПОСЛОВНИ ОБЈЕКАТ АЛЕКСАНДРА ПРОДАНОВИЋА	Вранеши, Ул. Краљевачка 69 А	Вранеши	Ул. Краљевачка 69 А	43.683971	20.803579	objekat
Врњачка Бања	2	МЕСНА КАНЦЕЛАРИЈА (ДОМ)	Вранеши	Вранеши		43.676962	20.807806	naselje
Врњачка Бања	3	ДРУШТВЕНИ ДОМ	Вукушица	Вукушица		43.654645	20.792810	naselje
Врњачка Бања	4	Вила „LUX	Врњачка Бања, КНЕЗА МИЛОША БР. 62А	Врњачка Бања	КНЕЗА МИЛОША БР. 62А	43.628936	20.900218	objekat
Врњачка Бања	5	„РАДОСТ" ХОЛ У ПРИЗЕМЉУ ПРЕДШКОЛСКА УСТАНОВА	Врњачка Бања, ДУШАНА ПЕТРОВИЋА ШАНЕТА БР.ББ	Врњачка Бања	ДУШАНА ПЕТРОВИЋА ШАНЕТА БР.ББ	43.630503	20.896185	ulica
Врњачка Бања	6	ПОСЛОВНИ ОБЈЕКАТ ГОРАНА СЕОЧАНЦА	Врњачка Бања, КНЕЗА МИЛОША БР. 36-2	Врњачка Бања	КНЕЗА МИЛОША БР. 36-2	43.634467	20.909107	ulica
Врњачка Бања	7	ОШ "ПОПИНСКИ БОРЦИ"	Врњачка Бања, ХЕРОЈА МАРИЧИЋА БР. 12	Врњачка Бања	ХЕРОЈА МАРИЧИЋА БР. 12	43.626132	20.892859	objekat
Врњачка Бања	8	СКУПШТИНА ОПШТИНЕ УЛАЗ Б- ХОЛ У ПРИЗЕМЉУ	Врњачка Бања, БЕОГРАДСКА ББ	Врњачка Бања	БЕОГРАДСКА ББ	43.619212	20.888922	ulica
Врњачка Бања	9	СКУПШТИНА ОПШТИНЕ ХОЛ У ПРИЗЕМЉУ	Врњачка Бања, КРУШЕВАЧКА БР. 17	Врњачка Бања	КРУШЕВАЧКА БР. 17	43.619395	20.888560	objekat
Врњачка Бања	10	ЈП "БОРЈАК"	Врњачка Бања, ЖИКЕ ВАЉАРЕВИЋА БР. 1	Врњачка Бања	ЖИКЕ ВАЉАРЕВИЋА БР. 1	43.617365	20.886307	objekat
Врњачка Бања	11	КАНЦЕЛАРИЈА СПОРТСКОГ ДРУШТВА ГОЧ (КОД КОЦКЕ)	Врњачка Бања, БУЛЕВАР СРПСКИХ РАТНИКА БР. 7	Врњачка Бања	БУЛЕВАР СРПСКИХ РАТНИКА БР. 7	43.623572	20.894785	objekat
Врњачка Бања	12	3.3. "ВРЊЦИ" БИВШИ ЛОКАЛ	Врњачка Бања, БАБИЦЕ МАРЕ ЈАКОВЉЕВИЋ БР. 2	Врњачка Бања	БАБИЦЕ МАРЕ ЈАКОВЉЕВИЋ БР. 2	43.618091	20.893041	drugo:information
Врњачка Бања	13	ЗАМАК БЕЛИМАРКОВИЋ- КУЛТУРНИ ЦЕНТАР	Врњачка Бања, 7. ЈУЛА БР. 7	Врњачка Бања	7. ЈУЛА БР. 7	43.618091	20.893041	drugo:information
Врњачка Бања	14	ОДМАРАЛИШТЕ "БОРЈАК"	Врњачка Бања, БУЛЕВАР СРПСКИХ РАТНИКА ББ	Врњачка Бања	БУЛЕВАР СРПСКИХ РАТНИКА ББ	43.609420	20.895529	objekat
Врњачка Бања	15	БИВЕТА СНЕЖНИК	Врњачка Бања, СЛАТИНСКИ ВЕНАЦ ББ	Врњачка Бања	СЛАТИНСКИ ВЕНАЦ ББ	43.614963	20.889665	ulica
Врњачка Бања	16	ОШ "МЛАДОСТ"	Врњци	Врњци		43.653041	20.915906	ulica
Врњачка Бања	17	ПРЕДУЗЕЋЕ "ЕЛЕКТРОДИСТРИБУЦИЈА"	Врњци	Врњци		43.653041	20.915906	ulica
Врњачка Бања	18	ОСНОВНА ШКОЛА	Станишинци	Станишинци		43.548668	20.900134	naselje
Врњачка Бања	19	ДЕЧЈЕ ОДМАРАЛИШТЕ	Станишинци	Станишинци		43.548668	20.900134	naselje
Врњачка Бања	20	ОСНОВНА ШКОЛА	Грачац	Грачац		43.644454	20.821559	naselje
Врњачка Бања	21	ОСНОВНА ШКОЛА У ПРОДОВЦИ	Грачац	Грачац		43.644454	20.821559	naselje
Врњачка Бања	22	ПОСЛОВНИ ПРОСТОР ЛУТОВАЦ НОВАКА	Грачац, ул. Грачачка 112	Грачац	ул. Грачачка 112	43.666613	20.845132	objekat
Врњачка Бања	23	ОПШТИНСКИ ОБЈЕКАТ НА ГЛАВИЦИ	Грачац, Др Бранка Ђуровића 2	Грачац	Др Бранка Ђуровића 2	43.641097	20.833474	objekat
Врњачка Бања	24	ОБЈЕКАТ ПОРЕД ЦРКВЕНЕ ЗГРАДЕ	Грачац	Грачац		43.644454	20.821559	naselje
Врњачка Бања	25	ОСНОВНА ШКОЛА	Липова	Липова		43.616282	20.871667	naselje
Врњачка Бања	26	ПРОСТОРИЈЕ МЗ НОВО СЕЛО	Ново Село, Ул. Краљевачка 103	Ново Село	Ул. Краљевачка 103	43.650951	20.881593	objekat
Врњачка Бања	27	ПОСЛОВНИ ОБЈЕКАТ ДУБРАВАЦ РАДИВОЈА	Ново Село	Ново Село		43.649082	20.882142	naselje
Врњачка Бања	28	ОСНОВНА ШКОЛА	Ново Село	Ново Село		43.649082	20.882142	naselje
Врњачка Бања	29	ОБЈЕКАТ СТАНКА ПЕЦИЋА	Ново Село	Ново Село		43.649082	20.882142	naselje
Врњачка Бања	30	ПОСЛОВНИ ОБЈЕКАТ ПАУНОВИЋ ЉИЉАНЕ	Ново Село	Ново Село		43.649082	20.882142	naselje
Врњачка Бања	31	ОСНОВНА ШКОЛА	Отроци	Отроци		43.633533	20.802801	naselje
Врњачка Бања	32	ДРУШТВЕНИ ДОМ	Подунавци	Подунавци		43.668409	20.831238	naselje
Врњачка Бања	33	МЕСНА ЗАЈЕДНИЦА	Рсавци	Рсавци		43.621640	20.855393	naselje
Врњачка Бања	34	ДРУШТВЕНИ ДОМ	Руђинци	Руђинци		43.639023	20.925992	drugo:railway
Врњачка Бања	35	МЕСНА КАНЦЕЛАРИЈА	Врњци	Врњци		43.653041	20.915906	ulica
Врњачка Бања	36	ОСНОВНА ШКОЛА	Штулац	Штулац		43.631862	20.963139	objekat
Врњачка Бања	37	ПОСЛОВНИ ОБЈЕКАТ АЛЕКСАНДРА ЈЕВТИЋА	Штулац	Штулац		43.631862	20.963139	objekat
Вршац	1	ОБЈЕКАТ ПОСЛОВНИХ УСЛУГА ТЕКВОНДО КЛУБ ЕУРОШПЕД (раније објекат Спортског савеза)	Вршац, ЂУРЂА СМЕДЕРЕВЦА БРОЈ 11	Вршац	ЂУРЂА СМЕДЕРЕВЦА БРОЈ 11	45.120000	21.309245	objekat
Вршац	2	УПРАВА ШУМСКА	Вршац, ПОДВРШАНСКА БРОЈ 22	Вршац	ПОДВРШАНСКА БРОЈ 22	45.123897	21.309321	objekat
Вршац	3	ДЕЧИЈИ ВРТИЋ	Вршац, СУЛТАНЕ ЦИЈУК ББ	Вршац	СУЛТАНЕ ЦИЈУК ББ	45.116657	21.311562	ulica
Вршац	4	ГИМНАЗИЈА	Вршац, МИХАЈЛА ПУПИНА БРОЈ 1	Вршац	МИХАЈЛА ПУПИНА БРОЈ 1	45.114419	21.306291	objekat
Вршац	5	ПЕДАГОШКА АКАДЕМИЈА	Вршац, ОМЛАДИНСКИ ТРГ БРОЈ 1	Вршац	ОМЛАДИНСКИ ТРГ БРОЈ 1	45.117081	21.305840	objekat
Вршац	6	ГИМНАЗИЈА	Вршац, МИХАЈЛА ПУПИНА БРОЈ 1	Вршац	МИХАЈЛА ПУПИНА БРОЈ 1	45.114419	21.306291	objekat
Вршац	7	MIDALA INVEST GROUP DOO ВРШАЦ	Вршац, СКАДАРСКА БРОЈ 2	Вршац	СКАДАРСКА БРОЈ 2	45.111258	21.307907	objekat
Вршац	8	МЕСНА ЗАЈЕДНИЦА - УСР „ШАРАН ВРШАЦ	Вршац, НИКИТЕ ТОЛСТОЈА БРОЈ 52	Вршац	НИКИТЕ ТОЛСТОЈА БРОЈ 52	45.113184	21.304484	objekat
Вршац	9	ОШ „ЈОВАН СТЕРИЈА ПОПОВИЋ"	Вршац, ЖАРКА ЗРЕЊАНИНА БРОЈ 114	Вршац	ЖАРКА ЗРЕЊАНИНА БРОЈ 114	45.110657	21.299200	objekat
Вршац	10	ЕЛЕКТРОДИСТРИБУЦИЈА СРБИЈЕ огранак ВРШАЦ	Вршац, ИВЕ МИЛУТИНОВИЋА БРОЈ 173-175	Вршац	ИВЕ МИЛУТИНОВИЋА БРОЈ 173-175	45.112832	21.300818	ulica
Вршац	11	ЕЛЕКТРОДИСТРИБУЦИЈА СРБИЈЕ огранак ВРШАЦ	Вршац, ИВЕ МИЛУТИНОВИЋА БРОЈ 173-175	Вршац	ИВЕ МИЛУТИНОВИЋА БРОЈ 173-175	45.112832	21.300818	ulica
Вршац	12	ДОМ ПЕНЗИОНЕРА	Вршац, ЖАРКА ЗРЕЊАНИНА БРОЈ 28	Вршац	ЖАРКА ЗРЕЊАНИНА БРОЈ 28	45.117535	21.301353	objekat
Вршац	13	ОШ ОЛГА ПЕТРОВ – РАДИШИЋ"	Вршац, ВУКА КАРАЏИЋА БРОЈ 8	Вршац	ВУКА КАРАЏИЋА БРОЈ 8	45.118714	21.301605	objekat
Вршац	14	МЕСНА ЗАЈЕДНИЦА	Вршац, СТЕВАНА НЕМАЊЕ БРОЈ 43	Вршац	СТЕВАНА НЕМАЊЕ БРОЈ 43	45.121700	21.301839	objekat
Вршац	15	ДОМ УЧЕНИКА	Вршац, СТЕВАНА НЕМАЊЕ БРОЈ 9	Вршац	СТЕВАНА НЕМАЊЕ БРОЈ 9	45.122074	21.298530	objekat
Вршац	16	ОШ „ВУК КАРАЏИЋ"	Вршац, ДВОРСКА БРОЈ 19	Вршац	ДВОРСКА БРОЈ 19	45.119117	21.295091	objekat
Вршац	17	ДЕЧИЈИ ВРТИЋ	Вршац, СТЕВАНА НЕМАЊЕ БРОЈ 70	Вршац	СТЕВАНА НЕМАЊЕ БРОЈ 70	45.122276	21.304769	objekat
Вршац	18	МЕСНА ЗАЈЕДНИЦА	Вршац, МИЛОША ОБИЛИЋА БРОЈ 40	Вршац	МИЛОША ОБИЛИЋА БРОЈ 40	45.124875	21.292571	objekat
Вршац	19	ОШ „ПАЈА ЈОВАНОВИЋ"	Вршац, ШКОЛСКИ ТРГ БРОЈ 3	Вршац	ШКОЛСКИ ТРГ БРОЈ 3	45.118714	21.301605	objekat
Вршац	20	ДЕЧИЈИ ВРТИЋ	Вршац, СТЕВАНА НЕМАЊЕ БРОЈ 70	Вршац	СТЕВАНА НЕМАЊЕ БРОЈ 70	45.122276	21.304769	objekat
Вршац	21	ПОЉОПРИВРЕДНА ШКОЛА	Вршац, АРХИТЕКТЕ БРАШОВАНА БРОЈ 1	Вршац	АРХИТЕКТЕ БРАШОВАНА БРОЈ 1	45.105823	21.285448	objekat
Вршац	22	МЕСНА ЗАЈЕДНИЦА	Вршац, ВОЈВОДЕ КНИЋАНИНА БРОЈ 71	Вршац	ВОЈВОДЕ КНИЋАНИНА БРОЈ 71	45.109021	21.288709	objekat
Вршац	23	ХЕМИЈСКО-МЕДИЦИНСКА ШКОЛА	Вршац, СТЕРИЈИНА (ЈОВАНА СТЕРИЈЕ ПОПОВИЋА) БРОЈ 113	Вршац	СТЕРИЈИНА (ЈОВАНА СТЕРИЈЕ ПОПОВИЋА) БРОЈ 113	45.112357	21.296105	objekat
Вршац	24	ХЕМИЈСКО-МЕДИЦИНСКА ШКОЛА	Вршац, СТЕРИЈИНА (ЈОВАНА СТЕРИЈЕ ПОПОВИЋА) БРОЈ 113	Вршац	СТЕРИЈИНА (ЈОВАНА СТЕРИЈЕ ПОПОВИЋА) БРОЈ 113	45.112357	21.296105	objekat
Вршац	25	ХЕМИЈСКО-МЕДИЦИНСКА ШКОЛА	Вршац, СТЕРИЈИНА (ЈОВАНА СТЕРИЈЕ ПОПОВИЋА) БРОЈ 113	Вршац	СТЕРИЈИНА (ЈОВАНА СТЕРИЈЕ ПОПОВИЋА) БРОЈ 113	45.112357	21.296105	objekat
Вршац	26	ОШ ПАЈА ЈОВАНОВИЋ"	Вршац, ШКОЛСКИ ТРГ БРОЈ 3	Вршац	ШКОЛСКИ ТРГ БРОЈ 3	45.118714	21.301605	objekat
Вршац	27	ОШ „ПАЈА ЈОВАНОВИЋ"	Вршац, ШКОЛСКИ ТРГ БРОЈ 3	Вршац	ШКОЛСКИ ТРГ БРОЈ 3	45.118714	21.301605	objekat
Вршац	28	МЕСНА ЗАЈЕДНИЦА	Вршац, ЖИВЕ ЈОВАНОВИЋА БРОЈ 2	Вршац	ЖИВЕ ЈОВАНОВИЋА БРОЈ 2	45.116809	21.289574	objekat
Вршац	29	АЛЕКСАНДАР НЕШКОВ ПР РЕСТОРАН ПАЛМА 013 ВРШАЦ	Вршац, ЗМАЈ ЈОВИНА ББ	Вршац	ЗМАЈ ЈОВИНА ББ	45.117554	21.288646	ulica
Вршац	30	ОШ „ПАЈА ЈОВАНОВИЋ"	Вршац, ШКОЛСКИ ТРГ БРОЈ 3	Вршац	ШКОЛСКИ ТРГ БРОЈ 3	45.118714	21.301605	objekat
Вршац	31	ОШ „ЂУРА ЈАКШИЋ"	Павлиш, ЖАРКА ЗРЕЊАНИНА БРОЈ 79	Павлиш	ЖАРКА ЗРЕЊАНИНА БРОЈ 79	45.105531	21.239913	objekat
Вршац	32	ОШ „ЂУРА ЈАКШИЋ"	Павлиш, ЖАРКА ЗРЕЊАНИНА БРОЈ 79	Павлиш	ЖАРКА ЗРЕЊАНИНА БРОЈ 79	45.105531	21.239913	objekat
Вршац	33	МЕСНА ЗАЈЕДНИЦА	Ватин, ВОЈВОЂАНСКА БРОЈ 32	Ватин	ВОЈВОЂАНСКА БРОЈ 32	45.232344	21.244291	objekat
Вршац	34	ДОМ КУЛТУРЕ	Мали Жам, ЗМАЈ ЈОВИНА БРОЈ 10	Мали Жам	ЗМАЈ ЈОВИНА БРОЈ 10	45.210951	21.337901	objekat
Вршац	35	ДОМ КУЛТУРЕ	Мало Средиште, ВОЈВОЂАНСКА БРОЈ 16	Мало Средиште	ВОЈВОЂАНСКА БРОЈ 16	45.149891	21.396071	objekat
Вршац	36	ОСНОВНА ШКОЛА	Марковац, МИХАЈ ЕМИНЕСКУ БРОЈ 39	Марковац	МИХАЈ ЕМИНЕСКУ БРОЈ 39	45.150050	21.469694	ulica
Вршац	37	ОСНОВНА ШКОЛА „БРАНКО РАДИЧЕВИЋ" објекат вртића	Велико Средиште, СТЕРИЈИНА БРОЈ 5	Велико Средиште	СТЕРИЈИНА БРОЈ 5	45.178764	21.401826	objekat
Вршац	38	МЕСНА ЗАЈЕДНИЦА	Месић, ВОЈВОЂАНСКА БРОЈ 31	Месић	ВОЈВОЂАНСКА БРОЈ 31	45.104013	21.399128	objekat
Вршац	39	ОСНОВНА ШКОЛА	Војводинци, ДРУГИ ОКТОБАР БРОЈ 81	Војводинци	ДРУГИ ОКТОБАР БРОЈ 81	45.014418	21.348570	objekat
Вршац	40	ДОМ КУЛТУРЕ	Јабланка, ВОЈВОЂАНСКА БРОЈ 29	Јабланка	ВОЈВОЂАНСКА БРОЈ 29	45.074740	21.388646	objekat
Вршац	41	МЕСНА ЗАЈЕДНИЦА	Гудурица, НУШИЋЕВА БРОЈ 8	Гудурица	НУШИЋЕВА БРОЈ 8	45.167809	21.442294	objekat
Вршац	42	ДОМ КУЛТУРЕ МАЛА САЛА	Стража, МАРШАЛА ТИТА БРОЈ 15	Стража	МАРШАЛА ТИТА БРОЈ 15	44.972170	21.301382	objekat
Вршац	43	МЕСНА ЗАЈЕДНИЦА	Орешац, ЖАРКА ЗРЕЊАНИНА БРОЈ 66	Орешац	ЖАРКА ЗРЕЊАНИНА БРОЈ 66	44.958112	21.272457	objekat
Вршац	44	МЕСНА ЗАЈЕДНИЦА	Влајковац, ВРШАЧКА БРОЈ 56	Влајковац	ВРШАЧКА БРОЈ 56	45.071512	21.198919	objekat
Вршац	45	ОШ ЖАРКО ЗРЕЊАНИН"	Избиште, ОСЛОБОЂЕЊА (ИСЕ ЈОВАНОВИЋА) БРОЈ 5	Избиште	ОСЛОБОЂЕЊА (ИСЕ ЈОВАНОВИЋА) БРОЈ 5	45.021954	21.182364	naselje
Вршац	46	ОШ ЖАРКО ЗРЕЊАНИН"	Избиште, ОСЛОБОЂЕЊА (ИСЕ ЈОВАНОВИЋА) БРОЈ 5	Избиште	ОСЛОБОЂЕЊА (ИСЕ ЈОВАНОВИЋА) БРОЈ 5	45.021954	21.182364	naselje
Вршац	47	ДОМ КУЛТУРЕ	Шушара, БАНАТСКА БРОЈ 48	Шушара	БАНАТСКА БРОЈ 48	44.941487	21.123455	objekat
Вршац	48	ОШ „БРАНКО РАДИЧЕВИЋ"	Уљма, ТРГ ОСЛОБОЂЕЊА БРОЈ 3	Уљма	ТРГ ОСЛОБОЂЕЊА БРОЈ 3	45.042036	21.157501	objekat
Вршац	49	ОШ „БРАНКО РАДИЧЕВИЋ"	Уљма, ТРГ ОСЛОБОЂЕЊА БРОЈ 3	Уљма	ТРГ ОСЛОБОЂЕЊА БРОЈ 3	45.042036	21.157501	objekat
Вршац	50	ОШ „БРАНКО РАДИЧЕВИЋ"	Уљма, ТРГ ОСЛОБОЂЕЊА БРОЈ 3	Уљма	ТРГ ОСЛОБОЂЕЊА БРОЈ 3	45.042036	21.157501	objekat
Вршац	51	МЕСНА ЗАЈЕДНИЦА	Куштиљ, ВОЈВОЂАНСКА БРОЈ 71	Куштиљ	ВОЈВОЂАНСКА БРОЈ 71	45.035639	21.381844	objekat
Вршац	52	МЕСНА ЗАЈЕДНИЦА	Сочица, ЈАБЛАНАЧКА (ЈАБЛАНИЧКА) БРОЈ 1	Сочица	ЈАБЛАНАЧКА (ЈАБЛАНИЧКА) БРОЈ 1	45.087486	21.449160	naselje
Вршац	53	ДОМ КУЛТУРЕ	Загајица, ОБИЛИЋЕВА БРОЈ 5	Загајица	ОБИЛИЋЕВА БРОЈ 5	44.981350	21.230799	naselje
Вршац	54	МЕСНА ЗАЈЕДНИЦА	Парта, БЕЛОЦРКВАНСКА БРОЈ 11	Парта	БЕЛОЦРКВАНСКА БРОЈ 11	44.970625	21.258040	objekat
Вршац	55	ДОМ КУЛТУРЕ	Ритишево, МИХАЈ ЕМИНЕСКУ БРОЈ 1	Ритишево	МИХАЈ ЕМИНЕСКУ БРОЈ 1	45.063916	21.237248	objekat
Вршац	56	ОСНОВНА ШКОЛА	Потпорањ, МОШЕ ПИЈАДЕ БРОЈ 1	Потпорањ	МОШЕ ПИЈАДЕ БРОЈ 1	45.023627	21.242749	objekat
Вучитрн	1	ОШ "ВУК КАРАЏИЋ"	Прилужје	Прилужје				nije_nadjeno
Вучитрн	2	ОШ "ВУК КАРАЏИЋ"	Прилужје	Прилужје				nije_nadjeno
Вучитрн	3	ОШ "ВУК КАРАЏИЋ"	Прилужје	Прилужје				nije_nadjeno
Вучитрн	4	ОШ "ВУК КАРАЏИЋ"	Прилужје	Прилужје				nije_nadjeno
Вучитрн	5	ОШ "ВУК КАРАЏИЋ"	Прилужје	Прилужје				nije_nadjeno
Вучитрн	6	ОШ "ВУК КАРАЏИЋ"	Прилужје	Прилужје				nije_nadjeno
Вучитрн	7	ОШ "ВУК КАРАЏИЋ"	Прилужје	Прилужје				nije_nadjeno
Вучитрн	8	ОШ "ВУК КАРАЏИЋ"	Прилужје	Прилужје				nije_nadjeno
Вучитрн	9	ОШ "ВУК КАРАЏИЋ"	Прилужје	Прилужје				nije_nadjeno
Вучитрн	10	ОШ "ВУК КАРАЏИЋ"	Прилужје	Прилужје				nije_nadjeno
Гаџин Хан	1	Савез пензионера	Гаџин Хан, Милоша Обилића бр.39	Гаџин Хан	Милоша Обилића бр.39	43.224526	22.031796	objekat
Гаџин Хан	2	ОШ „Витко и Света“	Гаџин Хан, Милоша Обилића бр.41	Гаџин Хан	Милоша Обилића бр.41	43.224853	22.032194	objekat
Гаџин Хан	3	ОШ „Витко и Света“	Гаџин Хан, Милоша Обилића бр.41	Гаџин Хан	Милоша Обилића бр.41	43.224853	22.032194	objekat
Гаџин Хан	4	ОШ „Витко и Света“	Тасковићи	Тасковићи				nije_nadjeno
Гаџин Хан	5	Месна заједница	Чагровац	Чагровац		43.205985	22.073329	naselje
Гаџин Хан	6	Месна заједница	Гркиња	Гркиња		43.208975	21.994513	naselje
Гаџин Хан	7	Месна заједница	Гркиња	Гркиња		43.208975	21.994513	naselje
Гаџин Хан	8	Месна заједница	Горњи Барбеш	Горњи Барбеш		43.198882	21.951263	naselje
Гаџин Хан	9	Месна заједница	Виландрица	Виландрица		43.210915	21.962811	naselje
Гаџин Хан	10	Месна заједница	Дукат	Дукат		43.193147	21.909528	naselje
Гаџин Хан	11	ОШ „Витко и Света“	Топоница	Топоница		43.159552	21.919321	naselje
Гаџин Хан	12	ОШ „Витко и Света“	Топоница	Топоница		43.159552	21.919321	naselje
Гаџин Хан	13	Затекс	Доњи Барбеш	Доњи Барбеш		43.174240	21.962282	naselje
Гаџин Хан	14	Месна заједница	Марина Кутина	Марина Кутина		43.199696	22.020736	naselje
Гаџин Хан	15	Месна заједница	Горње Власе	Горње Власе		43.179041	22.003889	naselje
Гаџин Хан	16	Месна заједница	Краставче	Краставче		43.173814	22.052294	naselje
Гаџин Хан	17	Месна заједница	Миљковац	Миљковац		43.181914	22.092379	naselje
Гаџин Хан	18	ОШ „Витко и Света“	Доњи Душник	Доњи Душник		43.163033	22.109970	naselje
Гаџин Хан	19	ОШ „Витко и Света“	Доњи Душник	Доњи Душник		43.163033	22.109970	naselje
Гаџин Хан	20	Месна заједница	Горњи Душник	Горњи Душник		43.170640	22.119996	naselje
Гаџин Хан	21	Месна заједница	Сопотница	Сопотница		43.159906	22.137499	naselje
Гаџин Хан	22	Месна заједница	Велики Вртоп	Велики Вртоп		43.134726	22.172548	naselje
Гаџин Хан	23	ОШ „Витко и Света“	Мали Вртоп	Мали Вртоп		43.119609	22.164255	naselje
Гаџин Хан	24	ОШ „Витко и Света“	Семче	Семче		43.112401	22.183425	naselje
Гаџин Хан	25	ОШ „Витко и Света“	Мали Крчимир	Мали Крчимир		43.112936	22.195947	naselje
Гаџин Хан	26	Месна заједница-приземље	Велики Крчимир	Велики Крчимир		43.098713	22.208981	naselje
Гаџин Хан	27	ОШ „Витко и Света“	Доње Драговље	Доње Драговље		43.139234	22.116699	naselje
Гаџин Хан	28	Месна заједница	Овсињинац	Овсињинац		43.140086	22.149976	naselje
Гаџин Хан	29	ОШ „Витко и Света“	Горње Драговље	Горње Драговље		43.113729	22.129115	naselje
Гаџин Хан	30	Просторије амбуланте-чекаоница	Личје	Личје		43.091519	22.149424	naselje
Гаџин Хан	31	ОШ „Витко и Света“	Равна Дубрава	Равна Дубрава		43.076976	22.189507	naselje
Гњилане	1	ОШ "ПЕТАР ПЕТРОВИЋ"	Горње Кусце	Горње Кусце				nije_nadjeno
Гњилане	2	ОШ "ПЕТАР ПЕТРОВИЋ"	Горње Кусце	Горње Кусце				nije_nadjeno
Гњилане	3	ОШ "ПЕТАР ПЕТРОВИЋ"	Горње Кусце	Горње Кусце				nije_nadjeno
Гњилане	4	ОШ "ПЕТАР ПЕТРОВИЋ"	Горње Кусце	Горње Кусце				nije_nadjeno
Гњилане	5	ОШ "ПЕТАР ПЕТРОВИЋ"	Горње Кусце	Горње Кусце				nije_nadjeno
Гњилане	6	ОШ "ПЕТАР ПЕТРОВИЋ"	Горње Кусце	Горње Кусце				nije_nadjeno
Гњилане	7	ОШ "ДОСИТЕЈ ОБРАДОВИЋ"	Партеш	Партеш				nije_nadjeno
Гњилане	8	ОШ "ДОСИТЕЈ ОБРАДОВИЋ"	Партеш	Партеш				nije_nadjeno
Гњилане	9	ОШ "ДОСИТЕЈ ОБРАДОВИЋ"	Партеш	Партеш				nije_nadjeno
Гњилане	10	ОШ "ДОСИТЕЈ ОБРАДОВИЋ"	Партеш	Партеш				nije_nadjeno
Голубац	1	ПРОСТОРИЈЕ БИВШЕ КАФАНЕ ЛОВАЧКОГ УДРУЖЕЊА ГОЛУБАЦ	Голубац, Цара Душана 19	Голубац	Цара Душана 19	44.653451	21.625929	objekat
Голубац	2	ПРОСТОРИЈЕ УДРУЖЕЊА ПЕНЗИОНЕРА ГОЛУБАЦ	Голубац, Голубачки трг 1	Голубац	Голубачки трг 1	44.653321	21.628208	objekat
Голубац	3	ГИМНАЗИЈА	Голубац, Цара Лазара 13А	Голубац	Цара Лазара 13А	44.653118	21.631393	objekat
Голубац	4	ОСНОВНА ШКОЛА	Голубац, Рудничка 11	Голубац	Рудничка 11	44.653067	21.636244	objekat
Голубац	5	ДОМ КУЛТУРЕ	Добра, Маршала Тита 25	Добра	Маршала Тита 25			nije_nadjeno
Голубац	6	ОСНОВНА ШКОЛА	Добра, Борачка 4	Добра	Борачка 4			nije_nadjeno
Голубац	7	ОСНОВНА ШКОЛА	Брњица, Ђердапска 5	Брњица	Ђердапска 5			nije_nadjeno
Голубац	8	ОСНОВНА ШКОЛА	Радошевац, Вука Караџића 22	Радошевац	Вука Караџића 22	44.668831	21.602472	objekat
Голубац	9	ДОМ КУЛТУРЕ	Сладинац, Београдска 9	Сладинац	Београдска 9	44.649739	21.596845	objekat
Голубац	10	ОСНОВНА ШКОЛА	Војилово, Палих бораца 13	Војилово	Палих бораца 13	44.629263	21.604546	ulica
Голубац	11	ДОМ КУЛТУРЕ	Житковица, Српска 2	Житковица	Српска 2			nije_nadjeno
Голубац	12	ДОМ КУЛТУРЕ	Кудреш, Краљевића Марка 2	Кудреш	Краљевића Марка 2			nije_nadjeno
Голубац	13	ДОМ КУЛТУРЕ	Снеготин, Светог Саве 1	Снеготин	Светог Саве 1			nije_nadjeno
Голубац	14	ОСНОВНА ШКОЛА	Малешево, Милоша Обилића 16	Малешево	Милоша Обилића 16	44.622905	21.606437	objekat
Голубац	15	ДОМ КУЛТУРЕ	Двориште, Београдска 4	Двориште	Београдска 4	44.624976	21.637082	objekat
Голубац	16	ДОМ КУЛТУРЕ	Кривача, Школска 2	Кривача	Школска 2	44.601727	21.678632	objekat
Голубац	17	ОСНОВНА ШКОЛА	Усије, Цара Душана 5	Усије	Цара Душана 5			nije_nadjeno
Голубац	18	МЕСНА ЗАЈЕДНИЦА	Винци, Цара Душана 283	Винци	Цара Душана 283			nije_nadjeno
Голубац	19	ДОМ КУЛТУРЕ	Барич, Деспота Стефана Лазаревића 13	Барич	Деспота Стефана Лазаревића 13			nije_nadjeno
Голубац	20	ДОМ КУЛТУРЕ	Бикиње, Светог Саве 1	Бикиње	Светог Саве 1			nije_nadjeno
Голубац	21	ОСНОВНА ШКОЛА	Миљевић, Жике Марковића Уче 21	Миљевић	Жике Марковића Уче 21			nije_nadjeno
Голубац	22	ДОМ КУЛТУРЕ	Миљевић, Жике Марковића Уче 22	Миљевић	Жике Марковића Уче 22			nije_nadjeno
Голубац	23	ДОМ КУЛТУРЕ	Браничево, Моше Пијаде 8	Браничево	Моше Пијаде 8			nije_nadjeno
Голубац	24	ОСНОВНА ШКОЛА	Браничево, Моше Пијаде 37	Браничево	Моше Пијаде 37			nije_nadjeno
Голубац	25	ДОМ КУЛТУРЕ	Доња Крушевица, Печка 1	Доња Крушевица	Печка 1			nije_nadjeno
Голубац	26	МЕСНА ЗАЈЕДНИЦА	Шувајић, Вука Караџића 4	Шувајић	Вука Караџића 4			nije_nadjeno
Голубац	27	ДОМ КУЛТУРЕ	Мрчковац, Кнеза Милоша 6	Мрчковац	Кнеза Милоша 6			nije_nadjeno
Голубац	28	ОСНОВНА ШКОЛА	Клење, Солунских ратника 1	Клење	Солунских ратника 1			nije_nadjeno
Голубац	29	МЕСНА КАНЦЕЛАРИЈА	Клење, Светосавски трг 1	Клење	Светосавски трг 1			nije_nadjeno
Голубац	30	ДОМ КУЛТУРЕ	Душманић, Боре Јовића 1	Душманић	Боре Јовића 1			nije_nadjeno
Гора	1	ОСНОВНА ШКОЛА	Враниште	Враниште				nije_nadjeno
Гора	2	ОСНОВНА ШКОЛА	Враниште	Враниште				nije_nadjeno
Гора	3	ОСНОВНА ШКОЛА	Враниште	Враниште				nije_nadjeno
Гора	4	ОСНОВНА ШКОЛА	Враниште	Враниште				nije_nadjeno
Гора	5	ОСНОВНА ШКОЛА	Враниште	Враниште				nije_nadjeno
Гора	6	ОСНОВНА ШКОЛА	Враниште	Враниште				nije_nadjeno
Гора	7	ОСНОВНА ШКОЛА	Враниште	Враниште				nije_nadjeno
Гора	8	ОСНОВНА ШКОЛА	Враниште	Враниште				nije_nadjeno
Гора	9	ОСНОВНА ШКОЛА	Враниште	Враниште				nije_nadjeno
Горњи Милановац	1	ОСНОВНА ШКОЛА	Гојна Гора	Гојна Гора		43.995755	20.118841	naselje
Горњи Милановац	2	ОСНОВНА ШКОЛА	Богданица	Богданица		44.020810	20.096494	naselje
Горњи Милановац	3	ОСНОВНА ШКОЛА	Каменица	Каменица		44.012997	20.132478	naselje
Горњи Милановац	4	ОСНОВНА ШКОЛА	Прањани	Прањани		44.010272	20.208225	naselje
Горњи Милановац	5	ДОМ КУЛТУРЕ	Прањани	Прањани		44.010272	20.208225	naselje
Горњи Милановац	6	ОСНОВНА ШКОЛА	Прањани	Прањани		44.010272	20.208225	naselje
Горњи Милановац	7	ОСНОВНА ШКОЛА	Коштунићи	Коштунићи		44.057518	20.194303	naselje
Горњи Милановац	8	ОСНОВНА ШКОЛА	Теочин	Теочин		44.068885	20.236807	naselje
Горњи Милановац	9	дом	Срезојевци	Срезојевци		44.032008	20.285823	naselje
Горњи Милановац	10	ОСНОВНА ШКОЛА	Полом	Полом		44.111591	20.218829	naselje
Горњи Милановац	11	ОСНОВНА ШКОЛА	Горњи Бањани	Горњи Бањани		44.102230	20.264896	naselje
Горњи Милановац	12	СПОМЕН ДОМ	Леушићи	Леушићи		44.025819	20.221768	naselje
Горњи Милановац	13	ОСНОВНА ШКОЛА	Брезна	Брезна		44.051521	20.279440	naselje
Горњи Милановац	14	ОСНОВНА ШКОЛА	Бершићи	Бершићи		44.060724	20.339648	naselje
Горњи Милановац	15	МЕСНА ЗАЈЕДНИЦА	Таково	Таково		44.027747	20.467682	objekat
Горњи Милановац	16	ОСНОВНА ШКОЛА	Таково	Таково		44.027747	20.467682	objekat
Горњи Милановац	17	ОСНОВНА ШКОЛА	Савинац	Савинац		44.024347	20.360405	naselje
Горњи Милановац	18	ОСНОВНА ШКОЛА	Семедраж	Семедраж		44.004653	20.414767	naselje
Горњи Милановац	19	ДОМ КУЛТУРЕ	Горњи Бранетићи	Горњи Бранетићи		44.129800	20.298443	naselje
Горњи Милановац	20	ДОМ КУЛТУРЕ	Озрем	Озрем		44.088949	20.321412	naselje
Горњи Милановац	21	дом	Доњи Бранетићи	Доњи Бранетићи		44.091469	20.342624	naselje
Горњи Милановац	22	ДОМ СЕЛА	Брђани	Брђани		43.968869	20.413374	naselje
Горњи Милановац	23	ОСНОВНА ШКОЛА	Бољковци	Бољковци		44.143420	20.344806	naselje
Горњи Милановац	24	ОСНОВНА ШКОЛА	Ручићи	Ручићи		44.114910	20.363853	naselje
Горњи Милановац	25	ОСНОВНА ШКОЛА	Врнчани	Врнчани		44.096253	20.383716	naselje
Горњи Милановац	26	дом	Калиманићи	Калиманићи		44.075325	20.416586	naselje
Горњи Милановац	27	ОСНОВНА ШКОЛА	Клатичево	Клатичево		44.054128	20.420700	naselje
Горњи Милановац	28	ОСНОВНА ШКОЛА	Љутовница	Љутовница		44.076961	20.438764	naselje
Горњи Милановац	29	ОСНОВНА ШКОЛА	Шилопај	Шилопај		44.116433	20.407960	naselje
Горњи Милановац	30	дом	Лозањ	Лозањ		44.079756	20.286711	naselje
Горњи Милановац	31	МЕСНА КАНЦЕЛАРИЈА	Угриновци	Угриновци		44.171558	20.389293	naselje
Горњи Милановац	32	дом	Заграђе	Заграђе		44.161984	20.434652	naselje
Горњи Милановац	33	ОСНОВНА ШКОЛА	Драгољ	Драгољ		44.223948	20.449090	naselje
Горњи Милановац	34	дом	Трудељ	Трудељ		44.202974	20.416117	naselje
Горњи Милановац	35	дом	Варнице	Варнице		44.188452	20.459108	naselje
Горњи Милановац	36	ОСНОВНА ШКОЛА	Рудник, Кељска улица бр. 1	Рудник	Кељска улица бр. 1	44.140712	20.498328	naselje
Горњи Милановац	37	ДОМ КУЛТУРЕ	Мајдан	Мајдан		44.093599	20.480947	naselje
Горњи Милановац	38	ОСНОВНА ШКОЛА	Сврачковци	Сврачковци		44.068865	20.494280	naselje
Горњи Милановац	39	ОШ "ДЕСАНКА МАКСИМОВИЋ"	Горњи Милановац, Милутина Тодоровића Жице бб	Горњи Милановац	Милутина Тодоровића Жице бб	44.038300	20.471986	objekat
Горњи Милановац	40	дом Неваде	Неваде	Неваде		44.046757	20.496211	naselje
Горњи Милановац	41	ДОМ КУЛТУРЕ	Грабовица	Грабовица		44.020400	20.510962	naselje
Горњи Милановац	42	ДОМ КУЛТУРЕ	Јабланица	Јабланица		44.000043	20.498821	naselje
Горњи Милановац	43	ОСНОВНА ШКОЛА	Луњевица	Луњевица		43.996995	20.480103	naselje
Горњи Милановац	44	ГИМНАЗИЈА "ТАКОВСКИ УСТАНАК"	Горњи Милановац, Милоша Великог бр. 11	Горњи Милановац	Милоша Великог бр. 11	44.022253	20.458680	objekat
Горњи Милановац	45	ОШ "СВЕТИ САВА"	Горњи Милановац, Бошка Бухе бр. 17	Горњи Милановац	Бошка Бухе бр. 17	44.023657	20.450769	objekat
Горњи Милановац	46	дом	Доња Врбава	Доња Врбава		44.018439	20.561724	naselje
Горњи Милановац	47	ОСНОВНА ШКОЛА	Горња Врбава	Горња Врбава		44.032074	20.545335	naselje
Горњи Милановац	48	ОСНОВНА ШКОЛА	Бело Поље	Бело Поље		44.017848	20.589237	naselje
Горњи Милановац	49	дом	Липовац	Липовац		44.052779	20.633754	naselje
Горњи Милановац	50	ОСНОВНА ШКОЛА	Враћевшница	Враћевшница		44.067881	20.600552	objekat
Горњи Милановац	51	дом	Доња Црнућа	Доња Црнућа		44.036616	20.606454	naselje
Горњи Милановац	52	дом	Горња Црнућа	Горња Црнућа		44.076552	20.572333	naselje
Горњи Милановац	53	ТШ "ЈОВАН ЖУЈОВИЋ"	Горњи Милановац, Вука Караџића бр. 1	Горњи Милановац	Вука Караџића бр. 1	44.022419	20.456275	objekat
Горњи Милановац	54	ЕТШ "КЊАЗ МИЛОШ"	Горњи Милановац, Вука Караџића бр. 1	Горњи Милановац	Вука Караџића бр. 1	44.022419	20.456275	objekat
Горњи Милановац	55	ОШ "СВЕТИ САВА"	Горњи Милановац, Бошка Бухе бр. 17	Горњи Милановац	Бошка Бухе бр. 17	44.023657	20.450769	objekat
Горњи Милановац	56	ДОМ КУЛТУРЕ	Горњи Милановац, Војводе Милана Обреновића бр. 6	Горњи Милановац	Војводе Милана Обреновића бр. 6	44.023137	20.458292	objekat
Горњи Милановац	57	ЗГРАДА ОПШТИНЕ	Горњи Милановац, Таковска бр. 2	Горњи Милановац	Таковска бр. 2	44.024510	20.460004	objekat
Горњи Милановац	58	ОСНОВНИ СУД	Горњи Милановац, Кнеза Александра Карађорђевића бр. 27	Горњи Милановац	Кнеза Александра Карађорђевића бр. 27	44.026212	20.461967	objekat
Горњи Милановац	59	ОШ "МОМЧИЛО НАСТАСИЈЕВИЋ"	Горњи Милановац, Иве Лоле Рибара бр. 3	Горњи Милановац	Иве Лоле Рибара бр. 3	44.028560	20.464245	objekat
Горњи Милановац	60	ОСНОВНИ СУД	Горњи Милановац, Кнеза Александра Карађорђевића бр. 27	Горњи Милановац	Кнеза Александра Карађорђевића бр. 27	44.026212	20.461967	objekat
Горњи Милановац	61	РЕСТОРАН АД ""МЕТАЛАЦ""	Горњи Милановац, Кнеза Александра Карађорђевића бр. 212	Горњи Милановац	Кнеза Александра Карађорђевића бр. 212	44.037150	20.480529	objekat
Горњи Милановац	62	ОШ "ДЕСАНКА МАКСИМОВИЋ"	Горњи Милановац, Милутина Тодоровића Жице бб	Горњи Милановац	Милутина Тодоровића Жице бб	44.038300	20.471986	objekat
Горњи Милановац	63	ГИМНАЗИЈА "ТАКОВСКИ УСТАНАК"	Горњи Милановац, Милоша Великог бр. 11	Горњи Милановац	Милоша Великог бр. 11	44.022253	20.458680	objekat
Горњи Милановац	64	НОРВЕШКА КУЋА	Горњи Милановац, Николе Милићевића Луњевице бр. 1	Горњи Милановац	Николе Милићевића Луњевице бр. 1	44.019211	20.464629	objekat
Горњи Милановац	65	НОРВЕШКА КУЋА	Горњи Милановац, Николе Милићевића Луњевице бр. 1	Горњи Милановац	Николе Милићевића Луњевице бр. 1	44.019211	20.464629	objekat
Горњи Милановац	66	дом	Церова	Церова		44.126720	20.436802	naselje
Гроцка	1	ЛОВАЧКИ ДОМ	Бегаљица, Бориса Кидрича бб	Бегаљица	Бориса Кидрича бб	44.642658	20.704119	ulica
Гроцка	2	ОШ "ИВО ЛОЛА РИБАР"	Бегаљица, Живана Јовановића бр. 1	Бегаљица	Живана Јовановића бр. 1	44.632156	20.694335	objekat
Гроцка	3	ОШ "НИКОЛА ТЕСЛА"	Болеч, Маршала Тита бр. 49	Болеч	Маршала Тита бр. 49	44.734794	20.605610	objekat
Гроцка	4	ОШ "НИКОЛА ТЕСЛА"	Болеч, Маршала Тита бр. 49	Болеч	Маршала Тита бр. 49	44.734794	20.605610	objekat
Гроцка	5	МЕСНА ЗАЈЕДНИЦА	Болеч, Седмог јула бр. 1	Болеч	Седмог јула бр. 1	44.727578	20.603477	objekat
Гроцка	6	ОШ "ИЛИЈА ГАРАШАНИН"	Брестовик, Трг Вучка Милићевића бр. 4	Брестовик	Трг Вучка Милићевића бр. 4	44.645135	20.767336	objekat
Гроцка	7	ОШ "НИКОЛА ТЕСЛА"	Винча, Јована Јовановића Змаја бр. 1	Винча	Јована Јовановића Змаја бр. 1	44.747464	20.599117	objekat
Гроцка	8	ОШ "НИКОЛА ТЕСЛА" (СТАРА ШКОЛА)	Винча, Професора Васића бр. 174	Винча	Професора Васића бр. 174	44.757649	20.616443	objekat
Гроцка	9	ОШ "НИКОЛА ТЕСЛА" (СТАРА ШКОЛА)	Винча, Професора Васића бр. 174	Винча	Професора Васића бр. 174	44.757649	20.616443	objekat
Гроцка	10	ОШ "СВЕТИ САВА" (ЦЕНТАР)	Врчин, Двадесетдеветог новембра бр. 13	Врчин	Двадесетдеветог новембра бр. 13	44.663962	20.591015	naselje
Гроцка	11	ОШ "СВЕТИ САВА" (ЦЕНТАР)	Врчин, Двадесетдеветог новембра бр. 13	Врчин	Двадесетдеветог новембра бр. 13	44.663962	20.591015	naselje
Гроцка	12	СТАРА ШКОЛА РАВНИЦЕ	Врчин, Загребачка бр. 7	Врчин	Загребачка бр. 7	44.652121	20.596363	objekat
Гроцка	13	ОШ "СВЕТИ САВА" (ПЕТЉА)	Врчин, Београдска бр. 1	Врчин	Београдска бр. 1	44.674708	20.601102	objekat
Гроцка	14	ОШ "ИЛИЈА ГАРАШАНИН" (СВЕЧАНА САЛА)	Гроцка, Булевар револуције бр. 11	Гроцка	Булевар револуције бр. 11	44.673683	20.715086	objekat
Гроцка	15	ОШ "ИЛИЈА ГАРАШАНИН" (ТРПЕЗАРИЈА)	Гроцка, Булевар револуције бр. 11	Гроцка	Булевар револуције бр. 11	44.673683	20.715086	objekat
Гроцка	16	ОШ "ИЛИЈА ГАРАШАНИН"	Гроцка, Булевар револуције бр. 11	Гроцка	Булевар револуције бр. 11	44.673683	20.715086	objekat
Гроцка	17	СКУПШТИНА ОПШТИНЕ ГРОЦКА	Гроцка, Булевар ослобођења бр. 28	Гроцка	Булевар ослобођења бр. 28	44.670866	20.716631	objekat
Гроцка	18	ОШ "МИЛИВОЈЕ СТОЈКОВИЋ"	Дражањ, Вучкова бр. 25	Дражањ	Вучкова бр. 25	44.584662	20.681956	objekat
Гроцка	19	ОШ "МИЛИВОЈЕ СТОЈКОВИЋ"	Живковац, Добривоја Михајловића бр. 30	Живковац	Добривоја Михајловића бр. 30	44.589115	20.806088	objekat
Гроцка	20	ОШ "ИЛИЈА ГАРАШАНИН"	Заклопача, Његошева бр. 8	Заклопача	Његошева бр. 8	44.676398	20.655130	objekat
Гроцка	21	ПРОДАВНИЦА „ДУБРАВА“	Калуђерица, Жељка Миливојевића бр. 34	Калуђерица	Жељка Миливојевића бр. 34	44.762588	20.541422	objekat
Гроцка	22	ОШ "АЛЕКСА ШАНТИЋ" - СТАРА ШКОЛА	Калуђерица, Војводе Степе Степановића бр. 48	Калуђерица	Војводе Степе Степановића бр. 48	44.759649	20.550734	objekat
Гроцка	23	ОШ "АЛЕКСА ШАНТИЋ" - СТАРА ШКОЛА	Калуђерица, Војводе Степе Степановића бр. 48	Калуђерица	Војводе Степе Степановића бр. 48	44.759649	20.550734	objekat
Гроцка	24	ОШ "МИЛОЈЕ ВАСИЋ"	Калуђерица, Драгољуба Стојановића бр. 11	Калуђерица	Драгољуба Стојановића бр. 11	44.757574	20.561717	objekat
Гроцка	25	ОШ "АЛЕКСА ШАНТИЋ"	Калуђерица, Краља Петра Првог бр. 9	Калуђерица	Краља Петра Првог бр. 9	44.764733	20.556514	objekat
Гроцка	26	ОШ "АЛЕКСА ШАНТИЋ"	Калуђерица, Краља Петра Првог бр. 9	Калуђерица	Краља Петра Првог бр. 9	44.764733	20.556514	objekat
Гроцка	27	ОШ "АЛЕКСА ШАНТИЋ"	Калуђерица, Краља Петра Првог бр. 9	Калуђерица	Краља Петра Првог бр. 9	44.764733	20.556514	objekat
Гроцка	28	ОШ "МИЛОЈЕ ВАСИЋ"	Калуђерица, Драгољуба Стојановића бр. 11	Калуђерица	Драгољуба Стојановића бр. 11	44.757574	20.561717	objekat
Гроцка	29	ОШ "МИЛОЈЕ ВАСИЋ"	Калуђерица, Драгољуба Стојановића бр. 11	Калуђерица	Драгољуба Стојановића бр. 11	44.757574	20.561717	objekat
Гроцка	30	ОШ "МИЛИВОЈЕ СТОЈКОВИЋ"	Камендол, Двадесетпрвог августа бр. 123	Камендол	Двадесетпрвог августа бр. 123	44.611825	20.750586	naselje
Гроцка	31	МЕСНА ЗАЈЕДНИЦА	Лештане, Маршала Тита бр. 60	Лештане	Маршала Тита бр. 60	44.730953	20.575657	objekat
Гроцка	32	МЕСНА ЗАЈЕДНИЦА	Лештане, Маршала Тита бр. 60	Лештане	Маршала Тита бр. 60	44.730953	20.575657	objekat
Гроцка	33	ОШ "НИКОЛА ТЕСЛА"	Лештане, Двадесетог октобра бр. 2	Лештане	Двадесетог октобра бр. 2	44.735571	20.580812	objekat
Гроцка	34	ОШ "НИКОЛА ТЕСЛА"	Лештане, Двадесетог октобра бр. 2	Лештане	Двадесетог октобра бр. 2	44.735571	20.580812	objekat
Гроцка	35	ДОМ КУЛТУРЕ	Пударци, Палих бораца бр. 21	Пударци	Палих бораца бр. 21	44.609730	20.719277	objekat
Гроцка	36	ЛОВАЧКИ ДОМ	Ритопек, Београдска бр. 4	Ритопек	Београдска бр. 4	44.737884	20.653738	objekat
Гроцка	37	ОШ "МИЛИВОЈЕ СТОЈКОВИЋ"	Умчари, Двадесетдеветог новембра бр. 11	Умчари	Двадесетдеветог новембра бр. 11	44.583471	20.734909	naselje
Гроцка	38	ДОМ КУЛТУРЕ	Умчари, Трг републике бр. 2	Умчари	Трг републике бр. 2	44.583044	20.734763	ulica
Гроцка	39	ОШ "АЛЕКСА ШАНТИЋ"	Калуђерица, Краља Петра Првог бр. 9	Калуђерица	Краља Петра Првог бр. 9	44.764733	20.556514	objekat
Гроцка	40	ОШ "АЛЕКСА ШАНТИЋ"	Калуђерица, Краља Петра Првог бр. 9	Калуђерица	Краља Петра Првог бр. 9	44.764733	20.556514	objekat
Гроцка	41	ОШ "НИКОЛА ТЕСЛА"	Болеч, Маршала Тита бр. 49	Болеч	Маршала Тита бр. 49	44.734794	20.605610	objekat
Гроцка	42	ОШ "НИКОЛА ТЕСЛА"	Винча, Јована Јовановића Змаја бр. 1	Винча	Јована Јовановића Змаја бр. 1	44.747464	20.599117	objekat
Гроцка	43	ОШ "СВЕТИ САВА" (ЦЕНТАР)	Врчин, Двадесетдеветог новембра бр. 13	Врчин	Двадесетдеветог новембра бр. 13	44.663962	20.591015	naselje
Гроцка	44	ОШ "ИЛИЈА ГАРАШАНИН"	Гроцка, Булевар револуције бр. 11	Гроцка	Булевар револуције бр. 11	44.673683	20.715086	objekat
Гроцка	45	ОШ "ИЛИЈА ГАРАШАНИН"	Заклопача, Његошева бр. 8	Заклопача	Његошева бр. 8	44.676398	20.655130	objekat
Гроцка	46	ОШ "АЛЕКСА ШАНТИЋ" - СТАРА ШКОЛА	Калуђерица, Војводе Степе Степановића бр. 48	Калуђерица	Војводе Степе Степановића бр. 48	44.759649	20.550734	objekat
Гроцка	47	ОШ "АЛЕКСА ШАНТИЋ"	Калуђерица, Краља Петра Првог бр. 9	Калуђерица	Краља Петра Првог бр. 9	44.764733	20.556514	objekat
Гроцка	48	ОШ "МИЛОЈЕ ВАСИЋ"	Калуђерица, Драгољуба Стојановића бр. 11	Калуђерица	Драгољуба Стојановића бр. 11	44.757574	20.561717	objekat
Гроцка	49	ОШ "АЛЕКСА ШАНТИЋ"	Калуђерица, Краља Петра Првог бр. 9	Калуђерица	Краља Петра Првог бр. 9	44.764733	20.556514	objekat
Гроцка	50	ОШ "НИКОЛА ТЕСЛА"	Лештане, Двадесетог октобра бр. 2	Лештане	Двадесетог октобра бр. 2	44.735571	20.580812	objekat
Гроцка	51	ОШ "НИКОЛА ТЕСЛА"	Лештане, Двадесетог октобра бр. 2	Лештане	Двадесетог октобра бр. 2	44.735571	20.580812	objekat
Гроцка	52	ОШ "НИКОЛА ТЕСЛА"	Ритопек, Карађорђева бр. 54	Ритопек	Карађорђева бр. 54	44.738222	20.651227	objekat
Деспотовац	1	ДОМ КУЛТУРЕ	Балајнац	Балајнац		44.089861	21.363049	naselje
Деспотовац	2	ОСНОВНА ШКОЛА	Бељајка	Бељајка		44.059398	21.442133	naselje
Деспотовац	3	САЛА МЕСНА ЗАЈЕДНИЦА - МАЛА	Богава	Богава		44.095529	21.326037	naselje
Деспотовац	4	ДОМ КУЛТУРЕ	Брестово	Брестово		44.116189	21.326897	naselje
Деспотовац	5	ДОМ КУЛТУРЕ	Буковац	Буковац		44.116602	21.468629	naselje
Деспотовац	6	ДОМ КУЛТУРЕ	Велики Поповић	Велики Поповић		44.116958	21.357761	naselje
Деспотовац	7	ОСНОВНА ШКОЛА	Велики Поповић	Велики Поповић		44.116958	21.357761	naselje
Деспотовац	8	ДОМ КУЛТУРЕ	Витанце	Витанце		44.096475	21.407626	ulica
Деспотовац	9	ОСНОВНА ШКОЛА - ТРПЕЗАРИЈА	Грабовица	Грабовица		44.173431	21.407123	naselje
Деспотовац	10	ОСНОВНА ШКОЛА УЧИОНИЦА	Грабовица	Грабовица		44.173431	21.407123	naselje
Деспотовац	11	ДОМ КУЛТУРЕ	Двориште	Двориште		44.095523	21.506226	naselje
Деспотовац	12	ОСНОВНА ШКОЛА	Деспотовац, 28. марта	Деспотовац	28. марта	44.097511	21.430296	ulica
Деспотовац	13	ОСНОВНА ШКОЛА	Деспотовац, Врбаци	Деспотовац	Врбаци	44.106462	21.433508	ulica
Деспотовац	14	ТЕХНИЧКА ШКОЛА	Деспотовац, Белљаничка	Деспотовац	Белљаничка	44.095640	21.435771	objekat
Деспотовац	15	ТЕХНИЧКА ШКОЛА	Деспотовац, Стевана Лазаревића 25-191 и 8-182	Деспотовац	Стевана Лазаревића 25-191 и 8-182	44.095640	21.435771	objekat
Деспотовац	16	МЕСНА ЗАЈЕДНИЦА	Деспотовац, 29. новембра	Деспотовац	29. новембра	44.094847	21.436599	ulica
Деспотовац	17	ДОМ КУЛТУРЕ	Златово	Златово		44.204721	21.438357	naselje
Деспотовац	18	ДОМ КУЛТУРЕ-БИБЛИОТЕКА	Јасеново	Јасеново		44.152479	21.306482	naselje
Деспотовац	19	ДОМ КУЛТУРЕ-ЧИТАОНИЦА	Јасеново	Јасеново		44.152479	21.306482	naselje
Деспотовац	20	ДОМ КУЛТУРЕ	Јеловац	Јеловац		44.087097	21.588842	naselje
Деспотовац	21	ДОМ КУЛТУРЕ	Језеро	Језеро		44.047718	21.502726	naselje
Деспотовац	22	ДОМ КУЛТУРЕ	Липовица	Липовица		44.158684	21.539783	naselje
Деспотовац	23	ОСНОВНА ШКОЛА	Ломница	Ломница		44.140647	21.476792	naselje
Деспотовац	24	ОСНОВНА ШКОЛА	Ломница	Ломница		44.140647	21.476792	naselje
Деспотовац	25	ОСНОВНА ШКОЛА	Медвеђа	Медвеђа		44.151053	21.342705	naselje
Деспотовац	26	ОСНОВНА ШКОЛА	Медвеђа	Медвеђа		44.151053	21.342705	naselje
Деспотовац	27	ОСНОВНА ШКОЛА	Милива	Милива		44.118371	21.425428	ulica
Деспотовац	28	ОСНОВНА ШКОЛА	Милива	Милива		44.118371	21.425428	ulica
Деспотовац	29	ДОМ КУЛТУРЕ	Пањевац	Пањевац		44.130574	21.526512	naselje
Деспотовац	30	ОСНОВНА ШКОЛА	Плажане	Плажане		44.145010	21.412094	naselje
Деспотовац	31	ОСНОВНА ШКОЛА	Плажане	Плажане		44.145010	21.412094	naselje
Деспотовац	32	ДОМ КУЛТУРЕ	Плажане	Плажане		44.145010	21.412094	naselje
Деспотовац	33	ОСНОВНА ШКОЛА	Поповњак	Поповњак		44.064878	21.508060	naselje
Деспотовац	34	ДОМ КУЛТУРЕ	Равна Река	Равна Река		44.010670	21.604208	naselje
Деспотовац	35	ОСНОВНА ШКОЛА	Ресавица	Ресавица		44.039525	21.581226	naselje
Деспотовац	36	ДОМ КУЛТУРЕ - ХОЛ	Ресавица	Ресавица		44.039525	21.581226	naselje
Деспотовац	37	ДОМ КУЛТУРЕ - МАЛА САЛА	Ресавица	Ресавица		44.039525	21.581226	naselje
Деспотовац	38	ДОМ КУЛТУРЕ	Војник, Виноградарска	Војник	Виноградарска	44.090828	21.443849	ulica
Деспотовац	39	ДОМ КУЛТУРЕ	Село Ресавица	Село Ресавица				nije_nadjeno
Деспотовац	40	ОСНОВНА ШКОЛА	Сладаја	Сладаја		44.123564	21.555661	naselje
Деспотовац	41	МЕСНА ЗАЈЕДНИЦА	Сењски Рудник	Сењски Рудник		43.996130	21.571243	naselje
Деспотовац	42	МЕСНА ЗАЈЕДНИЦА	Стрмостен	Стрмостен		44.103558	21.588578	naselje
Деспотовац	43	ДОМ КУЛТУРЕ	Стењевац, Водна	Стењевац	Водна	44.100839	21.560788	naselje
Деспотовац	44	ДОМ КУЛТУРЕ	Трућевац	Трућевац		44.077663	21.379844	naselje
Димитровград	1	НАРОДНА БИБЛИОТЕКА	Димитровград, СУТЈЕСКА БР. 2	Димитровград	СУТЈЕСКА БР. 2	43.018232	22.778460	objekat
Димитровград	2	СТАЦИОНАР	Димитровград, СУТЈЕСКА ББ	Димитровград	СУТЈЕСКА ББ	43.017941	22.769452	objekat
Димитровград	3	ГИМНАЗИЈА „СВ. КИРИЛА И МЕТОДИЈА"	Димитровград, ЋИРИЛА И МЕТОДИЈА БР. 12	Димитровград	ЋИРИЛА И МЕТОДИЈА БР. 12	43.017068	22.779934	objekat
Димитровград	4	ДЕЧЈИ ВРТИЋ	Димитровград, СВЕТОСАВСКА БР. 2	Димитровград	СВЕТОСАВСКА БР. 2	43.018599	22.785707	objekat
Димитровград	5	УПРАВА ЈП „КОМУНАЛАЦ“	Димитровград, ИВО АНДРИЋ 49	Димитровград	ИВО АНДРИЋ 49	43.015743	22.778199	naselje
Димитровград	6	ОСНОВНА ШКОЛА	Димитровград, ХРИСТО БОТЕВ БР. 3	Димитровград	ХРИСТО БОТЕВ БР. 3	43.015004	22.779295	objekat
Димитровград	7	ЦЕНТАР ЗА КУЛТУРУ	Димитровград, ТРГ ДР ЗОРАНА ЂИНЂИЋА БР. 2	Димитровград	ТРГ ДР ЗОРАНА ЂИНЂИЋА БР. 2	43.016077	22.778064	objekat
Димитровград	8	ДЕЧИЈИ ВРТИЋ	Димитровград, БОШКО БУХА ББ	Димитровград	БОШКО БУХА ББ	43.015743	22.778199	naselje
Димитровград	9	ЗГРАДА ШПЕДИЦИЈЕ НА ЖЕЛЕЗНИЧКОЈ СТАНИЦИ	Димитровград, БАЛКАНСКА БР. 124	Димитровград	БАЛКАНСКА БР. 124	43.011919	22.765076	objekat
Димитровград	10	ДОМ КУЛТУРЕ	Лукавица, ЛУКАВАЧКА БР. 31	Лукавица	ЛУКАВАЧКА БР. 31	43.006683	22.759853	objekat
Димитровград	11	ДОМ КУЛТУРЕ	Белеш, БЕЛЕШ ББ	Белеш	БЕЛЕШ ББ	43.011808	22.749769	objekat
Димитровград	12	ДОМ КУЛТУРЕ	Жељуша, ГЕОРГИ ДИМИТРОВА БР. 139	Жељуша	ГЕОРГИ ДИМИТРОВА БР. 139	43.015553	22.737212	ulica
Димитровград	13	ОСНОВНА ШКОЛА	Жељуша, СТОЧАР	Жељуша	СТОЧАР	43.020602	22.742565	ulica
Димитровград	14	ДОМ КУЛТУРЕ	Гојин Дол, БОРИСА ИВАНОВА БР. 72	Гојин Дол	БОРИСА ИВАНОВА БР. 72	43.022285	22.716292	objekat
Димитровград	15	ОСНОВНА ШКОЛА	Градиње, БАЧЕВСКА БР. 37	Градиње	БАЧЕВСКА БР. 37	43.004579	22.816409	objekat
Димитровград	16	ЗАДРУЖНИ ДОМ	Куса Врана, СЕЛО БР. 62	Куса Врана	СЕЛО БР. 62	42.977778	22.563611	naselje
Димитровград	17	ДОМ КУЛТУРЕ	Трнски Одоровци, ТРНСКИ ОДОРОВЦИ БР. 148	Трнски Одоровци	ТРНСКИ ОДОРОВЦИ БР. 148	42.947829	22.612793	objekat
Димитровград	18	ЗАДРУЖНИ ДОМ	Доња Невља, ДОЊА НЕВЉА БР. 109	Доња Невља	ДОЊА НЕВЉА БР. 109	42.927989	22.760487	objekat
Димитровград	19	ДОМ КУЛТУРЕ	Поганово, ПОГАНОВО БР. 64	Поганово	ПОГАНОВО БР. 64	42.969522	22.665444	objekat
Димитровград	20	ДОМ КУЛТУРЕ	Височки Одоровци, ВИСОЧКИ ОДОРОВЦИ БР. 166	Височки Одоровци	ВИСОЧКИ ОДОРОВЦИ БР. 166	43.102546	22.819543	objekat
Димитровград	21	ДОМ КУЛТУРЕ	Смиловци, СМИЛОВЦИ БР. 21А	Смиловци	СМИЛОВЦИ БР. 21А	43.083513	22.851279	objekat
Димитровград	22	ДОМ КУЛТУРЕ	Протопопинци, ПРОТОПОПИНЦИ БР. 42	Протопопинци	ПРОТОПОПИНЦИ БР. 42	43.063975	22.870495	objekat
Димитровград	23	АМБУЛАНТА ДОМА ЗДРАВЉА ДИМИТРОВГРАД	Изатовци, БАБИНА ЊИВА БР. 56	Изатовци	БАБИНА ЊИВА БР. 56	43.120210	22.883327	naselje
Дољевац	1	ОСНОВНА ШКОЛА	Белотинац	Белотинац		43.265313	21.852719	naselje
Дољевац	2	ОСНОВНА ШКОЛА	Белотинац	Белотинац		43.265313	21.852719	naselje
Дољевац	3	СРЕДЊА ШКОЛА	Дољевац	Дољевац		43.198096	21.833282	naselje
Дољевац	4	СРЕДЊА ШКОЛА	Дољевац	Дољевац		43.198096	21.833282	naselje
Дољевац	5	СРЕДЊА ШКОЛА	Дољевац	Дољевац		43.198096	21.833282	naselje
Дољевац	6	ДОМ КУЛТУРЕ	Клисура	Клисура		43.214273	21.842823	naselje
Дољевац	7	ДОМ КУЛТУРЕ	Кнежица	Кнежица		43.258263	21.879546	naselje
Дољевац	8	ОСНОВНА ШКОЛА	Кочане	Кочане		43.195551	21.851511	ulica
Дољевац	9	ОСНОВНА ШКОЛА	Кочане	Кочане		43.195551	21.851511	ulica
Дољевац	10	ОСНОВНА ШКОЛА	Кочане	Кочане		43.195551	21.851511	ulica
Дољевац	11	ОСНОВНА ШКОЛА	Малошиште	Малошиште		43.237183	21.851947	naselje
Дољевац	12	ОСНОВНА ШКОЛА	Малошиште	Малошиште		43.237183	21.851947	naselje
Дољевац	13	ОСНОВНА ШКОЛА	Малошиште	Малошиште		43.237183	21.851947	naselje
Дољевац	14	ОСНОВНА ШКОЛА	Малошиште	Малошиште		43.237183	21.851947	naselje
Дољевац	15	ОСНОВНА ШКОЛА	Малошиште	Малошиште		43.237183	21.851947	naselje
Дољевац	16	ОСНОВНА ШКОЛА	Мекиш	Мекиш		43.222550	21.793914	naselje
Дољевац	17	ОСНОВНА ШКОЛА	Мекиш	Мекиш		43.222550	21.793914	naselje
Дољевац	18	ОСНОВНА ШКОЛА	Орљане	Орљане		43.213621	21.819105	naselje
Дољевац	19	ОСНОВНА ШКОЛА	Орљане	Орљане		43.213621	21.819105	naselje
Дољевац	20	ДОМ КУЛТУРЕ	Орљане	Орљане		43.213621	21.819105	naselje
Дољевац	21	ОСНОВНА ШКОЛА	Перутина	Перутина		43.250830	21.896819	naselje
Дољевац	22	ОСНОВНА ШКОЛА	Пуковац	Пуковац		43.166401	21.855091	naselje
Дољевац	23	ОСНОВНА ШКОЛА	Пуковац	Пуковац		43.166401	21.855091	naselje
Дољевац	24	ОСНОВНА ШКОЛА	Пуковац	Пуковац		43.166401	21.855091	naselje
Дољевац	25	ОСНОВНА ШКОЛА	Пуковац	Пуковац		43.166401	21.855091	naselje
Дољевац	26	ОСНОВНА ШКОЛА	Пуковац	Пуковац		43.166401	21.855091	naselje
Дољевац	27	ОСНОВНА ШКОЛА	Пуковац	Пуковац		43.166401	21.855091	naselje
Дољевац	28	ОСНОВНА ШКОЛА	Русна	Русна		43.194797	21.898778	naselje
Дољевац	29	ОСНОВНА ШКОЛА	Ћурлина	Ћурлина		43.260177	21.884417	naselje
Дољевац	30	ДОМ КУЛТУРЕ	Чапљинац	Чапљинац		43.250731	21.844559	naselje
Дољевац	31	ДОМ КУЛТУРЕ	Чапљинац	Чапљинац		43.250731	21.844559	naselje
Дољевац	32	ОСНОВНА ШКОЛА	Чечина	Чечина		43.199107	21.869724	naselje
Дољевац	33	ОСНОВНА ШКОЛА	Чечина	Чечина		43.199107	21.869724	naselje
Дољевац	34	ОСНОВНА ШКОЛА	Шаиновац	Шаиновац		43.186310	21.807346	naselje
Дољевац	35	ОСНОВНА ШКОЛА	Шаиновац	Шаиновац		43.186310	21.807346	naselje
Дољевац	36	ОСНОВНА ШКОЛА	Шарлинац	Шарлинац		43.195869	21.793571	naselje
Дољевац	37	ОСНОВНА ШКОЛА	Шарлинац	Шарлинац		43.195869	21.793571	naselje
Жабаљ	1	ОШ "ЖАРКО ЗРЕЊАНИН"	Госпођинци, Бранка Радичевића 56	Госпођинци	Бранка Радичевића 56	45.405722	19.990207	objekat
Жабаљ	2	ОШ "ЖАРКО ЗРЕЊАНИН"	Госпођинци, Бранка Радичевића 56	Госпођинци	Бранка Радичевића 56	45.405722	19.990207	objekat
Жабаљ	3	ОШ "ЖАРКО ЗРЕЊАНИН"	Госпођинци, Бранка Радичевића 56	Госпођинци	Бранка Радичевића 56	45.405722	19.990207	objekat
Жабаљ	4	ОШ "ЖАРКО ЗРЕЊАНИН"	Госпођинци, Бранка Радичевића 56	Госпођинци	Бранка Радичевића 56	45.405722	19.990207	objekat
Жабаљ	5	ОШ "ЈОВАН ЈОВАНОВИЋ ЗМАЈ"	Ђурђево, Краља Петра Првог 59	Ђурђево	Краља Петра Првог 59	45.324778	20.066460	objekat
Жабаљ	6	ОШ "ЈОВАН ЈОВАНОВИЋ ЗМАЈ"	Ђурђево, Краља Петра Првог 59	Ђурђево	Краља Петра Првог 59	45.324778	20.066460	objekat
Жабаљ	7	ОШ "ЈОВАН ЈОВАНОВИЋ ЗМАЈ"	Ђурђево, Краља Петра Првог 59	Ђурђево	Краља Петра Првог 59	45.324778	20.066460	objekat
Жабаљ	8	ОШ "ЈОВАН ЈОВАНОВИЋ ЗМАЈ"	Ђурђево, Краља Петра Првог 59	Ђурђево	Краља Петра Првог 59	45.324778	20.066460	objekat
Жабаљ	9	ОШ "ЈОВАН ЈОВАНОВИЋ ЗМАЈ"	Ђурђево, Краља Петра Првог 59	Ђурђево	Краља Петра Првог 59	45.324778	20.066460	objekat
Жабаљ	10	ОШ "МИЛОШ ЦРЊАНСКИ"	Жабаљ, Трг Светог Саве 4	Жабаљ	Трг Светог Саве 4	45.372534	20.064599	objekat
Жабаљ	11	ОШ "МИЛОШ ЦРЊАНСКИ"	Жабаљ, Трг Светог Саве 4	Жабаљ	Трг Светог Саве 4	45.372534	20.064599	objekat
Жабаљ	12	СШ "22.ОКТОБАР"	Жабаљ, Николе Тесле 78	Жабаљ	Николе Тесле 78	45.370414	20.064065	objekat
Жабаљ	13	СШ "22.ОКТОБАР"	Жабаљ, Николе Тесле 78	Жабаљ	Николе Тесле 78	45.370414	20.064065	objekat
Жабаљ	14	ОШ "МИЛОШ ЦРЊАНСКИ"	Жабаљ, Трг Светог Саве 4	Жабаљ	Трг Светог Саве 4	45.372534	20.064599	objekat
Жабаљ	15	ОШ "МИЛОШ ЦРЊАНСКИ"	Жабаљ, Трг Светог Саве 4	Жабаљ	Трг Светог Саве 4	45.372534	20.064599	objekat
Жабаљ	16	СШ "22.ОКТОБАР"	Жабаљ, Николе Тесле 78	Жабаљ	Николе Тесле 78	45.370414	20.064065	objekat
Жабаљ	17	СШ "22.ОКТОБАР"	Жабаљ, Николе Тесле 78	Жабаљ	Николе Тесле 78	45.370414	20.064065	objekat
Жабаљ	18	ОШ "МИЛОШ ЦРЊАНСКИ"	Жабаљ, Трг Светог Саве 4	Жабаљ	Трг Светог Саве 4	45.372534	20.064599	objekat
Жабаљ	19	ЛОКАЛ У ОБЈЕКТУ ПУСТАЈИЋ СТЕВАНА	Жабаљ, Николе Тесле 105	Жабаљ	Николе Тесле 105	45.364920	20.065667	objekat
Жабаљ	20	КАФЕ "БРКА"	Жабаљ, Николе Тесле 119А	Жабаљ	Николе Тесле 119А	45.362243	20.065745	objekat
Жабаљ	21	ОШ "ЂУРА ЈАКШИЋ" - СТАРА ЗГРАДА	Чуруг, Трг Слободе 4	Чуруг	Трг Слободе 4	45.473233	20.071797	naselje
Жабаљ	22	ОШ "ЂУРА ЈАКШИЋ" - СТАРА ЗГРАДА	Чуруг, Трг Слободе 4	Чуруг	Трг Слободе 4	45.473233	20.071797	naselje
Жабаљ	23	ОШ "ЂУРА ЈАКШИЋ" - НОВА ЗГРАДА	Чуруг, Трг Слободе 4	Чуруг	Трг Слободе 4	45.473233	20.071797	naselje
Жабаљ	24	ОШ "ЂУРА ЈАКШИЋ" - НОВА ЗГРАДА	Чуруг, Трг Слободе 4	Чуруг	Трг Слободе 4	45.473233	20.071797	naselje
Жабаљ	25	ОШ "ЂУРА ЈАКШИЋ" - НОВА ЗГРАДА	Чуруг, Трг Слободе 4	Чуруг	Трг Слободе 4	45.473233	20.071797	naselje
Жабаљ	26	ОШ "ЂУРА ЈАКШИЋ" - НОВА ЗГРАДА	Чуруг, Трг Слободе 4	Чуруг	Трг Слободе 4	45.473233	20.071797	naselje
Жабаљ	27	ОШ "ЂУРА ЈАКШИЋ" - СТАРА ЗГРАДА	Чуруг, Трг Слободе 4	Чуруг	Трг Слободе 4	45.473233	20.071797	naselje
Жабаљ	28	ОШ "ЂУРА ЈАКШИЋ" - СТАРА ЗГРАДА	Чуруг, Трг Слободе 4	Чуруг	Трг Слободе 4	45.473233	20.071797	naselje
Жабаљ	29	ОШ "ЂУРА ЈАКШИЋ" - СТАРА ЗГРАДА	Чуруг, Трг Слободе 4	Чуруг	Трг Слободе 4	45.473233	20.071797	naselje
Жабаљ	30	ФК "ХАЈДУК"	Чуруг, Светог Саве бб	Чуруг	Светог Саве бб	45.470341	20.061982	ulica
Жабаљ	31	КАФЕ "ГАС"	Чуруг, Светозара Милетића 80	Чуруг	Светозара Милетића 80	45.469773	20.053662	objekat
Жабари	1	МЕСНА ЗАЈЕДНИЦА	Александровац, ул. Краља Александра Обреновића бр. 83	Александровац	ул. Краља Александра Обреновића бр. 83	44.446544	21.213513	objekat
Жабари	2	ПТК "ЈЕДИНСТВО"	Александровац, ул. Краља Александра Обреновића бр. 85	Александровац	ул. Краља Александра Обреновића бр. 85	44.446772	21.213565	objekat
Жабари	3	ОШ "ХЕРОЈ РОСА ТРИФУНОВИЋ" - ЂАЧКА КУХИЊА	Александровац, ул. Краља Александра Обреновића бр. 101	Александровац	ул. Краља Александра Обреновића бр. 101	44.448031	21.213741	objekat
Жабари	4	ОШ "ХЕРОЈ РОСА ТРИФУНОВИЋ"	Александровац, ул. Краља Александра Обреновића бр. 101	Александровац	ул. Краља Александра Обреновића бр. 101	44.448031	21.213741	objekat
Жабари	5	МЕСНА КАНЦЕЛАРИЈА	Брзоходе, ул. Кнеза Милоша бр. 102	Брзоходе	ул. Кнеза Милоша бр. 102	44.363780	21.280113	objekat
Жабари	6	(ПАНТИНА КАФАНА) СУР "БРЗОХОЂАНКА"	Брзоходе, ул. Кнеза Милоша бр. 74	Брзоходе	ул. Кнеза Милоша бр. 74	44.366775	21.273667	objekat
Жабари	7	ДОМ КУЛТУРЕ	Витежево, ул. Станина бр. 46	Витежево	ул. Станина бр. 46	44.296116	21.248304	objekat
Жабари	8	ЛОКАЛ МИЛЕНКОВИЋ ЖИВОРАДА	Витежево, ул. Витежевачка бр. 106	Витежево	ул. Витежевачка бр. 106	44.298391	21.262077	objekat
Жабари	9	КУЋА ЈОНИЋ ВОЈИСЛАВА	Витежево, ул. Радничка бр. 10	Витежево	ул. Радничка бр. 10	44.278760	21.257745	objekat
Жабари	10	ОШ "ХЕРОЈ РОСА ТРИФУНОВИЋ" - УЧИОНИЦА БР. 1	Влашки До, ул. Краља Петра 1 бр. 92	Влашки До	ул. Краља Петра 1 бр. 92	44.470958	21.211939	objekat
Жабари	11	ОШ "ХЕРОЈ РОСА ТРИФУНОВИЋ" - УЧИОНИЦА БР. 2	Влашки До, ул. Краља Петра 1 бр. 92	Влашки До	ул. Краља Петра 1 бр. 92	44.470958	21.211939	objekat
Жабари	12	ДОМ КУЛТУРЕ	Влашки До, ул. Краља Петра бр. 156	Влашки До	ул. Краља Петра бр. 156	44.486839	21.212108	objekat
Жабари	13	"ТОЧКА"-ЛОКАЛ У КУЋИ ЋАТИЋ ДРАГОША	Влашки До, ул. Цариградски пут бр. 10	Влашки До	ул. Цариградски пут бр. 10	44.486804	21.229095	objekat
Жабари	14	АУТОБУСКА СТАНИЦА	Жабари, ул. Кнеза Милоша бр. 32	Жабари	ул. Кнеза Милоша бр. 32	44.359421	21.215359	objekat
Жабари	15	ЕКСПОЗИТУРА ЈАВНИХ ПРИХОДА - РЕПУБЛИЧКА УПРАВА	Жабари, ул. Кнеза Милоша бр. 76	Жабари	ул. Кнеза Милоша бр. 76	44.355610	21.214404	objekat
Жабари	16	ОСНОВНА ШКОЛА ДУДЕ ЈОВИЋ ЖАБАРИ 1	Жабари, ул. Кнеза Милоша бр. 182	Жабари	ул. Кнеза Милоша бр. 182	44.343609	21.213825	objekat
Жабари	17	ОСНОВНА ШКОЛА ДУДЕ ЈОВИЋ ЖАБАРИ 2	Жабари, ул. Кнеза Милоша бр. 182	Жабари	ул. Кнеза Милоша бр. 182	44.343609	21.213825	objekat
Жабари	18	ДОМ КУЛТУРЕ	Кочетин, ул. Вука Караџића бр. 19	Кочетин	ул. Вука Караџића бр. 19	44.403904	21.303064	objekat
Жабари	19	ЗДРАВСТВЕНА АМБУЛАНТА	Миријево, ул. Петровданска бр. 42Б	Миријево	ул. Петровданска бр. 42Б	44.438964	21.276923	objekat
Жабари	20	МЗ "МИРИЈЕВО" - РЕСТОРАН	Миријево, ул. Петровданска бр. 42А	Миријево	ул. Петровданска бр. 42А	44.439071	21.276746	objekat
Жабари	21	ОШ "ХЕРОЈ РОСА ТРИФУНОВИЋ" - ЂАЧКА КУХИЊА	Ореовица, ул. Краља Петра Карађорђевића бр. 64А	Ореовица	ул. Краља Петра Карађорђевића бр. 64А	44.426899	21.210017	objekat
Жабари	22	ДОМ КУЛТУРЕ	Ореовица, ул. Краља Петра Карађорђевића бр. 37	Ореовица	ул. Краља Петра Карађорђевића бр. 37	44.427243	21.209485	objekat
Жабари	23	ОШ "ХЕРОЈ РОСА ТРИФУНОВИЋ" ГОРЊА ЛИВАДИЦА	Полатна, ул. Росе Трифуновић бр. 1	Полатна	ул. Росе Трифуновић бр. 1	44.420520	21.247790	objekat
Жабари	24	МЗ "ГОРЊА ЛИВАДИЦА"	Породин, ул. Свети Сава бр. 101	Породин	ул. Свети Сава бр. 101	44.339620	21.216164	objekat
Жабари	25	КУЋА КОСТИЋ ЗОРАНА	Породин, ул. Свети Сава бр. 82	Породин	ул. Свети Сава бр. 82	44.334718	21.218610	objekat
Жабари	26	ОШ "ДУДЕ ЈОВИЋ"	Породин, Главна улица бр. 69	Породин	Главна улица бр. 69	44.320859	21.221065	objekat
Жабари	27	МЕСНА ЗАЈЕДНИЦА	Породин, Главна улица бр. 54	Породин	Главна улица бр. 54	44.318237	21.223258	naselje
Жабари	28	ЗДРАВСТВЕНА АМБУЛАНТА	Породин, Главна улица бр. 24А	Породин	Главна улица бр. 24А	44.318237	21.223258	naselje
Жабари	29	ОШ "ХЕРОЈ РОСА ТРИФУНОВИЋ"	Свињарево, ул. 27. Октобра бр. 41	Свињарево	ул. 27. Октобра бр. 41	44.447021	21.281042	objekat
Жабари	30	ДОМ КУЛТУРЕ	Сибница, ул. Патријарха Павла бр. 12	Сибница	ул. Патријарха Павла бр. 12	44.403356	21.249304	objekat
Жабари	31	ЛОКАЛ АЛЕКСАНДРА ЛАЗАРЕВИЋА	Симићево, ул. Симе Симића бр. 80	Симићево	ул. Симе Симића бр. 80	44.394322	21.212260	objekat
Жабари	32	ОШ "ДУДЕ ЈОВИЋ"	Симићево, ул. Симе Симића бр. 151	Симићево	ул. Симе Симића бр. 151	44.395984	21.210246	objekat
Жабари	33	ДОМ КУЛТУРЕ	Симићево, ул. Симе Симића бр. 158	Симићево	ул. Симе Симића бр. 158	44.397081	21.211340	objekat
Жабари	34	КУЋА ЈАНКОВИЋ РАКИЦЕ	Симићево, ул. Симе Симића бр. 269	Симићево	ул. Симе Симића бр. 269	44.406693	21.210899	objekat
Жабари	35	ДОМ КУЛТУРЕ	Тићевац, ул. 27. Октобра бр. 3	Тићевац	ул. 27. Октобра бр. 3	44.460649	21.257305	objekat
Жабари	36	ДОМ КУЛТУРЕ 1	Четереже, ул. Станоја Главаша бр. 5	Четереже	ул. Станоја Главаша бр. 5	44.370521	21.241603	objekat
Жабари	37	ДОМ КУЛТУРЕ 2	Четереже, ул. Станоја Главаша бр. 5	Четереже	ул. Станоја Главаша бр. 5	44.370521	21.241603	objekat
Жагубица	1	ОСНОВНИ СУД	Жагубица, Трг ослобођења бр. 2	Жагубица	Трг ослобођења бр. 2	44.197546	21.783224	objekat
Жагубица	2	ОШ "КНЕЗ ЛАЗАР"	Жагубица, 25. септембра бр. 2	Жагубица	25. септембра бр. 2	44.197674	21.785135	naselje
Жагубица	3	ДОМ КУЛТУРЕ	Лазница, ул. Центар бр. 2	Лазница	ул. Центар бр. 2	44.241192	21.808722	objekat
Жагубица	4	ДОМ КУЛТУРЕ	Селиште, ул. Трг ослобођења бр. 1	Селиште	ул. Трг ослобођења бр. 1	44.256518	21.786813	objekat
Жагубица	5	ДОМ КУЛТУРЕ	Милатовац, ул. Милатовачка бр. 93	Милатовац	ул. Милатовачка бр. 93	44.258053	21.765415	objekat
Жагубица	6	ДОМ КУЛТУРЕ	Вуковац, ул. Николе Тесле бр. 11	Вуковац	ул. Николе Тесле бр. 11	44.256530	21.736874	objekat
Жагубица	7	ОШ "КНЕЗ ЛАЗАР"	Јошаница, ул. Спасовданска бр. 37	Јошаница	ул. Спасовданска бр. 37	44.277140	21.713251	objekat
Жагубица	8	ДОМ КУЛТУРЕ	Осаница, ул. Задружни трг бр. 1	Осаница	ул. Задружни трг бр. 1	44.280228	21.670394	objekat
Жагубица	9	ОШ "КНЕЗ ЛАЗАР"	Суви До, ул. Млавска бр. 2	Суви До	ул. Млавска бр. 2	44.206283	21.729755	objekat
Жагубица	10	МЗ "ПИОНИР"	Изварица, ул. Главна бр. 19	Изварица	ул. Главна бр. 19	44.226389	21.692642	objekat
Жагубица	11	ДОМ КУЛТУРЕ	Рибаре, ул. Горњомалски трг бр. 2	Рибаре	ул. Горњомалски трг бр. 2	44.233223	21.673242	objekat
Жагубица	12	ОШ "ЈОВАН ШЕРБАНОВИЋ"	Крепољин, ул. Кнеза Лазара бр. 84	Крепољин	ул. Кнеза Лазара бр. 84	44.260182	21.603215	ulica
Жагубица	13	ОШ "ЈОВАН ШЕРБАНОВИЋ"	Брезница, ул. Турски поток бр. 1	Брезница	ул. Турски поток бр. 1	44.276524	21.570647	objekat
Жагубица	14	ДОМ КУЛТУРЕ	Сиге, ул. Рударска бр. 28	Сиге	ул. Рударска бр. 28	44.216652	21.593998	objekat
Жагубица	15	ОШ "ЈОВАН ШЕРБАНОВИЋ"	Милановац, ул. Милана Новаковића бр. 33	Милановац	ул. Милана Новаковића бр. 33	44.195153	21.599748	objekat
Жагубица	16	ДОМ КУЛТУРЕ	Крупаја, ул. Главна бр. 8	Крупаја	ул. Главна бр. 8	44.172819	21.583010	objekat
Жагубица	17	ДОМ КУЛТУРЕ	Близнак, ул. Горња бр. 6	Близнак	ул. Горња бр. 6	44.178636	21.544645	objekat
Житиште	1	Дом културе	Житиште, Цара Душана бр. 2	Житиште	Цара Душана бр. 2	45.483714	20.552146	objekat
Житиште	2	Дом културе	Житиште, Цара Душана бр. 2	Житиште	Цара Душана бр. 2	45.483714	20.552146	objekat
Житиште	3	ОШ "Свети Сава"	Житиште, Трг ослобођења бр. Бб	Житиште	Трг ослобођења бр. Бб	45.481082	20.553330	ulica
Житиште	4	ОШ "Свети Сава"	Житиште, Трг ослобођења бр. Бб	Житиште	Трг ослобођења бр. Бб	45.481082	20.553330	ulica
Житиште	5	Месна заједница Житиште	Житиште, Цара Душана бр. 2	Житиште	Цара Душана бр. 2	45.483714	20.552146	objekat
Житиште	6	Забавиште	Банатски Двор, Маршала Тита бр. 2	Банатски Двор	Маршала Тита бр. 2	45.519992	20.513209	objekat
Житиште	7	Основна школа	Банатски Двор, Маршала Тита бр. 2	Банатски Двор	Маршала Тита бр. 2	45.519992	20.513209	objekat
Житиште	8	Дом културе	Торда, Маршала Тита бр. 2	Торда	Маршала Тита бр. 2	45.585119	20.458296	objekat
Житиште	9	Дом културе	Торда, Маршала Тита бр. 2	Торда	Маршала Тита бр. 2	45.585119	20.458296	objekat
Житиште	10	Основна школа	Торда, Бориса Кидрича бр. 3	Торда	Бориса Кидрича бр. 3	45.586762	20.458910	objekat
Житиште	11	Месна заједница	Честерег, Маршала Тита бр. 39	Честерег	Маршала Тита бр. 39	45.561672	20.529111	objekat
Житиште	12	Ловачки дом	Честерег, Маршала Тита бр. 39/A	Честерег	Маршала Тита бр. 39/A	45.561794	20.529265	objekat
Житиште	13	Месна заједница	Банатско Карађорђево, Ђуре Јакшића бр. Б6	Банатско Карађорђево	Ђуре Јакшића бр. Б6	45.588453	20.561226	naselje
Житиште	14	Основна школа	Банатско Карађорђево, Солунских Добровољаца бр. 19	Банатско Карађорђево	Солунских Добровољаца бр. 19	45.589011	20.560512	objekat
Житиште	15	Основна школа	Банатско Карађорђево, Солунских Добровољаца бр. 19	Банатско Карађорђево	Солунских Добровољаца бр. 19	45.589011	20.560512	objekat
Житиште	16	Месна заједница	Хетин, Ослободилачка бр. 13	Хетин	Ослободилачка бр. 13	45.662211	20.794363	objekat
Житиште	17	Дом културе	Српски Итебеј, Трг слободе бр. 2	Српски Итебеј	Трг слободе бр. 2	45.568008	20.714305	naselje
Житиште	18	Забавиште	Српски Итебеј, Војводе Путника бр. 15	Српски Итебеј	Војводе Путника бр. 15	45.566052	20.715983	objekat
Житиште	19	Ловачки дом	Српски Итебеј, Светозара Марковића бр. 33	Српски Итебеј	Светозара Марковића бр. 33	45.568794	20.709877	objekat
Житиште	20	Дом пензионера	Српски Итебеј, Милоша Црњанског бр. 66	Српски Итебеј	Милоша Црњанског бр. 66	45.564945	20.713099	ulica
Житиште	21	Дом омладине	Међа, Младена Стојановића бр. 46	Међа	Младена Стојановића бр. 46	45.536255	20.808674	objekat
Житиште	22	Основна школа	Међа, Првомајска бр. 25	Међа	Првомајска бр. 25	45.536226	20.802168	objekat
Житиште	23	Дом културе	Нови Итебеј, Маршала Тита бр. 64	Нови Итебеј	Маршала Тита бр. 64	45.558199	20.701973	objekat
Житиште	24	Дом културе	Нови Итебеј, Маршала Тита бр. 64	Нови Итебеј	Маршала Тита бр. 64	45.558199	20.701973	objekat
Житиште	25	Дом здравља	Торак, Маршала Тита бр. 2	Торак	Маршала Тита бр. 2	45.504546	20.598009	ulica
Житиште	26	Дом културе	Торак, Трг Слободе бр. 66	Торак	Трг Слободе бр. 66	45.503872	20.597113	objekat
Житиште	27	Основна школа	Торак, Братства и јединства бр. 1	Торак	Братства и јединства бр. 1	45.508254	20.607848	objekat
Житиште	28	Ватрогасни дом	Торак, Братства и јединства бр. 44	Торак	Братства и јединства бр. 44	45.480398	20.558597	ulica
Житиште	29	Дом културе-сала	Банатско Вишњићево, 10.Октобра бр. 2	Банатско Вишњићево	10.Октобра бр. 2	45.445762	20.680244	objekat
Житиште	30	Основна школа	Равни Тополовац, Миленка Симића бр. 1	Равни Тополовац	Миленка Симића бр. 1	45.459345	20.568391	objekat
Житиште	31	Месна заједница	Равни Тополовац, Светог Василија Острошког бр. 45	Равни Тополовац	Светог Василија Острошког бр. 45	45.460432	20.568506	objekat
Житорађа	1	ОСНОВНА ШКОЛА	Бадњевац, Бадњевац	Бадњевац	Бадњевац	43.183661	21.786639	drugo:railway
Житорађа	2	ОСНОВНА ШКОЛА	Влахово, Влахово	Влахово	Влахово	43.207491	21.648481	naselje
Житорађа	3	ОСНОВНА ШКОЛА	Вољчинце, Вољчинце	Вољчинце	Вољчинце	43.195366	21.766031	naselje
Житорађа	4	ОСНОВНА ШКОЛА	Глашинце, Глашинце	Глашинце	Глашинце	43.206685	21.715424	naselje
Житорађа	5	ОСНОВНА ШКОЛА	Горње Црнатово, Горње Црнатово	Горње Црнатово	Горње Црнатово	43.145807	21.756971	naselje
Житорађа	6	ДОМ КУЛТУРЕ	Горњи Дреновац, Горњи Дреновац	Горњи Дреновац	Горњи Дреновац	43.126121	21.787783	naselje
Житорађа	7	ДОМ КУЛТУРЕ	Грудаш, Грудаш	Грудаш	Грудаш	43.148351	21.720450	naselje
Житорађа	8	ОСНОВНА ШКОЛА	Доње Црнатово, Доње Црнатово	Доње Црнатово	Доње Црнатово	43.152424	21.773639	objekat
Житорађа	9	ДОМ КУЛТУРЕ	Доњи Дреновац, Доњи Дреновац	Доњи Дреновац	Доњи Дреновац	43.138154	21.805310	naselje
Житорађа	10	ОСНОВНА ШКОЛА	Држановац, Држановац	Држановац	Држановац	43.227943	21.773546	naselje
Житорађа	11	ОСНОВНА ШКОЛА	Дубово, Дубово	Дубово	Дубово	43.108511	21.694316	objekat
Житорађа	12	МЕСНА ЗАЈЕДНИЦА	Ђакус, Ђакус	Ђакус	Ђакус	43.223769	21.719419	naselje
Житорађа	13	ДОМ КУЛТУРЕ	Житорађа, Житорађа	Житорађа	Житорађа	43.188965	21.711144	naselje
Житорађа	14	УПРАВНА ЗГРАДА ДОМ ЗДРАВЉА	Житорађа, Житорађа	Житорађа	Житорађа	43.188965	21.711144	naselje
Житорађа	15	СРЕДЊА ШКОЛА	Житорађа, Житорађа	Житорађа	Житорађа	43.185009	21.712465	objekat
Житорађа	16	ОСНОВНА ШКОЛА	Јасеница, Јасеница	Јасеница	Јасеница	43.181104	21.765197	drugo:railway
Житорађа	17	ЗГРАДА МАРКА ДИСИЋА	Коњарник, Коњарник	Коњарник	Коњарник	43.134190	21.694135	naselje
Житорађа	18	ОСНОВНА ШКОЛА	Лукомир, Лукомир	Лукомир	Лукомир	43.203413	21.672086	drugo:railway
Житорађа	19	ОСНОВНА ШКОЛА	Пејковац, Пејковац	Пејковац	Пејковац	43.224434	21.726209	objekat
Житорађа	20	ДОМ КУЛТУРЕ	Подина, Подина	Подина	Подина	43.212476	21.660249	drugo:railway
Житорађа	21	ДОМ КУЛТУРЕ	Речица, Речица	Речица	Речица	43.193866	21.694199	drugo:railway
Житорађа	22	ОСНОВНА ШКОЛА	Самариновац, Самариновац	Самариновац	Самариновац	43.227660	21.759052	naselje
Житорађа	23	ОСНОВНА ШКОЛА	Извор, Извор	Извор	Извор	43.208801	21.724100	naselje
Житорађа	24	ОСНОВНА ШКОЛА	Стара Божурна, Стара Божурна	Стара Божурна	Стара Божурна	43.228532	21.663220	naselje
Житорађа	25	ОСНОВНА ШКОЛА	Старо Момчилово, Старо Момчилово	Старо Момчилово	Старо Момчилово	43.103520	21.661098	naselje
Житорађа	26	ОСНОВНА ШКОЛА	Студенац, Студенац	Студенац	Студенац	43.163355	21.717015	naselje
Житорађа	27	ОСНОВНА ШКОЛА	Топоница, Топоница	Топоница	Топоница	43.148850	21.689189	naselje
Зајечар	1	Завод за јавно здравље "ТИМОК"	Зајечар, Сремска 13	Зајечар	Сремска 13	43.900156	22.286068	objekat
Зајечар	2	ОШ "Љубица Радосављевић Нада"	Зајечар, Ивана Милутиновића бб	Зајечар	Ивана Милутиновића бб	43.904719	22.287386	ulica
Зајечар	3	ОШ "Љубица Радосављевић Нада"	Зајечар, Ивана Милутиновића бб	Зајечар	Ивана Милутиновића бб	43.904719	22.287386	ulica
Зајечар	4	МЗ "Тимок"	Зајечар, Цара Душана 20	Зајечар	Цара Душана 20	43.903241	22.285555	objekat
Зајечар	5	Зграда Скупштине града мала сала	Зајечар, Трг ослобођења 1	Зајечар	Трг ослобођења 1	43.902895	22.280016	objekat
Зајечар	6	Просторије Градског информативно-услужног центра	Зајечар, Трг ослобођења 1	Зајечар	Трг ослобођења 1	43.902895	22.280016	objekat
Зајечар	7	Вртић "Здравац"	Зајечар, Костадиновића Костадина Чауша бр. 10	Зајечар	Костадиновића Костадина Чауша бр. 10	43.900256	22.279548	objekat
Зајечар	8	Вртић "Ђурђевак"	Зајечар, "Краљевица" бб	Зајечар	"Краљевица" бб	43.897543	22.283659	naselje
Зајечар	9	Црвени крст Зајечар Играоница за децу	Зајечар, Обилићев венац бб	Зајечар	Обилићев венац бб	43.897304	22.279846	ulica
Зајечар	10	МЗ "Краљевица"	Зајечар, Светозара Марковића 23	Зајечар	Светозара Марковића 23	43.901729	22.277645	objekat
Зајечар	11	Школа "Јелена Мајсторовић"	Зајечар, Тимочке буне бр. 14	Зајечар	Тимочке буне бр. 14	43.901576	22.274767	objekat
Зајечар	12	Историјски архив "Тимочка крајина"	Зајечар, Николе Пашића 160	Зајечар	Николе Пашића 160	43.902640	22.270792	objekat
Зајечар	13	Просторије Фонда пио Филијала Зајечар	Зајечар, Трг Карађорђев венац 2	Зајечар	Трг Карађорђев венац 2	43.902487	22.270477	objekat
Зајечар	14	Дом ученика средњих школа бивши Интернат	Зајечар, Скопљанска бб	Зајечар	Скопљанска бб	43.897417	22.267404	ulica
Зајечар	15	ОШ "Ђура Јакшић"	Зајечар, Лењинова бб	Зајечар	Лењинова бб	43.853966	22.071920	objekat
Зајечар	16	ОШ "Ђура Јакшић"	Зајечар, Лењинова бб	Зајечар	Лењинова бб	43.853966	22.071920	objekat
Зајечар	17	МЗ "Никола Пашић"	Зајечар, Војводе Путника 10	Зајечар	Војводе Путника 10	43.904249	22.273475	objekat
Зајечар	18	Удружење пензионера града Зајечара	Зајечар, Пана Ђукића 12	Зајечар	Пана Ђукића 12	43.904682	22.275929	objekat
Зајечар	19	ЈКСП, радна јединица механизација	Зајечар, Генерала Гамбете бб	Зајечар	Генерала Гамбете бб	43.910000	22.274411	ulica
Зајечар	20	Дом културе МЗ "Котлујевац" Хол	Зајечар, Добривоја Радосављевића Бобија 1	Зајечар	Добривоја Радосављевића Бобија 1	43.567205	22.258216	objekat
Зајечар	21	Дом културе МЗ "Котлујевац" - Шалтер сала Градске управе	Зајечар, Добривоја Радосављевића Бобија 1	Зајечар	Добривоја Радосављевића Бобија 1	43.567205	22.258216	objekat
Зајечар	22	ОШ "Хајдук Вељко"	Зајечар, Добривоја Радосављевића Бобија бб	Зајечар	Добривоја Радосављевића Бобија бб	43.557887	22.251693	ulica
Зајечар	23	ОШ "Хајдук Вељко"	Зајечар, Добривоја Радосављевића Бобија бб	Зајечар	Добривоја Радосављевића Бобија бб	43.557887	22.251693	ulica
Зајечар	24	Вртић "Маслачак"	Зајечар, 14. српске ударне бригаде бб	Зајечар	14. српске ударне бригаде бб	43.911174	22.267844	ulica
Зајечар	25	Продавница "Зајечар промета" преко пута Старог млина	Велики Извор	Велики Извор		43.926360	22.331412	naselje
Зајечар	26	Дом културе	Велики Извор	Велики Извор		43.926360	22.331412	naselje
Зајечар	27	Дом Културе велика сала	Халово	Халово		43.972997	22.397191	naselje
Зајечар	28	Дом културе	Велики Јасеновац	Велики Јасеновац		44.052408	22.438709	naselje
Зајечар	29	ОШ "15. мај"	Градсково	Градсково		44.021259	22.383470	naselje
Зајечар	30	Дом културе	Мали Јасеновац	Мали Јасеновац		44.035413	22.449703	naselje
Зајечар	31	Дом културе	Шипиково	Шипиково		44.030526	22.501088	naselje
Зајечар	32	ОШ "Доситеј Обрадовић"	Николичево	Николичево		43.961264	22.238745	naselje
Зајечар	33	ОШ "Доситеј Обрадовић"	Вражогрнац	Вражогрнац		43.961221	22.316926	naselje
Зајечар	34	ОШ "Јеремија Илић Јегор"	Рготина	Рготина		44.007846	22.271187	naselje
Зајечар	35	Читаоница месне заједнице	Трнавац	Трнавац		43.994059	22.328223	naselje
Зајечар	36	ОШ "Јован Јовановић Змај"	Копривница	Копривница		44.046316	22.323386	naselje
Зајечар	37	Дом културе	Јелашница	Јелашница		43.631335	22.301173	naselje
Зајечар	38	Дом културе	Чокоњар	Чокоњар		44.027577	22.345364	ulica
Зајечар	39	Дом културе	Дубочане	Дубочане		44.107643	22.276813	naselje
Зајечар	40	Месна заједница	Глоговица	Глоговица		44.120464	22.268345	naselje
Зајечар	41	Дом културе читаоница	Мала Јасикова	Мала Јасикова		44.086252	22.308576	naselje
Зајечар	42	Сала за прославе у Дому културе	Брусник	Брусник		44.105862	22.447031	naselje
Зајечар	43	Дом културе	Кленовац	Кленовац		44.117579	22.454905	naselje
Зајечар	44	Дом културе	Табаковац	Табаковац		44.069706	22.433280	naselje
Зајечар	45	Дом културе "Станоје Гачић - Милош"	Салаш	Салаш		44.113957	22.320016	naselje
Зајечар	46	ОШ "Јован Јовановић Змај"	Метриш	Метриш		44.140361	22.378470	naselje
Зајечар	47	Месна заједница	Велика Јасикова	Велика Јасикова		44.082603	22.362208	naselje
Зајечар	48	Дом културе	Вратарница	Вратарница		43.791780	22.305109	ulica
Зајечар	49	Дом културе	Заграђе	Заграђе		43.761979	22.261409	naselje
Зајечар	50	Месна заједница	Селачка	Селачка		43.702913	22.322772	naselje
Зајечар	51	Дом културе	Боровац	Боровац		43.735602	22.292681	naselje
Зајечар	52	Месна заједница	Мали Извор	Мали Извор		43.862534	21.947555	ulica
Зајечар	53	Дом културе	Врбица	Врбица		43.716404	22.263846	naselje
Зајечар	54	Дом културе	Мариновац	Мариновац		43.742704	22.212137	naselje
Зајечар	55	Дом културе мала сала	Горња Бела Река	Горња Бела Река		43.778897	22.204371	naselje
Зајечар	56	Месна канцеларија	Лесковац	Лесковац		43.811300	22.200775	naselje
Зајечар	57	Дом културе	Ласово	Ласово		43.757125	22.120925	naselje
Зајечар	58	Дом културе	Леновац	Леновац		43.804582	22.165198	naselje
Зајечар	59	Дом културе	Шљивар	Шљивар		43.850676	22.245149	naselje
Зајечар	60	Здравствена станица	Грлиште	Грлиште		43.816598	22.244124	naselje
Зајечар	61	Дом културе	Лубница	Лубница		43.867211	22.195915	naselje
Зајечар	62	Месна заједница	Планиница	Планиница		43.835345	22.116510	naselje
Зајечар	63	Дом културе	Гамзиград	Гамзиград		43.909025	22.174690	naselje
Зајечар	64	Ресторан "Липов лад"	Гамзиградска Бања	Гамзиградска Бања		43.923683	22.175651	ulica
Зајечар	65	Дом културе велика сала	Звездан	Звездан		43.902648	22.210493	ulica
Зајечар	66	Месна канцеларија Мала сала	Грљан	Грљан		43.883728	22.290386	naselje
Зајечар	67	Здравствена станица	Грљан	Грљан		43.883728	22.290386	naselje
Зајечар	68	Синдикална подружница	Аврамица	Аврамица		43.841830	22.326050	ulica
Зајечар	69	Месна канцеларија	Прлита	Прлита		43.849331	22.351229	naselje
Звездара	1	Београдска пословна школа-1	Звездара, Краљице Марије бр. 73	Звездара	Краљице Марије бр. 73	44.804102	20.480812	objekat
Звездара	2	Београдска пословна школа -2	Звездара, Краљице Марије бр. 73	Звездара	Краљице Марије бр. 73	44.804102	20.480812	objekat
Звездара	3	ОШ „Иван Горан Ковачић"-1	Звездара, Војводе Бране бр. 18	Звездара	Војводе Бране бр. 18	44.805611	20.482191	objekat
Звездара	4	ОШ „Иван Горан Ковачић"-2	Звездара, Војводе Бране бр. 18	Звездара	Војводе Бране бр. 18	44.805611	20.482191	objekat
Звездара	5	ОШ „Иван Горан Ковачић"-3	Звездара, Војводе Бране бр. 18	Звездара	Војводе Бране бр. 18	44.805611	20.482191	objekat
Звездара	6	ЈКП „Градске пијаце"	Звездара, Живка Карабиберовића бр. 3	Звездара	Живка Карабиберовића бр. 3	44.801323	20.487245	objekat
Звездара	7	Основна музичка школа „Владимир Ђорђевић"-1	Звездара, Ватрослава Јагића бр. 5	Звездара	Ватрослава Јагића бр. 5	44.800003	20.484837	objekat
Звездара	8	Основна музичка школа „Владимир Ђорђевић"-2	Звездара, Ватрослава Јагића бр. 5	Звездара	Ватрослава Јагића бр. 5	44.800003	20.484837	objekat
Звездара	9	Основна музичка школа „Владимир Ђорђевић"-3	Звездара, Ватрослава Јагића бр. 5	Звездара	Ватрослава Јагића бр. 5	44.800003	20.484837	objekat
Звездара	10	Географски факултет	Звездара, Ватрослава Јагића бр. 5	Звездара	Ватрослава Јагића бр. 5	44.800003	20.484837	objekat
Звездара	11	МЗ „Булбулдер"	Звездара, Димитрија Туцовића бр. 83	Звездара	Димитрија Туцовића бр. 83	44.803040	20.489329	objekat
Звездара	12	„Зуботехничка школа"-1	Звездара, Станка Враза бр. 63	Звездара	Станка Враза бр. 63	44.805114	20.489994	objekat
Звездара	13	„Зуботехничка школа"-2	Звездара, Станка Враза бр. 63	Звездара	Станка Враза бр. 63	44.805114	20.489994	objekat
Звездара	14	„Зуботехничка школа"-3	Звездара, Станка Враза бр. 63	Звездара	Станка Враза бр. 63	44.805114	20.489994	objekat
Звездара	15	О.Ш. „1300 каплара"-1	Звездара, Панчина бр. 1	Звездара	Панчина бр. 1	44.804995	20.498217	objekat
Звездара	16	О.Ш. „1300 каплара"-2	Звездара, Панчина бр. 1	Звездара	Панчина бр. 1	44.804995	20.498217	objekat
Звездара	17	Висока школа ликовних и примењених уметности струковних студија	Звездара, Панте Срећковића бр. 2	Звездара	Панте Срећковића бр. 2	44.807122	20.494521	objekat
Звездара	18	Центар „Звездани гај"	Звездара, Вељка Дугошевића бр. 48	Звездара	Вељка Дугошевића бр. 48	44.803886	20.507790	objekat
Звездара	19	Шеста београдска гимназија 1	Звездара, Милана Ракића бр. 33	Звездара	Милана Ракића бр. 33	44.798470	20.496594	objekat
Звездара	20	Шеста београдска гимназија - 2	Звездара, Милана Ракића бр. 33	Звездара	Милана Ракића бр. 33	44.798470	20.496594	objekat
Звездара	21	Шеста београдска гимназија - 3	Звездара, Милана Ракића бр. 33	Звездара	Милана Ракића бр. 33	44.798470	20.496594	objekat
Звездара	22	ОШ „Јелена Ћетковић" - 1	Звездара, Врањска бр. 26	Звездара	Врањска бр. 26	44.795405	20.495830	objekat
Звездара	23	ОШ „Јелена Ћетковић" - 2	Звездара, Врањска бр. 26	Звездара	Врањска бр. 26	44.795405	20.495830	objekat
Звездара	24	ОШ „Јелена Ћетковић" - 3	Звездара, Врањска бр. 26	Звездара	Врањска бр. 26	44.795405	20.495830	objekat
Звездара	25	ОШ „Вељко Дугошевић" - 1	Звездара, Милана Ракића бр. 41	Звездара	Милана Ракића бр. 41	44.797700	20.500987	objekat
Звездара	26	ОШ „Вељко Дугошевић" - 2	Звездара, Милана Ракића бр. 41	Звездара	Милана Ракића бр. 41	44.797700	20.500987	objekat
Звездара	27	ОШ „Вељко Дугошевић" - 3	Звездара, Милана Ракића бр. 41	Звездара	Милана Ракића бр. 41	44.797700	20.500987	objekat
Звездара	28	Студентски дом „Крцун" - Павиљон 2	Звездара, Милана Грола бр. 2	Звездара	Милана Грола бр. 2	44.799370	20.506776	objekat
Звездара	29	Студентски дом „Крцун" Павиљон 1	Звездара, Милана Грола бр. 4	Звездара	Милана Грола бр. 4	44.798988	20.507182	objekat
Звездара	30	ОШ „Јелена Ћетковић" - 4	Звездара, Врањска бр. 26	Звездара	Врањска бр. 26	44.795405	20.495830	objekat
Звездара	31	Вртић „Дуга" - 1	Звездара, Суботичка бр. 2	Звездара	Суботичка бр. 2	44.793755	20.497849	objekat
Звездара	32	Вртић „Дуга" - 2	Звездара, Суботичка бр. 2	Звездара	Суботичка бр. 2	44.793755	20.497849	objekat
Звездара	33	Шаховски клуб „Раднички"	Звездара, Господара Вучића бр. 231	Звездара	Господара Вучића бр. 231	44.792167	20.500679	objekat
Звездара	34	ОШ „Ћирило и Методије" - 1	Звездара, Учитељска бр. 58	Звездара	Учитељска бр. 58	44.786713	20.507899	objekat
Звездара	35	ОШ „Ћирило и Методије" - 2	Звездара, Учитељска бр. 58	Звездара	Учитељска бр. 58	44.786713	20.507899	objekat
Звездара	36	ОШ „Ћирило и Методије" - 3	Звездара, Учитељска бр. 58	Звездара	Учитељска бр. 58	44.786713	20.507899	objekat
Звездара	37	ОШ „Ћирило и Методије" - 4	Звездара, Учитељска бр. 58	Звездара	Учитељска бр. 58	44.786713	20.507899	objekat
Звездара	38	Дом здравља „Звездара" - 1	Звездара, Олге Јовановић бр. 11	Звездара	Олге Јовановић бр. 11	44.791567	20.506433	objekat
Звездара	39	Дом здравља „Звездара" - 2	Звездара, Олге Јовановић бр. 11	Звездара	Олге Јовановић бр. 11	44.791567	20.506433	objekat
Звездара	40	Дом здравља „Звездара" - 3	Звездара, Олге Јовановић бр. 11	Звездара	Олге Јовановић бр. 11	44.791567	20.506433	objekat
Звездара	41	ОШ „Марија Бурсаћ" 1	Звездара, Милана Ракића бр. 81	Звездара	Милана Ракића бр. 81	44.795576	20.510103	objekat
Звездара	42	ОШ „Марија Бурсаћ" - 2	Звездара, Милана Ракића бр. 81	Звездара	Милана Ракића бр. 81	44.795576	20.510103	objekat
Звездара	43	Грађевинска школа Београд	Звездара, Хајдук Станкова бр. 2	Звездара	Хајдук Станкова бр. 2	44.789218	20.510644	objekat
Звездара	44	МЗ „Зелено брдо" - 1	Звездара, Булевар краља Александра бр. 395	Звездара	Булевар краља Александра бр. 395	44.802109	20.483517	ulica
Звездара	45	МЗ „Зелено брдо" - 2	Звездара, Булевар краља Александра бр. 395	Звездара	Булевар краља Александра бр. 395	44.802109	20.483517	ulica
Звездара	46	Агенција за заштиту животне средине	Звездара, Жабљачка бр. 10-А	Звездара	Жабљачка бр. 10-А	44.786118	20.521835	objekat
Звездара	47	МЗ „Мали мокри луг"	Звездара, Бул. краља Александра бр. 532	Звездара	Бул. краља Александра бр. 532	44.788976	20.516096	ulica
Звездара	48	ОШ „Стеван Синђелић" - 1	Звездара, Милића Ракића бр. 1	Звездара	Милића Ракића бр. 1	44.780762	20.505944	objekat
Звездара	49	ОШ „Стеван Синђелић" - 2	Звездара, Милића Ракића бр. 1	Звездара	Милића Ракића бр. 1	44.780762	20.505944	objekat
Звездара	50	ОШ „Стеван Синђелић" - 3	Звездара, Милића Ракића бр. 1	Звездара	Милића Ракића бр. 1	44.780762	20.505944	objekat
Звездара	51	ОШ „Десанка Максимовић" - 1	Звездара, Устаничка бр. 246	Звездара	Устаничка бр. 246	44.782743	20.516394	objekat
Звездара	52	ОШ „Десанка Максимовић" - 2	Звездара, Устаничка бр. 246	Звездара	Устаничка бр. 246	44.782743	20.516394	objekat
Звездара	53	ОШ „Десанка Максимовић" - 3	Звездара, Устаничка бр. 246	Звездара	Устаничка бр. 246	44.782743	20.516394	objekat
Звездара	54	ОШ „Драгојло Дудић" - 1	Звездара, Булевар краља Александра бр. 525	Звездара	Булевар краља Александра бр. 525	44.776067	20.534685	objekat
Звездара	55	ОШ „Драгојло Дудић" - 2	Звездара, Булевар краља Александра бр. 525	Звездара	Булевар краља Александра бр. 525	44.776067	20.534685	objekat
Звездара	56	ОШ „Драгојло Дудић" - 3	Звездара, Булевар краља Александра бр. 525	Звездара	Булевар краља Александра бр. 525	44.776067	20.534685	objekat
Звездара	57	ОШ „Драгојло Дудић" - 4	Звездара, Булевар краља Александра бр. 525	Звездара	Булевар краља Александра бр. 525	44.776067	20.534685	objekat
Звездара	58	Вртић дечији луг-1	Звездара, Павла Васића бр. 2-А	Звездара	Павла Васића бр. 2-А	44.779131	20.522748	objekat
Звездара	59	Вртић дечији луг-2	Звездара, Павла Васића бр. 2-А	Звездара	Павла Васића бр. 2-А	44.779131	20.522748	objekat
Звездара	60	МЗ „Велики Мокри Луг"	Звездара, Николе Груловића бр. 14	Звездара	Николе Груловића бр. 14	44.759966	20.525649	objekat
Звездара	61	ОШ „Владислав Петковић Дис"-1	Звездара, Радосава Љумовића бр. 20	Звездара	Радосава Љумовића бр. 20	44.759044	20.528898	objekat
Звездара	62	ОШ „Владислав Петковић Дис"-2	Звездара, Радосава Љумовића бр. 20	Звездара	Радосава Љумовића бр. 20	44.759044	20.528898	objekat
Звездара	63	Играоница „Пера детлић"	Звездара, Цветанова ћуприја бр. 66	Звездара	Цветанова ћуприја бр. 66	44.757412	20.518843	objekat
Звездара	64	ПУ Вртић „Облачак" - 1	Звездара, Димитрија Цинцар Марковића бр. 3	Звездара	Димитрија Цинцар Марковића бр. 3	44.765305	20.509449	objekat
Звездара	65	Вртић „Колибри"-1	Звездара, Десет авијатичара бр. 2-А	Звездара	Десет авијатичара бр. 2-А	44.784282	20.503930	objekat
Звездара	66	Вртић „Колибри"-2	Звездара, Десет авијатичара бр. 2-А	Звездара	Десет авијатичара бр. 2-А	44.784282	20.503930	objekat
Звездара	67	ОШ „Десанка Максимовић" - 4	Звездара, Устаничка бр. 246	Звездара	Устаничка бр. 246	44.782743	20.516394	objekat
Звездара	68	МЗ „Војвода Мишић" - 1	Звездара, Браће Срнић бр. 35	Звездара	Браће Срнић бр. 35	44.772242	20.511130	objekat
Звездара	69	МЗ „Војвода Мишић" - 2	Звездара, Браће Срнић бр. 35	Звездара	Браће Срнић бр. 35	44.772242	20.511130	objekat
Звездара	70	Кућа Петра Младеновића	Звездара, Веселина Чајкановића бр. 7	Звездара	Веселина Чајкановића бр. 7	44.769873	20.506281	objekat
Звездара	71	„Колосеум"	Звездара, Светозара Радојчића бр. 52-А	Звездара	Светозара Радојчића бр. 52-А	44.771627	20.504961	objekat
Звездара	72	Висока школа за пословну економију и предузетништво - 1	Звездара, Војводе Влаховића бр. 35б	Звездара	Војводе Влаховића бр. 35б	44.759956	20.506645	ulica
Звездара	73	Вртић „Сунце" - 1	Звездара, Шеснаестог октобра бр. 57	Звездара	Шеснаестог октобра бр. 57	44.788887	20.530808	ulica
Звездара	74	Вртић „Сунце" - 2	Звездара, Шеснаестог октобра бр. 57	Звездара	Шеснаестог октобра бр. 57	44.788887	20.530808	ulica
Звездара	75	МЗ „Ново Миријево"- 1	Звездара, Миријевски венац бр. 20	Звездара	Миријевски венац бр. 20	44.789654	20.529989	objekat
Звездара	76	ОШ „Павле Савић" - 1	Звездара, Косте Нађа бр. 25	Звездара	Косте Нађа бр. 25	44.791842	20.541176	objekat
Звездара	77	ОШ „Павле Савић" - 9	Звездара, Косте Нађа бр. 25	Звездара	Косте Нађа бр. 25	44.791842	20.541176	objekat
Звездара	78	ОШ „Павле Савић" - 2	Звездара, Косте Нађа бр. 25	Звездара	Косте Нађа бр. 25	44.791842	20.541176	objekat
Звездара	79	МЗ „Ново Миријево" - 2	Звездара, Миријевски венац бр. 20	Звездара	Миријевски венац бр. 20	44.789654	20.529989	objekat
Звездара	80	ОШ „Деспот Стефан Лазаревић" - 1	Звездара, Учитељице Милице Јанковић бр. 15	Звездара	Учитељице Милице Јанковић бр. 15	44.792871	20.526982	objekat
Звездара	81	Вртић „Маслачак"	Звездара, Петраркина бр. 3	Звездара	Петраркина бр. 3	44.790068	20.531874	objekat
Звездара	82	ОШ „Деспот Стефан Лазаревић" - 2	Звездара, Учитељице Милице Јанковић бр. 15	Звездара	Учитељице Милице Јанковић бр. 15	44.792871	20.526982	objekat
Звездара	83	ОШ „Павле Савић" - 3	Звездара, Косте Нађа бр. 25	Звездара	Косте Нађа бр. 25	44.791842	20.541176	objekat
Звездара	84	ОШ „Павле Савић" - 4	Звездара, Косте Нађа бр. 25	Звездара	Косте Нађа бр. 25	44.791842	20.541176	objekat
Звездара	85	ОШ „Павле Савић" - 5	Звездара, Косте Нађа бр. 25	Звездара	Косте Нађа бр. 25	44.791842	20.541176	objekat
Звездара	86	ОШ „Павле Савић" - 6	Звездара, Косте Нађа бр. 25	Звездара	Косте Нађа бр. 25	44.791842	20.541176	objekat
Звездара	87	ОШ „Павле Савић" - 7	Звездара, Косте Нађа бр. 25	Звездара	Косте Нађа бр. 25	44.791842	20.541176	objekat
Звездара	88	ОШ „Павле Савић" - 8	Звездара, Косте Нађа бр. 25	Звездара	Косте Нађа бр. 25	44.791842	20.541176	objekat
Звездара	89	МЗ „Миријево" - 1	Звездара, Школски трг бр. 2	Звездара	Школски трг бр. 2	44.794533	20.526352	objekat
Звездара	90	МЗ „Миријево" - 2	Звездара, Школски трг бр. 2	Звездара	Школски трг бр. 2	44.794533	20.526352	objekat
Звездара	91	Седма београдска гимназија - 3	Звездара, Шејкина бр. 21а	Звездара	Шејкина бр. 21а	44.796832	20.528338	objekat
Звездара	92	Седма београдска гимназија - 1	Звездара, Шејкина бр. 21а	Звездара	Шејкина бр. 21а	44.796832	20.528338	objekat
Звездара	93	ОШ „Деспот Стефан Лазаревић" - 3	Звездара, Учитељице Милице Јанковић бр. 15	Звездара	Учитељице Милице Јанковић бр. 15	44.792871	20.526982	objekat
Звездара	94	Седма београдска гимназија - 2	Звездара, Шејкина бр. 21а	Звездара	Шејкина бр. 21а	44.796832	20.528338	objekat
Звездара	95	Седма београдска гимназија - 4	Звездара, Шејкина бр. 21а	Звездара	Шејкина бр. 21а	44.796832	20.528338	objekat
Звездара	96	ОШ „Деспот Стефан Лазаревић" - 4	Звездара, Учитељице Милице Јанковић бр. 15	Звездара	Учитељице Милице Јанковић бр. 15	44.792871	20.526982	objekat
Звездара	97	ОШ „Павле Савић" - 10	Звездара, Косте Нађа бр. 25	Звездара	Косте Нађа бр. 25	44.791842	20.541176	objekat
Звездара	98	ОШ „Павле Савић" - 11	Звездара, Косте Нађа бр. 25	Звездара	Косте Нађа бр. 25	44.791842	20.541176	objekat
Звездара	99	ОШ „Деспот Стефан Лазаревић" - 5	Звездара, Учитељице Милице Јанковић бр. 15	Звездара	Учитељице Милице Јанковић бр. 15	44.792871	20.526982	objekat
Звездара	100	ПУ Вртић „Облачак" - 2	Звездара, Димитрија Цинцар Марковића бр. 3	Звездара	Димитрија Цинцар Марковића бр. 3	44.765305	20.509449	objekat
Звечан	1	ОШ "ВУК КАРАЏИЋ"	Звечан, Нушићева бр. 6	Звечан	Нушићева бр. 6	43.511771	19.662577	ulica
Звечан	2	ОШ "ВУК КАРАЏИЋ"	Звечан, Нушићева бр. 6	Звечан	Нушићева бр. 6	43.511771	19.662577	ulica
Звечан	3	ОШ "ВУК КАРАЏИЋ"	Звечан, Нушићева бр. 6	Звечан	Нушићева бр. 6	43.511771	19.662577	ulica
Звечан	4	ОШ "ВУК КАРАЏИЋ"	Звечан, Нушићева бр. 6	Звечан	Нушићева бр. 6	43.511771	19.662577	ulica
Звечан	5	ОШ "ВУК КАРАЏИЋ"	Звечан, Нушићева бр. 6	Звечан	Нушићева бр. 6	43.511771	19.662577	ulica
Звечан	6	ОШ "ВУК КАРАЏИЋ"	Звечан, Нушићева бр. 6	Звечан	Нушићева бр. 6	43.511771	19.662577	ulica
Звечан	7	ОШ "ВУК КАРАЏИЋ"	Звечан, Нушићева бр. 6	Звечан	Нушићева бр. 6	43.511771	19.662577	ulica
Звечан	8	ОШ "ВУК КАРАЏИЋ"	Звечан, Нушићева бр. 6	Звечан	Нушићева бр. 6	43.511771	19.662577	ulica
Звечан	9	ОШ "ВУК КАРАЏИЋ"	Звечан, Нушићева бр. 6	Звечан	Нушићева бр. 6	43.511771	19.662577	ulica
Земун	1	ОШ "СВЕТОЗАР МИЛЕТИЋ"	Земун, Немањина бр. 25	Земун	Немањина бр. 25	44.840505	20.413175	objekat
Земун	2	ОШ "СВЕТОЗАР МИЛЕТИЋ"	Земун, НемаЊина бр. 25	Земун	НемаЊина бр. 25	44.840505	20.413175	objekat
Земун	3	ОШ "СВЕТОЗАР МИЛЕТИЋ"	Земун, НемаЊина бр. 25	Земун	НемаЊина бр. 25	44.840505	20.413175	objekat
Земун	4	ОШ "СВЕТОЗАР МИЛЕТИЋ"	Земун, НемаЊина бр. 25	Земун	НемаЊина бр. 25	44.840505	20.413175	objekat
Земун	5	ОШ "СВЕТОЗАР МИЛЕТИЋ"	Земун, НемаЊина бр. 25	Земун	НемаЊина бр. 25	44.840505	20.413175	objekat
Земун	6	ЕКОНОМСКА ШКОЛА "НАДА ДИМИЋ"	Земун, Двадесетдругог октобра бр. 19	Земун	Двадесетдругог октобра бр. 19	44.838342	20.412241	objekat
Земун	7	ЕКОНОМСКА ШКОЛА "НАДА ДИМИЋ"	Земун, Двадесетдругог октобра бр. 19	Земун	Двадесетдругог октобра бр. 19	44.838342	20.412241	objekat
Земун	8	ЕКОНОМСКА ШКОЛА "НАДА ДИМИЋ"	Земун, Двадесетдругог октобра бр. 19	Земун	Двадесетдругог октобра бр. 19	44.838342	20.412241	objekat
Земун	9	ЕКОНОМСКА ШКОЛА "НАДА ДИМИЋ"	Земун, Двадесетдругог октобра бр. 19	Земун	Двадесетдругог октобра бр. 19	44.838342	20.412241	objekat
Земун	10	ПРАВНО-ПОСЛОВНА ШКОЛА "ДИМИТРИЈЕ ДАВИДОВИЋ"	Земун, Тошин бунар бр. 17	Земун	Тошин бунар бр. 17	44.839316	20.404829	objekat
Земун	11	ПРАВНО-ПОСЛОВНА ШКОЛА "ДИМИТРИЈЕ ДАВИДОВИЋ"	Земун, Тошин бунар бр. 17	Земун	Тошин бунар бр. 17	44.839316	20.404829	objekat
Земун	12	ЗЕМУНСКА ГИМНАЗИЈА	Земун, Градски парк бр. 2	Земун	Градски парк бр. 2	44.840525	20.410815	objekat
Земун	13	ОШ "ЛАЗАР САВАТИЋ"	Земун, Кеј ослобођења бр. 27	Земун	Кеј ослобођења бр. 27	44.845588	20.415031	objekat
Земун	14	ЗЕМУНСКА ГИМНАЗИЈА	Земун, Градски парк бр. 2	Земун	Градски парк бр. 2	44.840525	20.410815	objekat
Земун	15	ЗЕМУНСКА ГИМНАЗИЈА	Земун, Градски парк бр. 2	Земун	Градски парк бр. 2	44.840525	20.410815	objekat
Земун	16	ЗЕМУНСКА ГИМНАЗИЈА	Земун, Градски парк бр. 2	Земун	Градски парк бр. 2	44.840525	20.410815	objekat
Земун	17	ОШ "ЛАЗАР САВАТИЋ"	Земун, Кеј ослобођења бр. 27	Земун	Кеј ослобођења бр. 27	44.845588	20.415031	objekat
Земун	18	МЕДИЦИНСКА ШКОЛА "НАДЕЖДА ПЕТРОВИЋ"	Земун, Наде Димић бр. 4	Земун	Наде Димић бр. 4	44.850311	20.404652	objekat
Земун	19	МЕДИЦИНСКА ШКОЛА "НАДЕЖДА ПЕТРОВИЋ"	Земун, Наде Димић бр. 4	Земун	Наде Димић бр. 4	44.850311	20.404652	objekat
Земун	20	ОШ "ГОРЊА ВАРОШ"	Земун, Добановачка бр. 72	Земун	Добановачка бр. 72	44.850406	20.395571	objekat
Земун	21	ОШ "ГОРЊА ВАРОШ"	Земун, Добановачка бр. 72	Земун	Добановачка бр. 72	44.850406	20.395571	objekat
Земун	22	МЕДИЦИНСКА ШКОЛА "НАДЕЖДА ПЕТРОВИЋ"	Земун, Наде Димић бр. 4	Земун	Наде Димић бр. 4	44.850311	20.404652	objekat
Земун	23	ОШ "РАДЕ КОНЧАР"	Земун, Златиборска бр. 44	Земун	Златиборска бр. 44	44.836924	20.395046	objekat
Земун	24	ОШ "РАДЕ КОНЧАР"	Земун, Златиборска бр. 44	Земун	Златиборска бр. 44	44.836924	20.395046	objekat
Земун	25	ОШ "РАДЕ КОНЧАР"	Земун, Златиборска бр. 44	Земун	Златиборска бр. 44	44.836924	20.395046	objekat
Земун	26	ОШ "РАДЕ КОНЧАР"	Земун, Златиборска бр. 44	Земун	Златиборска бр. 44	44.836924	20.395046	objekat
Земун	27	ОШ "РАДЕ КОНЧАР"	Земун, Златиборска бр. 44	Земун	Златиборска бр. 44	44.836924	20.395046	objekat
Земун	28	ОШ "РАДЕ КОНЧАР"	Земун, Златиборска бр. 44	Земун	Златиборска бр. 44	44.836924	20.395046	objekat
Земун	29	ОШ "ПЕТАР КОЧИЋ"	Земун, Првомајска бр. 79	Земун	Првомајска бр. 79	44.841795	20.385295	objekat
Земун	30	ОШ "РАДЕ КОНЧАР"	Земун, Златиборска бр. 44	Земун	Златиборска бр. 44	44.836924	20.395046	objekat
Земун	31	ОШ "ПЕТАР КОЧИЋ"	Земун, Првомајска бр. 79	Земун	Првомајска бр. 79	44.841795	20.385295	objekat
Земун	32	ПОСЛОВНЕ КАНЦЕЛАРИЈЕ ПОШТЕ НС3	Земун, Првомајска бр. 8	Земун	Првомајска бр. 8	44.841675	20.394368	objekat
Земун	33	ПОСЛОВНЕ ПРОСТОРИЈЕ	Земун, Првомајска бр. 8	Земун	Првомајска бр. 8	44.841675	20.394368	objekat
Земун	34	ПУ "ДР СИМА МИЛОШЕВИЋ", ОБЈЕКАТ "ЗЕМУНСКИ БИСЕР"	Земун, Драгана Ракића бр. 39	Земун	Драгана Ракића бр. 39	44.845782	20.392807	objekat
Земун	35	ОШ "ПЕТАР КОЧИЋ"	Земун, Првомајска бр. 79	Земун	Првомајска бр. 79	44.841795	20.385295	objekat
Земун	36	ОШ "ПЕТАР КОЧИЋ"	Земун, Првомајска бр. 79	Земун	Првомајска бр. 79	44.841795	20.385295	objekat
Земун	37	ПУ "ДР СИМА МИЛОШЕВИЋ", ОБЈЕКАТ "ЗЕМУНСКИ БИСЕР"	Земун, Драгана Ракића бр. 39	Земун	Драгана Ракића бр. 39	44.845782	20.392807	objekat
Земун	38	ПУ "ДР СИМА МИЛОШЕВИЋ", ОБЈЕКАТ "ЗЕМУНСКИ БИСЕР"	Земун, Драгана Ракића бр. 39	Земун	Драгана Ракића бр. 39	44.845782	20.392807	objekat
Земун	39	ОШ "ПЕТАР КОЧИЋ"	Земун, Првомајска бр. 79	Земун	Првомајска бр. 79	44.841795	20.385295	objekat
Земун	40	ОШ "ПЕТАР КОЧИЋ"	Земун, Првомајска бр. 79	Земун	Првомајска бр. 79	44.841795	20.385295	objekat
Земун	41	ОШ "ГАВРИЛО ПРИНЦИП"	Земун, Крајишка бр. 34	Земун	Крајишка бр. 34	44.840312	20.372997	objekat
Земун	42	ОШ "ГАВРИЛО ПРИНЦИП"	Земун, Крајишка бр. 34	Земун	Крајишка бр. 34	44.840312	20.372997	objekat
Земун	43	ОШ "ГАВРИЛО ПРИНЦИП"	Земун, Крајишка бр. 34	Земун	Крајишка бр. 34	44.840312	20.372997	objekat
Земун	44	ОШ "ГАВРИЛО ПРИНЦИП"	Земун, Крајишка бр. 34	Земун	Крајишка бр. 34	44.840312	20.372997	objekat
Земун	45	ПОЛИТЕХНИКА ШКОЛА ЗА НОВЕ ТЕХНОЛОГИЈЕ	Земун, Аутопут бр. 18	Земун	Аутопут бр. 18	44.834471	20.367680	objekat
Земун	46	ОШ "СУТЈЕСКА"	Земун, Задругарска бр. 1	Земун	Задругарска бр. 1	44.843896	20.380837	objekat
Земун	47	ОШ "СУТЈЕСКА"	Земун, Задругарска бр. 1	Земун	Задругарска бр. 1	44.843896	20.380837	objekat
Земун	48	ОШ "СУТЈЕСКА"	Земун, Задругарска бр. 1	Земун	Задругарска бр. 1	44.843896	20.380837	objekat
Земун	49	ОШ "ПЕТАР КОЧИЋ"	Земун, Првомајска бр. 79	Земун	Првомајска бр. 79	44.841795	20.385295	objekat
Земун	50	ОШ "СУТЈЕСКА"	Земун, Задругарска бр. 1	Земун	Задругарска бр. 1	44.843896	20.380837	objekat
Земун	51	ОШ "СУТЈЕСКА"	Земун, Задругарска бр. 1	Земун	Задругарска бр. 1	44.843896	20.380837	objekat
Земун	52	ОШ "СОЊА МАРИНКОВИЋ"	Земун, Аласка бр. 17	Земун	Аласка бр. 17	44.851044	20.388986	objekat
Земун	53	ОШ "СОЊА МАРИНКОВИЋ"	Земун, Аласка бр. 17	Земун	Аласка бр. 17	44.851044	20.388986	objekat
Земун	54	ОШ "СОЊА МАРИНКОВИЋ"	Земун, Аласка бр. 17	Земун	Аласка бр. 17	44.851044	20.388986	objekat
Земун	55	ОШ "РАДИВОЈ ПОПОВИЋ"	Земун, Призренска бр. 37	Земун	Призренска бр. 37	44.853266	20.384081	objekat
Земун	56	САОБРАЋАЈНО - ТЕХНИЧКА ШКОЛА	Земун, Цара Душана бр. 262	Земун	Цара Душана бр. 262	44.859551	20.379818	objekat
Земун	57	ОШ "СОЊА МАРИНКОВИЋ" ПОСЕБНО ОДЕЉЕЊЕ	Земун, Војвођанска бр. 1	Земун	Војвођанска бр. 1	44.854485	20.381066	objekat
Земун	58	ОШ "СОЊА МАРИНКОВИЋ" ПОСЕБНО ОДЕЉЕЊЕ	Земун, Војвођанска бр. 1	Земун	Војвођанска бр. 1	44.854485	20.381066	objekat
Земун	59	ОШ "СУТЈЕСКА"	Земун, Задругарска бр. 1	Земун	Задругарска бр. 1	44.843896	20.380837	objekat
Земун	60	ОШ "СУТЈЕСКА"	Земун, Задругарска бр. 1	Земун	Задругарска бр. 1	44.843896	20.380837	objekat
Земун	61	ОШ "САВА ШУМАНОВИЋ"	Земун, Добановачки пут бр. 107	Земун	Добановачки пут бр. 107	44.845421	20.354488	objekat
Земун	62	ОШ "САВА ШУМАНОВИЋ"	Земун, Добановачки пут бр. 107	Земун	Добановачки пут бр. 107	44.845421	20.354488	objekat
Земун	63	ОШ "САВА ШУМАНОВИЋ"	Земун, Добановачки пут бр. 107	Земун	Добановачки пут бр. 107	44.845421	20.354488	objekat
Земун	64	ОШ "САВА ШУМАНОВИЋ"	Земун, Добановачки пут бр. 107	Земун	Добановачки пут бр. 107	44.845421	20.354488	objekat
Земун	65	ОШ "САВА ШУМАНОВИЋ"	Земун, Добановачки пут бр. 107	Земун	Добановачки пут бр. 107	44.845421	20.354488	objekat
Земун	66	ОШ "САВА ШУМАНОВИЋ"	Земун, Добановачки пут бр. 107	Земун	Добановачки пут бр. 107	44.845421	20.354488	objekat
Земун	67	ОШ "САВА ШУМАНОВИЋ"	Земун, Добановачки пут бр. 107	Земун	Добановачки пут бр. 107	44.845421	20.354488	objekat
Земун	68	ОШ "САВА ШУМАНОВИЋ"	Земун, Добановачки пут бр. 107	Земун	Добановачки пут бр. 107	44.845421	20.354488	objekat
Земун	69	ОШ "МИХАЈЛО ПУПИН"	Земун, Емилије Јакшић бр. 31А	Земун	Емилије Јакшић бр. 31А	44.856054	20.367821	objekat
Земун	70	ОШ "МИХАЈЛО ПУПИН"	Земун, Емилије Јакшић бр. 31А	Земун	Емилије Јакшић бр. 31А	44.856054	20.367821	objekat
Земун	71	ОШ "МИХАЈЛО ПУПИН"	Земун, Емилије Јакшић бр. 31А	Земун	Емилије Јакшић бр. 31А	44.856054	20.367821	objekat
Земун	72	ОШ "МИХАЈЛО ПУПИН"	Земун, Емилије Јакшић бр. 31А	Земун	Емилије Јакшић бр. 31А	44.856054	20.367821	objekat
Земун	73	ОШ "МИХАЈЛО ПУПИН"	Земун, Емилије Јакшић бр. 31А	Земун	Емилије Јакшић бр. 31А	44.856054	20.367821	objekat
Земун	74	ОШ "МИХАЈЛО ПУПИН"	Земун, Емилије Јакшић бр. 31А	Земун	Емилије Јакшић бр. 31А	44.856054	20.367821	objekat
Земун	75	ПЛАВИ ХОРИЗОНТИ, "АС КАФЕ 22"	Земун, Николаја Салтикова бр. 2	Земун	Николаја Салтикова бр. 2	44.845809	20.347403	objekat
Земун	76	ОШ "ИЛИЈА БИРЧАНИН"	Земун Поље, Браће Крњешевац бр. 2	Земун Поље	Браће Крњешевац бр. 2	44.869349	20.324053	objekat
Земун	77	ОШ "ИЛИЈА БИРЧАНИН"	Земун Поље, Браће Крњешевац бр. 2	Земун Поље	Браће Крњешевац бр. 2	44.869349	20.324053	objekat
Земун	78	ОШ "ИЛИЈА БИРЧАНИН"	Земун Поље, Браће Крњешевац бр. 2	Земун Поље	Браће Крњешевац бр. 2	44.869349	20.324053	objekat
Земун	79	ОШ "ИЛИЈА БИРЧАНИН"	Земун Поље, Браће Крњешевац бр. 2	Земун Поље	Браће Крњешевац бр. 2	44.869349	20.324053	objekat
Земун	80	ОШ "ИЛИЈА БИРЧАНИН"	Земун Поље, Браће Крњешевац бр. 2	Земун Поље	Браће Крњешевац бр. 2	44.869349	20.324053	objekat
Земун	81	ОШ "ИЛИЈА БИРЧАНИН"	Земун Поље, Браће Крњешевац бр. 2	Земун Поље	Браће Крњешевац бр. 2	44.869349	20.324053	objekat
Земун	82	ОШ "ИЛИЈА БИРЧАНИН"	Земун Поље, Браће Крњешевац бр. 2	Земун Поље	Браће Крњешевац бр. 2	44.869349	20.324053	objekat
Земун	83	ОШ "ИЛИЈА БИРЧАНИН"	Земун Поље, Браће Крњешевац бр. 2	Земун Поље	Браће Крњешевац бр. 2	44.869349	20.324053	objekat
Земун	84	ОШ "ИЛИЈА БИРЧАНИН"	Земун Поље, Браће Крњешевац бр. 2	Земун Поље	Браће Крњешевац бр. 2	44.869349	20.324053	objekat
Земун	85	ПОСЛОВНЕ ПРОСТОРИЈЕ НА АДРЕСИ КУРИРСКА 50	Земун Поље, Курирска бр. 50	Земун Поље	Курирска бр. 50	44.857446	20.329314	objekat
Земун	86	ПОСЛОВНЕ ПРОСТОРИЈЕ НА АДРЕСИ СЛАНКАМЕНАЧКА ББ	Земун Поље, Сланкаменачка бб	Земун Поље	Сланкаменачка бб	44.865909	20.318296	ulica
Земун	87	ОШ "ИЛИЈА БИРЧАНИН" - ИСТУРЕНО ОДЕЉЕЊЕ	Земун Поље, Пољопривредно добро 13 мај бр. 3	Земун Поље	Пољопривредно добро 13 мај бр. 3	44.885048	20.340528	objekat
Земун	88	ОШ "БРАНКО РАДИЧЕВИЋ"	Батајница, Браће Михајловић-Трипић бр. 2	Батајница	Браће Михајловић-Трипић бр. 2	44.900508	20.281295	objekat
Земун	89	ОШ "БРАНКО РАДИЧЕВИЋ"	Батајница, Браће Михајловић-Трипић бр. 2	Батајница	Браће Михајловић-Трипић бр. 2	44.900508	20.281295	objekat
Земун	90	ОШ "БРАНКО РАДИЧЕВИЋ"	Батајница, Браће Михајловић-Трипић бр. 2	Батајница	Браће Михајловић-Трипић бр. 2	44.900508	20.281295	objekat
Земун	91	ОШ "БРАНКО РАДИЧЕВИЋ"	Батајница, Браће Михајловић-Трипић бр. 2	Батајница	Браће Михајловић-Трипић бр. 2	44.900508	20.281295	objekat
Земун	92	ОШ "БРАНКО РАДИЧЕВИЋ"	Батајница, Браће Михајловић-Трипић бр. 2	Батајница	Браће Михајловић-Трипић бр. 2	44.900508	20.281295	objekat
Земун	93	ОШ "БРАНКО РАДИЧЕВИЋ"	Батајница, Браће Михајловић-Трипић бр. 2	Батајница	Браће Михајловић-Трипић бр. 2	44.900508	20.281295	objekat
Земун	94	ОШ "БОШКО ПАЛКОВЉЕВИЋ ПИНКИ"	Батајница, Пуковника Миленка Павловића бр. 5	Батајница	Пуковника Миленка Павловића бр. 5	44.906530	20.273719	objekat
Земун	95	ОШ "БОШКО ПАЛКОВЉЕВИЋ ПИНКИ"	Батајница, Пуковника Миленка Павловића бр. 5	Батајница	Пуковника Миленка Павловића бр. 5	44.906530	20.273719	objekat
Земун	96	ОШ "БОШКО ПАЛКОВЉЕВИЋ ПИНКИ"	Батајница, Пуковника Миленка Павловића бр. 5	Батајница	Пуковника Миленка Павловића бр. 5	44.906530	20.273719	objekat
Земун	97	ОШ "БОШКО ПАЛКОВЉЕВИЋ ПИНКИ"	Батајница, Пуковника Миленка Павловића бр. 5	Батајница	Пуковника Миленка Павловића бр. 5	44.906530	20.273719	objekat
Земун	98	ОШ "СВЕТИСЛАВ ГОЛУБОВИЋ МИТРАЉЕТА"	Батајница, Далматинске загоре бр. 94	Батајница	Далматинске загоре бр. 94	44.901232	20.288428	objekat
Земун	99	ОШ "СВЕТИСЛАВ ГОЛУБОВИЋ МИТРАЉЕТА"	Батајница, Далматинске загоре бр. 94	Батајница	Далматинске загоре бр. 94	44.901232	20.288428	objekat
Земун	100	ОШ "СВЕТИСЛАВ ГОЛУБОВИЋ МИТРАЉЕТА"	Батајница, Далматинске загоре бр. 94	Батајница	Далматинске загоре бр. 94	44.901232	20.288428	objekat
Земун	101	ОШ "СВЕТИСЛАВ ГОЛУБОВИЋ МИТРАЉЕТА"	Батајница, Далматинске загоре бр. 94	Батајница	Далматинске загоре бр. 94	44.901232	20.288428	objekat
Земун	102	ОШ "СВЕТИСЛАВ ГОЛУБОВИЋ МИТРАЉЕТА"	Батајница, Далматинске загоре бр. 94	Батајница	Далматинске загоре бр. 94	44.901232	20.288428	objekat
Земун	103	ОШ "СВЕТИСЛАВ ГОЛУБОВИЋ МИТРАЉЕТА"	Батајница, Далматинске загоре бр. 94	Батајница	Далматинске загоре бр. 94	44.901232	20.288428	objekat
Земун	104	ОШ "БОШКО ПАЛКОВЉЕВИЋ ПИНКИ"	Батајница, Пуковника Миленка Павловића бр. 5	Батајница	Пуковника Миленка Павловића бр. 5	44.906530	20.273719	objekat
Земун	105	ОШ "БОШКО ПАЛКОВЉЕВИЋ ПИНКИ"	Батајница, Пуковника Миленка Павловића бр. 5	Батајница	Пуковника Миленка Павловића бр. 5	44.906530	20.273719	objekat
Земун	106	МЕСНА ЗАЈЕДНИЦА БАТАЈНИЦА	Батајница, Јована Бранковића бр. 2	Батајница	Јована Бранковића бр. 2	44.906111	20.275326	objekat
Земун	107	ПАРОХИЈСКИ ДОМ	Бусије, Епископа Саве Трлајића бр. 2	Бусије	Епископа Саве Трлајића бр. 2	44.898575	20.222370	objekat
Земун	108	ПАРОХИЈСКИ ДОМ	Бусије, Епископа Саве Трлајића бр. 2	Бусије	Епископа Саве Трлајића бр. 2	44.898575	20.222370	objekat
Земун	109	ОШ "БРАНКО РАДИЧЕВИЋ" - ИСТУРЕНО ОДЕЉЕЊЕ БУСИЈЕ	Бусије, Моровићких шума бр. 11	Бусије	Моровићких шума бр. 11	44.897783	20.223364	objekat
Земун	110	ОШ "СТАНКО МАРИЋ"	Угриновци, Учитеља Цвеје бр. 5	Угриновци	Учитеља Цвеје бр. 5			nije_nadjeno
Земун	111	ОШ "СТАНКО МАРИЋ"	Угриновци, Учитеља Цвеје бр. 5	Угриновци	Учитеља Цвеје бр. 5			nije_nadjeno
Земун	112	ОШ "СТАНКО МАРИЋ"	Угриновци, Учитеља Цвеје бр. 5	Угриновци	Учитеља Цвеје бр. 5			nije_nadjeno
Земун	113	ОШ "СТАНКО МАРИЋ"	Угриновци, Учитеља Цвеје бр. 5	Угриновци	Учитеља Цвеје бр. 5			nije_nadjeno
Земун	114	ПАРОХИЈСКИ ДОМ	Грмовац, Грмовац Нова 4 бб	Грмовац	Грмовац Нова 4 бб			nije_nadjeno
Земун	115	ИНСТИТУТ ЗА СТОЧАРСТВО БЕОГРАД-ЗЕМУН	Соко Салаш, Ауто пут 16 - Соко Салаш	Соко Салаш	Ауто пут 16 - Соко Салаш	44.838941	20.285436	objekat
Зрењанин	1	ОШ "БРАТСТВО"	Арадац, Маршала Тита бр. 90	Арадац	Маршала Тита бр. 90	45.381981	20.299355	objekat
Зрењанин	2	ВАТРОГАСНИ ДОМ	Арадац, Трг палих бораца бр. 1	Арадац	Трг палих бораца бр. 1	45.377220	20.295066	ulica
Зрењанин	3	ОШ "ПЕТАР КОЧИЋ"	Банатски Деспотовац, Трг Душана Ћубића бр. 13	Банатски Деспотовац	Трг Душана Ћубића бр. 13	45.364046	20.661923	objekat
Зрењанин	4	ОШ "БРАТСТВО-ЈЕДИНСТВО"	Бело Блато, Маршала Тита бр. 28	Бело Блато	Маршала Тита бр. 28	45.275123	20.372231	objekat
Зрењанин	5	ОШ "1.ОКТОБАР"	Ботош, Тозе Марковића бр. 79	Ботош	Тозе Марковића бр. 79	45.311782	20.639921	objekat
Зрењанин	6	МЗ "ЕЛЕМИР"	Елемир, Жарка Зрењанина бр. 49	Елемир	Жарка Зрењанина бр. 49	45.443058	20.297764	objekat
Зрењанин	7	ОШ "СВЕТОЗАР МАРКОВИЋ-ТОЗА"	Елемир, Жарка Зрењанина бр. 47	Елемир	Жарка Зрењанина бр. 47	45.451223	20.294883	ulica
Зрењанин	8	ОШ "ДР АЛЕКСАНДАР САБОВЉЕВ"	Ечка, Маршала Тита бр. 48	Ечка	Маршала Тита бр. 48	45.315544	20.441223	objekat
Зрењанин	9	МЗ "ЕЧКА" - "ЛОВАЧКА САЛА"	Ечка, Маршала Тита бр. 28	Ечка	Маршала Тита бр. 28	45.318389	20.437461	objekat
Зрењанин	10	ОШ "ЂУРА ЈАКШИЋ"	Јанков Мост, Земљорадничка бр. 6	Јанков Мост	Земљорадничка бр. 6	45.473994	20.433376	objekat
Зрењанин	11	ДОМ КУЛТУРЕ	Клек, Саве Ковачевића бр. 32	Клек	Саве Ковачевића бр. 32	45.415487	20.473441	objekat
Зрењанин	12	ОШ "ЈОВАН ДУЧИЋ"	Клек, Васе Мискина бр. 45	Клек	Васе Мискина бр. 45	45.420879	20.481166	objekat
Зрењанин	13	ОШ "СТЕВАН КНИЋАНИН"	Книћанин, Жарка Зрењанина бр. 2	Книћанин	Жарка Зрењанина бр. 2	45.187330	20.319141	ulica
Зрењанин	14	МЗ "ЗЛАТИЦА"	Лазарево, Главна бр. 12	Лазарево	Главна бр. 12	45.387476	20.578292	objekat
Зрењанин	15	ОМЛАДИНСКИ ДОМ	Лазарево, Иве Лоле Рибара бр. 56	Лазарево	Иве Лоле Рибара бр. 56	45.387866	20.536922	objekat
Зрењанин	16	МЗ "ЛАЗАРЕВО"	Лазарево, Иве Лоле Рибара бр. 51	Лазарево	Иве Лоле Рибара бр. 51	45.387265	20.536749	objekat
Зрењанин	17	МЗ "ЛУКИНО СЕЛО"	Лукино Село, Маршала Тита бр. 50	Лукино Село	Маршала Тита бр. 50	45.304625	20.429845	objekat
Зрењанин	18	СПОМЕН ДОМ "ВЕЉКО ЛУКИЋ-КУРЈАК"	Лукићево, Бирчанинова бр. 44А	Лукићево	Бирчанинова бр. 44А	45.336490	20.497911	objekat
Зрењанин	19	ОШ "ДР БОШКО ВРЕБАЛОВ"	Меленци, Српских владара бр. 63	Меленци	Српских владара бр. 63	45.515771	20.315617	objekat
Зрењанин	20	ОШ "ДР БОШКО ВРЕБАЛОВ"	Меленци, Српских владара бр. 63	Меленци	Српских владара бр. 63	45.515771	20.315617	objekat
Зрењанин	21	ОШ "ДР БОШКО ВРЕБАЛОВ"	Меленци, Српских владара бр. 63	Меленци	Српских владара бр. 63	45.515771	20.315617	objekat
Зрењанин	22	ДОМ КУЛТУРЕ	Михајлово, Киш Ференца бр. 119	Михајлово	Киш Ференца бр. 119	45.481146	20.407698	ulica
Зрењанин	23	МЗ "ОРЛОВАТ"	Орловат, Трг Уроша Предића бр. 2	Орловат	Трг Уроша Предића бр. 2	45.240217	20.583641	objekat
Зрењанин	24	ОШ "ЂУРА ЈАКШИЋ"	Перлез, Трг Кнеза Михаила бр. 2	Перлез	Трг Кнеза Михаила бр. 2	45.209575	20.375811	naselje
Зрењанин	25	ОШ "ЂУРА ЈАКШИЋ"	Перлез, Трг Кнеза Михаила бр. 2	Перлез	Трг Кнеза Михаила бр. 2	45.209575	20.375811	naselje
Зрењанин	26	ОШ "СВЕТИ САВА"	Стајићево, Тозе Марковића бр. 26	Стајићево	Тозе Марковића бр. 26	45.293807	20.456252	objekat
Зрењанин	27	МЗ "ТАРАШ"	Тараш, Маршала Тита бр. 57	Тараш	Маршала Тита бр. 57	45.466593	20.196347	objekat
Зрењанин	28	МЗ "ТОМАШЕВАЦ"	Томашевац, Трг слободе бр. 5	Томашевац	Трг слободе бр. 5	45.267907	20.619169	objekat
Зрењанин	29	ОШ "ДОСИТЕЈ ОБРАДОВИЋ"	Фаркаждин, Маршала Тита бр. 2	Фаркаждин	Маршала Тита бр. 2	45.189419	20.474570	objekat
Зрењанин	30	ОШ "БРАНКО РАДИЧЕВИЋ" - Хол	Чента, Чарнојевићева бр. 17	Чента	Чарнојевићева бр. 17	45.107037	20.384563	objekat
Зрењанин	31	ОШ "БРАНКО РАДИЧЕВИЋ" - Учионица физике и хемије - улаз из дворишта	Чента, Чарнојевићева бр. 17	Чента	Чарнојевићева бр. 17	45.107037	20.384563	objekat
Зрењанин	32	ОШ "ПЕТАР ПЕТРОВИЋ ЊЕГОШ" - Учионица 12 - улаз из Стражиловске	Зрењанин, Стражиловска бб	Зрењанин	Стражиловска бб	45.376740	20.369267	ulica
Зрењанин	33	ОШ "ПЕТАР ПЕТРОВИЋ ЊЕГОШ" - Учионица 17 - улаз из Стражиловске	Зрењанин, Стражиловска бб	Зрењанин	Стражиловска бб	45.376740	20.369267	ulica
Зрењанин	34	ОШ "ПЕТАР ПЕТРОВИЋ ЊЕГОШ" - Учионица 21 - улаз из Војислава Илића	Зрењанин, Стражиловска бб	Зрењанин	Стражиловска бб	45.376740	20.369267	ulica
Зрењанин	35	ОШ "ПЕТАР ПЕТРОВИЋ ЊЕГОШ" - Учионица 22 - улаз из Војислава Илића	Зрењанин, Стражиловска бб	Зрењанин	Стражиловска бб	45.376740	20.369267	ulica
Зрењанин	36	ОШ "ПЕТАР ПЕТРОВИЋ ЊЕГОШ" - Учионица 23 - улаз из Војислава Илића	Зрењанин, Стражиловска бб	Зрењанин	Стражиловска бб	45.376740	20.369267	ulica
Зрењанин	37	ДОМ МЗ "СОЊА МАРИНКОВИЋ" - ЧИТАОНИЦА 1	Зрењанин, Булевар Вељка Влаховића бр. 14	Зрењанин	Булевар Вељка Влаховића бр. 14	45.381927	20.371513	objekat
Зрењанин	38	ДОМ МЗ "СОЊА МАРИНКОВИЋ" - ГЕРОНТО КЛУБ	Зрењанин, Булевар Вељка Влаховића бр. 14	Зрењанин	Булевар Вељка Влаховића бр. 14	45.381927	20.371513	objekat
Зрењанин	39	ДОМ МЗ "СОЊА МАРИНКОВИЋ" ВЕЛИКА САЛА	Зрењанин, Булевар Вељка Влаховића бр. 14	Зрењанин	Булевар Вељка Влаховића бр. 14	45.381927	20.371513	objekat
Зрењанин	40	ДОМ МЗ "ЗЕЛЕНО ПОЉЕ" - ВЕЛИКА САЛА	Зрењанин, Барањска бр. 18	Зрењанин	Барањска бр. 18	45.377479	20.418369	ulica
Зрењанин	41	ДОМ МЗ "ЗЕЛЕНО ПОЉЕ" - хол	Зрењанин, Барањска бр. 18	Зрењанин	Барањска бр. 18	45.377479	20.418369	ulica
Зрењанин	42	ДЕЧЈИ ВРТИЋ "БИБЕРЧЕ"	Зрењанин, Шумадијска бб	Зрењанин	Шумадијска бб	45.379628	20.417830	ulica
Зрењанин	43	МЗ "ГРАДНУЛИЦА"	Зрењанин, Цара Душана бр. 80	Зрењанин	Цара Душана бр. 80	45.390181	20.391983	objekat
Зрењанин	44	ОШ "ЂУРА ЈАКШИЋ" - Учионица бр. 1	Зрењанин, Цара Душана бр. 80А	Зрењанин	Цара Душана бр. 80А	45.390298	20.392389	objekat
Зрењанин	45	СПОРТСКИ ЦЕНТАР "ГРАДНУЛИЦА"	Зрењанин, Жарка Туринског бр. 2	Зрењанин	Жарка Туринског бр. 2	45.397218	20.394790	objekat
Зрењанин	46	ОШ "ЈОВАН ЈОВАНОВИЋ ЗМАЈ"	Зрењанин, Видаковићева бр. 1А	Зрењанин	Видаковићева бр. 1А	45.388846	20.402707	objekat
Зрењанин	47	ДОМ МЗ "ШУМИЦА"	Зрењанин, Топличина бр. 22	Зрењанин	Топличина бр. 22	45.389565	20.402970	objekat
Зрењанин	48	МЗ "БЕРБЕРСКО-БОЛНИЦА"	Зрењанин, Др Васе Савића бр. 4	Зрењанин	Др Васе Савића бр. 4	45.378104	20.378165	objekat
Зрењанин	49	АД ЖЕЛЕЗНИЦЕ СРБИЈЕ (КАНТИНА)	Зрењанин, Др Васе Савића бр. 1	Зрењанин	Др Васе Савића бр. 1	45.378026	20.378615	objekat
Зрењанин	50	МЗ "САВА КОВАЧЕВИЋ" - ВЕЛИКА САЛА	Зрењанин, Др Михајла Предића бр. 19	Зрењанин	Др Михајла Предића бр. 19	45.358663	20.390958	ulica
Зрењанин	51	МЗ "САВА КОВАЧЕВИЋ" - ВЕЛИКА САЛА	Зрењанин, Др Михајла Предића бр. 19	Зрењанин	Др Михајла Предића бр. 19	45.358663	20.390958	ulica
Зрењанин	52	МЗ "ЖАРКО ЗРЕЊАНИН"	Зрењанин, Жарка Зрењанина бр. 29	Зрењанин	Жарка Зрењанина бр. 29	45.385594	20.380356	objekat
Зрењанин	53	ДЕЧЈИ ВРТИЋ "ЗВЕЗДИЦА"	Зрењанин, Бошка Бухе бб	Зрењанин	Бошка Бухе бб	45.389473	20.373569	ulica
Зрењанин	54	ОШ "ЈОВАН ЦВИЈИЋ"	Зрењанин, 7. јула бр. 10	Зрењанин	7. јула бр. 10	45.385223	20.379012	objekat
Зрењанин	55	ОШ "ЈОВАН ЦВИЈИЋ"	Зрењанин, 7. јула бр. 10	Зрењанин	7. јула бр. 10	45.385223	20.379012	objekat
Зрењанин	56	МЗ "НИКОЛА ТЕСЛА"	Зрењанин, Иве Лоле Рибара бр. 19	Зрењанин	Иве Лоле Рибара бр. 19	45.384463	20.387615	objekat
Зрењанин	57	МЗ "ЦЕНТАР"	Зрењанин, Трг др Зорана Ђинђића бр. 3	Зрењанин	Трг др Зорана Ђинђића бр. 3	45.380038	20.396337	objekat
Зрењанин	58	МЗ "МАЛА АМЕРИКА"	Зрењанин, Кеј 2. октобра бр. 17	Зрењанин	Кеј 2. октобра бр. 17	45.380284	20.385200	objekat
Зрењанин	59	ОШ "2. ОКТОБАР" - Хол	Зрењанин, Марка Орешковића бр. 48	Зрењанин	Марка Орешковића бр. 48	45.370312	20.396498	objekat
Зрењанин	60	МЗ "ДОСИТЕЈ ОБРАДОВИЋ"	Зрењанин, Трг Доситеја Обрадовића бб	Зрењанин	Трг Доситеја Обрадовића бб	45.355156	20.453400	naselje
Зрењанин	61	ДЕЧЈИ ВРТИЋ "ЛЕПТИРИЋ"	Зрењанин, Деспота Стефана бб	Зрењанин	Деспота Стефана бб	45.368331	20.405040	ulica
Зрењанин	62	ОШ "ДОСИТЕЈ ОБРАДОВИЋ"	Зрењанин, Иве Војновића бр. 27Б	Зрењанин	Иве Војновића бр. 27Б	45.371854	20.404612	objekat
Зрењанин	63	МЗ "ДОСИТЕЈ ОБРАДОВИЋ"	Зрењанин, Трг Доситеја Обрадовића бб	Зрењанин	Трг Доситеја Обрадовића бб	45.355156	20.453400	naselje
Зрењанин	64	ОШ "2. ОКТОБАР" - Математички кабинет	Зрењанин, Марка Орешковића бр. 48	Зрењанин	Марка Орешковића бр. 48	45.370312	20.396498	objekat
Зрењанин	65	ОШ "ЖАРКО ЗРЕЊАНИН" - Хол фискултурне сале	Зрењанин, Ђурђа Смедеревца бр. 78	Зрењанин	Ђурђа Смедеревца бр. 78	45.380724	20.404135	ulica
Зрењанин	66	ДОМ МЗ "ДОЉА - ЦРНИ ШОР" - МАЛА САЛА	Зрењанин, Томићева бр. 47А	Зрењанин	Томићева бр. 47А	45.383410	20.409558	objekat
Зрењанин	67	ОШ "СЕРВО МИХАЉ"	Зрењанин, Серво Михаља бр. 64	Зрењанин	Серво Михаља бр. 64	45.350802	20.393073	objekat
Зрењанин	68	СТАДИОН "ЛЕХЕЛ"	Зрењанин, Хуњади Јаноша бб	Зрењанин	Хуњади Јаноша бб	45.342844	20.414195	ulica
Зрењанин	69	ОШ "СЕРВО МИХАЉ"	Зрењанин, Мађарске комуне бр. 55	Зрењанин	Мађарске комуне бр. 55	45.342732	20.410418	objekat
Зрењанин	70	КЛУБ МУЖЉАНАЦА	Зрењанин, Мађарске комуне бр. 42	Зрењанин	Мађарске комуне бр. 42	45.343554	20.408298	objekat
Зрењанин	71	ДОМ МЗ "ЗЕЛЕНО ПОЉЕ" - ВЕЛИКА САЛА 2	Зрењанин, Барањска бр. 18	Зрењанин	Барањска бр. 18	45.377479	20.418369	ulica
Зрењанин	72	ВРТИЋ "АЛИСА У ЗЕМЉИ ЧУДА"	Зрењанин, Жарка Туринског бб	Зрењанин	Жарка Туринског бб	45.397863	20.395614	objekat
Зрењанин	73	ОШ "ДОСИТЕЈ ОБРАДОВИЋ", учионица број 1	Зрењанин, Иве Војновића бр. 27Б	Зрењанин	Иве Војновића бр. 27Б	45.371854	20.404612	objekat
Зрењанин	74	КУЛТУРНИ ЦЕНТАР ЗРЕЊАНИН	Зрењанин, Народне омладине бр. 1	Зрењанин	Народне омладине бр. 1	45.378132	20.390084	objekat
Зубин Поток	1	ОШ "ЈОВАН ЦВИЈИЋ"	Зубин Поток, Зубин Поток	Зубин Поток	Зубин Поток			nije_nadjeno
Зубин Поток	2	ОШ "ЈОВАН ЦВИЈИЋ"	Зубин Поток, Зубин Поток	Зубин Поток	Зубин Поток			nije_nadjeno
Зубин Поток	3	ОШ "ЈОВАН ЦВИЈИЋ"	Зубин Поток, Зубин Поток	Зубин Поток	Зубин Поток			nije_nadjeno
Зубин Поток	4	ОШ "ЈОВАН ЦВИЈИЋ"	Зубин Поток, Зубин Поток	Зубин Поток	Зубин Поток			nije_nadjeno
Зубин Поток	5	ОШ "ЈОВАН ЦВИЈИЋ"	Зубин Поток, Зубин Поток	Зубин Поток	Зубин Поток			nije_nadjeno
Зубин Поток	6	ОШ "ЈОВАН ЦВИЈИЋ"	Зубин Поток, Зубин Поток	Зубин Поток	Зубин Поток			nije_nadjeno
Зубин Поток	7	ОШ "ЈОВАН ЦВИЈИЋ"	Зубин Поток, Зубин Поток	Зубин Поток	Зубин Поток			nije_nadjeno
Ивањица	1	ОПШТИНА ИВАЊИЦА	Ивањица, Венијамина Маринковића бр. 1	Ивањица	Венијамина Маринковића бр. 1	43.581199	20.229875	objekat
Ивањица	2	ДОМ КУЛТУРЕ	Ивањица, Венијамина Маринковића бб	Ивањица	Венијамина Маринковића бб	43.578122	20.231379	objekat
Ивањица	3	ОСНОВНИ СУД У ИВАЊИЦИ	Ивањица, Бошка Петровића бр. 9	Ивањица	Бошка Петровића бр. 9	43.582599	20.226476	ulica
Ивањица	4	ТЕХНИЧКА ШКОЛА	Ивањица, Миће Матовића бр. 2	Ивањица	Миће Матовића бр. 2	43.582538	20.228633	objekat
Ивањица	5	ОШ "МИЛИНКО КУШИЋ"	Ивањица, 13. септембра бр. 54	Ивањица	13. септембра бр. 54	43.585641	20.228732	objekat
Ивањица	6	ГИМНАЗИЈА	Ивањица, 13. септембра бр. 58	Ивањица	13. септембра бр. 58	43.586359	20.228408	objekat
Ивањица	7	ОШ "КИРИЛО САВИЋ"	Ивањица, Кирила Савића бб	Ивањица	Кирила Савића бб	43.576323	20.237110	ulica
Ивањица	8	ОШ "КИРИЛО САВИЋ"	Ивањица, Кирила Савића бб	Ивањица	Кирила Савића бб	43.576323	20.237110	ulica
Ивањица	9	ПОСЛОВНА ЗГРАДА ШУМСКЕ УПРАВЕ ГОЛИЈА	Ивањица, Венијамина Маринковића бр. 139	Ивањица	Венијамина Маринковића бр. 139	43.570698	20.240611	objekat
Ивањица	10	СЕОСКИ ДОМ	Бедина Варош, Беле њиве / Глијеча	Бедина Варош	Беле њиве / Глијеча	43.572969	20.230957	ulica
Ивањица	11	ОСНОВНА ШКОЛА	Будожеља, Будожеља	Будожеља	Будожеља	43.533895	20.290331	ulica
Ивањица	12	СТУТРМК - МАРАКАНА	Свештица, Свештица бб	Свештица	Свештица бб	43.567518	20.257666	ulica
Ивањица	13	ПОСЛОВНИ ОБЈЕКАТ - МАГАЦИН	Бедина Варош, Рокци	Бедина Варош	Рокци	43.572969	20.230957	ulica
Ивањица	14	ПОСЛОВНИ ОБЈЕКАТ У СУВЛАСНИШТВУ ДИМИТРИЈЕВИЋ	Свештица, Свештица	Свештица	Свештица	43.567518	20.257666	ulica
Ивањица	15	ОШ "МИЛАН ВУЧИЋЕВИЋ ЗВЕРАЦ"	Братљево, Братљево	Братљево	Братљево	43.461085	20.188297	ulica
Ивањица	16	КУЋА БАКОВИЋ ЧЕДА	Глеђица, Горња Глеђица	Глеђица	Горња Глеђица	43.414894	20.242051	naselje
Ивањица	17	ОСНОВНА ШКОЛА У БЕЛОЈ ЦРКВИ	Брезова, Брезова	Брезова	Брезова	43.572350	20.053022	ulica
Ивањица	18	ОСНОВНА ШКОЛА	Равна Гора, Равна Гора	Равна Гора	Равна Гора	43.462357	20.150888	ulica
Ивањица	19	ОСНОВНА ШКОЛА	Катићи, Катићи	Катићи	Катићи	43.571563	20.059579	ulica
Ивањица	20	КУЋА ЧЕКЕРЕВАЦ МИСИСАВА У ЧЕПОВУ	Брезова, Чепово	Брезова	Чепово	43.541864	20.060838	naselje
Ивањица	21	ОСНОВНА ШКОЛА	Шареник, Шареник	Шареник	Шареник	43.586293	20.040639	ulica
Ивањица	22	ОСНОВНА ШКОЛА У БУКОВИЦИ	Буковица, Буковица	Буковица	Буковица	43.604622	20.199822	ulica
Ивањица	23	ВАТРОГАСНИ ДОМ	Ивањица, Милинка Кушића бр. 189	Ивањица	Милинка Кушића бр. 189	43.596570	20.218704	objekat
Ивањица	24	ОСНОВНА ШКОЛА У РАШЧИЋИМА	Шуме, Рашчићи	Шуме	Рашчићи	43.624393	20.239145	naselje
Ивањица	25	ОШ "НЕДЕЉКО КОШАНИН"	Девићи, Девићи	Девићи	Девићи	43.422236	20.379451	ulica
Ивањица	26	АМБУЛАНТА ДОМА ЗДРАВЉА	Ерчеге, Ерчеге	Ерчеге	Ерчеге	43.365887	20.165970	ulica
Ивањица	27	ОСНОВНА ШКОЛА	Вучак, Вучак	Вучак	Вучак	43.406538	20.205319	ulica
Ивањица	28	ОШ "СВЕТОЗАР МАРКОВИЋ"	Ковиље, Ковиље	Ковиље	Ковиље	43.414845	20.150742	objekat
Ивањица	29	ОШ "МАЈОР ИЛИЋ"	Кушићи, Кушићи	Кушићи	Кушићи	43.502600	20.103873	ulica
Ивањица	30	КУЋА ЦВЕТКОВИЋ МИРОСЛАВА	Маскова, Маскова	Маскова	Маскова	43.512160	20.054777	ulica
Ивањица	31	КУЋА НЕЂЕЉКА КОВАЧЕВИЋА	Јаворска Равна Гора, Јаворска Равна Гора	Јаворска Равна Гора	Јаворска Равна Гора	43.462357	20.150888	ulica
Ивањица	32	ДОМ КУЛТУРЕ	Луке, Луке	Луке	Луке	43.618009	20.287669	ulica
Ивањица	33	ОСНОВНА ШКОЛА	Лиса, Лиса	Лиса	Лиса	43.641182	20.237436	ulica
Ивањица	34	КУЋА БЕШЕВИЋ СТОЈЕ	Лиса, Венац	Лиса	Венац	43.651410	20.229289	naselje
Ивањица	35	ОСНОВНА ШКОЛА	Међуречје, Међуречје	Међуречје	Међуречје	43.529335	20.226763	ulica
Ивањица	36	ОСНОВНА ШКОЛА У ЦРВЕНОЈ ГОРИ	Рокци, Рокци	Рокци	Рокци	43.536481	20.227849	ulica
Ивањица	37	СЕОСКИ ДОМ	Косовица, Косовица	Косовица	Косовица	43.502980	20.203589	ulica
Ивањица	38	ПРОДАВНИЦА ВЛ. ЛИШАНИН ТАДИЈАНЕ	Комадине, Комадине	Комадине	Комадине	43.501388	20.255839	ulica
Ивањица	39	КУЋА ТИХОМИРА АВРАМОВИЋА	Куманица, Куманица	Куманица	Куманица	43.468967	20.245186	ulica
Ивањица	40	ОСНОВНА ШКОЛА	Мочиоци, Мочиоци	Мочиоци	Мочиоци	43.544973	19.959009	ulica
Ивањица	41	ОСНОВНА ШКОЛА	Опаљеник, Опаљеник	Опаљеник	Опаљеник	43.536603	20.124438	ulica
Ивањица	42	КУЋА РУДАКОВИЋ ДРАГАНА	Сивчина, Сивчина	Сивчина	Сивчина	43.549537	20.129483	ulica
Ивањица	43	ОСНОВНА ШКОЛА	Осоница, Осоница	Осоница	Осоница	43.594533	20.311855	ulica
Ивањица	44	ОСНОВНА ШКОЛА У ОСТАТИЈИ	Коритник, Коритник	Коритник	Коритник	43.279099	20.346485	ulica
Ивањица	45	ОСНОВНА ШКОЛА	Брусник, Брусник	Брусник	Брусник	43.365274	20.348580	naselje
Ивањица	46	МЕСНА ЗАЈЕДНИЦА	Прилике, Прилике	Прилике	Прилике	43.632725	20.152673	ulica
Ивањица	47	ПОСЛОВНО СТАМБЕНИ ОБЈЕКАТ ВЛ. РАЈКОВИЋ ДУШКА	Дубрава, Клепани	Дубрава	Клепани	43.599449	20.130334	naselje
Ивањица	48	ОШ "СРЕТЕН ЛАЗАРЕВИЋ"	Прилике, Доње Радаљево	Прилике	Доње Радаљево	43.644177	20.131881	ulica
Ивањица	49	ПРОДАВНИЦА 33 ""ПРИЛИКЕ""	Радаљево, Горње Радаљево	Радаљево	Горње Радаљево	43.648846	20.136162	ulica
Ивањица	50	ПОСЛОВНИ ОБЈЕКАТ ВЛАСНИШТВУ МИЛОВАНОВИЋ НОВАКА	Дубрава, Дубрава	Дубрава	Дубрава	43.612890	20.183733	ulica
Ивањица	51	ОСНОВНА ШКОЛА У ЦЕРОВИ	Дубрава, Церова	Дубрава	Церова	43.599449	20.130334	naselje
Ивањица	52	МЕСНА ЗАЈЕДНИЦА ПРИДВОРИЦА	Врмбаје, Придворица	Врмбаје	Придворица	43.475685	20.379425	objekat
Ивањица	53	ОСНОВНА ШКОЛА У ВЕЉОВИЋИМА	Врмбаје, Вељовићи	Врмбаје	Вељовићи	43.507616	20.363258	naselje
Ивањица	54	ОСНОВНА ШКОЛА У ОГРАЂЕНИКУ	Добри До, Добри До	Добри До	Добри До	43.475243	20.344242	ulica
Ивањица	55	ОСНОВНА ШКОЛА У СРЕДЊОЈ РЕЦИ	Дајићи, Дајићи	Дајићи	Дајићи	43.403259	20.298039	ulica
Инђија	1	ЗАБАВИШТЕ	Бешка, Трг Данице Јовановић бр. 1	Бешка	Трг Данице Јовановић бр. 1	45.124484	20.067358	objekat
Инђија	2	ОШ "БРАЋА ГРУЛОВИЋ"	Бешка, Карађорђева бр. 2	Бешка	Карађорђева бр. 2	45.129389	20.066854	objekat
Инђија	3	ДОМ КУЛТУРЕ	Бешка, Карађорђева бр. 1	Бешка	Карађорђева бр. 1	45.129550	20.067885	objekat
Инђија	4	МЕСНА ЗАЈЕДНИЦА	Бешка, Краља Петра I бр. 1	Бешка	Краља Петра I бр. 1	45.129747	20.067107	objekat
Инђија	5	ОШ "БРАЋА ГРУЛОВИЋ"	Бешка, Карађорђева бр. 2	Бешка	Карађорђева бр. 2	45.129389	20.066854	objekat
Инђија	6	РЕСТОРАН „КОД ГРАДИЋА“	Инђија, Партизанска бр. 21	Инђија	Партизанска бр. 21	45.151055	20.017338	objekat
Инђија	7	ОШ "ДУШАН ЈЕРКОВИЋ"	Инђија, Душана Јерковића бр. 1	Инђија	Душана Јерковића бр. 1	45.049400	20.082232	objekat
Инђија	8	ОШ "ЈОВАН ПОПОВИЋ"	Инђија, Краља Петра I бр. 124	Инђија	Краља Петра I бр. 124	45.037664	20.089583	objekat
Инђија	9	"ЗАМ" ДОО	Инђија, Железничка бр. 40	Инђија	Железничка бр. 40	45.044872	20.093508	objekat
Инђија	10	ГРАДСКИ СТАДИОН - РЕСТОРАН	Инђија, Железничка бб	Инђија	Железничка бб	45.048059	20.092153	ulica
Инђија	11	КП "ВОДОВОД И КАНАЛИЗАЦИЈА"	Инђија, Војводе Степе бр. 48	Инђија	Војводе Степе бр. 48	45.052452	20.089147	objekat
Инђија	12	ЈКП "ВОДОВОД И КАНАЛИЗАЦИЈА"	Инђија, Војводе Степе бр. 48	Инђија	Војводе Степе бр. 48	45.052452	20.089147	objekat
Инђија	13	ПУ "БОШКО БУХА"	Инђија, Душана Јерковића бр. 17А	Инђија	Душана Јерковића бр. 17А	45.050508	20.079677	objekat
Инђија	14	ОШ "ДУШАН ЈЕРКОВИЋ"	Инђија, Душана Јерковића бр. 1	Инђија	Душана Јерковића бр. 1	45.049400	20.082232	objekat
Инђија	15	ТЕХНИЧКА ШКОЛА "МИХАЈЛО ПУПИН"	Инђија, Цара Душана бр. 2	Инђија	Цара Душана бр. 2	45.047395	20.079575	objekat
Инђија	16	ГИМНАЗИЈА	Инђија, Трг слободе бр. 1	Инђија	Трг слободе бр. 1	45.047861	20.079597	objekat
Инђија	17	СУР „ВРЕЛО КНИН“ – ВЕЛИКА САЛА	Инђија, Жарка Зрењанина бр. 1	Инђија	Жарка Зрењанина бр. 1	45.052976	20.072398	objekat
Инђија	18	ОШ "ЈОВАН ПОПОВИЋ"	Инђија, Краља Петра I бр. 124	Инђија	Краља Петра I бр. 124	45.037664	20.089583	objekat
Инђија	19	ОШ "ПЕТАР КОЧИЋ"	Инђија, Цара Душана бр. 9	Инђија	Цара Душана бр. 9	45.046498	20.079264	objekat
Инђија	20	ОШ "ПЕТАР КОЧИЋ"	Инђија, Цара Душана бр. 9	Инђија	Цара Душана бр. 9	45.046498	20.079264	objekat
Инђија	21	ОШ "ПЕТАР КОЧИЋ"	Инђија, Цара Душана бр. 9	Инђија	Цара Душана бр. 9	45.046498	20.079264	objekat
Инђија	22	ОШ "ПЕТАР КОЧИЋ"	Инђија, Цара Душана бр. 9	Инђија	Цара Душана бр. 9	45.046498	20.079264	objekat
Инђија	23	ПУ "БОШКО БУХА"	Инђија, Господарска бр. 19	Инђија	Господарска бр. 19	45.046355	20.069383	objekat
Инђија	24	ОШ "22 ЈУЛ"	Крчедин, Наде Јаношевић бр. 4	Крчедин	Наде Јаношевић бр. 4	45.139305	20.132466	objekat
Инђија	25	БИБЛИОТЕКА	Крчедин, Уче Зековића бр. 1	Крчедин	Уче Зековића бр. 1	45.140635	20.133278	objekat
Инђија	26	МЕСНА ЗАЈЕДНИЦА	Сланкаменачки Виногради, Јанка Чмелика бр. 8	Сланкаменачки Виногради	Јанка Чмелика бр. 8	45.154754	20.184038	objekat
Инђија	27	ОСНОВНА ШКОЛА	Љуково, 1. новембра бр. 73	Љуково	1. новембра бр. 73	45.018664	20.030425	objekat
Инђија	28	ЛОВАЧКИ ДОМ	Јарковци, Гробљанска бр. 1	Јарковци	Гробљанска бр. 1	45.056404	20.024725	objekat
Инђија	29	МЕСНА ЗАЈЕДНИЦА	Марадићи, Цара Душана бр. 1	Марадићи	Цара Душана бр. 1			nije_nadjeno
Инђија	30	МЕСНА ЗАЈЕДНИЦА	Марадићи, Цара Душана бр. 1	Марадићи	Цара Душана бр. 1			nije_nadjeno
Инђија	31	ОШ "СЛОБОДАН БАЈИЋ - ПАЈА"	Нови Карловци, Главна бр. 31	Нови Карловци	Главна бр. 31	45.078752	20.179176	objekat
Инђија	32	ОШ "СЛОБОДАН БАЈИЋ - ПАЈА"	Нови Карловци, Главна бр. 31	Нови Карловци	Главна бр. 31	45.078752	20.179176	objekat
Инђија	33	ОШ "ДР ЂОРЂЕ НАТОШЕВИЋ"	Нови Сланкамен, Вука Караџића бр. 1	Нови Сланкамен	Вука Караџића бр. 1	45.124317	20.237640	objekat
Инђија	34	МЕСНА ЗАЈЕДНИЦА	Нови Сланкамен, Цара Душана бр. 123	Нови Сланкамен	Цара Душана бр. 123	45.125846	20.239718	objekat
Инђија	35	ОШ "ДР ЂОРЂЕ НАТОШЕВИЋ"	Нови Сланкамен, Вука Караџића бр. 1	Нови Сланкамен	Вука Караџића бр. 1	45.124317	20.237640	objekat
Инђија	36	МЕСНА ЗАЈЕДНИЦА	Стари Сланкамен, Др Боривоја Гњатића бр. 21	Стари Сланкамен	Др Боривоја Гњатића бр. 21	45.141951	20.258363	objekat
Инђија	37	ОШ "РУЖА ЂУРЂЕВИЋ-ЦРНА"	Чортановци, Вељка Влаховића бр. 1	Чортановци	Вељка Влаховића бр. 1	45.156172	20.017177	objekat
Ириг	1	УСЛУЖНИ ЦЕНТАР СКУПШТИНЕ ОПШТИНЕ - КАНЦЕЛАРИЈА БР. 1	Ириг, Војводе Путника бр. 1	Ириг	Војводе Путника бр. 1	45.099684	19.861166	objekat
Ириг	2	СКУПШТИНА ОПШТИНЕ - БР. 1	Ириг, Војводе Путника бр. 1	Ириг	Војводе Путника бр. 1	45.099684	19.861166	objekat
Ириг	3	ОШ "ДОСИТЕЈ ОБРАДОВИЋ"	Ириг, Змај Јовина бр. 59	Ириг	Змај Јовина бр. 59	45.100566	19.858829	objekat
Ириг	4	ДОМ КУЛТУРЕ "ДОСИТЕЈ"	Ириг, Рибарски трг бр. 37	Ириг	Рибарски трг бр. 37	45.101039	19.859555	objekat
Ириг	5	ОШ "ДОСИТЕЈ ОБРАДОВИЋ"	Ривица, Маршала Тита бр. 31	Ривица	Маршала Тита бр. 31	45.089170	19.834231	objekat
Ириг	6	СТАРА МЕСНА КАНЦЕЛАРИЈА	Врдник, IX војвођанске бригаде бр. 91	Врдник	IX војвођанске бригаде бр. 91	45.125477	19.790487	ulica
Ириг	7	ДОМ ПЕНЗИОНЕРА	Врдник, Бошка Сремца бр. 19	Врдник	Бошка Сремца бр. 19	45.121936	19.786617	objekat
Ириг	8	ОШ "МИЛИЦА СТОЈАДИНОВИЋ СРПКИЊА" - ЗБОРНИЦА	Врдник, Фрушкогорска бр. 12	Врдник	Фрушкогорска бр. 12	45.130149	19.788892	ulica
Ириг	9	ОШ "МИЛИЦА СТОЈАДИНОВИЋ СРПКИЊА" - ЈАЗАК	Јазак, Браће Мунџић бр. 12	Јазак	Браће Мунџић бр. 12	45.104044	19.766464	objekat
Ириг	10	МЕСНА ЗАЈЕДНИЦА МАЛА РЕМЕТА - ЛОВАЧКИ ДОМ	Мала Ремета, Пинкијева бр. 39	Мала Ремета	Пинкијева бр. 39	45.107524	19.744870	objekat
Ириг	11	МЕСНА КАНЦЕЛАРИЈА	Нерадин, Маршала Тита бр. 9	Нерадин	Маршала Тита бр. 9	45.117097	19.896254	objekat
Ириг	12	МЕСНА КАНЦЕЛАРИЈА ГРГЕТЕГ И КРУШЕДОЛ ПРЊАВОР	Крушедол Прњавор, Фрушкогорска бр. 19	Крушедол Прњавор	Фрушкогорска бр. 19	45.120470	19.936714	objekat
Ириг	13	ОШ "ДОСИТЕЈ ОБРАДОВИЋ" - КРУШЕДОЛ СЕЛО И ВЕЛИКА РЕМЕТА	Крушедол Село, Школска бр. 1	Крушедол Село	Школска бр. 1	45.113541	19.944692	objekat
Ириг	14	ОШ "ДОСИТЕЈ ОБРАДОВИЋ" - ШАТРИНЦИ И ДОБРОДОЛ	Шатринци, Маршала Тита бр. 23	Шатринци	Маршала Тита бр. 23	45.061949	19.923457	objekat
Јагодина	1	ОСНОВНА ШКОЛА	ЛОВЦИ	ЛОВЦИ		44.064372	21.136554	naselje
Јагодина	2	МЕСНА ЗАЈЕДНИЦА	ВОЉАВЧЕ	ВОЉАВЧЕ		43.990005	21.222524	naselje
Јагодина	3	ОСНОВНА ШКОЛА	ВОЉАВЧЕ	ВОЉАВЧЕ		43.990005	21.222524	naselje
Јагодина	4	ОСНОВНА ШКОЛА	ЛОЗОВИК	ЛОЗОВИК		43.959703	21.136933	naselje
Јагодина	5	МЕСНА ЗАЈЕДНИЦА	МЕЂУРЕЧ	МЕЂУРЕЧ		43.959730	21.180699	naselje
Јагодина	6	ДОМ КУЛТУРЕ	МИШЕВИЋ	МИШЕВИЋ		43.971216	21.112067	naselje
Јагодина	7	ДОМ КУЛТУРЕ	РИБАРЕ	РИБАРЕ		44.004333	21.269931	ulica
Јагодина	8	ДОМ КУЛТУРЕ	РИБАРЕ	РИБАРЕ		44.004333	21.269931	ulica
Јагодина	9	ОСНОВНА ШКОЛА	РИБАРЕ	РИБАРЕ		44.004333	21.269931	ulica
Јагодина	10	ДОМ КУЛТУРЕ	ГЛОГОВАЦ	ГЛОГОВАЦ		44.041745	21.312682	naselje
Јагодина	11	ДОМ КУЛТУРЕ	ГЛОГОВАЦ	ГЛОГОВАЦ		44.041745	21.312682	naselje
Јагодина	12	ДОМ КУЛТУРЕ	ДРАЖМИРОВАЦ	ДРАЖМИРОВАЦ		44.057553	21.348138	naselje
Јагодина	13	ОСНОВНА ШКОЛА	ДУБОКА	ДУБОКА		44.070532	21.273479	naselje
Јагодина	14	ОСНОВНА ШКОЛА	ДОБРА ВОДА	ДОБРА ВОДА		44.106571	21.291022	naselje
Јагодина	15	ДОМ КУЛТУРЕ	РАЈКИНАЦ	РАЈКИНАЦ		44.071361	21.242978	naselje
Јагодина	16	МЕСНА ЗАЈЕДНИЦА	МАЛИ ПОПОВИЋ	МАЛИ ПОПОВИЋ		44.050497	21.296089	naselje
Јагодина	17	МЕСНА ЗАЈЕДНИЦА	МАЈУР	МАЈУР		43.945056	21.294410	naselje
Јагодина	18	ОСНОВНА ШКОЛА	МАЈУР	МАЈУР		43.945056	21.294410	naselje
Јагодина	19	МЕСНА ЗАЈЕДНИЦА	МАЈУР	МАЈУР		43.945056	21.294410	naselje
Јагодина	20	ОСНОВНА ШКОЛА	КОНЧАРЕВО	КОНЧАРЕВО		43.975341	21.314546	naselje
Јагодина	21	ОСНОВНА ШКОЛА	КОНЧАРЕВО	КОНЧАРЕВО		43.975341	21.314546	naselje
Јагодина	22	ОСНОВНА ШКОЛА	КОНЧАРЕВО	КОНЧАРЕВО		43.975341	21.314546	naselje
Јагодина	23	ОСНОВНА ШКОЛА	РАКИТОВО	РАКИТОВО		43.989594	21.296032	naselje
Јагодина	24	ОСНОВНА ШКОЛА	РАКИТОВО	РАКИТОВО		43.989594	21.296032	naselje
Јагодина	25	ДОМ КУЛТУРЕ	ДРАГОЦВЕТ	ДРАГОЦВЕТ		43.937243	21.214654	naselje
Јагодина	26	ДОМ КУЛТУРЕ	ШУЉКОВАЦ	ШУЉКОВАЦ		43.918642	21.195013	naselje
Јагодина	27	ДОМ КУЛТУРЕ	КОВАЧЕВАЦ	КОВАЧЕВАЦ		43.938554	21.196374	naselje
Јагодина	28	МЕСНА ЗАЈЕДНИЦА	ГЛАВИНЦИ	ГЛАВИНЦИ		43.924647	21.251286	naselje
Јагодина	29	МЕСНА ЗАЈЕДНИЦА	БРЕСЈЕ	БРЕСЈЕ		43.939114	21.262363	naselje
Јагодина	30	ОСНОВНА ШКОЛА	КОЛАРЕ	КОЛАРЕ		43.907195	21.245218	naselje
Јагодина	31	ОСНОВНА ШКОЛА	ВИНОРАЧА	ВИНОРАЧА		43.965900	21.229167	naselje
Јагодина	32	ДОМ КУЛТУРЕ	МИЛОШЕВО	МИЛОШЕВО		44.105451	21.156423	naselje
Јагодина	33	ДОМ КУЛТУРЕ	МИЛОШЕВО	МИЛОШЕВО		44.105451	21.156423	naselje
Јагодина	34	МЕСНА ЗАЈЕДНИЦА	БАГДАН	БАГДАН				nije_nadjeno
Јагодина	35	МЕСНА ЗАЈЕДНИЦА	ДОЊИ РАЧНИК	ДОЊИ РАЧНИК		44.054809	21.178759	naselje
Јагодина	36	ОСНОВНА ШКОЛА	ГОРЊИ РАЧНИК	ГОРЊИ РАЧНИК		44.033495	21.153410	naselje
Јагодина	37	ДОМ КУЛТУРЕ	КОЧИНО СЕЛО	КОЧИНО СЕЛО		44.035654	21.273595	naselje
Јагодина	38	ДОМ КУЛТУРЕ	СТАРО ЛАНИШТЕ	СТАРО ЛАНИШТЕ		44.033250	21.252572	naselje
Јагодина	39	ДОМ КУЛТУРЕ	НОВО ЛАНИШТЕ	НОВО ЛАНИШТЕ		44.040355	21.234802	naselje
Јагодина	40	МЕСНА КАНЦЕЛАРИЈА	СИОКОВАЦ	СИОКОВАЦ		43.977666	21.179189	naselje
Јагодина	41	ДОМ КУЛТУРЕ	ДЕОНИЦА	ДЕОНИЦА		43.977701	21.198023	naselje
Јагодина	42	КЛУБ ГРАЂАНА	ДОЊЕ ШТИПЉЕ	ДОЊЕ ШТИПЉЕ		44.012500	21.172780	naselje
Јагодина	43	ОСНОВНА ШКОЛА	ГОРЊЕ ШТИПЉЕ	ГОРЊЕ ШТИПЉЕ		44.014849	21.131977	naselje
Јагодина	44	МЕСНА ЗАЈЕДНИЦА	ВРАНОВАЦ	ВРАНОВАЦ		44.022411	21.150984	naselje
Јагодина	45	МЕСНА ЗАЈЕДНИЦА	БУНАР	БУНАР		43.919285	21.146878	naselje
Јагодина	46	МЕСНА ЗАЈЕДНИЦА	БЕЛИЦА	БЕЛИЦА		43.943329	21.123198	naselje
Јагодина	47	МЕСНА ЗАЈЕДНИЦА	ВРБА	ВРБА		43.933509	21.122145	naselje
Јагодина	48	ДОМ КУЛТУРЕ	СТРИЖИЛО	СТРИЖИЛО		44.067443	21.109135	naselje
Јагодина	49	ДОМ КУЛТУРЕ	СТРИЖИЛО	СТРИЖИЛО		44.067443	21.109135	naselje
Јагодина	50	ДОМ КУЛТУРЕ	ЦРНЧЕ	ЦРНЧЕ		43.989435	21.148667	naselje
Јагодина	51	ОСНОВНА ШКОЛА	ШАНТАРОВАЦ	ШАНТАРОВАЦ		43.909381	21.164952	naselje
Јагодина	52	КЛУБ ПЕНЗИОНЕРА	ЛУКАР	ЛУКАР		43.889541	21.147905	naselje
Јагодина	53	МЕСНА ЗАЈЕДНИЦА	ДРАГОШЕВАЦ	ДРАГОШЕВАЦ		43.887430	21.215595	naselje
Јагодина	54	ОСНОВНА ШКОЛА	МЕДОЈЕВАЦ	МЕДОЈЕВАЦ		43.872593	21.200811	naselje
Јагодина	55	МЕСНА ЗАЈЕДНИЦА	СЛАТИНА	СЛАТИНА		43.919908	21.089280	naselje
Јагодина	56	ДОМ КУЛТУРЕ	БУКОВЧЕ	БУКОВЧЕ		44.004953	21.231554	naselje
Јагодина	57	МЕСНА ЗАЈЕДНИЦА	РИБНИК	РИБНИК		44.018366	21.225922	naselje
Јагодина	58	ОСНОВНА ШКОЛА	ТРНАВА СЕЛО	ТРНАВА СЕЛО				nije_nadjeno
Јагодина	59	ОСНОВНА ШКОЛА	НОВО НАСЕЉЕ ТРНАВА	НОВО НАСЕЉЕ ТРНАВА				nije_nadjeno
Јагодина	60	ОШ "17. ОКТОБАР"	ЈАГОДИНА, ТЕСЛИНА БР. 1	ЈАГОДИНА	ТЕСЛИНА БР. 1	43.978676	21.261637	objekat
Јагодина	61	ГИМНАЗИЈА "СВЕТОЗАР МАРКОВИЋ"	ЈАГОДИНА, СЛОБОДАНА ПЕНЕЗИЋА КРЦУНА БР. 1	ЈАГОДИНА	СЛОБОДАНА ПЕНЕЗИЋА КРЦУНА БР. 1	43.980256	21.261206	objekat
Јагодина	62	БИВША МЕСНА ЗАЈЕДНИЦА"ЦЕНТАР"	ЈАГОДИНА, БОШКА ЂУРИЧИЋА БР. 8	ЈАГОДИНА	БОШКА ЂУРИЧИЋА БР. 8	43.980942	21.261904	objekat
Јагодина	63	КОМЕРЦИЈАЛА ФАБРИКЕ КАБЛОВА	ЈАГОДИНА, ГИНЕ ПАЈЕВИЋА БР. 8	ЈАГОДИНА	ГИНЕ ПАЈЕВИЋА БР. 8	43.982191	21.262256	ulica
Јагодина	64	ФИЛИЈАЛА НАЦИОНАЛНЕ СЛУЖБЕ ЗА ЗАПОШЉАВАЊЕ, ЈАГОДИНА	ЈАГОДИНА, ЉУБИШЕ УРОШЕВИЋА 16	ЈАГОДИНА	ЉУБИШЕ УРОШЕВИЋА 16	43.982012	21.259069	objekat
Јагодина	65	ЗГРАДА КАТАСТРА	ЈАГОДИНА, КРАЉА ПЕТРА I БР. 1/А	ЈАГОДИНА	КРАЉА ПЕТРА I БР. 1/А	43.975502	21.261630	objekat
Јагодина	66	ДЕЧИЈИ ВРТИЋ "БАМБИ"	ЈАГОДИНА, ВОЈВОЂАНСКА ББ	ЈАГОДИНА	ВОЈВОЂАНСКА ББ	43.968619	21.274441	ulica
Јагодина	67	ДЕЧИЈИ ВРТИЋ "БАМБИ"	ЈАГОДИНА, ВОЈВОЂАНСКА ББ	ЈАГОДИНА	ВОЈВОЂАНСКА ББ	43.968619	21.274441	ulica
Јагодина	68	МЗ "ПИВАРА"	ЈАГОДИНА, РАДОЈИЦЕ СОЛУНЦА ББ	ЈАГОДИНА	РАДОЈИЦЕ СОЛУНЦА ББ	43.973283	21.269935	ulica
Јагодина	69	ОШ "МИЛАНА МИЈАЛКОВИЋ"	ЈАГОДИНА, МИЛУНКЕ САВИЋ БР. 1	ЈАГОДИНА	МИЛУНКЕ САВИЋ БР. 1	43.975801	21.266596	objekat
Јагодина	70	САЛА ВИШЕГ СУДА	ЈАГОДИНА, КНЕГИЊЕ МИЛИЦЕ БР. 84	ЈАГОДИНА	КНЕГИЊЕ МИЛИЦЕ БР. 84	43.975970	21.263263	objekat
Јагодина	71	САЛА СКУПШТИНЕ ГРАДА	ЈАГОДИНА, КРАЉА ПЕТРА I БР. 6	ЈАГОДИНА	КРАЉА ПЕТРА I БР. 6	43.980197	21.228312	objekat
Јагодина	72	МЗ "СТАДИОН"	ЈАГОДИНА, БРАЋЕ ДИРАК БР. 46	ЈАГОДИНА	БРАЋЕ ДИРАК БР. 46	43.972372	21.261575	objekat
Јагодина	73	ХАЛА СПОРТОВА	ЈАГОДИНА, БРАЋЕ ДИРАК ББ	ЈАГОДИНА	БРАЋЕ ДИРАК ББ	43.976515	21.259671	ulica
Јагодина	74	МЗ "ВАШАРИШТЕ"	ЈАГОДИНА, КНЕЗА ЛАЗАРА 58	ЈАГОДИНА	КНЕЗА ЛАЗАРА 58	43.981179	21.256937	objekat
Јагодина	75	ДЕЧИЈИ ВРТИЋ "ПЧЕЛИЦЕ"	ЈАГОДИНА, БРАНКА КРСМАНОВИЋА ББ	ЈАГОДИНА	БРАНКА КРСМАНОВИЋА ББ	43.983183	21.254428	ulica
Јагодина	76	ОШ "РАДА МИЉКОВИЋ"	ЈАГОДИНА, КНЕЗА ЛАЗАРА ББ	ЈАГОДИНА	КНЕЗА ЛАЗАРА ББ	43.983802	21.252527	ulica
Јагодина	77	ДОМ ПЕНЗИОНЕРА	ЈАГОДИНА, ЂУРЕ ЈАКШИЋА БР. 27	ЈАГОДИНА	ЂУРЕ ЈАКШИЋА БР. 27	43.979418	21.254017	objekat
Јагодина	78	ПЕДАГОШКИ ФАКУЛТЕТ	ЈАГОДИНА, МИЛАНА МИЈАЛКОВИЋА БР. 14	ЈАГОДИНА	МИЛАНА МИЈАЛКОВИЋА БР. 14	43.977400	21.255117	objekat
Јагодина	79	ОШ "БОШКО ЂУРИЧИЋ"	ЈАГОДИНА, МИЛАНА МИЈАЛКОВИЋА БР. 15	ЈАГОДИНА	МИЛАНА МИЈАЛКОВИЋА БР. 15	43.976487	21.255394	objekat
Јагодина	80	МЗ "ЛЕВАЧ"	ЈАГОДИНА, 7. ЈУЛА 11	ЈАГОДИНА	7. ЈУЛА 11	43.976397	21.257188	objekat
Јагодина	81	ОШ "ГОРАН ОСТОЈИЋ"	ЈАГОДИНА, ЗЕЛЕНГОРА ББ	ЈАГОДИНА	ЗЕЛЕНГОРА ББ	43.979426	21.260769	naselje
Јагодина	82	ДОМ УЧЕНИКА СРЕДЊИХ ШКОЛА	ЈАГОДИНА, БРАНКА РАДИЧЕВИЋА БР. 1	ЈАГОДИНА	БРАНКА РАДИЧЕВИЋА БР. 1	43.977464	21.248144	objekat
Јагодина	83	ДОМ УЧЕНИКА СРЕДЊИХ ШКОЛА	ЈАГОДИНА, БРАНКА РАДИЧЕВИЋА БР. 1	ЈАГОДИНА	БРАНКА РАДИЧЕВИЋА БР. 1	43.977464	21.248144	objekat
Јагодина	84	ПЕДАГОШКИ ФАКУЛТЕТ	ЈАГОДИНА, МИЛАНА МИЈАЛКОВИЋА БР. 14	ЈАГОДИНА	МИЛАНА МИЈАЛКОВИЋА БР. 14	43.977400	21.255117	objekat
Јагодина	85	ПЕДАГОШКИ ФАКУЛТЕТ	ЈАГОДИНА, МИЛАНА МИЈАЛКОВИЋА БР. 14	ЈАГОДИНА	МИЛАНА МИЈАЛКОВИЋА БР. 14	43.977400	21.255117	objekat
Јагодина	86	ВРТИЋ "ЛЕПТИРИЋ" НА СТРЕЛИШТУ	ЈАГОДИНА, ЖИВОРАДА КОСТИЋА ББ	ЈАГОДИНА	ЖИВОРАДА КОСТИЋА ББ	43.984132	21.243062	ulica
Јагодина	87	ВРТИЋ "ЛЕПТИРИЋ" НА СТРЕЛИШТУ	ЈАГОДИНА, ЖИВОРАДА КОСТИЋА ББ	ЈАГОДИНА	ЖИВОРАДА КОСТИЋА ББ	43.984132	21.243062	ulica
Јагодина	88	ОСНОВНА ШКОЛА НА СТРЕЛИШТУ	ЈАГОДИНА, ИВЕ АНДРИЋА ББ	ЈАГОДИНА	ИВЕ АНДРИЋА ББ	43.985537	21.242058	ulica
Јагодина	89	ОСНОВНА ШКОЛА НА СТРЕЛИШТУ	ЈАГОДИНА, ИВЕ АНДРИЋА ББ	ЈАГОДИНА	ИВЕ АНДРИЋА ББ	43.985537	21.242058	ulica
Јагодина	90	МЗ"ЂУРЂЕВО БРДО"	ЂУРЂЕВО БРДО	ЂУРЂЕВО БРДО		43.963554	21.267023	objekat
Јагодина	91	ОСНОВНА ШКОЛА	ЂУРЂЕВО БРДО	ЂУРЂЕВО БРДО		43.963554	21.267023	objekat
Кањижа	1	ОШ "ЈОВАН ЈОВАНОВИЋ ЗМАЈ"	Адорјан, Маршала Тита бр. 9	Адорјан	Маршала Тита бр. 9	46.004242	20.041714	objekat
Кањижа	2	ВАТРОГАСНИ ДОМ	Хоргош, Барток Беле бр. 14	Хоргош	Барток Беле бр. 14	46.154158	19.966943	objekat
Кањижа	3	ДОМ ПЕНЗИОНЕРА	Хоргош, Кањишки пут бр. 34	Хоргош	Кањишки пут бр. 34	46.150359	19.971906	objekat
Кањижа	4	ОШ "КАРАС КАРОЛИНА"	Хоргош, Карасова бр. 14	Хоргош	Карасова бр. 14	46.148715	19.966523	objekat
Кањижа	5	ДОМ КУЛТУРЕ	Хоргош, Велика бр. 2	Хоргош	Велика бр. 2	46.152379	19.964642	objekat
Кањижа	6	МЕСНА ЗАЈЕДНИЦА ХОРГОШ	Хоргош, Железничка бр. 16	Хоргош	Железничка бр. 16	46.153792	19.963108	objekat
Кањижа	7	ОСНОВНА ШКОЛА	Хоргош, Новосадоча бр. 1	Хоргош	Новосадоча бр. 1	46.148602	19.966818	objekat
Кањижа	8	ОШ "ЈОВАН ЈОВАНОВИЋ ЗМАЈ"	Кањижа, Школска бр. 1	Кањижа	Школска бр. 1	46.065227	20.058369	objekat
Кањижа	9	АМФИТЕАТАР	Кањижа, Улица квалитетних радника бр. 1	Кањижа	Улица квалитетних радника бр. 1	46.065711	20.057943	naselje
Кањижа	10	ОУ "ДАНИЈЕЛ ПОПОВИЋ"	Кањижа, Специјалистичка болница бр. 10	Кањижа	Специјалистичка болница бр. 10	46.065711	20.057943	naselje
Кањижа	11	ОМЛАДИНСКИ ДОМ	Кањижа, Главна бр. 5	Кањижа	Главна бр. 5	46.063729	20.058423	objekat
Кањижа	12	ОМЛАДИНСКИ ДОМ	Кањижа, Трг Главни бр. 5	Кањижа	Трг Главни бр. 5	46.065344	20.060618	objekat
Кањижа	13	ГРАДСКИ ВАТРОГАСНИ ДОМ	Кањижа, Електричарска бр. 11	Кањижа	Електричарска бр. 11	46.065711	20.057943	naselje
Кањижа	14	ВАТРОГАСНИ ДОМ	Кањижа, Карађорђева бр. 14	Кањижа	Карађорђева бр. 14	46.067207	20.058518	objekat
Кањижа	15	ОУ "ДАНИЈЕЛ ПОПОВИЋ"	Кањижа, Иве Лоле Рибара бр. 5	Кањижа	Иве Лоле Рибара бр. 5	46.113958	20.060317	objekat
Кањижа	16	ОУ "ДАНИЈЕЛ ПОПОВИЋ" - ОДЕЉЕЊЕ	Кањижа, Петефи Шандора бр. 11	Кањижа	Петефи Шандора бр. 11	46.064068	20.049219	objekat
Кањижа	17	ПРЕДШКОЛСКА УСТАНОВА "НАША РАДОСТ"	Кањижа, Мостарска бр. 1	Кањижа	Мостарска бр. 1	46.057131	20.046232	objekat
Кањижа	18	ОСНОВНА ШКОЛА	Зимоњић, Зимоњић	Зимоњић	Зимоњић	46.043928	19.989876	drugo:aeroway
Кањижа	19	ВАТРОГАСНИ ДОМ	Мале Пијаце, Братства јединства бр. 12	Мале Пијаце	Братства јединства бр. 12	46.065651	19.915658	objekat
Кањижа	20	МЕСНА ЗАЈЕДНИЦА	Мале Пијаце, Арањ Јаноша бр. 5	Мале Пијаце	Арањ Јаноша бр. 5	46.069191	19.919434	objekat
Кањижа	21	ОБЈЕКАТ УДРУЖЕЊА ГРАЂАНА "АРС НАТУРАЕ"	Мале Пијаце, Сегедински пут бр. 22	Мале Пијаце	Сегедински пут бр. 22	46.072046	19.921050	naselje
Кањижа	22	МЕСНА ЗАЈЕДНИЦА МАРТОНОШ	Мартонош, Трг слободе бр. 1	Мартонош	Трг слободе бр. 1	46.114503	20.059008	objekat
Кањижа	23	ЛОВАЧКИ ДОМ	Мартонош, Маршала Тита бр. 71	Мартонош	Маршала Тита бр. 71	46.111150	20.046254	objekat
Кањижа	24	СТАРА ШКОЛА	Мали Песак, Дожа Ђерђа бр. 6	Мали Песак	Дожа Ђерђа бр. 6	46.078764	19.975215	objekat
Кањижа	25	ОШ "АРАЊ ЈАНОШ"	Ором, Велики пут бр. 141	Ором	Велики пут бр. 141	45.980536	19.842021	objekat
Кањижа	26	МЗ ОРОМ	Ором, Велики пут бр. 202	Ором	Велики пут бр. 202	45.976799	19.832776	objekat
Кањижа	27	ДОМ КУЛТУРЕ	Долине, Петефи Шандора бр. 102	Долине	Петефи Шандора бр. 102	45.959159	19.873427	objekat
Кањижа	28	СЕОСКИ ДОМ	Ново Село, Јокаи Мора бр. 29	Ново Село	Јокаи Мора бр. 29	45.999818	19.864186	objekat
Кањижа	29	МЕСНА ЗАЈЕДНИЦА	Трешњевац, Маршала Тита бр. 73	Трешњевац	Маршала Тита бр. 73	45.977967	19.984554	objekat
Кањижа	30	НЕВАЖЕЋИ ДОМ	Трешњевац, 20. новембра бр. 2	Трешњевац	20. новембра бр. 2	45.979593	19.979197	objekat
Кањижа	31	ВАТРОГАСНИ ДОМ	Трешњевац, Ватрогасна бр. 4	Трешњевац	Ватрогасна бр. 4	45.979616	19.987108	naselje
Кањижа	32	ДОМ КУЛТУРЕ	Велебит, Ђуре Јакшића - Зимоњића бр. 2	Велебит	Ђуре Јакшића - Зимоњића бр. 2	46.007796	19.941738	naselje
Кањижа	33	ПОЉОПРИВРЕДНА задруга	Војвода Зимоњић, Зимоњић бр. 1	Војвода Зимоњић	Зимоњић бр. 1			nije_nadjeno
Кикинда	1	СЦ ЈЕЗЕРО	Кикинда, Бранка Вујина бб	Кикинда	Бранка Вујина бб	45.835887	20.459846	ulica
Кикинда	2	ДЕЧИЈИ ВРТИЋ "ПЛАВИ ЧУПЕРАК"	Кикинда, Бранка Радичевића 18/А	Кикинда	Бранка Радичевића 18/А	45.834388	20.463291	objekat
Кикинда	3	УДРУЖЕЊЕ ПЕНЗИОНЕРА	Кикинда, Војводе Путника бр. 37	Кикинда	Војводе Путника бр. 37	45.833762	20.466416	objekat
Кикинда	4	КУД "ЈЕДИНСТВО"	Кикинда, Доситејева бр. 38	Кикинда	Доситејева бр. 38	45.833241	20.468926	objekat
Кикинда	5	БИВША МЗ "БРАЋА ЛАКОВИЋ"	Кикинда, Браће Лаковић бр. 35	Кикинда	Браће Лаковић бр. 35	45.839909	20.472266	objekat
Кикинда	6	ОШ "ЈОВАН ПОПОВИЋ"	Кикинда, Краља Петра Првог бр. 63	Кикинда	Краља Петра Првог бр. 63	45.834933	20.473025	objekat
Кикинда	7	ЦЕНТАР ЗА СТРУЧНО УСАВРШАВАЊЕ	Кикинда, Немањина бр. 23	Кикинда	Немањина бр. 23	45.828615	20.461188	objekat
Кикинда	8	ОШ "ФЕЈЕШ КЛАРА"	Кикинда, Др Зорана Ђинђића бр. 9	Кикинда	Др Зорана Ђинђића бр. 9	45.831758	20.465448	objekat
Кикинда	9	ОШ "СВЕТИ САВА"	Кикинда, Немањина бр. 27	Кикинда	Немањина бр. 27	45.828383	20.460704	objekat
Кикинда	10	ОШ "СВЕТИ САВА"	Кикинда, Немањина бр. 27	Кикинда	Немањина бр. 27	45.828383	20.460704	objekat
Кикинда	11	ОШ "СВЕТИ САВА"	Кикинда, Немањина бр. 27	Кикинда	Немањина бр. 27	45.828383	20.460704	objekat
Кикинда	12	МЕДИЦИНА РАДА	Кикинда, Стерије Поповића 113/А	Кикинда	Стерије Поповића 113/А	45.823665	20.444808	objekat
Кикинда	13	ДЕЧИЈИ ВРТИЋ "ПЧЕЛИЦА"	Кикинда, Димитрија Туцовића бр. 55	Кикинда	Димитрија Туцовића бр. 55	45.835042	20.457347	objekat
Кикинда	14	ДЕЧИЈИ ВРТИЋ "НАША РАДОСТ"	Кикинда, Стерије Поповића бр. 1	Кикинда	Стерије Поповића бр. 1	45.829999	20.455071	objekat
Кикинда	15	ДЕЧИЈИ ВРТИЋ "КОЛИБРИ"	Кикинда, Космајска 1	Кикинда	Космајска 1	45.829576	20.448470	objekat
Кикинда	16	ДЕЧИЈИ ВРТИЋ "КОЛИБРИ"	Кикинда, Космајска 1	Кикинда	Космајска 1	45.829576	20.448470	objekat
Кикинда	17	ДЕЧИЈИ ВРТИЋ "КОЛИБРИ"	Кикинда, Космајска 1	Кикинда	Космајска 1	45.829576	20.448470	objekat
Кикинда	18	ЈП "КИКИНДА"	Кикинда, Иђошки пут бр. 4	Кикинда	Иђошки пут бр. 4	45.821587	20.432525	objekat
Кикинда	19	АГЕНЦИЈА ЗА ПОЉОПРИВРЕДУ	Кикинда, Тополски пут бр. 10	Кикинда	Тополски пут бр. 10	45.815526	20.469165	objekat
Кикинда	20	ДЕЧИЈИ ВРТИЋ "МЕНДО"	Кикинда, Милоша Остојина бр. 61	Кикинда	Милоша Остојина бр. 61	45.822478	20.462829	objekat
Кикинда	21	ДЕЧИЈИ ВРТИЋ "МЕНДО"	Кикинда, Милоша Остојина бр. 61	Кикинда	Милоша Остојина бр. 61	45.822478	20.462829	objekat
Кикинда	22	ДЕЧИЈИ ВРТИЋ "МИКИ"	Кикинда, Београдска бр. 11	Кикинда	Београдска бр. 11	45.821364	20.453214	objekat
Кикинда	23	ПЕДАГОШКА АКАДЕМИЈА	Кикинда, Светосавска бр. 57	Кикинда	Светосавска бр. 57	45.825208	20.458146	objekat
Кикинда	24	МУЗИЧКА ШКОЛА	Кикинда, Светосавска бр. 19	Кикинда	Светосавска бр. 19	45.827903	20.462593	objekat
Кикинда	25	ФУДБАЛСКИ СТАДИОН "ЖАК"	Кикинда, Стевана Синђелића бр. 1	Кикинда	Стевана Синђелића бр. 1	45.821969	20.472752	objekat
Кикинда	26	ОШ "ЖАРКО ЗРЕЊАНИН"	Кикинда, Београдска бр. 8	Кикинда	Београдска бр. 8	45.820591	20.454245	objekat
Кикинда	27	ОШ "ЖАРКО ЗРЕЊАНИН"	Кикинда, Београдска бр. 8	Кикинда	Београдска бр. 8	45.820591	20.454245	objekat
Кикинда	28	ТЕХНИЧКА ШКОЛА	Кикинда, Светосавска бр. 55	Кикинда	Светосавска бр. 55	45.825611	20.458850	objekat
Кикинда	29	ОШ "ЂУРА ЈАКШИЋ"	Кикинда, Светозара Милетића бр. 16	Кикинда	Светозара Милетића бр. 16	45.829024	20.468565	objekat
Кикинда	30	БИВША МЗ "ЛИДИЈА АЛДАН"	Кикинда, Цара Душана бр. 26	Кикинда	Цара Душана бр. 26	45.826554	20.473234	objekat
Кикинда	31	ОШ "ВУК КАРАЏИЋ"	Кикинда, Генерала Драпшина бр. 3	Кикинда	Генерала Драпшина бр. 3	45.829678	20.466494	objekat
Кикинда	32	БИВША МЗ "ЛИДИЈА АЛДАН"	Кикинда, Цара Душана бр. 26	Кикинда	Цара Душана бр. 26	45.826554	20.473234	objekat
Кикинда	33	ДЕЧИЈИ ВРТИЋ "ПОЛЕТАРАЦ"	Кикинда, Ђуре Јакшића бр. 133	Кикинда	Ђуре Јакшића бр. 133	45.834368	20.478960	objekat
Кикинда	34	ЖЕЛЕЗНИЧКА СТАНИЦА	Кикинда, Ослобођења бр. 11	Кикинда	Ослобођења бр. 11	45.838006	20.488743	objekat
Кикинда	35	ЖЕЛЕЗНИЧКА СТАНИЦА	Кикинда, Ослобођења бр. 11	Кикинда	Ослобођења бр. 11	45.838006	20.488743	objekat
Кикинда	36	МЕСНА ЗАЈЕДНИЦА	Наково, Миладина Зорића бб	Наково	Миладина Зорића бб	45.876666	20.565931	ulica
Кикинда	37	МЕСНА КАНЦЕЛАРИЈА	Наково, Главна бр. 60	Наково	Главна бр. 60	45.874331	20.568192	objekat
Кикинда	38	МЕСНА КАНЦЕЛАРИЈА	Банатско Велико Село, Омладинска бр. 2	Банатско Велико Село	Омладинска бр. 2	45.821586	20.604015	objekat
Кикинда	39	ДОМ РЕОН	Банатско Велико Село, Десанке Максимовић бр. 99	Банатско Велико Село	Десанке Максимовић бр. 99	45.831187	20.610713	objekat
Кикинда	40	ВАПРОГАСНИ ДОМ	Банатско Велико Село, Омладинска бб	Банатско Велико Село	Омладинска бб	45.822071	20.601183	ulica
Кикинда	41	ОШ "ИВО ЛОЛА РИБАР"	Нови Козарци, Краља Петра Првог бр. 42	Нови Козарци	Краља Петра Првог бр. 42	45.782596	20.623999	objekat
Кикинда	42	ДЕЧИЈИ ВРТИЋ "ШИЉА"	Нови Козарци, Трг Слободе бб	Нови Козарци	Трг Слободе бб	45.779371	20.615157	naselje
Кикинда	43	ОШ "ГЛИГОРИЈЕ ПОПОВ"	Руско Село, Братства Јединства бр. 117	Руско Село	Братства Јединства бр. 117	45.758612	20.577990	objekat
Кикинда	44	ЛОВАЧКИ ДОМ "ЗЕЦ"	Руско Село, Братства Јединства бр. 150	Руско Село	Братства Јединства бр. 150	45.756651	20.573463	objekat
Кикинда	45	ДОМ КУЛТУРЕ	Руско Село, Солунских Добровољаца бб	Руско Село	Солунских Добровољаца бб	45.761644	20.571935	ulica
Кикинда	46	ОШ "БРАТСТВО ЈЕДИНСТВО"	Банатска Топола, Вука Караџића бр. 20	Банатска Топола	Вука Караџића бр. 20	45.671658	20.463457	objekat
Кикинда	47	БИФЕ "ЗОКИ"	Банатска Топола, Винцаидска бр. 22	Банатска Топола	Винцаидска бр. 22	45.689312	20.424240	objekat
Кикинда	48	ОШ "1. ОКТОБАР"	Башаид, Војвођанска бр. 65	Башаид	Војвођанска бр. 65	45.641730	20.414987	objekat
Кикинда	49	ВАПРОГАСНИ ДОМ	Башаид, Војвођанска бр. 38	Башаид	Војвођанска бр. 38	45.644272	20.415830	objekat
Кикинда	50	МЕСНА КАНЦЕЛАРИЈА	Башаид, Војвођанска бр. 56	Башаид	Војвођанска бр. 56	45.641487	20.413974	objekat
Кикинда	51	БИКАЧ РЕОН	Башаид, Јована Поповића бр. 44	Башаид	Јована Поповића бр. 44	45.647373	20.389405	objekat
Кикинда	52	БИБЛИОТЕКА	Мокрин, Светог Саве бр. 98	Мокрин	Светог Саве бр. 98	45.934561	20.410551	objekat
Кикинда	53	ДОМ КУЛТУРЕ	Мокрин, Трг 9. јануара бб	Мокрин	Трг 9. јануара бб	45.933872	20.409499	ulica
Кикинда	54	ДОМ ПЕНЗИОНЕРА	Мокрин, Мирослава Антића бр. 14	Мокрин	Мирослава Антића бр. 14	45.935068	20.410332	objekat
Кикинда	55	ВАПРОГАСНИ ДОМ	Мокрин, Мирослава Антића бр. 12	Мокрин	Мирослава Антића бр. 12	45.935227	20.410907	objekat
Кикинда	56	ОШ "ВАСА СТАЈИЋ"	Мокрин, Светог Саве бр. 101	Мокрин	Светог Саве бр. 101	45.934119	20.423796	ulica
Кикинда	57	ЦЕНТАР ЗА ГРАЂАНСКЕ АКТИВНОСТИ	Иђош, Светосавска бр. 25	Иђош	Светосавска бр. 25	45.821997	20.315553	objekat
Кикинда	58	ОШ "МИЛИВОЈ ОМОРАЦ"	Иђош, Миливоја Оморца бр. 36	Иђош	Миливоја Оморца бр. 36	45.825566	20.319540	objekat
Кикинда	59	ОШ "МОРА КАРОЉ"	Сајан, Велика бр. 71	Сајан	Велика бр. 71	45.840610	20.278441	objekat
Кикинда	60	ДОМ КУЛТУРЕ	Сајан, Велика бр. 96	Сајан	Велика бр. 96	45.842362	20.276920	objekat
Кладово	1	ГИМНАЗИЈА	Кладово, Младости бр. 1	Кладово	Младости бр. 1	44.609398	22.613652	naselje
Кладово	2	ОПШТИНА	Кладово, Краља Александра бр. 35	Кладово	Краља Александра бр. 35	44.609852	22.609164	objekat
Кладово	3	ДОМ КУЛТУРЕ	Кладово, Дунавска бр. 7	Кладово	Дунавска бр. 7	44.612467	22.615086	objekat
Кладово	4	ВАТРОГАСНИ ДОМ	Кладово, Лоле Рибара бр. 45	Кладово	Лоле Рибара бр. 45	44.608965	22.614505	objekat
Кладово	5	ОШ "ВУК КАРАЏИЋ"	Кладово, 22. септембра бр. 13	Кладово	22. септембра бр. 13	44.610610	22.614744	objekat
Кладово	6	ДОМ ОМЛАДИНЕ	Кладово, 22. септембра бр. 4	Кладово	22. септембра бр. 4	44.610841	22.610364	objekat
Кладово	7	ДОМ ПЕНЗИОНЕРА	Кладово, Дунавска бр. 16А	Кладово	Дунавска бр. 16А	44.612090	22.614744	objekat
Кладово	8	СТАРА ГИМНАЗИЈА	Кладово, 22. септембра бр. 13	Кладово	22. септембра бр. 13	44.610610	22.614744	objekat
Кладово	9	"ЕЛЕКТРОТИМОК"	Кладово, 29. новембра бб	Кладово	29. новембра бб	44.604051	22.610901	ulica
Кладово	10	МЕСНА ЗАЈЕДНИЦА	Брза Паланка, Трг ослобођења 3	Брза Паланка	Трг ослобођења 3	44.483545	22.455411	objekat
Кладово	11	СТАРА БРЗА-ДОМ	Брза Паланка, Милановачка бб	Брза Паланка	Милановачка бб	44.468424	22.442615	ulica
Кладово	12	МЕСНА ЗАЈЕДНИЦА	Текија, Аврама Петронијевића 10	Текија	Аврама Петронијевића 10	44.683755	22.408508	objekat
Кладово	13	МЕСНА ЗАЈЕДНИЦА	Корбово, Карађорђева 1	Корбово	Карађорђева 1	44.525412	22.706576	objekat
Кладово	14	ДОМ КУЛТУРЕ	Грабовица, Маршала Тита 39	Грабовица	Маршала Тита 39	44.494664	22.490456	objekat
Кладово	15	ДОМ КУЛТУРЕ	Подвршка, Маршала Тита 8	Подвршка	Маршала Тита 8	44.585246	22.496943	objekat
Кладово	16	ДОМ КУЛТУРЕ	Ртково, ЈНА 1	Ртково	ЈНА 1	44.565478	22.745290	objekat
Кладово	17	ОСНОВНА ШКОЛА	Велика Каменица, Маршала Тита 4	Велика Каменица	Маршала Тита 4	44.535357	22.506663	objekat
Кладово	18	ЗГРАДА КУЛТУРЕ	Велика Врбица, Едварда Кардеља 5	Велика Врбица	Едварда Кардеља 5	44.585499	22.713676	objekat
Кладово	19	ДОМ КУЛТУРЕ	Мала Врбица, Маршала Тита 39	Мала Врбица	Маршала Тита 39	44.601135	22.689095	objekat
Кладово	20	ДОМ КУЛТУРЕ	Костол, Ратка Сипљановића 16	Костол	Ратка Сипљановића 16	44.608652	22.648242	objekat
Кладово	21	ОСНОВНА ШКОЛА	Вајуга, Слободана Пенезића 1А	Вајуга	Слободана Пенезића 1А	44.559480	22.624014	objekat
Кладово	22	ДОМ КУЛТУРЕ	Кладушница, Маршала Тита 24	Кладушница	Маршала Тита 24	44.631500	22.572286	objekat
Кладово	23	ОСНОВНА ШКОЛА	Давидовац, Ђердапска 1	Давидовац	Ђердапска 1	44.643485	22.557230	objekat
Кладово	24	ДОМ КУЛТУРЕ	Нови Сип, 22. септембра 2А	Нови Сип	22. септембра 2А	44.646518	22.543519	objekat
Кладово	25	МЕСНА ЗАЈЕДНИЦА	Велесница, Дунавска 2	Велесница	Дунавска 2	44.517544	22.553292	objekat
Кладово	26	МЕСНА ЗАЈЕДНИЦА	Љубичевац, Николе Стегаревића 29	Љубичевац	Николе Стегаревића 29	44.490234	22.538250	naselje
Кладово	27	МЕСНА ЗАЈЕДНИЦА	Река, Хајдук Вељка бб	Река	Хајдук Вељка бб	44.491145	22.435870	ulica
Кладово	28	МЕСНА ЗАЈЕДНИЦА	Купузиште, Вука Караџића 1	Купузиште	Вука Караџића 1	44.437988	22.442978	objekat
Кладово	29	ОСНОВНА ШКОЛА	Петрово Село, Каменичка 73	Петрово Село	Каменичка 73	44.621689	22.378409	objekat
Кладово	30	ДОМ КУЛТУРЕ	Манастирица, 22. септембра 3	Манастирица	22. септембра 3	44.620624	22.500715	objekat
Кладово	31	ОСНОВНА ШКОЛА	Милутинавац, Моше Пијаде 2	Милутинавац	Моше Пијаде 2			nije_nadjeno
Кнић	1	Дом културе	Честин, ул. Петра Туцаковића бр. 14.	Честин	ул. Петра Туцаковића бр. 14.	43.892530	20.801174	objekat
Кнић	2	Дом културе	Балосаве, ул. Балосавска бр. 28	Балосаве	ул. Балосавска бр. 28	43.874469	20.789210	objekat
Кнић	3	Основна школа	Врбета, ул. Кнегиње Милице бр. 2	Врбета	ул. Кнегиње Милице бр. 2	43.864157	20.806321	objekat
Кнић	4	Основна школа	Баре, ул. Баранска бр. 39	Баре	ул. Баранска бр. 39	44.045812	20.687732	objekat
Кнић	5	Основна школа	Бечевица, ул. Милановачка бр. 89	Бечевица	ул. Милановачка бр. 89	43.987103	20.645318	objekat
Кнић	6	Основна школа	Борач, ул. Деспота Стефана Лазаревић бр. 36	Борач	ул. Деспота Стефана Лазаревић бр. 36	43.960611	20.606195	naselje
Кнић	7	Основна школа	Брњица, ул. Павла Јуришића Штурма бр. 22	Брњица	ул. Павла Јуришића Штурма бр. 22	43.980841	20.734160	objekat
Кнић	8	Основна школа	Дубрава, ул. Дубравска бр. 11	Дубрава	ул. Дубравска бр. 11	43.996422	20.726291	objekat
Кнић	9	Основна школа	Бумбарево Брдо, ул. Краља Петра 1 бр. 9	Бумбарево Брдо	ул. Краља Петра 1 бр. 9	43.901856	20.627428	objekat
Кнић	10	Основна школа	Вучковица, ул. Јеврема и Милеве Барлов бр. 45	Вучковица	ул. Јеврема и Милеве Барлов бр. 45	43.959087	20.793957	objekat
Кнић	11	Основна школа	Гривац, ул. Богородичина бр. 16	Гривац	ул. Богородичина бр. 16	44.005552	20.686098	objekat
Кнић	12	Основна школа	Гружа, ул. Деспота Стефана бр. 99	Гружа	ул. Деспота Стефана бр. 99	43.895880	20.771749	objekat
Кнић	13	Основна школа	Гружа, ул. Деспота Стефана бр. 99	Гружа	ул. Деспота Стефана бр. 99	43.895880	20.771749	objekat
Кнић	14	Основна школа	Губеревац, ул. Школска бр. 25	Губеревац	ул. Школска бр. 25	43.834115	20.772007	objekat
Кнић	15	Основна школа	Губеревац, ул. Школска бр. 25	Губеревац	ул. Школска бр. 25	43.834115	20.772007	objekat
Кнић	16	Основна школа	Гунцати, ул. Школска бр. 4	Гунцати	ул. Школска бр. 4	43.882483	20.661615	objekat
Кнић	17	Основна школа	Гунцати, ул. Цара Лазара бр. 9	Гунцати	ул. Цара Лазара бр. 9	43.892434	20.637527	objekat
Кнић	18	Основна школа	Драгушица, ул. Стефана Немање бр. 4	Драгушица	ул. Стефана Немање бр. 4	43.961559	20.693420	objekat
Кнић	19	Основна школа	Жуње, ул. Жуњска бр. 36	Жуње	ул. Жуњска бр. 36	43.901118	20.689398	objekat
Кнић	20	Основна школа	Забојница, ул. Патријарха Павла бр. 22	Забојница	ул. Патријарха Павла бр. 22	43.995045	20.747620	objekat
Кнић	21	Дом културе	Кикојевац, ул. Гружанска бр. 32	Кикојевац	ул. Гружанска бр. 32	44.045775	20.713895	objekat
Кнић	22	Месна заједница Дом	Кнежевац, ул. Ловачка бр. 19	Кнежевац	ул. Ловачка бр. 19	44.056817	20.663967	objekat
Кнић	23	Основна школа "Вук Караџић"	Кнић, ул. Војводе Стевана Книћанина бр. 180	Кнић	ул. Војводе Стевана Книћанина бр. 180	43.927509	20.712823	objekat
Кнић	24	Основна школа "Вук Караџић"	Кнић, ул. Војводе Стевана Книћанина бр. 180	Кнић	ул. Војводе Стевана Книћанина бр. 180	43.927509	20.712823	objekat
Кнић	25	Основна школа "Вук Караџић"	Кнић, ул. Војводе Стевана Книћанина бр. 180	Кнић	ул. Војводе Стевана Книћанина бр. 180	43.927509	20.712823	objekat
Кнић	26	Основна школа	Коњуша, ул. Бела вода бр. 2	Коњуша	ул. Бела вода бр. 2	44.005104	20.617044	objekat
Кнић	27	Основна школа	Лесковац, ул. Лесковачка бр. 3	Лесковац	ул. Лесковачка бр. 3	43.845950	20.752280	objekat
Кнић	28	Месна заједница дом	Липница, ул. Рудничка бр. 80	Липница	ул. Рудничка бр. 80	43.905307	20.795067	objekat
Кнић	29	Основна школа	Љубић, ул. Љубићка бр. 33	Љубић	ул. Љубићка бр. 33	43.928151	20.785799	objekat
Кнић	30	Дом културе	Љуљаци, ул. др. Драгослава Срејовића бр. 94	Љуљаци	ул. др. Драгослава Срејовића бр. 94	44.018460	20.658756	objekat
Кнић	31	Основна школа	Опланић, ул. Гружанска бр. 26	Опланић	ул. Гружанска бр. 26	43.988850	20.682460	objekat
Кнић	32	Основна школа	Пајсијевић, ул. Косте Шамановић бр. 58	Пајсијевић	ул. Косте Шамановић бр. 58	43.881697	20.740881	naselje
Кнић	33	Основна школа	Претоке, ул. Јеремије Гагића бр. 35	Претоке	ул. Јеремије Гагића бр. 35	43.936825	20.625501	objekat
Кнић	34	Основна школа	Радмиловић, ул. Краља Петра 1 бр. 12	Радмиловић	ул. Краља Петра 1 бр. 12	43.944358	20.633437	ulica
Кнић	35	Основна школа	Топоница, ул. Светог Саве бр. 24	Топоница	ул. Светог Саве бр. 24	43.968581	20.673037	objekat
Кнић	36	Основна школа	Рашковић, ул. 28 августа бр. 3	Рашковић	ул. 28 августа бр. 3	43.953992	20.730723	objekat
Књажевац	1	ТЕХНИЧКА ШКОЛА	Књажевац, Карађорђева бр. 52	Књажевац	Карађорђева бр. 52	43.565335	22.248627	objekat
Књажевац	2	ТЕХНИЧКА ШКОЛА	Књажевац, Карађорђева бр. 52	Књажевац	Карађорђева бр. 52	43.565335	22.248627	objekat
Књажевац	3	ОШ "ДИМИТРИЈЕ ТОДОРОВИЋ - КАПЛАР"	Књажевац, Лоле Рибара бр. 12	Књажевац	Лоле Рибара бр. 12	43.566943	22.250968	objekat
Књажевац	4	ГИМНАЗИЈА	Књажевац, Карађорђева бр. 16	Књажевац	Карађорђева бр. 16	43.566027	22.250809	objekat
Књажевац	5	ТЕХНИЧКА ШКОЛА	Књажевац, Карађорђева бр. 52	Књажевац	Карађорђева бр. 52	43.565335	22.248627	objekat
Књажевац	6	САЛА СКУПШТИНЕ ОПШТИНЕ (ЗГРАДА МУП-А)	Књажевац, Јове Курсуле бр. 1	Књажевац	Јове Курсуле бр. 1	43.566458	22.255240	objekat
Књажевац	7	ЗГРАДА ПОШТЕ	Књажевац, Милоша Обилића бр. 1	Књажевац	Милоша Обилића бр. 1	43.565050	22.255569	objekat
Књажевац	8	ЗГРАДА ОПШТИНЕ	Књажевац, Јове Курсуле бр. 1	Књажевац	Јове Курсуле бр. 1	43.566458	22.255240	objekat
Књажевац	9	САЛА СКУПШТИНЕ ОПШТИНЕ (ЗГРАДА МУП-А)	Књажевац, Јове Курсуле бр. 1	Књажевац	Јове Курсуле бр. 1	43.566458	22.255240	objekat
Књажевац	10	ОШ "ВУК КАРАЏИЋ"	Књажевац, Омладинска бр. 3	Књажевац	Омладинска бр. 3	43.568334	22.262543	objekat
Књажевац	11	ДЕЧЈИ ВРТИЋ "НАША РАДОСТ"	Књажевац, Пионирска бр. 2	Књажевац	Пионирска бр. 2	43.567329	22.265196	objekat
Књажевац	12	ОШ "ВУК КАРАЏИЋ"	Књажевац, Омладинска бр. 3	Књажевац	Омладинска бр. 3	43.568334	22.262543	objekat
Књажевац	13	ОШ "ВУК КАРАЏИЋ"	Књажевац, Омладинска бр. 3	Књажевац	Омладинска бр. 3	43.568334	22.262543	objekat
Књажевац	14	ДЕЧЈИ ВРТИЋ "НАША РАДОСТ"	Књажевац, Кеј Димитрија Туцовића бр. 1	Књажевац	Кеј Димитрија Туцовића бр. 1	43.565503	22.254371	objekat
Књажевац	15	ДЕЧЈИ ВРТИЋ "ЦРВЕНКАПА"	Књажевац, Капларова бр. 6	Књажевац	Капларова бр. 6	43.569708	22.257392	objekat
Књажевац	16	ДОМ КУЛТУРЕ	Књажевац, Бранка Радичевића бр. 1	Књажевац	Бранка Радичевића бр. 1	43.568653	22.255773	objekat
Књажевац	17	ДОМ КУЛТУРЕ	Књажевац, Бранка Радичевића бр. 1	Књажевац	Бранка Радичевића бр. 1	43.568653	22.255773	objekat
Књажевац	18	ОШ "ДУБРАВА"	Књажевац, Ивана Милутиновића бб	Књажевац	Ивана Милутиновића бб	43.571666	22.271956	objekat
Књажевац	19	ДОМ КУЛТУРЕ	Књажевац, Миле Јулин бр. 44	Књажевац	Миле Јулин бр. 44	43.568653	22.255773	objekat
Књажевац	20	ДОМ КУЛТУРЕ	Књажевац, Миле Јулин бр. 44	Књажевац	Миле Јулин бр. 44	43.568653	22.255773	objekat
Књажевац	21	ЗАДРУЖНИ ДОМ	Горње Зуниче, Главна бр. 55	Горње Зуниче	Главна бр. 55	43.599975	22.282778	objekat
Књажевац	22	ЗАДРУЖНИ ДОМ	Берчинавац, Локванска бб	Берчинавац	Локванска бб			nije_nadjeno
Књажевац	23	ЗАДРУЖНИ ДОМ	Штипина, Занатска бб	Штипина	Занатска бб	43.592155	22.252756	ulica
Књажевац	24	ЗАДРУЖНИ ДОМ	Валевац, Дречиновачка бб	Валевац	Дречиновачка бб	43.623356	22.208365	ulica
Књажевац	25	ЗАДРУЖНИ ДОМ	Стогазовац, Павловданска бб	Стогазовац	Павловданска бб	43.633635	22.172247	naselje
Књажевац	26	ЗАДРУЖНИ ДОМ	Лепена, Лепенска бб	Лепена	Лепенска бб	43.636260	22.210484	ulica
Књажевац	27	ЗАДРУЖНИ ДОМ	Бучје, Књажевачка бб	Бучје	Књажевачка бб	43.676977	22.133886	ulica
Књажевац	28	ЗАДРУЖНИ ДОМ	Зубетинац, Бучанска 45	Зубетинац	Бучанска 45	43.671521	22.094704	objekat
Књажевац	29	ЗАДРУЖНИ ДОМ	Равна, Раванска бб	Равна	Раванска бб	43.636346	22.250231	ulica
Књажевац	30	ЗАДРУЖНИ ДОМ	Каличина, Каличинска бр. 160	Каличина	Каличинска бр. 160	43.600743	22.225075	objekat
Књажевац	31	ШКОЛА	Влашко Поље, Слемен бб	Влашко Поље	Слемен бб	43.698080	22.070666	ulica
Књажевац	32	ЗАДРУЖНИ ДОМ	Доње Зуниче, Тимочка бр. 2	Доње Зуниче	Тимочка бр. 2	43.623218	22.276783	objekat
Књажевац	33	ЗАДРУЖНИ ДОМ	Јелашница, Доња Јелашница бр. 74	Јелашница	Доња Јелашница бр. 74	43.637260	22.294025	objekat
Књажевац	34	ЗАДРУЖНИ ДОМ	Јаковац, Јаковачка бб	Јаковац	Јаковачка бб	43.666213	22.302202	ulica
Књажевац	35	МЕСНА ЗАЈЕДНИЦА	Минићево, Трг Слободе бр. 26	Минићево	Трг Слободе бр. 26	43.683759	22.292202	objekat
Књажевац	36	ЗАДРУЖНИ ДОМ	Дебелица, Стевана Синђелића бб	Дебелица	Стевана Синђелића бб	43.668702	22.275453	ulica
Књажевац	37	МЕСНА ЗАЈЕДНИЦА	Трновац, Тимочка бб	Трновац	Тимочка бб	43.681215	22.258742	ulica
Књажевац	38	МЕСНА ЗАЈЕДНИЦА	Витковац, Доњокрајска бб	Витковац	Доњокрајска бб	43.676303	22.310924	naselje
Књажевац	39	ШКОЛА	Ошљане, Клисурска бб	Ошљане	Клисурска бб	43.650205	22.384308	ulica
Књажевац	40	ОСНОВНА ШКОЛА	Васиљ, Светог Николе бр. 37	Васиљ	Светог Николе бр. 37	43.568404	22.148287	objekat
Књажевац	41	ЗАДРУЖНИ ДОМ	Васиљ, Вишњичка бр. 48	Васиљ	Вишњичка бр. 48	43.574048	22.159057	ulica
Књажевац	42	ЗАДРУЖНИ ДОМ	Булиновац, Немањина бр. 39	Булиновац	Немањина бр. 39	43.606273	22.176131	ulica
Књажевац	43	ЗАДРУЖНИ ДОМ	Грезна, Ђурђевданска бр. 68	Грезна	Ђурђевданска бр. 68	43.580529	22.192470	objekat
Књажевац	44	ШКОЛА	Балановац, Књажевачка бр. 3	Балановац	Књажевачка бр. 3	43.588771	22.176525	ulica
Књажевац	45	ШКОЛА	Вина, Калават бб	Вина	Калават бб	43.617112	22.152877	ulica
Књажевац	46	ЗАДРУЖНИ ДОМ	Слатина, Винска бб	Слатина	Винска бб	43.609039	22.130431	ulica
Књажевац	47	ЗАДРУЖНИ ДОМ	Зоруновац, Књажевачка бб	Зоруновац	Књажевачка бб	43.621037	22.110046	ulica
Књажевац	48	ШКОЛА	Бели Поток, Књажевачка 118	Бели Поток	Књажевачка 118	43.534652	22.080844	objekat
Књажевац	49	МЕСНА ЗАЈЕДНИЦА	Подвис, Рудничка бб	Подвис	Рудничка бб	43.544389	22.189776	ulica
Књажевац	50	МЕСНА ЗАЈЕДНИЦА	Ргоште, Бањичка бр. 3	Ргоште	Бањичка бр. 3	43.544697	22.206797	objekat
Књажевац	51	МЕСНА ЗАЈЕДНИЦА	Орешац, Задружна бб	Орешац	Задружна бб	43.530857	22.192662	ulica
Књажевац	52	ЗАДРУЖНИ ДОМ	Црвење, Сеоска бб	Црвење	Сеоска бб	43.528658	22.264357	ulica
Књажевац	53	МЕСНА ЗАЈЕДНИЦА	Жлне, Ужарска бб	Жлне	Ужарска бб	43.519889	22.254128	ulica
Књажевац	54	ДОМ КУЛТУРЕ	Трговиште, Трговишка бр. 143	Трговиште	Трговишка бр. 143	43.555678	22.284700	objekat
Књажевац	55	ДОМ КУЛТУРЕ	Трговиште, Трговишка бр. 143	Трговиште	Трговишка бр. 143	43.555678	22.284700	objekat
Књажевац	56	ШКОЛА	Штрбац, Старопланинска бб	Штрбац	Старопланинска бб	43.505328	22.319799	ulica
Књажевац	57	ЗАДРУЖНИ ДОМ	Жуковац, Алдинска бб	Жуковац	Алдинска бб	43.530789	22.301404	ulica
Књажевац	58	ШКОЛА	Доња Каменица, Скрајник бб	Доња Каменица	Скрајник бб	43.484346	22.324173	ulica
Књажевац	59	ШКОЛА	Горња Каменица, Барска бб	Горња Каменица	Барска бб	43.470164	22.365755	ulica
Књажевац	60	ПОСЛОВНИ ПРОСТОР ПИО (КЛУБ ПЕНЗИОНЕРА)	Кална, Радничка бр. 1	Кална	Радничка бр. 1	43.408925	22.424014	objekat
Књажевац	61	ПОСЛОВНИ ПРОСТОР МАРЈАНА СТАНИШИЋА	Јаловик Извор, Главна бб	Јаловик Извор	Главна бб	43.387709	22.423900	ulica
Књажевац	62	ДОМ КУЛТУРЕ	Балта Бериловац, Бабин зуб бб	Балта Бериловац	Бабин зуб бб	43.389779	22.498715	ulica
Књажевац	63	ЗАДРУЖНИ ДОМ	Вртовац, Старопланинска бр. 55	Вртовац	Старопланинска бр. 55	43.401400	22.465336	objekat
Књажевац	64	ШКОЛА	Ћуштица, Бериловачка бр. 39	Ћуштица	Бериловачка бр. 39	43.376790	22.512619	objekat
Књажевац	65	ПОСЛОВНИ ПРОСТОР МИЛОША ВУЧКОВИЋА	Црни Врх, Црновршка бр. 61	Црни Врх	Црновршка бр. 61	43.405318	22.581692	objekat
Ковачица	1	ОШ "МОША ПИЈАДЕ"	Дебељача, Серво Михаља бр. 32	Дебељача	Серво Михаља бр. 32	45.067824	20.599865	objekat
Ковачица	2	ОШ "МОША ПИЈАДЕ"	Дебељача, Серво Михаља бр. 32	Дебељача	Серво Михаља бр. 32	45.067824	20.599865	objekat
Ковачица	3	ОШ "МОША ПИЈАДЕ"	Дебељача, Серво Михаља бр. 32	Дебељача	Серво Михаља бр. 32	45.067824	20.599865	objekat
Ковачица	4	ОШ "МОША ПИЈАДЕ"	Дебељача, Серво Михаља бр. 32	Дебељача	Серво Михаља бр. 32	45.067824	20.599865	objekat
Ковачица	5	ОШ "МЛАДА ПОКОЉЕЊА"	Ковачица, Маршала Тита бр. 33	Ковачица	Маршала Тита бр. 33	45.112719	20.621764	objekat
Ковачица	6	ОШ "МЛАДА ПОКОЉЕЊА"	Ковачица, Маршала Тита бр. 33	Ковачица	Маршала Тита бр. 33	45.112719	20.621764	objekat
Ковачица	7	ОШ "МЛАДА ПОКОЉЕЊА"	Ковачица, Маршала Тита бр. 33	Ковачица	Маршала Тита бр. 33	45.112719	20.621764	objekat
Ковачица	8	ОШ "МЛАДА ПОКОЉЕЊА"	Ковачица, Маршала Тита бр. 33	Ковачица	Маршала Тита бр. 33	45.112719	20.621764	objekat
Ковачица	9	ОШ "МЛАДА ПОКОЉЕЊА"	Ковачица, Маршала Тита бр. 33	Ковачица	Маршала Тита бр. 33	45.112719	20.621764	objekat
Ковачица	10	ОШ "МИХАЈЛО ПУПИН"	Идвор, Михајла Пупина бр. 60	Идвор	Михајла Пупина бр. 60	45.192192	20.511392	objekat
Ковачица	11	ОШ "МАРШАЛ ТИТО"	Падина, Трг ослобођења бр. 22	Падина	Трг ослобођења бр. 22	45.117941	20.727663	objekat
Ковачица	12	ОШ "МАРШАЛ ТИТО"	Падина, Трг ослобођења бр. 22	Падина	Трг ослобођења бр. 22	45.117941	20.727663	objekat
Ковачица	13	ОШ "МАРШАЛ ТИТО"	Падина, Трг ослобођења бр. 22	Падина	Трг ослобођења бр. 22	45.117941	20.727663	objekat
Ковачица	14	ОШ "МАРШАЛ ТИТО"	Падина, Трг ослобођења бр. 22	Падина	Трг ослобођења бр. 22	45.117941	20.727663	objekat
Ковачица	15	ОШ "СВЕТИ ГЕОРГИЈЕ"	Путниково, Станкова бр. 27	Путниково	Станкова бр. 27	45.195678	20.659534	objekat
Ковачица	16	ОШ "ЛУКРЕЦИЈА АНКУЦИЋ"	Самош, Маршала Тита бр. 25	Самош	Маршала Тита бр. 25	45.193063	20.767956	ulica
Ковачица	17	ОШ "СВЕТИ ГЕОРГИЈЕ"	Уздин, Маршала Тита бр. 143	Уздин	Маршала Тита бр. 143	45.208279	20.618644	objekat
Ковачица	18	ОШ "СВЕТИ ГЕОРГИЈЕ"	Уздин, Маршала Тита бр. 143	Уздин	Маршала Тита бр. 143	45.208279	20.618644	objekat
Ковачица	19	ОШ "САВА ЖЕБЕЉАН"	Црепаја, Маршала Тита бр. 8	Црепаја	Маршала Тита бр. 8	45.010402	20.636884	objekat
Ковачица	20	ОШ "САВА ЖЕБЕЉАН"	Црепаја, Маршала Тита бр. 8	Црепаја	Маршала Тита бр. 8	45.010402	20.636884	objekat
Ковачица	21	ОШ "САВА ЖЕБЕЉАН"	Црепаја, Маршала Тита бр. 8	Црепаја	Маршала Тита бр. 8	45.010402	20.636884	objekat
Ковин	1	КОВИН І	Ковин, ОШ "Јован Јовановић Змај" (уч.бр. 1 кабинет хемије)	Ковин	ОШ "Јован Јовановић Змај" (уч.бр. 1 кабинет хемије)	44.741241	20.978136	naselje
Ковин	2	КОВИН ІІ	Ковин, ОШ "Јован Јовановић Змај" (уч.бр.2 - кабинет математике)	Ковин	ОШ "Јован Јовановић Змај" (уч.бр.2 - кабинет математике)	44.741241	20.978136	naselje
Ковин	3	КОВИН III	Ковин, Дом Културе Ковин - изложбена галерија	Ковин	Дом Културе Ковин - изложбена галерија	44.741241	20.978136	naselje
Ковин	4	КОВИН IV	Ковин, ОШ "Ђура Јакшић" Ковин (учионица бр. 13)	Ковин	ОШ "Ђура Јакшић" Ковин (учионица бр. 13)	44.741241	20.978136	naselje
Ковин	5	КОВИН V	Ковин, ОШ "Ђура Јакшић" Ковин (учионица бр. 14)	Ковин	ОШ "Ђура Јакшић" Ковин (учионица бр. 14)	44.741241	20.978136	naselje
Ковин	6	КОВИН VI	Ковин, Гимназија и ССШ "Б.Радичевић" Ковин (учионица бр.12)	Ковин	Гимназија и ССШ "Б.Радичевић" Ковин (учионица бр.12)	44.741241	20.978136	naselje
Ковин	7	КОВИН VII	Ковин, зграда Друге МЗ Ковин	Ковин	зграда Друге МЗ Ковин	44.741241	20.978136	naselje
Ковин	8	КОВИН VIII	Ковин, Ватрогасни Дом Ковин	Ковин	Ватрогасни Дом Ковин	44.741241	20.978136	naselje
Ковин	9	БАВАНИШТЕ I	Баваниште, Дом културе	Баваниште	Дом културе	44.810876	20.858487	ulica
Ковин	10	БАВАНИШТЕ II	Баваниште, ОШ "Бора Радић" (главни улаз-хол)	Баваниште	ОШ "Бора Радић" (главни улаз-хол)	44.810876	20.858487	ulica
Ковин	11	БАВАНИШТЕ III	Баваниште, Забавиште (трпезарија)	Баваниште	Забавиште (трпезарија)	44.817243	20.875589	naselje
Ковин	12	БАВАНИШТЕ IV	Баваниште, ОШ "Бора Радић" Баваниште (улаз из ул. Б.Радић учионица бр. 1)	Баваниште	ОШ "Бора Радић" Баваниште (улаз из ул. Б.Радић учионица бр. 1)	44.810876	20.858487	ulica
Ковин	13	ДЕЛИБЛАТО I	Делиблато, ОШ "Паја Маргановић" Делиблато (учионица бр.4)	Делиблато	ОШ "Паја Маргановић" Делиблато (учионица бр.4)	44.840463	21.041711	naselje
Ковин	14	ДЕЛИБЛАТО II	Делиблато, ОШ "Паја Маргановић" Делиблато (учионица бр. 1)	Делиблато	ОШ "Паја Маргановић" Делиблато (учионица бр. 1)	44.840463	21.041711	naselje
Ковин	15	МРАМОРАК I	Мраморак, ОШ "Сава Максимовић" Мраморак (учионица бр. 1)	Мраморак	ОШ "Сава Максимовић" Мраморак (учионица бр. 1)	44.879631	20.973084	naselje
Ковин	16	МРАМОРАК II	Мраморак, Дом Културе Мраморак	Мраморак	Дом Културе Мраморак	44.879631	20.973084	naselje
Ковин	17	ГАЈ І	Гај, ОШ "Миша Стојковић" Гај	Гај	ОШ "Миша Стојковић" Гај	44.795979	21.066665	naselje
Ковин	18	ГАЈ ІІ	Гај, Забавиште Гај	Гај	Забавиште Гај	44.795979	21.066665	naselje
Ковин	19	СКОРЕНОВАЦ I	Скореновац, ОШ "Жарко Зрењанин" Скореновац	Скореновац	ОШ "Жарко Зрењанин" Скореновац	44.764555	20.904718	naselje
Ковин	20	СКОРЕНОВАЦ ІІ	Скореновац, ОШ "Жарко Зрењанин" - забавиште Скореновац	Скореновац	ОШ "Жарко Зрењанин" - забавиште Скореновац	44.764555	20.904718	naselje
Ковин	21	ПЛОЧИЦА І	Плочица, ОШ "Ђура Филиповић" Плочица	Плочица	ОШ "Ђура Филиповић" Плочица	44.722118	20.886374	objekat
Ковин	22	ПЛОЧИЦА II	Плочица, Основна школа у Плочичком риту	Плочица	Основна школа у Плочичком риту	44.724239	20.884152	naselje
Ковин	23	ДУБОВАЦ	Дубовац, ОШ "Предраг Кожић" Дубовац	Дубовац	ОШ "Предраг Кожић" Дубовац	44.795784	21.206895	naselje
Ковин	24	ШУМАРАК	Шумарак, Дом Културе Шумарак	Шумарак	Дом Културе Шумарак	44.821270	21.140586	naselje
Ковин	25	МАЛО БАВАНИШТЕ	Мало Баваниште, Дом културе Мало Баваниште	Мало Баваниште	Дом културе Мало Баваниште	44.749131	21.083280	naselje
Ковин	26	БЕЛИ БРЕГ	Бели брег, Дом културе Бели брег	Бели брег	Дом културе Бели брег	44.774889	21.148334	ulica
Косјерић	1	Основна школа "Јордан Ђукановић" Варда учионица	Варда, Повленска бр. 16	Варда	Повленска бр. 16	44.044120	19.751659	objekat
Косјерић	2	Основна школа "Јордан Ђукановић" Годечево кухиња	Варда, Годечевска бр. 161	Варда	Годечевска бр. 161	44.052942	19.743603	ulica
Косјерић	3	Основна школа "Мито Игумановић" Тубићи-учионица на спрату	Косјерић, Пут Краља Петра Првог бр. 97	Косјерић	Пут Краља Петра Првог бр. 97	43.972696	19.955891	objekat
Косјерић	4	Основна школа "Мито Игумановић" Брајковићи- трпезарија	Косјерић, Пут Краља Петра Првог бр. 99	Косјерић	Пут Краља Петра Првог бр. 99	44.023797	19.916798	objekat
Косјерић	5	Кућа Симић Александра сала	Косјерић, Милеве Косовац бр. 111	Косјерић	Милеве Косовац бр. 111	44.015777	19.894781	objekat
Косјерић	6	Дом Годљево сала	Сеча Река, Хајдук Вељкова бр. 83	Сеча Река	Хајдук Вељкова бр. 83	44.011121	19.836071	naselje
Косјерић	7	Основна школа "Мито Игумановић" Дреновци - учионица	Ражана, Школска бр. 18	Ражана	Школска бр. 18	44.070091	19.919660	naselje
Косјерић	8	Кућа Дивнић Здравка-сала	Ражана, Јасик бр. 26	Ражана	Јасик бр. 26	44.070091	19.919660	naselje
Косјерић	9	Основна школа "Мито Игумановић" Скакавци - учионица	Ражана, Велимира Лазовића бр. 7	Ражана	Велимира Лазовића бр. 7	44.070091	19.919660	naselje
Косјерић	10	Дом села Радановци сала	Ражана, Радивоја Алексића бр. 1	Ражана	Радивоја Алексића бр. 1	44.070091	19.919660	naselje
Косјерић	11	Инфо центар Месне заједнице Доња Ражана	Ражана, Чеда Вујадиновића бр. 82	Ражана	Чеда Вујадиновића бр. 82	44.070091	19.919660	naselje
Косјерић	12	Основна школа "Мито Игумановић" Зарићи трпезарија	Сеча Река, Мише Зарића бр. 168	Сеча Река	Мише Зарића бр. 168	43.999530	19.803226	objekat
Косјерић	13	Дом села Сеча Река сала	Сеча Река, Милана Јовчића бр. 119	Сеча Река	Милана Јовчића бр. 119	44.010334	19.838190	objekat
Косјерић	14	Основна школа "Мито Игумановић" Сеча Река - позоришна сала	Сеча Река, Милана Јовчића бр. 115	Сеча Река	Милана Јовчића бр. 115	44.010436	19.838907	objekat
Косјерић	15	Основна школа "Мито Игумановић" Субјел учионица	Косјерић, Кнеза Алексе Поповића бр. 16	Косјерић	Кнеза Алексе Поповића бр. 16	44.000713	19.912590	objekat
Косјерић	16	Продавница Субјел	Шеврљуге, Жарка Остојића бр. 44	Шеврљуге	Жарка Остојића бр. 44	44.004794	19.941253	objekat
Косјерић	17	Дом Мушићи сала	Мушићи, Милована Глишића бр. 4	Мушићи	Милована Глишића бр. 4	43.992852	19.999964	objekat
Косјерић	18	Основна школа "Мито Игумановић" Тубићи трпезарија	Косјерић, Пут Краља Петра Првог бр. 97	Косјерић	Пут Краља Петра Првог бр. 97	43.972696	19.955891	objekat
Косјерић	19	Месна заједница Горња Ражана - сала	Ражана, Пут Краља Петра Првог бр. 245	Ражана	Пут Краља Петра Првог бр. 245	44.069908	19.918735	objekat
Косјерић	20	Дом села Маковиште - канцеларија Месне заједнице	Варда, Марка Краљевића бр. 91	Варда	Марка Краљевића бр. 91	44.044609	19.750906	naselje
Косјерић	21	Основна школа "Јордан Ђукановић" Маковиште-трпезарија	Варда, Марка Краљевића бр. 65	Варда	Марка Краљевића бр. 65	44.044609	19.750906	naselje
Косјерић	22	Кућа Радовановић Драгише - сала	Косјерић, Косјерићка бр. 22	Косјерић	Косјерићка бр. 22	43.974795	19.884056	objekat
Косјерић	23	Дом села Косјерић задружни дом	Косјерић, Михаила Рогића бр. 9	Косјерић	Михаила Рогића бр. 9	43.994926	19.904368	objekat
Косјерић	24	Зграда општине сала број 3	Косјерић, Олге Грбић бр. 10	Косјерић	Олге Грбић бр. 10	43.997291	19.907792	objekat
Косјерић	25	КЈП Елан - ходник и канцеларија	Косјерић, Николе Тесле бр. 1	Косјерић	Николе Тесле бр. 1	43.999815	19.908537	objekat
Косјерић	26	Кућа Перишић Миљка гаража	Косјерић, Карађорђева бр. 118	Косјерић	Карађорђева бр. 118	44.002871	19.911763	objekat
Косјерић	27	Основна школа "Мито Игумановић" Косјерић хол школе	Косјерић, Светосавка бр. 2	Косјерић	Светосавка бр. 2	43.997157	19.907118	naselje
Косјерић	28	Хан сала	Косјерић, Карађорђева бр. 7	Косјерић	Карађорђева бр. 7	43.995826	19.906689	objekat
Косјерић	29	Дом културе - хол	Косјерић, Олге Грбић бр. 5	Косјерић	Олге Грбић бр. 5	43.996869	19.908288	objekat
Косово Поље	1	ОШ "УГЉАРЕ"	Угљаре	Угљаре				nije_nadjeno
Косово Поље	2	ОШ "УГЉАРЕ"	Угљаре	Угљаре				nije_nadjeno
Косово Поље	3	ОШ "УГЉАРЕ"	Угљаре	Угљаре				nije_nadjeno
Косово Поље	4	ОШ "УГЉАРЕ"	Угљаре	Угљаре				nije_nadjeno
Косово Поље	5	ОШ "УГЉАРЕ"	Угљаре	Угљаре				nije_nadjeno
Косово Поље	6	ОШ "УГЉАРЕ"	Угљаре	Угљаре				nije_nadjeno
Косовска Каменица	1	ОШ "ДЕСАНКА МАКСИМОВИЋ"	Ајновце	Ајновце				nije_nadjeno
Косовска Каменица	2	ОШ "ДЕСАНКА МАКСИМОВИЋ"	Ајновце	Ајновце				nije_nadjeno
Косовска Каменица	3	ОШ "ДЕСАНКА МАКСИМОВИЋ"	Ајновце	Ајновце				nije_nadjeno
Косовска Каменица	4	ОШ "ДЕСАНКА МАКСИМОВИЋ"	Ајновце	Ајновце				nije_nadjeno
Косовска Каменица	5	ДОМ КУЛТУРЕ "РАДОМИР ПОПОВИЋ"	Ранилуг	Ранилуг				nije_nadjeno
Косовска Каменица	6	ДОМ КУЛТУРЕ "РАДОМИР ПОПОВИЋ"	Ранилуг	Ранилуг				nije_nadjeno
Косовска Каменица	7	ДОМ КУЛТУРЕ "РАДОМИР ПОПОВИЋ"	Ранилуг	Ранилуг				nije_nadjeno
Косовска Каменица	8	ДОМ КУЛТУРЕ "РАДОМИР ПОПОВИЋ"	Ранилуг	Ранилуг				nije_nadjeno
Косовска Каменица	9	ДОМ КУЛТУРЕ "РАДОМИР ПОПОВИЋ"	Ранилуг	Ранилуг				nije_nadjeno
Косовска Митровица	1	СРЕДЊА ТЕХНИЧКА ШКОЛА "МИХАЈЛО ПЕТРОВИЋ - АЛАС"	Косовска Митровица	Косовска Митровица				nije_nadjeno
Косовска Митровица	2	СРЕДЊА ТЕХНИЧКА ШКОЛА "МИХАЈЛО ПЕТРОВИЋ - АЛАС"	Косовска Митровица	Косовска Митровица				nije_nadjeno
Косовска Митровица	3	СРЕДЊА ТЕХНИЧКА ШКОЛА "МИХАЈЛО ПЕТРОВИЋ - АЛАС"	Косовска Митровица	Косовска Митровица				nije_nadjeno
Косовска Митровица	4	СРЕДЊА ТЕХНИЧКА ШКОЛА "МИХАЈЛО ПЕТРОВИЋ - АЛАС"	Косовска Митровица	Косовска Митровица				nije_nadjeno
Косовска Митровица	5	СРЕДЊА ТЕХНИЧКА ШКОЛА "МИХАЈЛО ПЕТРОВИЋ - АЛАС"	Косовска Митровица	Косовска Митровица				nije_nadjeno
Косовска Митровица	6	СРЕДЊА ТЕХНИЧКА ШКОЛА "МИХАЈЛО ПЕТРОВИЋ - АЛАС"	Косовска Митровица	Косовска Митровица				nije_nadjeno
Косовска Митровица	7	СРЕДЊА ТЕХНИЧКА ШКОЛА "МИХАЈЛО ПЕТРОВИЋ - АЛАС"	Косовска Митровица	Косовска Митровица				nije_nadjeno
Косовска Митровица	8	СРЕДЊА ТЕХНИЧКА ШКОЛА "МИХАЈЛО ПЕТРОВИЋ - АЛАС"	Косовска Митровица	Косовска Митровица				nije_nadjeno
Косовска Митровица	9	СРЕДЊА ТЕХНИЧКА ШКОЛА "МИХАЈЛО ПЕТРОВИЋ - АЛАС"	Косовска Митровица	Косовска Митровица				nije_nadjeno
Косовска Митровица	10	СРЕДЊА ТЕХНИЧКА ШКОЛА "МИХАЈЛО ПЕТРОВИЋ - АЛАС"	Косовска Митровица	Косовска Митровица				nije_nadjeno
Косовска Митровица	11	СРЕДЊА ТЕХНИЧКА ШКОЛА "МИХАЈЛО ПЕТРОВИЋ - АЛАС"	Косовска Митровица	Косовска Митровица				nije_nadjeno
Косовска Митровица	12	СРЕДЊА ТЕХНИЧКА ШКОЛА "МИХАЈЛО ПЕТРОВИЋ - АЛАС"	Косовска Митровица	Косовска Митровица				nije_nadjeno
Косовска Митровица	13	СРЕДЊА ТЕХНИЧКА ШКОЛА "МИХАЈЛО ПЕТРОВИЋ - АЛАС"	Косовска Митровица	Косовска Митровица				nije_nadjeno
Косовска Митровица	14	СРЕДЊА ТЕХНИЧКА ШКОЛА "МИХАЈЛО ПЕТРОВИЋ - АЛАС"	Косовска Митровица	Косовска Митровица				nije_nadjeno
Косовска Митровица	15	СРЕДЊА ТЕХНИЧКА ШКОЛА "МИХАЈЛО ПЕТРОВИЋ - АЛАС"	Косовска Митровица	Косовска Митровица				nije_nadjeno
Косовска Митровица	16	СРЕДЊА ТЕХНИЧКА ШКОЛА "МИХАЈЛО ПЕТРОВИЋ - АЛАС"	Косовска Митровица	Косовска Митровица				nije_nadjeno
Косовска Митровица	17	СРЕДЊА ТЕХНИЧКА ШКОЛА "МИХАЈЛО ПЕТРОВИЋ - АЛАС"	Косовска Митровица	Косовска Митровица				nije_nadjeno
Косовска Митровица	18	СРЕДЊА ТЕХНИЧКА ШКОЛА "МИХАЈЛО ПЕТРОВИЋ - АЛАС"	Косовска Митровица	Косовска Митровица				nije_nadjeno
Косовска Митровица	19	СРЕДЊА ТЕХНИЧКА ШКОЛА "МИХАЈЛО ПЕТРОВИЋ - АЛАС"	Косовска Митровица	Косовска Митровица				nije_nadjeno
Косовска Митровица	20	СРЕДЊА ТЕХНИЧКА ШКОЛА "МИХАЈЛО ПЕТРОВИЋ - АЛАС"	Косовска Митровица	Косовска Митровица				nije_nadjeno
Косовска Митровица	21	СРЕДЊА ТЕХНИЧКА ШКОЛА "МИХАЈЛО ПЕТРОВИЋ - АЛАС"	Косовска Митровица	Косовска Митровица				nije_nadjeno
Косовска Митровица	22	СРЕДЊА ТЕХНИЧКА ШКОЛА "МИХАЈЛО ПЕТРОВИЋ - АЛАС"	Косовска Митровица	Косовска Митровица				nije_nadjeno
Костолац	1	ДОМ КУЛТУРЕ	Кленовник	Кленовник		44.693524	21.183420	naselje
Костолац	2	ИБЈЕКАТ БР.30-РЕСТОРАН ИСХРАНЕ-МЕНЗА ТЕ "А" АД ЕПС ОГРАНАК ТЕ-КО КОСТОЛАЦ	Костолац, Кнеза Лазара бр.21	Костолац	Кнеза Лазара бр.21	44.728723	21.161095	ulica
Костолац	3	СИНДИКАТ АД ЕПС ОГРАНКА "ТЕРМОЕЛЕКТРАНЕ И КОПОВИ КОСТОЛАЦ"	Костолац, Саве Ковачевића бр. 1	Костолац	Саве Ковачевића бр. 1	44.718023	21.178708	objekat
Костолац	4	ДОМ ПЕНЗИОНЕРА	Костолац, Трудбеничка бб	Костолац	Трудбеничка бб	44.709851	21.172808	ulica
Костолац	5	ЈП СРБИЈА ШУМЕ СУ СЕВЕРНИ КУЧАЈ	ПОЖАРЕВАЦ МАШИНСКИ ПАРК КОСТОЛАЦ, Костолац Партизанска бб	ПОЖАРЕВАЦ МАШИНСКИ ПАРК КОСТОЛАЦ	Костолац Партизанска бб			nije_nadjeno
Костолац	6	ТЕХНИЧКА ШКОЛА "НИКОЛА ТЕСЛА"	Костолац, Николе Тесле бр. 5-7	Костолац	Николе Тесле бр. 5-7	44.713361	21.173170	objekat
Костолац	7	САЛА АД ЕПС ОГРАНКА "ТЕРМОЕЛЕКТРАНЕ И КОПОВИ КОСТОЛАЦ"	Костолац, Боже Димитријевића бб	Костолац	Боже Димитријевића бб	44.718252	21.173717	ulica
Костолац	8	ГРАДСКА ОПШТИНА КОСТОЛАЦ - СКУПШТИНСКА САЛА	Костолац, Боже Димитријевића бр. 13	Костолац	Боже Димитријевића бр. 13	44.717666	21.173420	objekat
Костолац	9	ВАТРОГАСНИ ДОМ	Костолац, Боже Димитријевића бб	Костолац	Боже Димитријевића бб	44.718252	21.173717	ulica
Костолац	10	САЛА ЗА ВЕНЧАЊЕ	Острово	Острово		44.714070	21.109402	naselje
Костолац	11	ДОМ КУЛТУРЕ	Петка	Петка		44.689396	21.151489	naselje
Костолац	12	ДОМ КУЛТУРЕ	Село Костолац	Село Костолац		44.730100	21.195386	naselje
Коцељева	1	ОСНОВНА ШКОЛА "МИЋА СТАНОЈЛОВИЋ" ИЗДВОЈЕНО ЧЕТВОРОРАЗРЕДНО ОДЕЉЕЊЕ	Баталаге, Карађорђева бр. 3	Баталаге	Карађорђева бр. 3	44.513987	19.872265	objekat
Коцељева	2	ОСНОВНА ШКОЛА "МИЋА СТАНОЈЛОВИЋ" ИЗДВОЈЕНО ЧЕТВОРОРАЗРЕДНО ОДЕЉЕЊЕ	Брдарица, Свете Тројице бр. 110	Брдарица	Свете Тројице бр. 110	44.555324	19.788509	objekat
Коцељева	3	ОСНОВНА ШКОЛА "МИЋА СТАНОЈЛОВИЋ" ИЗДВОЈЕНО ОСМОРАЗРЕДНО ОДЕЉЕЊЕ	Драгиње, Војводе Степе бр. 151	Драгиње	Војводе Степе бр. 151	44.537818	19.753035	objekat
Коцељева	4	ШКОЛСКИ ОБЈЕКАТ ОСНОВНЕ ШКОЛЕ "МИЋА СТАНОЈЛОВИЋ"	Бресница, Никољданска бр. 66	Бресница	Никољданска бр. 66	44.447796	19.786327	objekat
Коцељева	5	МЕСНА ЗАЈЕДНИЦА	Галовић, Краља Милутина бр. 58	Галовић	Краља Милутина бр. 58	44.479285	19.601576	objekat
Коцељева	6	ОСНОВНА ШКОЛА "МИЋА СТАНОЈЛОВИЋ" ИЗДВОЈЕНО ЧЕТВОРОРАЗРЕДНО ОДЕЉЕЊЕ	Голочело, Цветковац бр. 11	Голочело	Цветковац бр. 11	44.479103	19.680107	objekat
Коцељева	7	ОСНОВНА ШКОЛА "МИЋА СТАНОЈЛОВИЋ" ИЗДВОЈЕНО ЧЕТВОРОРАЗРЕДНО ОДЕЉЕЊЕ	Градојевић, Светог Јована бр. 51	Градојевић	Светог Јована бр. 51	44.497413	19.637742	objekat
Коцељева	8	ОСНОВНА ШКОЛА "МИЋА СТАНОЈЛОВИЋ" ИЗДВОЈЕНО ОСМОРАЗРЕДНО ОДЕЉЕЊЕ	Доње Црниљево, Вука Караџића бр. 4	Доње Црниљево	Вука Караџића бр. 4	44.465449	19.625113	objekat
Коцељева	9	ОСНОВНА ШКОЛА "МИЋА СТАНОЈЛОВИЋ" ИЗДВОЈЕНО ОСМОРАЗРЕДНО ОДЕЉЕЊЕ	Доње Црниљево, Вука Караџића бр. 4	Доње Црниљево	Вука Караџића бр. 4	44.465449	19.625113	objekat
Коцељева	10	ОСНОВНА ШКОЛА "МИЋА СТАНОЈЛОВИЋ" ИЗДВОЈЕНО ОСМОРАЗРЕДНО ОДЕЉЕЊЕ	Драгиње, Војводе Степе бр. 151	Драгиње	Војводе Степе бр. 151	44.537818	19.753035	objekat
Коцељева	11	ОСНОВНА ШКОЛА "МИЋА СТАНОЈЛОВИЋ" ИЗДВОЈЕНО ОСМОРАЗРЕДНО ОДЕЉЕЊЕ	Драгиње, Војводе Степе бр. 151	Драгиње	Војводе Степе бр. 151	44.537818	19.753035	objekat
Коцељева	12	ОСНОВНА ШКОЛА "МИЋА СТАНОЈЛОВИЋ" ИЗДВОЈЕНО ОСМОРАЗРЕДНО ОДЕЉЕЊЕ	Драгиње, Војводе Степе бр. 151	Драгиње	Војводе Степе бр. 151	44.537818	19.753035	objekat
Коцељева	13	ШКОЛСКИ ОБЈЕКАТ ОСНОВНЕ ШКОЛЕ "МИЋА СТАНОЈЛОВИЋ"	Зукве, Немањина бр. 3	Зукве	Немањина бр. 3	44.481617	19.871914	objekat
Коцељева	14	ОСНОВНА ШКОЛА "МИЋА СТАНОЈЛОВИЋ" ИЗДВОЈЕНО ЧЕТВОРОРАЗРЕДНО ОДЕЉЕЊЕ	Дружетић, Школска бр. 79	Дружетић	Школска бр. 79	44.421120	19.832949	objekat
Коцељева	15	ОСНОВНА ШКОЛА "МИЋА СТАНОЈЛОВИЋ" ИЗДВОЈЕНО ОСМОРАЗРЕДНО ОДЕЉЕЊЕ	Каменица, Западни пут бр. 192	Каменица	Западни пут бр. 192	44.473400	19.720734	objekat
Коцељева	16	ОСНОВНА ШКОЛА "МИЋА СТАНОЈЛОВИЋ" ИЗДВОЈЕНО ОСМОРАЗРЕДНО ОДЕЉЕЊЕ	Каменица, Западни пут бр. 192	Каменица	Западни пут бр. 192	44.473400	19.720734	objekat
Коцељева	17	ПРОСТОРИЈЕ ЂУРИЋ	Ратомира, Убски пут бр. 54	Ратомира	Убски пут бр. 54			nije_nadjeno
Коцељева	18	СРЕДЊА ШКОЛА КОЦЕЉЕВА	Коцељева, Доситејева бр. 1	Коцељева	Доситејева бр. 1	44.465251	19.816864	objekat
Коцељева	19	СРЕДЊА ШКОЛА КОЦЕЉЕВА	Коцељева, Доситејева бр. 1	Коцељева	Доситејева бр. 1	44.465251	19.816864	objekat
Коцељева	20	СРЕДЊА ШКОЛА КОЦЕЉЕВА	Коцељева, Доситејева бр. 1	Коцељева	Доситејева бр. 1	44.465251	19.816864	objekat
Коцељева	21	СРЕДЊА ШКОЛА КОЦЕЉЕВА	Коцељева, Доситејева бр. 1	Коцељева	Доситејева бр. 1	44.465251	19.816864	objekat
Коцељева	22	ДОМ КУЛТУРЕ	Коцељева, Милована Глишића бр. 6	Коцељева	Милована Глишића бр. 6	44.465688	19.819654	objekat
Коцељева	23	СКУПШТИНА ОПШТИНЕ КОЦЕЉЕВА - САЛА	Коцељева, Немањина бр. 74	Коцељева	Немањина бр. 74	44.467607	19.819719	objekat
Коцељева	24	ДОМ КУЛТУРЕ - ШАХ КЛУБ	Коцељева, Милована Глишића бр. 6	Коцељева	Милована Глишића бр. 6	44.465688	19.819654	objekat
Коцељева	25	ОСНОВНА ШКОЛА "МИЋА СТАНОЈЛОВИЋ" ИЗДВОЈЕНО ЧЕТВОРОРАЗРЕДНО ОДЕЉЕЊЕ	Љутице, Ливаде бр. 3	Љутице	Ливаде бр. 3	44.474549	19.808412	ulica
Коцељева	26	ШКОЛСКИ ОБЈЕКАТ ОСНОВНЕ ШКОЛЕ "МИЋА СТАНОЈЛОВИЋ"	Мали Бошњак, Церских јунака бр. 74	Мали Бошњак	Церских јунака бр. 74	44.497660	19.770258	objekat
Коцељева	27	ОСНОВНА ШКОЛА "МИЋА СТАНОЈЛОВИЋ" ИЗДВОЈЕНО ОСМОРАЗРЕДНО ОДЕЉЕЊЕ СВИЛЕУВА	Свилеува, Поп Луке Лазаревића бр. 133	Свилеува	Поп Луке Лазаревића бр. 133	44.518855	19.828439	objekat
Коцељева	28	ОСНОВНА ШКОЛА "МИЋА СТАНОЈЛОВИЋ" ИЗДВОЈЕНО ОСМОРАЗРЕДНО ОДЕЉЕЊЕ СВИЛЕУВА	Свилеува, Поп Луке Лазаревића бр. 133	Свилеува	Поп Луке Лазаревића бр. 133	44.518855	19.828439	objekat
Коцељева	29	ОСНОВНА ШКОЛА "МИЋА СТАНОЈЛОВИЋ" ИЗДВОЈЕНО ОСМОРАЗРЕДНО ОДЕЉЕЊЕ СВИЛЕУВА	Свилеува, Поп Луке Лазаревића бр. 133	Свилеува	Поп Луке Лазаревића бр. 133	44.518855	19.828439	objekat
Коцељева	30	ОСНОВНА ШКОЛА "МИЋА СТАНОЈЛОВИЋ" ИЗДВОЈЕНО ОСМОРАЗРЕДНО ОДЕЉЕЊЕ СВИЛЕУВА	Свилеува, Поп Луке Лазаревића бр. 133	Свилеува	Поп Луке Лазаревића бр. 133	44.518855	19.828439	objekat
Коцељева	31	ОСНОВНА ШКОЛА "МИЋА СТАНОЈЛОВИЋ" ИЗДВОЈЕНО ОСМОРАЗРЕДНО ОДЕЉЕЊЕ СВИЛЕУВА	Свилеува, Поп Луке Лазаревића бр. 133	Свилеува	Поп Луке Лазаревића бр. 133	44.518855	19.828439	objekat
Коцељева	32	ШКОЛСКИ ОБЈЕКАТ ОСНОВНЕ ШКОЛЕ "МИЋА СТАНОЈЛОВИЋ"	Суботица, Западни пут бр. 73	Суботица	Западни пут бр. 73	44.473902	19.773922	objekat
Коцељева	33	ОСНОВНА ШКОЛА "МИЋА СТАНОЈЛОВИЋ" ИЗДВОЈЕНО ЧЕТВОРОРАЗРЕДНО ОДЕЉЕЊЕ	Ћуковине, Свете Тројице бр. 55	Ћуковине	Свете Тројице бр. 55	44.508890	19.662655	objekat
Крагујевац	1	МЗ АЕРОДРОМ - ДОМ ЗДРАВЉА	Крагујевац, СВЕТОГОРСКА БР. 3	Крагујевац	СВЕТОГОРСКА БР. 3	44.028942	20.910452	objekat
Крагујевац	2	МЗ АЕРОДРОМ - МЕСНА ЗАЈЕДНИЦА	Крагујевац, НЕЗНАНОГ ЈУНАКА БР. 17	Крагујевац	НЕЗНАНОГ ЈУНАКА БР. 17	44.029486	20.906624	ulica
Крагујевац	3	МЗ АЕРОДРОМ - ОБДАНИШТЕ "ПОЛЕТАРАЦ"	Крагујевац, НЕЗНАНОГ ЈУНАКА БР.8	Крагујевац	НЕЗНАНОГ ЈУНАКА БР.8	44.029890	20.907881	objekat
Крагујевац	4	МЗ АЕРОДРОМ - МЕСНА ЗАЈЕДНИЦА	Крагујевац, НЕЗНАНОГ ЈУНАКА БР. 17	Крагујевац	НЕЗНАНОГ ЈУНАКА БР. 17	44.029486	20.906624	ulica
Крагујевац	5	МЗ АЕРОДРОМ - ОШ "МИРКО ЈОВАНОВИЋ"	Крагујевац, НЕЗНАНОГ ЈУНАКА БР. 8	Крагујевац	НЕЗНАНОГ ЈУНАКА БР. 8	44.029890	20.907881	objekat
Крагујевац	6	МЗ УГЉЕШНИЦА - МЕСНА ЗАЈЕДНИЦА	Крагујевац, БЕОГРАДСКА 84.	Крагујевац	БЕОГРАДСКА 84.	44.033109	20.913720	objekat
Крагујевац	7	МЗ УГЉЕШНИЦА - ОШ "МИРКО ЈОВАНОВИЋ"	Крагујевац, НЕЗНАНОГ ЈУНАКА БР. 8	Крагујевац	НЕЗНАНОГ ЈУНАКА БР. 8	44.029890	20.907881	objekat
Крагујевац	8	МЗ СУШИЦА - МЕСНА ЗАЈЕДНИЦА	Крагујевац, БАЛКАНСКА БР.2А	Крагујевац	БАЛКАНСКА БР.2А	44.024628	20.910319	objekat
Крагујевац	9	МЗ СУШИЦА - МЕСНА ЗАЈЕДНИЦА	Крагујевац, БАЛКАНСКА БР.2А	Крагујевац	БАЛКАНСКА БР.2А	44.024628	20.910319	objekat
Крагујевац	10	МЗ СУШИЦА - ПОШТА "АЕРОДРОМ"	Крагујевац, АТИНСКА БР. 3	Крагујевац	АТИНСКА БР. 3	44.027555	20.911616	objekat
Крагујевац	11	МЗ ВАШАРИШТЕ - ОШ "ЈОВАН ПОПОВИЋ"	Крагујевац, КРАЉА МИЛАНА IV БР. 14	Крагујевац	КРАЉА МИЛАНА IV БР. 14	44.021162	20.908326	objekat
Крагујевац	12	МЗ ВАШАРИШТЕ - ОШ "ЈОВАН ПОПОВИЋ"	Крагујевац, КРАЉА МИЛАНА IV БР. 14	Крагујевац	КРАЉА МИЛАНА IV БР. 14	44.021162	20.908326	objekat
Крагујевац	13	МЗ ВАШАРИШТЕ - МЕСНА ЗАЈЕДНИЦА	Крагујевац, ВОЈВОДЕ ПУТНИКА БР. 45	Крагујевац	ВОЈВОДЕ ПУТНИКА БР. 45	44.018895	20.910415	objekat
Крагујевац	14	МЗ ВАШАРИШТЕ - ТЕХНИЧКА ШКОЛА	Крагујевац, РАДОЈА ДОМАНОВИЋА БР. 8	Крагујевац	РАДОЈА ДОМАНОВИЋА БР. 8	44.018760	20.908021	objekat
Крагујевац	15	МЗ ВАШАРИШТЕ - МЕДИЦИНСКА ШКОЛА	Крагујевац, РАДОЈА ДОМАНОВИЋА БР. 2	Крагујевац	РАДОЈА ДОМАНОВИЋА БР. 2	44.019950	20.908759	objekat
Крагујевац	16	M3 1. MAJ- ОШ "21. ОКТОБАР"	Крагујевац, МИЛОВАНА ГЛИШИЋА БР. 13	Крагујевац	МИЛОВАНА ГЛИШИЋА БР. 13	44.016306	20.913908	objekat
Крагујевац	17	МЗ 1. МАЈ - АТД - ОЧНО ОДЕЉЕЊЕ	Крагујевац, ЗМАЈ ЈОВИНА БР. 30	Крагујевац	ЗМАЈ ЈОВИНА БР. 30	44.019061	20.914639	objekat
Крагујевац	18	M3 1. MAJ- ОБДАНИШТЕ "ЦРВЕНКАПА"	Крагујевац, СВЕТОЗАРА МАРКОВИЋА БР. 116	Крагујевац	СВЕТОЗАРА МАРКОВИЋА БР. 116	44.020499	20.922061	objekat
Крагујевац	19	M3 1. MAJ- ОБДАНИШТЕ "ЛАНЕ"	Крагујевац, ЦРВЕНЕ ЗАСТАВЕ ЗА БРОЈ 2	Крагујевац	ЦРВЕНЕ ЗАСТАВЕ ЗА БРОЈ 2	44.016490	20.921161	ulica
Крагујевац	20	МЗ 1. МАЈ - АТД - КОЖНО ОДЕЉЕЊЕ	Крагујевац, ЗМАЈ ЈОВИНА БР. 30	Крагујевац	ЗМАЈ ЈОВИНА БР. 30	44.019061	20.914639	objekat
Крагујевац	21	МЗ 1. МАЈ - ДРУШТВО "МУЛТИПЛЕ СКЛЕРОЗЕ"	Крагујевац, ЕПИСКОПА САВЕ БР. 15	Крагујевац	ЕПИСКОПА САВЕ БР. 15	44.018653	20.920623	objekat
Крагујевац	22	МЗ ПАЛИЛУЛА - ЗДРАВСТВЕНА СТАНИЦА БРОЈ 2	Крагујевац, РАТИНЧЕВА БР. 2	Крагујевац	РАТИНЧЕВА БР. 2	44.006076	20.902948	objekat
Крагујевац	23	МЗ ПАЛИЛУЛА - ОШ "МОМА СТАНОЈЛОВИЋ"	Крагујевац, КНЕЗА МИХАИЛА БР. 40	Крагујевац	КНЕЗА МИХАИЛА БР. 40	44.007786	20.907963	objekat
Крагујевац	24	МЗ ПАЛИЛУЛА - ОШ "МОМА СТАНОЈЛОВИЋ"	Крагујевац, КНЕЗА МИХАИЛА БР. 40	Крагујевац	КНЕЗА МИХАИЛА БР. 40	44.007786	20.907963	objekat
Крагујевац	25	МЗ ПАЛИЛУЛА - ОШ "З. КРАГУЈЕВАЧКИ БАТАЉОН"	Крагујевац, ЈЕСЕЊИНОВА БР. 17	Крагујевац	ЈЕСЕЊИНОВА БР. 17	44.004981	20.896806	objekat
Крагујевац	26	МЗ ПАЛИЛУЛА - ДРУШТВЕНА ПРОСТОРИЈА - "ЉУБИНЕ ЛИВАДЕ"	Крагујевац, ИБАРСКИХ РУДАРА БР. 5	Крагујевац	ИБАРСКИХ РУДАРА БР. 5	44.002265	20.899558	objekat
Крагујевац	27	МЗ БАГРЕМАР - МЕСНА ЗАЈЕДНИЦА	Крагујевац, МОМИРА МАРКОВИЋА БР. З	Крагујевац	МОМИРА МАРКОВИЋА БР. З	44.013179	20.919635	naselje
Крагујевац	28	МЗ БАГРЕМАР - БИФЕ "БАГРЕМАР"	Крагујевац, МОМИРА МАРКОВИЋА БР. 3	Крагујевац	МОМИРА МАРКОВИЋА БР. 3	44.006391	20.888577	objekat
Крагујевац	29	МЗ БАГРЕМАР - ОБДАНИШТЕ "КОЛИБРИ"	Крагујевац, ЈОСИФА ШНЕРСОНА БР. ЗА	Крагујевац	ЈОСИФА ШНЕРСОНА БР. ЗА	44.013179	20.919635	naselje
Крагујевац	30	МЗ СТАРА РАДНИЧКА КОЛОНИЈА - ОШ "СТАНИСЛАВ СРЕМЧЕВИЋ"	Крагујевац, ЛАЗЕ МАРИНКОВИЋА БР. 54	Крагујевац	ЛАЗЕ МАРИНКОВИЋА БР. 54	44.011039	20.895317	objekat
Крагујевац	31	МЗ СТАРА РАДНИЧКА КОЛОНИЈА - О.Ш. "СТАНИСЛАВ СРЕМЧЕВИЋ"	Крагујевац, ЛАЗЕ МАРИНКОВИЋА БР. 54	Крагујевац	ЛАЗЕ МАРИНКОВИЋА БР. 54	44.011039	20.895317	objekat
Крагујевац	32	МЗ 21. ОКТОБАР - МЕСНА ЗАЈЕДНИЦА	Крагујевац, КОПАОНИЧКА БР. 44	Крагујевац	КОПАОНИЧКА БР. 44	44.015876	20.895156	objekat
Крагујевац	33	МЗ 21.ОКТОБАР- ЈКП "ШУМАДИЈА"	Крагујевац, КОПАОНИЧКА БР. ЗА	Крагујевац	КОПАОНИЧКА БР. ЗА	44.013179	20.919635	naselje
Крагујевац	34	МЗ 21. ОКТОБАР - САВЕЗ ГЛУВИХ	Крагујевац, ЈОВАНА ПЕТРОВИЋА КОВАЧА БР. 1	Крагујевац	ЈОВАНА ПЕТРОВИЋА КОВАЧА БР. 1	44.013092	20.895053	objekat
Крагујевац	35	МЗ 21. ОКТОБАР - МЕСНА ЗАЈЕДНИЦА	Крагујевац, КОПАОНИЧКА БР. 44	Крагујевац	КОПАОНИЧКА БР. 44	44.015876	20.895156	objekat
Крагујевац	36	МЗ 21. ОКТОБАР - ОБДАНИШТЕ "ЗЕКА"	Крагујевац, СУТЈЕСКА БР. 6	Крагујевац	СУТЈЕСКА БР. 6	44.014672	20.893491	objekat
Крагујевац	37	МЗ ЦЕНТАР ГРАДА - НОВА ПОШТА - ВЕЛИКА ШАЛТЕР САЛА	Крагујевац, КРАЉА ПЕТРА І БР. 30	Крагујевац	КРАЉА ПЕТРА І БР. 30	44.009933	20.918629	objekat
Крагујевац	38	МЗ ЦЕНТАР ГРАДА - ОШ "РАДОЈЕ ДОМАНОВИЋ"	Крагујевац, СВЕТОЗАРА МАРКОВИЋА БР. 13	Крагујевац	СВЕТОЗАРА МАРКОВИЋА БР. 13	44.013572	20.914854	objekat
Крагујевац	39	МЗ ЦЕНТАР ГРАДА - Пословни ПРОСТОР У ЈАВНОЈ СВОЈИНИ	Крагујевац, КРАЉА АЛЕКСАНДРА I КАРАЂОРЂЕВИЋА. БР.17-19	Крагујевац	КРАЉА АЛЕКСАНДРА I КАРАЂОРЂЕВИЋА. БР.17-19	44.014041	20.909062	ulica
Крагујевац	40	МЗ ПИВАРА - ЗДРАВСТВЕНА СТАНИЦА	Крагујевац, ЦАРА ДУШАНА БР. 16	Крагујевац	ЦАРА ДУШАНА БР. 16	44.004154	20.925241	objekat
Крагујевац	41	МЗ ПИВАРА - СРЕДЊА СТРУЧНА ШКОЛА (ВИШ)	Крагујевац, КОСОВСКА БР. 8	Крагујевац	КОСОВСКА БР. 8	44.007328	20.916179	objekat
Крагујевац	42	МЗ ПИВАРА - СРЕДЊА СТРУЧНА ШКОЛА (ВИШ)	Крагујевац, КОСОВСКА БР. 8	Крагујевац	КОСОВСКА БР. 8	44.007328	20.916179	objekat
Крагујевац	43	МЗ НАРОДНИ ХЕРОЈ ФИЛИП КЉАЈИЋ ОШ "ЂУРА ЈАКШИЋ"	Крагујевац, КАЈМАКЧАЛАНСКА БР. 59	Крагујевац	КАЈМАКЧАЛАНСКА БР. 59	44.005294	20.930602	objekat
Крагујевац	44	МЗ НАРОДНИ ХЕРОЈ ФИЛИП КЉАЈИЋ - ОШ "ВУК СТЕФАНОВИЋ КАРАЏИЋ"	Крагујевац, ЧЕГАРСКА БР. 3	Крагујевац	ЧЕГАРСКА БР. 3	44.000300	20.928262	objekat
Крагујевац	45	МЗ НАРОДНИ ХЕРОЈ ФИЛИП КЉАЈИЋ - ОШ "ВУК СТЕФАНОВИЋ КАРАЏИЋ"	Крагујевац, ЧЕГАРСКА БР. 3	Крагујевац	ЧЕГАРСКА БР. 3	44.000300	20.928262	objekat
Крагујевац	46	МЗ НАРОДНИ ХЕРОЈ ФИЛИП КЉАЈИЋ - МЕСНА ЗАЈЕДНИЦА	Крагујевац, КАЈМАКЧАЛАНСКА БР. 48	Крагујевац	КАЈМАКЧАЛАНСКА БР. 48	44.005816	20.928559	objekat
Крагујевац	47	МЗ ЕРДОГЛИЈА - ПРОСТОРИЈЕ МЕСНЕ ЗАЈЕДНИЦЕ	Крагујевац, КРАЉА АЛЕКСАНДРА КАРАЂОРЂЕВИЋА БР. 56	Крагујевац	КРАЉА АЛЕКСАНДРА КАРАЂОРЂЕВИЋА БР. 56	44.013000	20.911237	objekat
Крагујевац	48	МЗ ЕРДОГЛИЈА - пословни ПРОСТОР У JABHOJ СВОЈИНИ	Крагујевац, ВОЈЕ РАДИЋА БР. 3/4	Крагујевац	ВОЈЕ РАДИЋА БР. 3/4	44.012829	20.893115	ulica
Крагујевац	49	МЗ БУБАЊОШ "СВЕТОЗАР МАРКОВИЋ"	Крагујевац, КУМАНОВСКА БР. З	Крагујевац	КУМАНОВСКА БР. З	44.013179	20.919635	naselje
Крагујевац	50	МЗ БУБАЊ - ОШ "СВЕТОЗАР МАРКОВИЋ"	Крагујевац, КУМАНОВСКА БР. З	Крагујевац	КУМАНОВСКА БР. З	44.013179	20.919635	naselje
Крагујевац	51	МЗ БУБАЊ - Ддом САМОУПРАВЉАЧА - хол	Крагујевац, ТРГ СЛОБОДЕ БР. 1	Крагујевац	ТРГ СЛОБОДЕ БР. 1	44.013963	20.918859	objekat
Крагујевац	52	МЗ БУБАЊ - МЕСНА ЗАЈЕДНИЦА	Крагујевац, ГРАДА СИРЕНА БР. 10	Крагујевац	ГРАДА СИРЕНА БР. 10	44.014771	20.921606	objekat
Крагујевац	53	МЗ ЛЕПЕНИЦА - ОШ "МИЛУТИН И ДРАГИЊА ТОДОРОВИЋ"	Крагујевац, САВЕ НЕМАЊИЋА БР. 2	Крагујевац	САВЕ НЕМАЊИЋА БР. 2	44.008543	20.919818	objekat
Крагујевац	54	МЗ ЛЕПЕНИЦА - МЕСНА ЗАЈЕДНИЦА	Крагујевац, ВОЈИСЛАВА КАЛАНОВИЋА БР. 2	Крагујевац	ВОЈИСЛАВА КАЛАНОВИЋА БР. 2	44.011027	20.925629	objekat
Крагујевац	55	МЗ ЛЕПЕНИЦА - ОБДАНИШТЕ "ЧУПЕРАК"	Крагујевац, 19. ОКТОБРА Бр.25	Крагујевац	19. ОКТОБРА Бр.25	44.020821	20.942884	objekat
Крагујевац	56	МЗ КОРИЋАНИ - ПРОСТОРИЈЕ ФУДБАЛСКОГ КЛУБА	Крагујевац, БОСИЉКЕ ВУКАНОВИЋ БР. 2	Крагујевац	БОСИЉКЕ ВУКАНОВИЋ БР. 2	43.989785	20.849056	ulica
Крагујевац	57	МЗ КОРИЋАНИ- ПОСЛОВНИ ПРОСТОР "ДИЛУКС"	Крагујевац, КРАЉЕВАЧКОГ БАТАЉОНА БР. 216	Крагујевац	КРАЉЕВАЧКОГ БАТАЉОНА БР. 216	43.990709	20.856556	objekat
Крагујевац	58	МЗ ВЕЛИКО ПОЉЕ - ОШ "НАТАЛИЈА НАНА НЕДЕЉКОВИЋ"	Крагујевац, ЖИВОРАДА ЖИВАНОВИЋА БР. 1	Крагујевац	ЖИВОРАДА ЖИВАНОВИЋА БР. 1	43.989391	20.873876	objekat
Крагујевац	59	МЗ БРЕСНИЦА III - "РАКИНА КАФАНА"	Крагујевац, ДУШАНА СРЕЗОЈЕВИЋА БР.1	Крагујевац	ДУШАНА СРЕЗОЈЕВИЋА БР.1	43.998311	20.942619	objekat
Крагујевац	60	МЗ БРЕСНИЦА III - МЕСНА ЗАЈЕДНИЦА	Крагујевац, ДР ЖИВКА ТОПАЛОВИЋА БР. 2	Крагујевац	ДР ЖИВКА ТОПАЛОВИЋА БР. 2	44.002795	20.935381	objekat
Крагујевац	61	МЗ ВЕЛИКО ПОЉЕ - МЕСНА ЗАЈЕДНИЦА	Крагујевац, ОКТОБАРСКИХ ЖРТАВА БР. 1	Крагујевац	ОКТОБАРСКИХ ЖРТАВА БР. 1	43.993595	20.877176	objekat
Крагујевац	62	МЗ ВЕЛИКО ПОЉЕ ОШ "НАТАЛИЈА НАНА НЕДЕЉКОВИЋ"	Крагујевац, ЖИВОРАДА ЖИВАНОВИЋА БР. 1	Крагујевац	ЖИВОРАДА ЖИВАНОВИЋА БР. 1	43.989391	20.873876	objekat
Крагујевац	63	МЗ ВЕЛИКО ПОЉЕ - ДРУШТВЕНЕ ПРОСТОРИЈЕ МЕСНЕ ЗАЈЕДНИЦЕ	Крагујевац, МИКЕ АЛАСА БР. 2	Крагујевац	МИКЕ АЛАСА БР. 2	43.990333	20.883526	objekat
Крагујевац	64	МЗ МАЛЕ ПЧЕЛИЦЕ - НОВО НАСЕЉЕ МЕСНА ЗАЈЕДНИЦА - КЛУБ ПЕНЗИОНЕРА	Крагујевац, КРАЉЕВАЧКОГ БАТАЉОНА БР. 149	Крагујевац	КРАЉЕВАЧКОГ БАТАЉОНА БР. 149	43.993334	20.870058	objekat
Крагујевац	65	МЗ МАЛЕ ПЧЕЛИЦЕ - НОВО НАСЕЉЕ - ОШ "ДРАГИША МИХАЈЛОВИЋ"	Крагујевац, ПЕТРА ДРАПШИНА БР. 2	Крагујевац	ПЕТРА ДРАПШИНА БР. 2	43.998084	20.861057	objekat
Крагујевац	66	МЗ ЕРДЕЧ - Дом КУЛТУРЕ	Крагујевац, ПАРТИЗАНСКИХ КУРИРА БР. 86	Крагујевац	ПАРТИЗАНСКИХ КУРИРА БР. 86	43.983044	20.891066	objekat
Крагујевац	67	МЗ ЕРДЕЧ - ОШ "ДОСИТЕЈ ОБРАДОВИЋ"	Крагујевац, ПАРТИЗАНСКИХ КУРИРА БР. 83Г	Крагујевац	ПАРТИЗАНСКИХ КУРИРА БР. 83Г	43.982881	20.892190	objekat
Крагујевац	68	МЗ СТАНОВО - МЕСНА ЗАЈЕДНИЦА	Крагујевац, КРАЉЕВАЧКОГ БАТАЉОНА БР. 26	Крагујевац	КРАЉЕВАЧКОГ БАТАЉОНА БР. 26	43.998983	20.884860	objekat
Крагујевац	69	МЗ СТАНОВО - дом ОМЛАДИНЕ (БАРАКА)	Крагујевац, КРАЉЕВАЧКОГ БАТАЉОНА БР. 26	Крагујевац	КРАЉЕВАЧКОГ БАТАЉОНА БР. 26	43.998983	20.884860	objekat
Крагујевац	70	МЗ СТАНОВО - ОШ "ЖИВАДИНКА ДИВАЦ"	Крагујевац, КРАЉА МИЛУТИНА БР. 46	Крагујевац	КРАЉА МИЛУТИНА БР. 46	44.001256	20.880929	objekat
Крагујевац	71	МЗ СТАНОВО - ОШ "ДРАГИША МИХАЈЛОВИЋ"	Крагујевац, РАДОВАНА МИЋОВИЋА БР. 53	Крагујевац	РАДОВАНА МИЋОВИЋА БР. 53	44.006389	20.871865	objekat
Крагујевац	72	МЗ СТАНОВО - дом ЗДРАВЉА У СТАНОВУ	Крагујевац, КРАЉА МИЛУТИНА БР. 1	Крагујевац	КРАЉА МИЛУТИНА БР. 1	43.999436	20.884260	objekat
Крагујевац	73	МЗ СТАНОВО - ОШ "ДРАГИША МИХАЈЛОВИЋ"	Крагујевац, РАДОВАНА МИЋОВИЋА БР. 53	Крагујевац	РАДОВАНА МИЋОВИЋА БР. 53	44.006389	20.871865	objekat
Крагујевац	74	МЗ МАЛЕ ПЧЕЛИЦЕ - МЕСНА ЗАЈЕДНИЦА	Крагујевац, ЗАДРУГАРСКА БР. 2	Крагујевац	ЗАДРУГАРСКА БР. 2	44.003778	20.857032	objekat
Крагујевац	75	МЗ МАЛЕ ПЧЕЛИЦЕ - ПОСЛОВНИ ПРОСТОР "ОТОВИЋ"	Крагујевац, МИЛОЈА РАДОСАВЉЕВИЋА БР. 134	Крагујевац	МИЛОЈА РАДОСАВЉЕВИЋА БР. 134	44.015780	20.866469	objekat
Крагујевац	76	МЗ БЕЛОШЕВАЦ - ОШ "ДРАГИША ЛУКОВИЋ ШПАНАЦ"	Баљковац, БРЂАНСКА БР.78	Баљковац	БРЂАНСКА БР.78	43.973378	20.906805	ulica
Крагујевац	77	МЗ БЕЛОШЕВАЦ - ОШ "ДРАГИША ЛУКОВИЋ ШПАНАЦ"	Баљковац, БРЂАНСКА БР.78	Баљковац	БРЂАНСКА БР.78	43.973378	20.906805	ulica
Крагујевац	78	МЗ БЕЛОШЕВАЦ - ОШ "ДРАГИША ЛУКОВИЋ ШПАНАЦ"	Крагујевац, 9. МАЈА БР. 110	Крагујевац	9. МАЈА БР. 110	43.985661	20.926233	objekat
Крагујевац	79	МЗ БЕЛОШЕВАЦ - ОШ "ДРАГИША ЛУКОВИЋ ШПАНАЦ"	Крагујевац, 9. МАЈА БР. 110	Крагујевац	9. МАЈА БР. 110	43.985661	20.926233	objekat
Крагујевац	80	МЗ БЕЛОШЕВАЦ - ОШ "ДРАГИША ЛУКОВИЋ ШПАНАЦ"	Крагујевац, 9. МАЈА БР. 110	Крагујевац	9. МАЈА БР. 110	43.985661	20.926233	objekat
Крагујевац	81	МЗ БЕЛОШЕВАЦ - ОШ "ДРАГИША ЛУКОВИЋ ШПАНАЦ"	Крагујевац, 9. МАЈА БР. 110	Крагујевац	9. МАЈА БР. 110	43.985661	20.926233	objekat
Крагујевац	82	МЗ БЕЛОШЕВАЦ - ОШ "ДРАГИША ЛУКОВИЋ ШПАНАЦ"	Крагујевац, 9. МАЈА БР. 110	Крагујевац	9. МАЈА БР. 110	43.985661	20.926233	objekat
Крагујевац	83	МЗ БЕЛОШЕВАЦ - ОШ "ДРАГИША ЛУКОВИЋ ШПАНАЦ"	Крагујевац, 9. МАЈА БР. 110	Крагујевац	9. МАЈА БР. 110	43.985661	20.926233	objekat
Крагујевац	84	МЗ ЖДРАЉИЦА - ДОМ КУЛТУРЕ	Крагујевац, РАДОВАЊСКА БР.23	Крагујевац	РАДОВАЊСКА БР.23	43.979190	20.936747	objekat
Крагујевац	85	МЗ ИЛИЋЕВО - МЕСНА ЗАЈЕДНИЦА	Крагујевац, 19.ОКТОБРА БР. 77/A	Крагујевац	19.ОКТОБРА БР. 77/A	44.023542	20.947199	objekat
Крагујевац	86	МЗ ИЛИЋЕВО - ОШ "МИЛУТИН И ДРАГИЊА ТОДОРОВИЋ"	Крагујевац, ДОЈРАНСКА БР.2	Крагујевац	ДОЈРАНСКА БР.2	44.019251	20.950627	objekat
Крагујевац	87	МЗ ШУМАРИЦЕ - ОШ "ЈОВАН ПОПОВИЋ"	Крагујевац, ВОЈВОДЕ АНТОНИЈА ПЉАКИЋА БР. 9A	Крагујевац	ВОЈВОДЕ АНТОНИЈА ПЉАКИЋА БР. 9A	44.023554	20.863020	objekat
Крагујевац	88	дивостиН - ОШ "ЈОВАН ПОПОВИЋ"	Дивостин, ГОРЊОМИЛАНОВАЧКА БР.272	Дивостин	ГОРЊОМИЛАНОВАЧКА БР.272	44.031005	20.830793	objekat
Крагујевац	89	МЗ ДЕНИНО БРДООШ "СВЕТИ САВА"	Денино Брдо, БУКУРЕШКА БР. 38	Денино Брдо	БУКУРЕШКА БР. 38	44.035531	20.895419	ulica
Крагујевац	90	МЗ ВИНОГРАДИ - ОШ "СВЕТИ САВА"	Крагујевац, БУКУРЕШКА БР. 38	Крагујевац	БУКУРЕШКА БР. 38	44.031053	20.897459	objekat
Крагујевац	91	МЗ ПОСКУРИЦЕ - ДОМ КУЛТУРЕ	Поскурице, ЦЕНТАР БР. 2	Поскурице	ЦЕНТАР БР. 2	44.042015	20.853870	objekat
Крагујевац	92	МЗ ШЉИВОВАЦ - ДОМ КУЛТУРЕ	Шљивовац, ЦЕНТАР БР. 104	Шљивовац	ЦЕНТАР БР. 104	44.053781	20.838492	objekat
Крагујевац	93	МЗ ПЕТРОВАЦ - МЕСНА ЗАЈЕДНИЦА	Крагујевац, ДУШАНА ЂОРЂЕВИЋА БР. 3	Крагујевац	ДУШАНА ЂОРЂЕВИЋА БР. 3	44.041120	20.911677	objekat
Крагујевац	94	МЗ ПЕТРОВАЦ - ОШ „МИРКО ЈОВАНОВИЋ"	Крагујевац, ДУШАНА ЂОРЂЕВИЋА БР. 95	Крагујевац	ДУШАНА ЂОРЂЕВИЋА БР. 95	44.051122	20.919331	objekat
Крагујевац	95	МЗ нови мИЛАНОВАЦ - ДОМ КУЛТУРЕ	Нови Милановац, МИРОСЛАВА ЂОРЂЕВИЋА - БЕЛОГ БР.1	Нови Милановац	МИРОСЛАВА ЂОРЂЕВИЋА - БЕЛОГ БР.1	44.073124	20.933712	objekat
Крагујевац	96	МЗ ГРОШНИЦА - МЕСНА ЗАЈЕДНИЦА	Грошница, ОКТОБАРСКИХ ЖРТАВА БР. 208	Грошница	ОКТОБАРСКИХ ЖРТАВА БР. 208	43.956965	20.874335	objekat
Крагујевац	97	МЗ ГРОШНИЦА - ДОМ КУЛТУРЕ	Грошница, ОКТОБАРСКИХ ЖРТАВА БР. 208	Грошница	ОКТОБАРСКИХ ЖРТАВА БР. 208	43.956965	20.874335	objekat
Крагујевац	98	МЗ ВИЊИШТА - ОСНОВНА ШКОЛА	Вињиште, ЗОРАНА ЦВЕТКОВИЋА БР.84	Вињиште	ЗОРАНА ЦВЕТКОВИЋА БР.84	43.964215	20.849329	objekat
Крагујевац	99	МЗ ГРОШНИЦА - ОШ "НАТАЛИЈА НАНА НЕДЕЉКОВИЋ"	Грошница, ОКТОБАРСКИХ ЖРТАВА БР. 160	Грошница	ОКТОБАРСКИХ ЖРТАВА БР. 160	43.961539	20.873876	ulica
Крагујевац	100	МЗ ГРОШНИЦА -ОШ "НАТАЛИЈА НАНА НЕДЕЉКОВИЋ"	Грошница, ОКТОБАРСКИХ ЖРТАВА БР. 160	Грошница	ОКТОБАРСКИХ ЖРТАВА БР. 160	43.961539	20.873876	ulica
Крагујевац	101	МЗ СТРАГАРИ МЕСНА ЗАЈЕДНИЦА	Страгари, ЖИКЕ ПИНТЕРА БР.42	Страгари	ЖИКЕ ПИНТЕРА БР.42	44.152518	20.659881	objekat
Крагујевац	102	МЗ СТРАГАРИ - ОШ "ЈУЛИЈАНА ЋАТИЋ"	Страгари, БЛАГОВЕШТЕЊСКА БР.16	Страгари	БЛАГОВЕШТЕЊСКА БР.16	44.146673	20.633340	objekat
Крагујевац	103	МЗ СТРАГАРИ - СТАМБЕНИ ОБЈЕКАТ ВЕЛИМИРА ПАНИЋА	Котража, ГОРАНА НЕШИЋА БР.65	Котража	ГОРАНА НЕШИЋА БР.65	44.161997	20.689597	objekat
Крагујевац	104	МЗ ЧУМИЋ-ОШ „ПРОТА СТЕВАН ПОПОВИЋ"	Чумић, МИЛОЈА БОЖИЋА БР. 72	Чумић	МИЛОЈА БОЖИЋА БР. 72	44.146475	20.782298	objekat
Крагујевац	105	МЗ ЧУМИЋ КУЋА ПРЕДРАГА ТОДОРОВИЋА	Чумић, ВРБОВАЧКА БР.70	Чумић	ВРБОВАЧКА БР.70	44.149149	20.764748	objekat
Крагујевац	106	МЗ ЧУМИЋ ПОСЛОВНИ ПРОСТОР "СОВА" - САВИЋ ДЕЈАН	Чумић, БЕОГРАДСКИ ПУТ БР.363	Чумић	БЕОГРАДСКИ ПУТ БР.363	44.135984	20.762954	objekat
Крагујевац	107	МЗ ЧУМИЋ - дом КУЛТУРЕ	Чумић, МИЛОЈА БОЖИЋА БР.76	Чумић	МИЛОЈА БОЖИЋА БР.76	44.148342	20.781777	objekat
Крагујевац	108	МЗ ЧУМИЋ дом КУЛТУРЕ	Чумић, МИЛОЈА БОЖИЋА БР.76	Чумић	МИЛОЈА БОЖИЋА БР.76	44.148342	20.781777	objekat
Крагујевац	109	МЗ МАРШИЋ ОШ "19. ОКТОБАР"	Маршић, ДР ДРАГИШЕ МИШОВИЋА БР.36	Маршић	ДР ДРАГИШЕ МИШОВИЋА БР.36	44.027498	20.972469	ulica
Крагујевац	110	M3 ЈОВАНОВАЦ - МЕСНА ЗАЈЕДНИЦА	Јовановац, МИЛОЈА ПРОТЕ БАРЈАКТАРЕВИЋА БР. 13	Јовановац	МИЛОЈА ПРОТЕ БАРЈАКТАРЕВИЋА БР. 13	44.050251	20.952637	objekat
Крагујевац	111	МЗ ДОЊЕ КОМАРИЦЕ ОСНОВНА ШКОЛА	Доње Комарице, ОСАОНИК БР. 10	Доње Комарице	ОСАОНИК БР. 10	44.041733	21.040124	objekat
Крагујевац	112	МЗ БОТУЊЕ - ОШ "19. ОКТОБАР"	Ботуње, БОТУЊСКА БР.7	Ботуње	БОТУЊСКА БР.7	44.074780	21.001920	objekat
Крагујевац	113	МЗ КОРМАН - ОШ "19. ОКТОБАР"	Корман, БОРИВОЈА МИЛИЋЕВИЋА БР.6	Корман	БОРИВОЈА МИЛИЋЕВИЋА БР.6	44.049594	20.991471	objekat
Крагујевац	114	МЗ ГОРЊЕ КОМАРИЦЕ - ОСНОВНА ШКОЛА	Горње Комарице, КОМАРИЧКА ГЛАВНА БР.21	Горње Комарице	КОМАРИЧКА ГЛАВНА БР.21	44.028662	21.028551	objekat
Крагујевац	115	МЗ ТРМБАС - ОШ "ВУК КАРАЏИЋ"	Трмбас, ПЕТРА ВАСИЉЕВИЋА БР. 15	Трмбас	ПЕТРА ВАСИЉЕВИЋА БР. 15	43.981339	20.951307	objekat
Крагујевац	116	МЗ ТЕФЕРИЧ - ОБЈЕКАТ "РЕСТОРАН САЛА СИМОНИДА"	Крагујевац, ДАРОСАВСКА БР. 1	Крагујевац	ДАРОСАВСКА БР. 1	43.995191	20.949075	objekat
Крагујевац	117	МЗ БУКОРОВАЦ - ОШ "ВУК СТЕФАНОВИЋ КАРАЏИЋ"	Букоровац, БЕШЊАЈСКИ ПУТ БР. 65	Букоровац	БЕШЊАЈСКИ ПУТ БР. 65	43.989370	21.001607	objekat
Крагујевац	118	МЗ ЈАБУЧЈЕ - ДОМ КУЛТУРЕ	Јабучје, КУЛИЗАНСКА БР. 38	Јабучје	КУЛИЗАНСКА БР. 38	43.998065	20.990556	objekat
Крагујевац	119	МЗ ВЕЛИКА СУГУБИНА ДОМ КУЛТУРЕ	Велика Сугубина, СУГУБИНСКА БР. 125	Велика Сугубина	СУГУБИНСКА БР. 125	43.945617	21.042686	objekat
Крагујевац	120	МЗ ГОРЊА САБАНТА - ДОМ КУЛТУРЕ	Горња Сабанта, САБАНАЧКА БР. 212	Горња Сабанта	САБАНАЧКА БР. 212	43.941118	21.004190	objekat
Крагујевац	121	МЗ ДУЛЕНЕ - МЕСНА ЗАЈЕДНИЦА	Дулене, ДОБРОСЕЛСКА БР. 11	Дулене	ДОБРОСЕЛСКА БР. 11	43.868532	20.950171	objekat
Крагујевац	122	МЗ ВЕЛИКЕ ПЧЕЛИЦЕ - МЕСНА КАНЦЕЛАРИЈА	Велике Пчелице, СРЕДЊОСЕЛСКА БР. 56	Велике Пчелице	СРЕДЊОСЕЛСКА БР. 56	43.900192	20.975966	objekat
Крагујевац	123	МЗ ВЕЛИКЕ ПЧЕЛИЦЕ - ОБЈЕКАТ СТАРА ПРОДАВНИЦА	Велике Пчелице, ДУБРАВА БР. 70	Велике Пчелице	ДУБРАВА БР. 70	43.894527	21.004575	objekat
Крагујевац	124	МЗ ДОЊА САБАНТА - ДОМ КУЛТУРЕ	Доња Сабанта, САБАНАЧКА БР. 61	Доња Сабанта	САБАНАЧКА БР. 61	43.953734	20.964481	objekat
Крагујевац	125	МЗ РЕСНИК - ОШ "СРЕТЕН МЛАДЕНОВИЋ"	Ресник, МИЛАТОВАЧКА БР. 36	Ресник	МИЛАТОВАЧКА БР. 36	44.110486	20.939199	objekat
Крагујевац	126	МЗ РЕСНИК - ОШ "СРЕТЕН МЛАДЕНОВИЋ"	Ресник, МИЛАТОВАЧКА БР. 36	Ресник	МИЛАТОВАЧКА БР. 36	44.110486	20.939199	objekat
Крагујевац	127	МЗ ЦВЕТОЈЕВАЦ - МЕСНА ЗАЈЕДНИЦА	Цветојевац, ЕРСКА БР. 31	Цветојевац	ЕРСКА БР. 31	44.071404	20.975811	objekat
Крагујевац	128	МЗ ОПОРНИЦА - ОШ "СРЕТЕН МЛАДЕНОВИЋ"	Опорница, ВЛАДИСЛАВА СЛАВКОВИЋА БР. 79	Опорница	ВЛАДИСЛАВА СЛАВКОВИЋА БР. 79	44.056144	20.880214	objekat
Крагујевац	129	МЗ ДЕСИМИРОВАЦ - ОШ "СРЕТЕН МЛАДЕНОВИЋ"	Десимировац, ЦАРА ДУШАНА НЕМАЊИЋА БР. 83	Десимировац	ЦАРА ДУШАНА НЕМАЊИЋА БР. 83	44.072832	20.875062	objekat
Крагујевац	130	МЗ ДЕСИМИРОВАЦ - ЛОВАЧКИ ДОм	Десимировац, СВЕТЕ НЕДЕЉЕ БР.2 Г	Десимировац	СВЕТЕ НЕДЕЉЕ БР.2 Г	44.077213	20.880912	objekat
Крагујевац	131	МЗ ДЕСИМИРОВАЦ - ОШ "СРЕТЕН МЛАДЕНОВИЋ"	Десимировац, ЦАРА ДУШАНА НЕМАЊИЋА БР. 83	Десимировац	ЦАРА ДУШАНА НЕМАЊИЋА БР. 83	44.072832	20.875062	objekat
Крагујевац	132	МЗ РОГОЈЕВАЦ - МЕСНА КАНЦЕЛАРИЈА	Рогојевац, СВЕТЕ ПЕТКЕ БР. 2	Рогојевац	СВЕТЕ ПЕТКЕ БР. 2	44.040084	20.746673	objekat
Крагујевац	133	МЗ КУТЛОВО - дом КУЛТУРЕ	Кутлово, ГОРЊОМИЛАНОВАЧКА БР. 638	Кутлово	ГОРЊОМИЛАНОВАЧКА БР. 638	44.046489	20.761573	objekat
Крагујевац	134	МЗ ГОРЊЕ ГРБИЦЕ - ОМЛАДИНСКИ дом	Горње Грбице, ГРБИЧКА БР. 71	Горње Грбице	ГРБИЧКА БР. 71	44.079565	20.795454	objekat
Крагујевац	135	МЗ ДОЊЕ ГРБИЦЕ - СЕОСКИ ДОМ	Доње Грбице, ГРАДИНСКА БР.1	Доње Грбице	ГРАДИНСКА БР.1	44.067015	20.795435	objekat
Крагујевац	136	МЗ ДОЊЕ ГРБИЦЕ - КУЋА ЖЕЉКА РАДИСАВЉЕВИЋА	Доње Грбице, ШКОЛСКА БР. 18	Доње Грбице	ШКОЛСКА БР. 18	44.071985	20.788161	objekat
Крагујевац	137	МЗ СЕЛИШТЕ - ОШ "СВЕТИ САВА"	Доње Грбице, ГРБИЧКИ ПОТОК БР. 29	Доње Грбице	ГРБИЧКИ ПОТОК БР. 29	44.075941	20.813445	objekat
Крагујевац	138	МЗ МАСЛОШЕВО - ОШ "ЈУЛИЈАНА ЋАТИЋ"	Маслошево, МАСЛОШЕВАЧКА БР. 56	Маслошево	МАСЛОШЕВАЧКА БР. 56	44.178641	20.653595	objekat
Крагујевац	139	МЗ ВЛАКЧА - ДОМ КУЛТУРЕ	Влакча, ВЛАКЧАНСКИХ ХЕРОЈА БР. 15	Влакча	ВЛАКЧАНСКИХ ХЕРОЈА БР. 15	44.151450	20.709366	objekat
Крагујевац	140	МЗ ДОБРАЧА - ОШ "21. ОКТОБАР"	Добрача, ВОЈВОДЕ ЈОВЕ ДОБРАЧЕ БР. 58	Добрача	ВОЈВОДЕ ЈОВЕ ДОБРАЧЕ БР. 58	44.072040	20.704984	objekat
Крагујевац	141	МЗ КАМЕНИЦА МЕСНА КАНЦЕЛАРИЈА	Каменица, МИЛИЋА ЂОРЂЕВИЋА БР. 44	Каменица	МИЛИЋА ЂОРЂЕВИЋА БР. 44	44.064565	20.652262	objekat
Крагујевац	142	МЗ УГЉАРЕВАЦ - СЕОСКИ ДОМ	Угљаревац, АЛЕКСАНДРА МИЛОШЕВИЋА БР. 128	Угљаревац	АЛЕКСАНДРА МИЛОШЕВИЋА БР. 128	44.098938	20.689960	objekat
Крагујевац	143	МЗ РАМАЋА - СЕОСКИ дом	Рамаћа, КУМАНИЦА БР. 1	Рамаћа	КУМАНИЦА БР. 1	44.092215	20.671038	objekat
Крагујевац	144	МЗ МАЛА ВРБИЦА - ДОМ КУЛТУРЕ	Мала Врбица, ВРБИЧКА БР. 25	Мала Врбица	ВРБИЧКА БР. 25	44.088944	20.721803	objekat
Крагујевац	145	МЗ ВЕЛИКИ ШЕЊ - ОШ "ПРОТА СТЕВАН ПОПОВИЋ"	Велики Шењ, СТУДЕНАЧКА БР. 17	Велики Шењ	СТУДЕНАЧКА БР. 17	44.106233	20.725114	objekat
Крагујевац	146	МЗ ГОРЊЕ ЈАРУШИЦЕ - ДОМ КУЛТУРЕ	Горње Јарушице, КАРАЂОРЂЕВА БР. 74	Горње Јарушице	КАРАЂОРЂЕВА БР. 74	44.150848	20.855387	objekat
Крагујевац	147	МЗ ЦЕРОВАЦ - ОШ "СРЕТЕН МЛАДЕНОВИЋ"	Церовац, СВЕТОГ НИКОЛЕ БР. 49A	Церовац	СВЕТОГ НИКОЛЕ БР. 49A	44.096121	20.849017	objekat
Крагујевац	148	МЗ ПАЈАЗИТОВОДОМ КУЛТУРЕ	Пајазитово, БРДСКА БР. 12	Пајазитово	БРДСКА БР. 12	44.100937	20.772844	objekat
Крагујевац	149	МЗ ЛУЖНИЦЕ - ОШ "СРЕТЕН МЛАДЕНОВИЋ"	Лужнице, РАТАРСКА БР. 97	Лужнице	РАТАРСКА БР. 97	44.107188	20.814605	objekat
Крагујевац	150	МЗ ДРАГОБРАЋА - ДОМ КУЛТУРЕ	Драгобраћа, КРАЉЕВАЧКОГ БАТАЉОНА БР. 357	Драгобраћа	КРАЉЕВАЧКОГ БАТАЉОНА БР. 357	43.975769	20.820694	objekat
Крагујевац	151	МЗ ДРАГОБРАЋА - ДОМ КУЛТУРЕ	Ђурисело, БОРАЧКИ ПУТ БР. 62	Ђурисело	БОРАЧКИ ПУТ БР. 62	43.979239	20.805713	objekat
Крагујевац	152	МЗ ДРАГОБРАЋА - ОШ „МИЛОЈЕ СИМОВИЋ"	Голочело, ЛЕПЕНИЧКО ВРЕЛО БР.З	Голочело	ЛЕПЕНИЧКО ВРЕЛО БР.З	43.957423	20.792428	ulica
Крагујевац	153	МЗ ДРЕНОВАЦ - ОШ „МИЛОЈЕ СИМОВИЋ"	Дреновац, ПРЕСВЕТЕ БОГОРОДИЦЕ БР. 21	Дреновац	ПРЕСВЕТЕ БОГОРОДИЦЕ БР. 21	43.999082	20.801516	objekat
Крагујевац	154	МЗ ДРАЧА - Дом КУЛТУРЕ	Драча, Професора Владимира Вељовића БР. 4	Драча	Професора Владимира Вељовића БР. 4	44.032193	20.812808	objekat
Крагујевац	155	МЗ ПИВАРА - ДОМ ЗДРАВЉА - ОГРАНАК БРЕСНИЦА	Крагујевац, ЧЕГАРСКА БР. 62	Крагујевац	ЧЕГАРСКА БР. 62	43.996763	20.928355	objekat
Крагујевац	156	МЗ НАРОДНИ ХЕРОЈ ФИЛИП КЉАЈИЋ - ОШ "ВУК СТЕФАНОВИЋ КАРАЏИЋ"	Крагујевац, ЧЕГАРСКА БР. 3	Крагујевац	ЧЕГАРСКА БР. 3	44.000300	20.928262	objekat
Крагујевац	157	МЗ БРЕСНИЦА III - "РАКИНА КАФАНА"	Крагујевац, ДУШАНА СРЕЗОЈЕВИЋА БР. 1	Крагујевац	ДУШАНА СРЕЗОЈЕВИЋА БР. 1	43.998311	20.942619	objekat
Крагујевац	158	МЗ БРЕСНИЦА III - МЕСНА ЗАЈЕДНИЦА	Крагујевац, ДР ЖИВКА ТОПАЛОВИЋА БР. 2	Крагујевац	ДР ЖИВКА ТОПАЛОВИЋА БР. 2	44.002795	20.935381	objekat
Крагујевац	159	МЗ АЕРОДРОМ - ош "МИРКО ЈОВАНОВИЋ"	Крагујевац, НЕЗНАНОГ ЈУНАКА БР. 8	Крагујевац	НЕЗНАНОГ ЈУНАКА БР. 8	44.029890	20.907881	objekat
Крагујевац	160	МЗ УГЉЕШНИЦА - ОШ "МИРКО ЈОВАНОВИЋ"	Крагујевац, НЕЗНАНОГ ЈУНАКА БР. 8	Крагујевац	НЕЗНАНОГ ЈУНАКА БР. 8	44.029890	20.907881	objekat
Крагујевац	161	МЗ ПАЛИЛУЛА - ОШ "З. КРАГУЈЕВАЧКИ БАТАЉОН"	Крагујевац, ЈЕСЕЊИНОВА БР. 17	Крагујевац	ЈЕСЕЊИНОВА БР. 17	44.004981	20.896806	objekat
Крагујевац	162	МЗ ВИНОГРАДИ - ОШ "СВЕТИ САВА"	Крагујевац, БУКУРЕШКА БР. 38	Крагујевац	БУКУРЕШКА БР. 38	44.031053	20.897459	objekat
Крагујевац	163	МЗ ШУМАРИЦЕ - МЕСНА ЗАЈЕДНИЦА	Крагујевац, ГОРЊОМИЛАНОВАЧКА БР. 47	Крагујевац	ГОРЊОМИЛАНОВАЧКА БР. 47	44.025222	20.861422	objekat
Крагујевац	164	МЗ ЕРДОГЛИЈА - МЕСНА ЗАЈЕДНИЦА	Крагујевац, КРАЉА АЛЕКСАНДРА КАРАЂОРЂЕВИЋА БР. 56	Крагујевац	КРАЉА АЛЕКСАНДРА КАРАЂОРЂЕВИЋА БР. 56	44.013000	20.911237	objekat
Крагујевац	165	МЗ МАРШИЋ - ОШ "19. ОКТОБАР"	Маршић, ДР ДРАГИШЕ МИШОВИЋА БР.36	Маршић	ДР ДРАГИШЕ МИШОВИЋА БР.36	44.027498	20.972469	ulica
Крагујевац	166	МЗ СТАРА РАДНИЧКА КОЛОНИЈА - ОШ "СТАНИСЛАВ СРЕМЧЕВИЋ"	Крагујевац, ЛАЗЕ МАРИНКОВИЋА БР. 54	Крагујевац	ЛАЗЕ МАРИНКОВИЋА БР. 54	44.011039	20.895317	objekat
Крагујевац	167	МЗ АЏИНЕ ЛИВАДЕ - ОШ "НАТАЛИЈА НАНА НЕДЕЉКОВИЋ"	Аџине Ливаде, АЏИНСКИ ПУТ БР.47	Аџине Ливаде	АЏИНСКИ ПУТ БР.47	43.899257	20.865511	objekat
Крагујевац	168	МЗ ПРЕКОПЕЧА - ДОМ КУЛТУРЕ	Прекопеча, ВЛАДЕ МОРНАРА БР.33	Прекопеча	ВЛАДЕ МОРНАРА БР.33	44.043034	20.782899	ulica
Крагујевац	169	МЗ ЦЕНТАР ГРАДА - ОШ "РАДОЈЕ ДОМАНОВИЋ"	Крагујевац, СВЕТОЗАРА МАРКОВИЋА БР. 13	Крагујевац	СВЕТОЗАРА МАРКОВИЋА БР. 13	44.013572	20.914854	objekat
Крагујевац	170	МЗ ЕРДОГЛИЈА - ПОСЛОВНИ ПРОСТОР У JABHOJ СВОЈИНИ	Крагујевац, ВОЈЕ РАДИЋА БР. 3/3	Крагујевац	ВОЈЕ РАДИЋА БР. 3/3	44.012829	20.893115	ulica
Крагујевац	171	МЗ ЕРДЕЧ - ОШ "ДОСИТЕЈ ОБРАДОВИЋ"	Крагујевац, ПАРТИЗАНСКИХ КУРИРА БР. 83Г	Крагујевац	ПАРТИЗАНСКИХ КУРИРА БР. 83Г	43.982881	20.892190	objekat
Крагујевац	172	МЗ ДЕНИНО БРДООШ "СВЕТИ САВА"	Денино Брдо, БУКУРЕШКА БР. 38	Денино Брдо	БУКУРЕШКА БР. 38	44.035531	20.895419	ulica
Крагујевац	173	МЗ СТАРА РАДНИЧКА КОЛОНИЈА - ОШ "СТАНИСЛАВ СРЕМЧЕВИЋ"	Крагујевац, ЛАЗЕ МАРИНКОВИЋА БР. 54	Крагујевац	ЛАЗЕ МАРИНКОВИЋА БР. 54	44.011039	20.895317	objekat
Крагујевац	174	МЗ СТАНОВО - ОШ "ДРАГИША МИХАЈЛОВИЋ"	Крагујевац, РАДОВАНА МИЋОВИЋА БР. 53	Крагујевац	РАДОВАНА МИЋОВИЋА БР. 53	44.006389	20.871865	objekat
Краљево	1	ФАКУЛТЕТ ЗА МАШИНСТВО И ГРАЂЕВИНИРСТВО	КРАЉЕВО, ДОСИТЕЈЕВА БР. 314	КРАЉЕВО	ДОСИТЕЈЕВА БР. 314	43.728277	20.731801	objekat
Краљево	2	ОСНОВНА ШКОЛА "ЈОВО КУРСУЛА"	КРАЉЕВО, ДОСИТЕЈЕВА БР. 136	КРАЉЕВО	ДОСИТЕЈЕВА БР. 136	43.725009	20.704964	objekat
Краљево	3	ЕЛЕКТРО-САОБРАЋАЈНО ТЕХНИЧКА ШКОЛА "НИКОЛА ТЕСЛА"	КРАЉЕВО, ДОСИТЕЈЕВА 445	КРАЉЕВО	ДОСИТЕЈЕВА 445	43.730132	20.736600	ulica
Краљево	4	ЈКП "ВОДОВОД" - МАЛА САЛА	КРАЉЕВО, ДОСИТЕЈЕВА 5	КРАЉЕВО	ДОСИТЕЈЕВА 5	43.725881	20.697153	objekat
Краљево	5	ОСНОВНА ШКОЛА "ДИМИТРИЈЕ ТУЦОВИЋ"	КРАЉЕВО, ДОСИТЕЈЕВА 5	КРАЉЕВО	ДОСИТЕЈЕВА 5	43.725881	20.697153	objekat
Краљево	6	ОСНОВНА ШКОЛА "ДИМИТРИЈЕ ТУЦОВИЋ"	КРАЉЕВО, ДИМИТРИЈА ТУЦОВИЋА БР. 21	КРАЉЕВО	ДИМИТРИЈА ТУЦОВИЋА БР. 21	43.716015	20.561954	objekat
Краљево	7	САВЕЗ ГЛУВИХ И НАГЛУВИХ	КРАЉЕВО, МОШЕ ПИЈАДЕ 26A	КРАЉЕВО	МОШЕ ПИЈАДЕ 26A	43.726906	20.695696	objekat
Краљево	8	ЦЕНТАР ЗА СОЦИЈАЛНИ РАД	КРАЉЕВО, 27. МАРТ БР. 2	КРАЉЕВО	27. МАРТ БР. 2	43.720408	20.694193	objekat
Краљево	9	РЕПУБЛИЧКИ ЗАВОД ЗА ЗДРАВСТВЕНО ОСИГУРАЊЕ - ФИЛИЈАЛА ЗА РАШКИ ОКРУГ	КРАЉЕВО, ВОЈВОДЕ ПУТНИКА БР. 5	КРАЉЕВО	ВОЈВОДЕ ПУТНИКА БР. 5	43.723000	20.692877	objekat
Краљево	10	ОСНОВНИ СУД	КРАЉЕВО, ПЉАКИНА БР. 4	КРАЉЕВО	ПЉАКИНА БР. 4	43.686323	20.874201	objekat
Краљево	11	ОСНОВНА ШКОЛА "ЧЕТВРТИ КРАЉЕВАЧКИ БАТАЉОН"	КРАЉЕВО, ОЛГЕ ЈОВИЧИЋ РИТЕ БР. 1	КРАЉЕВО	ОЛГЕ ЈОВИЧИЋ РИТЕ БР. 1	43.725757	20.683838	objekat
Краљево	12	"ДУНАВ ОСИГУРАЊЕ" - ГЛАВНА ФИЛИЈАЛА КРАЉЕВО	КРАЉЕВО, ОКТОБАРСКИХ ЖРТАВА БР. 14	КРАЉЕВО	ОКТОБАРСКИХ ЖРТАВА БР. 14	43.725319	20.689023	objekat
Краљево	13	ОСНОВНА ШКОЛА "СВЕТОЗАР МАРКОВИЋ"	КРАЉЕВО, ЦАРА ДУШАНА БР. 2	КРАЉЕВО	ЦАРА ДУШАНА БР. 2	43.726591	20.684277	objekat
Краљево	14	ЖЕЛЕЗНИЧКА ЛОЖИОНИЦА	КРАЉЕВО, ИНДУСТРИЈСКА ББ	КРАЉЕВО	ИНДУСТРИЈСКА ББ	43.729177	20.693375	ulica
Краљево	15	ОСНОВНА ШКОЛА "БРАЋА ВИЛОТИЈЕВИЋ"	КРАЉЕВО, ЈОВАНА ДЕРОКА БР. 2	КРАЉЕВО	ЈОВАНА ДЕРОКА БР. 2	43.701023	20.736216	objekat
Краљево	16	КУД "АБРАШЕВИЋ" (ДО ВАТРОГАСНОГ ДОМА)	КРАЉЕВО, ВОЈВОДЕ СТЕПЕ БР. 8	КРАЉЕВО	ВОЈВОДЕ СТЕПЕ БР. 8	43.727830	20.682129	objekat
Краљево	17	ВРТИЋ „ПОЛЕТАРАЦ"	КРАЉЕВО, КАРАЂОРЂЕВА БР. 11	КРАЉЕВО	КАРАЂОРЂЕВА БР. 11	43.804792	20.784152	objekat
Краљево	18	ЗДРАВСТВЕНА СТАНИЦА "ЖЕНЕВА"	КРАЉЕВО, ГЛАВАШЕВА ББ	КРАЉЕВО	ГЛАВАШЕВА ББ	43.726450	20.678213	ulica
Краљево	19	ВРТИЋ "РАТАРСКА КАПИЈА"	КРАЉЕВО, ЈОВАНА ДЕРОКА БР. 73	КРАЉЕВО	ЈОВАНА ДЕРОКА БР. 73	43.729333	20.669986	objekat
Краљево	20	ОСНОВНА ШКОЛА "ЧИБУКОВАЧКИ ПАРТИЗАНИ"	КРАЉЕВО, КАРАЂОРЂЕВА БР. 108	КРАЉЕВО	КАРАЂОРЂЕВА БР. 108	43.726105	20.671376	objekat
Краљево	21	ПОШТА 6 - КРАЉЕВО	КРАЉЕВО, ЈОВАНА ДЕРОКА 6	КРАЉЕВО	ЈОВАНА ДЕРОКА 6	43.730500	20.663133	objekat
Краљево	22	ШУМАРСКА ШКОЛА	КРАЉЕВО, КАРАЂОРЂЕВА БР. 262	КРАЉЕВО	КАРАЂОРЂЕВА БР. 262	43.723630	20.650824	objekat
Краљево	23	ПРЕДУЗЕЋЕ ЗА ПУТЕВЕ НОВИ ПАЗАР - СЕКЦИЈА КРАЉЕВО	ЧИБУКОВАЦ, ЧИБУКОВАЦ ББ	ЧИБУКОВАЦ	ЧИБУКОВАЦ ББ	43.721345	20.628910	naselje
Краљево	24	ВРТИЋ "ПЕТАР ПАН"	КРАЉЕВО, СОЛУНСКИХ РАТНИКА БР. 1	КРАЉЕВО	СОЛУНСКИХ РАТНИКА БР. 1	43.735295	20.675052	objekat
Краљево	25	ОСНОВНА ШКОЛА	ГРДИЦА, ГРДИЦА	ГРДИЦА	ГРДИЦА	43.742166	20.685036	naselje
Краљево	26	ВРТИЋ "БАМБИ"	КРАЉЕВО, ШОЛАЈИНА ББ	КРАЉЕВО	ШОЛАЈИНА ББ	43.715469	20.684008	ulica
Краљево	27	ОСНОВНА ШКОЛА „СВЕТИ САВА"	КРАЉЕВО, ЗМАЈ ЈОВИНА БР. 1	КРАЉЕВО	ЗМАЈ ЈОВИНА БР. 1	43.715319	20.689308	objekat
Краљево	28	КУЛТУРНИ ЦЕНТАР РИБНИЦА	КРАЉЕВО, ИЗЛЕТНИЧКА БР. 2	КРАЉЕВО	ИЗЛЕТНИЧКА БР. 2	43.710823	20.692109	objekat
Краљево	29	ОСНОВНА ШКОЛА "ВУК КАРАЏИЋ"	КРАЉЕВО, ИЗЛЕТНИЧКА 10	КРАЉЕВО	ИЗЛЕТНИЧКА 10	43.709498	20.690550	objekat
Краљево	30	ФК "КАРАЂОРЂЕ" НА БУЊАЧКОМ БРДУ	КРАЉЕВО, ЗМАЈЕВАЧКА ББ	КРАЉЕВО	ЗМАЈЕВАЧКА ББ	43.692007	20.685299	ulica
Краљево	31	ВРТИЋ "ЗВЕЗДАНИ ГАЈ"	КРАЉЕВО, ИЗЛЕТНИЧКА ББ	КРАЉЕВО	ИЗЛЕТНИЧКА ББ	43.708897	20.691037	ulica
Краљево	32	ОСНОВНА ШКОЛА	ШУМАРИЦЕ, ШУМАРИЦЕ	ШУМАРИЦЕ	ШУМАРИЦЕ	43.726403	20.760357	drugo:railway
Краљево	33	ОСНОВНА ШКОЛА	ВИТАНОВАЦ, ВИТАНОВАЦ	ВИТАНОВАЦ	ВИТАНОВАЦ	43.727067	20.801584	drugo:railway
Краљево	34	ОСНОВНА ШКОЛА	МИЛАВЧИЋИ, МИЛАВЧИЋИ	МИЛАВЧИЋИ	МИЛАВЧИЋИ	43.760698	20.805583	drugo:railway
Краљево	35	МЕСНА ЗАЈЕДНИЦА	ВИТКОВАЦ, ВИТКОВАЦ	ВИТКОВАЦ	ВИТКОВАЦ	43.795058	20.731019	ulica
Краљево	36	ОСНОВНА ШКОЛА	ПЕЧЕНОГ, ПЕЧЕНОГ	ПЕЧЕНОГ	ПЕЧЕНОГ	43.778748	20.795265	naselje
Краљево	37	МЕСНА ЗАЈЕДНИЦА	МИЛАКОВАЦ, МИЛАКОВАЦ	МИЛАКОВАЦ	МИЛАКОВАЦ	43.782896	20.813454	naselje
Краљево	38	ДОМ	ПЕТРОПОЉЕ, ПЕТРОПОЉЕ	ПЕТРОПОЉЕ	ПЕТРОПОЉЕ	43.826376	20.816778	naselje
Краљево	39	ОСНОВНА ШКОЛА	ЧУКОЈЕВАЦ, ЧУКОЈЕВАЦ	ЧУКОЈЕВАЦ	ЧУКОЈЕВАЦ	43.715626	20.828896	objekat
Краљево	40	НОВА ОСНОВНА ШКОЛА	СТУБАЛ, СТУБАЛ	СТУБАЛ	СТУБАЛ	43.691079	20.873485	naselje
Краљево	41	МЕСНА ЗАЈЕДНИЦА	ЛЕШЕВО, ЛЕШЕВО	ЛЕШЕВО	ЛЕШЕВО	43.730949	20.890699	naselje
Краљево	42	ДОМ	РАВАНИЦА, РАВАНИЦА	РАВАНИЦА	РАВАНИЦА	43.746402	20.882845	naselje
Краљево	43	ОСНОВНА ШКОЛА	ГОДАЧИЦА, ГОДАЧИЦА	ГОДАЧИЦА	ГОДАЧИЦА	43.781351	20.856497	naselje
Краљево	44	ОСНОВНА ШКОЛА	ГЛЕДИЋ, ГЛЕДИЋ	ГЛЕДИЋ	ГЛЕДИЋ	43.828201	20.878495	naselje
Краљево	45	ДОМ КУЛТУРЕ	КОВАНЛУК, КОВАНЛУК	КОВАНЛУК	КОВАНЛУК	43.709715	20.712346	drugo:landuse
Краљево	46	ОСНОВНА ШКОЛА	РАТИНА, РАТИНА	РАТИНА	РАТИНА	43.702354	20.749956	objekat
Краљево	47	ОСНОВНА ШКОЛА	РАТИНА, РАТИНА	РАТИНА	РАТИНА	43.702354	20.749956	objekat
Краљево	48	ДОМ КУЛТУРЕ	ВРБА, ВРБА	ВРБА	ВРБА	43.685903	20.773486	ulica
Краљево	49	ФК "ПАРТИЗАН"	ВРБА, ВРБА	ВРБА	ВРБА	43.685903	20.773486	ulica
Краљево	50	ДОМ	ДРАГОСИЊЦИ, ДРАГОСИЊЦИ	ДРАГОСИЊЦИ	ДРАГОСИЊЦИ	43.667584	20.727441	ulica
Краљево	51	ДОМ	МЕТИКОШ, МЕТИКОШ	МЕТИКОШ	МЕТИКОШ	43.680479	20.716497	naselje
Краљево	52	ОСНОВНА ШКОЛА	БЕРАНОВАЦ, БЕРАНОВАЦ	БЕРАНОВАЦ	БЕРАНОВАЦ	43.704383	20.701671	objekat
Краљево	53	ОСНОВНА ШКОЛА	КАМЕНИЦА, КАМЕНИЦА	КАМЕНИЦА	КАМЕНИЦА	43.590382	20.695504	drugo:waterway
Краљево	54	ОСНОВНА ШКОЛА "ЈОВАН ЦВИЈИЋ"	СИРЧА, СИРЧА	СИРЧА	СИРЧА	43.746432	20.721143	objekat
Краљево	55	ДОМ	ОПЛАНИЋИ, ОПЛАНИЋИ	ОПЛАНИЋИ	ОПЛАНИЋИ	43.751774	20.704471	objekat
Краљево	56	ОСНОВНА ШКОЛА	ПОПОВИЋИ, ПОПОВИЋИ	ПОПОВИЋИ	ПОПОВИЋИ	43.783451	20.664169	objekat
Краљево	57	МЕСНА ЗАЈЕДНИЦА	МИЛОЧАЈ, МИЛОЧАЈ	МИЛОЧАЈ	МИЛОЧАЈ	43.792554	20.624142	ulica
Краљево	58	ОСНОВНА ШКОЛА	ЦВЕТКЕ, ЦВЕТКЕ	ЦВЕТКЕ	ЦВЕТКЕ	43.819035	20.663851	objekat
Краљево	59	ОСНОВНА ШКОЛА	ОБРВА, ОБРВА	ОБРВА	ОБРВА	43.798967	20.590499	objekat
Краљево	60	ОСНОВНА ШКОЛА	ЛАЂЕВЦИ, ЛАЂЕВЦИ	ЛАЂЕВЦИ	ЛАЂЕВЦИ	43.816541	20.610879	objekat
Краљево	61	ОСНОВНА ШКОЛА	ТАВНИК, ТАВНИК	ТАВНИК	ТАВНИК	43.830690	20.593094	ulica
Краљево	62	ДОМ ДРУШТВЕНИХ ОРГАНИЗАЦИЈА	МРСАЋ, МРСАЋ	МРСАЋ	МРСАЋ	43.769168	20.593532	drugo:railway
Краљево	63	ЗАДРУЖНИ ДОМ	САМАИЛА, САМАИЛА	САМАИЛА	САМАИЛА	43.777676	20.559474	drugo:railway
Краљево	64	ЗАДРУЖНИ ДОМ	БУКОВИЦА, БУКОВИЦА	БУКОВИЦА	БУКОВИЦА	43.736330	20.534051	naselje
Краљево	65	ЗАДРУЖНИ ДОМ	ЛАЗАЦ, ЛАЗАЦ	ЛАЗАЦ	ЛАЗАЦ	43.734136	20.470353	naselje
Краљево	66	БИВШЕ ПРЕДУЗЕЋЕ "ПУТЕВИ" УЖИЦЕ - ГИР Д.О.О	АДРАНИ, АДРАНИ	АДРАНИ	АДРАНИ	43.765248	20.656782	ulica
Краљево	67	ОСНОВНА ШКОЛА	АДРАНИ, АДРАНИ	АДРАНИ	АДРАНИ	43.757250	20.656052	objekat
Краљево	68	ОСНОВНА ШКОЛА	РОЋЕВИЋИ, РОЋЕВИЋИ	РОЋЕВИЋИ	РОЋЕВИЋИ	43.706330	20.497577	objekat
Краљево	69	ДОМ	ВРДИЛА, ВРДИЛА	ВРДИЛА	ВРДИЛА	43.713599	20.567462	objekat
Краљево	70	ОСНОВНА ШКОЛА	ДРАКЧИЋИ, ДРАКЧИЋИ	ДРАКЧИЋИ	ДРАКЧИЋИ	43.733183	20.598173	objekat
Краљево	71	ОСНОВНА ШКОЛА	ЈАРЧУЈАК, ЈАРЧУЈАК	ЈАРЧУЈАК	ЈАРЧУЈАК	43.743333	20.626944	naselje
Краљево	72	ОСНОВНА ШКОЛА	ЈАРЧУЈАК, ЈАРЧУЈАК	ЈАРЧУЈАК	ЈАРЧУЈАК	43.743333	20.626944	naselje
Краљево	73	ДОМ	КОВАЧИ, КОВАЧИ	КОВАЧИ	КОВАЧИ	43.404350	20.718887	ulica
Краљево	74	ПРОСТОР-ПОСЛОВНИ РЕСТОРАН „ВОЖД"	КРАЉЕВО, ЖИЧКА 36	КРАЉЕВО	ЖИЧКА 36	43.784426	20.633202	objekat
Краљево	75	ОСНОВНА ШКОЛА	ЖИЧА, ЖИЧА	ЖИЧА	ЖИЧА	43.695591	20.645923	objekat
Краљево	76	ОСНОВНА ШКОЛА	ЖИЧА, ЖИЧА	ЖИЧА	ЖИЧА	43.695591	20.645923	objekat
Краљево	77	ОСНОВНА ШКОЛА	ЖИЧА, ЖИЧА	ЖИЧА	ЖИЧА	43.695591	20.645923	objekat
Краљево	78	МЕСНА ЗАЈЕДНИЦА	МАТАРУШКА БАЊА, ЖИЧКА ББ	МАТАРУШКА БАЊА	ЖИЧКА ББ	43.689956	20.615225	ulica
Краљево	79	ОСНОВНА ШКОЛА	МАТАРУГЕ, МАТАРУГЕ	МАТАРУГЕ	МАТАРУГЕ	43.684238	20.600170	objekat
Краљево	80	ОСНОВНА ШКОЛА	КОНАРЕВО, КОНАРЕВО	КОНАРЕВО	КОНАРЕВО	43.695664	20.591773	objekat
Краљево	81	МЕСНА ЗАЈЕДНИЦА	КОНАРЕВО, КОНАРЕВО	КОНАРЕВО	КОНАРЕВО	43.695664	20.591773	objekat
Краљево	82	ПОСЛОВНА ПРОСТОРИЈА ЉУБОМИРА ГОСПАВИЋ	КОНАРЕВО, КОНАРЕВО	КОНАРЕВО	КОНАРЕВО	43.695664	20.591773	objekat
Краљево	83	ДОМ	ПРОГОРЕЛИЦА, ПРОГОРЕЛИЦА	ПРОГОРЕЛИЦА	ПРОГОРЕЛИЦА	43.681350	20.572181	drugo:railway
Краљево	84	НОВА ШКОЛА	БОГУТОВАЦ, БОГУТОВАЦ	БОГУТОВАЦ	БОГУТОВАЦ	43.650102	20.554371	ulica
Краљево	85	ОСНОВНА ШКОЛА	ЛОПАТНИЦА, ЛОПАТНИЦА	ЛОПАТНИЦА	ЛОПАТНИЦА	43.678515	20.515495	drugo:waterway
Краљево	86	ДОМ	ТОЛИШНИЦА, ТОЛИШНИЦА	ТОЛИШНИЦА	ТОЛИШНИЦА	43.651352	20.438625	drugo:waterway
Краљево	87	КУЋА МИРОЉУПКЕ МИЛИЋЕВИЋ	БРЕСНИК, БРЕСНИК	БРЕСНИК	БРЕСНИК	43.572677	20.556273	naselje
Краљево	88	ОСНОВНА ШКОЛА	ПОЛУМИР, ПОЛУМИР	ПОЛУМИР	ПОЛУМИР	43.531215	20.607697	ulica
Краљево	89	ДОМ КУЛТУРЕ	УШЋЕ, 23. НОВЕМБАР БР. 12	УШЋЕ	23. НОВЕМБАР БР. 12	43.468313	20.617620	objekat
Краљево	90	МЕСНА ЗАЈЕДНИЦА	УШЋЕ, 23. НОВЕМБАР БР. 7	УШЋЕ	23. НОВЕМБАР БР. 7	43.468922	20.617999	objekat
Краљево	91	ПРОДАВНИЦА БАЛТИЋ ЉУБИШЕ НИКОЉАЧА	УШЋЕ, УШЋЕ	УШЋЕ	УШЋЕ	43.468205	20.617909	ulica
Краљево	92	ПУСТОПОЉЕ РАДА - КУЋА АЛЕКСИЋ	УШЋЕ, УШЋЕ	УШЋЕ	УШЋЕ	43.468205	20.617909	ulica
Краљево	93	ОСНОВНА ШКОЛА	БРЕЗОВА, БРЕЗОВА	БРЕЗОВА	БРЕЗОВА	43.493779	20.500488	naselje
Краљево	94	ПРОДАВНИЦА "ЦЕСТА"	ДОЛАЦ, ДОЛАЦ	ДОЛАЦ	ДОЛАЦ	43.464157	20.524735	naselje
Краљево	95	ОСНОВНА ШКОЛА	МЛАНЧА, МЛАНЧА	МЛАНЧА	МЛАНЧА	43.525802	20.400969	naselje
Краљево	96	ПОСЛОВНА ПРОСТОРИЈА ВЛ. МЛАДОМИР ИВАНОВИЋ	МИЛИЋЕ, МИЛИЋЕ	МИЛИЋЕ	МИЛИЋЕ	43.499787	20.448732	naselje
Краљево	97	ОСНОВНА ШКОЛА	РУДНО, РУДНО	РУДНО	РУДНО	43.414510	20.484296	objekat
Краљево	98	ОСНОВНА ШКОЛА	РЕКА, РЕКА	РЕКА	РЕКА	43.732762	20.600051	drugo:waterway
Краљево	99	ОСНОВНА ШКОЛА	БЗОВИК, БЗОВИК	БЗОВИК	БЗОВИК	43.428995	20.433960	naselje
Краљево	100	ОСНОВНА ШКОЛА	БОРОВО, БОРОВО	БОРОВО	БОРОВО	43.495242	20.733604	naselje
Краљево	101	ОСНОВНА ШКОЛА	МЕЂУРЕЧЈЕ, МЕЂУРЕЧЈЕ	МЕЂУРЕЧЈЕ	МЕЂУРЕЧЈЕ	43.497717	20.715902	naselje
Краљево	102	КУЋА ЧИНГЕЛИЋ ПЕТРА	БАРЕ, БАРЕ	БАРЕ	БАРЕ	43.444375	20.670323	ulica
Краљево	103	ОСНОВНА ШКОЛА	ЛОЗНО, ЛОЗНО	ЛОЗНО	ЛОЗНО	43.435798	20.662727	drugo:railway
Крупањ	1	ДОМ КУЛТУРЕ	БАЊЕВАЦ, БАЊЕВАЦ	БАЊЕВАЦ	БАЊЕВАЦ	44.352778	19.388611	naselje
Крупањ	2	ЕТНО КУЋА МИКА ЦВЕТИНОВИЋ	БАЊЕВАЦ, БАЊЕВАЦ	БАЊЕВАЦ	БАЊЕВАЦ	44.352778	19.388611	naselje
Крупањ	3	ОСНОВНА ШКОЛА	БЕЛА ЦРКВА, БЕЛА ЦРКВА	БЕЛА ЦРКВА	БЕЛА ЦРКВА	44.394004	19.479056	objekat
Крупањ	4	ОСНОВНА ШКОЛА	БОГОШТИЦА, БОГОШТИЦА	БОГОШТИЦА	БОГОШТИЦА	44.346171	19.389269	drugo:waterway
Крупањ	5	ОСНОВНА ШКОЛА	БРЕЗОВИЦЕ, БРЕЗОВИЦЕ	БРЕЗОВИЦЕ	БРЕЗОВИЦЕ	44.457222	19.449444	naselje
Крупањ	6	ОСНОВНА ШКОЛА	БРЕЗОВИЦЕ, БРЕЗОВИЦЕ	БРЕЗОВИЦЕ	БРЕЗОВИЦЕ	44.457222	19.449444	naselje
Крупањ	7	ОСНОВНА ШКОЛА	БРШТИЦА, БРШТИЦА	БРШТИЦА	БРШТИЦА	44.395000	19.335000	naselje
Крупањ	8	ОСНОВНА ШКОЛА	ВРБИЋ, ВРБИЋ	ВРБИЋ	ВРБИЋ	44.347222	19.454722	naselje
Крупањ	9	ОСНОВНА ШКОЛА	ДВОРСКА, ДВОРСКА	ДВОРСКА	ДВОРСКА	44.436944	19.378611	naselje
Крупањ	10	ЛОВАЧКА КУЋА	ДВОРСКА, ДВОРСКА	ДВОРСКА	ДВОРСКА	44.436944	19.378611	naselje
Крупањ	11	ОСНОВНА ШКОЛА	ЗАВЛАКА, ЗАВЛАКА	ЗАВЛАКА	ЗАВЛАКА	44.454853	19.483978	objekat
Крупањ	12	ОСНОВНА ШКОЛА	КОСТАЈНИК, КОСТАЈНИК	КОСТАЈНИК	КОСТАЈНИК	44.432500	19.299444	naselje
Крупањ	13	ОСНОВНА ШКОЛА	КРАСАВА, КРАСАВА	КРАСАВА	КРАСАВА	44.424040	19.417648	naselje
Крупањ	14	БИБЛИОТЕКА „ПОЛИТИКА"	КРУПАЊ, МАЧКОВ КАМЕН 3	КРУПАЊ	МАЧКОВ КАМЕН 3	44.363823	19.363066	objekat
Крупањ	15	ОСНОВНА ШКОЛА	ЛИКОДРА, ЛИКОДРА	ЛИКОДРА	ЛИКОДРА	44.397279	19.447704	naselje
Крупањ	16	ДОМ КУЛТУРЕ	ЛИПЕНОВИЋ, ЛИПЕНОВИЋ	ЛИПЕНОВИЋ	ЛИПЕНОВИЋ	44.375833	19.374167	naselje
Крупањ	17	ДОМ КУЛТУРЕ	МОЈКОВИЋ, МОЈКОВИЋ	МОЈКОВИЋ	МОЈКОВИЋ	44.446389	19.491667	naselje
Крупањ	18	ПРИВАТНА ЗГРАДА МАТИЋ МАРИНКА	МОЈКОВИЋ, МОЈКОВИЋ	МОЈКОВИЋ	МОЈКОВИЋ	44.446389	19.491667	naselje
Крупањ	19	ОСНОВНА ШКОЛА	ПЛАНИНА, ПЛАНИНА	ПЛАНИНА	ПЛАНИНА	44.345075	19.258015	naselje
Крупањ	20	МЕСНА ЗАЈЕДНИЦА РАВНАЈА	РАВНАЈА, РАВНАЈА	РАВНАЈА	РАВНАЈА	44.427500	19.510556	naselje
Крупањ	21	ОСНОВНА ШКОЛА	СТАВЕ, СТАВЕ	СТАВЕ	СТАВЕ	44.352983	19.488397	naselje
Крупањ	22	ОСНОВНА ШКОЛА	ТОЛИСАВАЦ, ТОЛИСАВАЦ	ТОЛИСАВАЦ	ТОЛИСАВАЦ	44.352778	19.435000	naselje
Крупањ	23	ПРИВАТНА КУЋА КНЕЖЕВИЋ БРАНКА	ТОЛИСАВАЦ, ТОЛИСАВАЦ	ТОЛИСАВАЦ	ТОЛИСАВАЦ	44.352778	19.435000	naselje
Крупањ	24	ОСНОВНА ШКОЛА	ТОМАЊ, ТОМАЊ	ТОМАЊ	ТОМАЊ	44.351111	19.368056	naselje
Крупањ	25	ОСНОВНА ШКОЛА	ЦВЕТУЉА, ЦВЕТУЉА	ЦВЕТУЉА	ЦВЕТУЉА	44.461115	19.538171	objekat
Крупањ	26	ОСНОВНА ШКОЛА	ЦЕРОВА, ЦЕРОВА	ЦЕРОВА	ЦЕРОВА	44.400833	19.378056	naselje
Крупањ	27	ПРИВАТНА КУЋА ПЕТРОВИЋ СНЕЖАНЕ	ЦЕРОВА, ЦЕРОВА	ЦЕРОВА	ЦЕРОВА	44.400833	19.378056	naselje
Крупањ	28	ОСНОВНА ШКОЛА	ШЉИВОВА, ШЉИВОВА	ШЉИВОВА	ШЉИВОВА	44.324722	19.437222	naselje
Крупањ	29	ОШ "БОРИВОЈЕ Ж. МИЛОЈЕВИЋ"	КРУПАЊ, РАДНИЧКА ББ	КРУПАЊ	РАДНИЧКА ББ	44.358560	19.368968	ulica
Крупањ	30	ДОМ ПЕНЗИОНЕРА	КРУПАЊ, МАРШАЛА ТИТА ББ	КРУПАЊ	МАРШАЛА ТИТА ББ	44.368828	19.358075	ulica
Крупањ	31	САЛА ЗА ВЕНЧАЊА ОПШТИНЕ КРУПАЊ	КРУПАЊ, МАРШАЛА ТИТА 2	КРУПАЊ	МАРШАЛА ТИТА 2	44.366077	19.362907	objekat
Крупањ	32	ШУМСКО ГАЗДИНСТВО „БОРАЊА"	КРУПАЊ, ВЛАДЕ ЗЕЧЕВИЋА 138A	КРУПАЊ	ВЛАДЕ ЗЕЧЕВИЋА 138A	44.363807	19.378825	ulica
Крушевац	1	ОШ "НАДА ПОПОВИЋ"	Крушевац, ЛОМНИЧКЕ БОРБЕ БР. 7	Крушевац	ЛОМНИЧКЕ БОРБЕ БР. 7	43.574999	21.339452	objekat
Крушевац	2	ОШ "НАДА ПОПОВИЋ"	Крушевац, ЛОМНИЧКЕ БОРБЕ БР. 7	Крушевац	ЛОМНИЧКЕ БОРБЕ БР. 7	43.574999	21.339452	objekat
Крушевац	3	КЛУБ ПЕНЗИОНЕРА У ПРВОЈ МЕСНОЈ ЗАЈЕДНИЦИ	Крушевац, ВИДОВДАНСКА БР. 132	Крушевац	ВИДОВДАНСКА БР. 132	43.578132	21.338178	objekat
Крушевац	4	ОШ "НАДА ПОПОВИЋ"	Крушевац, ЛОМНИЧКЕ БОРБЕ БР. 7	Крушевац	ЛОМНИЧКЕ БОРБЕ БР. 7	43.574999	21.339452	objekat
Крушевац	5	ОШ "НАДА ПОПОВИЋ"	Крушевац, ЛОМНИЧКЕ БОРБЕ БР. 7	Крушевац	ЛОМНИЧКЕ БОРБЕ БР. 7	43.574999	21.339452	objekat
Крушевац	6	МЗ "БИВОЉЕ"	Крушевац, БАЛКАНСКА БР.81	Крушевац	БАЛКАНСКА БР.81	43.586279	21.338735	objekat
Крушевац	7	МЗ "БИВОЉЕ"	Крушевац, БАЛКАНСКА БР.81	Крушевац	БАЛКАНСКА БР.81	43.586279	21.338735	objekat
Крушевац	8	ОШ "БРАНКО РАДИЧЕВИЋ"	Крушевац, БРАНКА РАДИЧЕВИЋА БР.12	Крушевац	БРАНКА РАДИЧЕВИЋА БР.12	43.581274	21.344205	objekat
Крушевац	9	ОШ "ЈОВАН ПОПОВИЋ"	Крушевац, БАЛКАНСКА БР.56	Крушевац	БАЛКАНСКА БР.56	43.583171	21.331374	objekat
Крушевац	10	ОШ "ЈОВАН ПОПОВИЋ"	Крушевац, БАЛКАНСКА БР.56	Крушевац	БАЛКАНСКА БР.56	43.583171	21.331374	objekat
Крушевац	11	ОШ "ЈОВАН ПОПОВИЋ"	Крушевац, БАЛКАНСКА БР.56	Крушевац	БАЛКАНСКА БР.56	43.583171	21.331374	objekat
Крушевац	12	ПРОСТОРИЈЕ САВЕЗА ГЛУВИХ	Крушевац, БРИЈАНОВА БР. 7	Крушевац	БРИЈАНОВА БР. 7	43.584036	21.327261	objekat
Крушевац	13	НАЦИОНАЛНА СЛУЖБА ЗА ЗАПОШЉАВАЊЕ	Крушевац, БАЛКАНСКА БР.33	Крушевац	БАЛКАНСКА БР.33	43.583631	21.328602	objekat
Крушевац	14	ГИМНАЗИЈА КРУШЕВАЦ	Крушевац, ТОПЛИЧИНА БР. 1	Крушевац	ТОПЛИЧИНА БР. 1	43.579727	21.328656	objekat
Крушевац	15	СПЕЦИЈАЛНА ОСНОВНА ШКОЛА	Крушевац, ЋИРИЛА И МЕТОДИЈА БР.17	Крушевац	ЋИРИЛА И МЕТОДИЈА БР.17	43.576626	21.326771	objekat
Крушевац	16	ОШ "ВУК КАРАЏИЋ"	Крушевац, ЈУГОВИЋЕВА БР. 11	Крушевац	ЈУГОВИЋЕВА БР. 11	43.582394	21.321675	objekat
Крушевац	17	ОШ "ВУК КАРАЏИЋ"	Крушевац, ЈУГОВИЋЕВА БР. 11	Крушевац	ЈУГОВИЋЕВА БР. 11	43.582394	21.321675	objekat
Крушевац	18	МЗ "ЦАР ЛАЗАР"	Крушевац, ЦАРА ЛАЗАРА БР.86	Крушевац	ЦАРА ЛАЗАРА БР.86	43.523703	21.311189	objekat
Крушевац	19	ВРТИЋ "ГОЛУБ МИРА"	Крушевац, ДР САЛКА БР. 2	Крушевац	ДР САЛКА БР. 2	43.586109	21.307996	objekat
Крушевац	20	ВРТИЋ "ГОЛУБ МИРА"	Крушевац, ДР САЛКА БР. 2	Крушевац	ДР САЛКА БР. 2	43.586109	21.307996	objekat
Крушевац	21	ХОЛ БАЗЕНА	Крушевац, НИКОЛЕ ТЕСЛЕ БР.14	Крушевац	НИКОЛЕ ТЕСЛЕ БР.14	43.574346	21.330349	objekat
Крушевац	22	ХОЛ БАЗЕНА	Крушевац, НИКОЛЕ ТЕСЛЕ БР.14	Крушевац	НИКОЛЕ ТЕСЛЕ БР.14	43.574346	21.330349	objekat
Крушевац	23	ОШ "ДОСИТЕЈ ОБРАДОВИЋ"	Крушевац, ВОЈИСЛАВА ИЛИЋА БР. 5	Крушевац	ВОЈИСЛАВА ИЛИЋА БР. 5	43.582163	21.309013	objekat
Крушевац	24	МЗ "ДОЊА ПАКАШНИЦА"	Крушевац, ЛИПЉАНСКА БР. 48	Крушевац	ЛИПЉАНСКА БР. 48	43.570475	21.314815	objekat
Крушевац	25	ОШ "ДОСИТЕЈ ОБРАДОВИЋ"	Крушевац, ВОЈИСЛАВА ИЛИЋА БР. 5	Крушевац	ВОЈИСЛАВА ИЛИЋА БР. 5	43.582163	21.309013	objekat
Крушевац	26	ОШ "ДОСИТЕЈ ОБРАДОВИЋ"	Крушевац, ВОЈИСЛАВА ИЛИЋА БР. 5	Крушевац	ВОЈИСЛАВА ИЛИЋА БР. 5	43.582163	21.309013	objekat
Крушевац	27	ДРУШТВЕНИ ДОМ У НАСЕЉУ "МАРКО ОРЛОВИЋ"	Крушевац, РАДЕТА ЈАШАРЕВИЋА БРОЈ 71	Крушевац	РАДЕТА ЈАШАРЕВИЋА БРОЈ 71	43.572118	21.336828	objekat
Крушевац	28	ЕКОНОМСКА ШКОЛА	Крушевац, ЧЕХОВЉЕВА БР. 1	Крушевац	ЧЕХОВЉЕВА БР. 1	43.572835	21.332345	objekat
Крушевац	29	МЗ "РАСАДНИК" (ХОЛ ПЕТЕ ЗДРАВСТВЕНЕ СТАНИЦЕ)	Крушевац, КРАЉА АЛЕКСАНДРА УЈЕДИНИТЕЉА БР. 24	Крушевац	КРАЉА АЛЕКСАНДРА УЈЕДИНИТЕЉА БР. 24	43.567477	21.331269	objekat
Крушевац	30	ДЕЧЈИ ВРТИЋ "НАША РАДОСТ"	Крушевац, СЛАТИНСКА БР.14	Крушевац	СЛАТИНСКА БР.14	43.569367	21.334263	objekat
Крушевац	31	ОШ "ЈОВАН ЈОВАНОВИЋ ЗМАЈ"	Мудраковац, АЕРОДРОМСКА 163	Мудраковац	АЕРОДРОМСКА 163	43.557982	21.341453	objekat
Крушевац	32	ОШ "ЈОВАН ЈОВАНОВИЋ ЗМАЈ"	Мудраковац, АЕРОДРОМСКА 163	Мудраковац	АЕРОДРОМСКА 163	43.557982	21.341453	objekat
Крушевац	33	БИВШИ ПОСЛОВНИ ПРОСТОР "ТЕЛЕКОМУНИКАЦИЈА" ДОО БЛАЦЕ	Крушевац, АЕРОДРОМСКА БР.4	Крушевац	АЕРОДРОМСКА БР.4	43.566345	21.340504	objekat
Крушевац	34	АУТО МОТО САВЕЗ 1987	Крушевац, АЕРОДРОМСКА БР.6	Крушевац	АЕРОДРОМСКА БР.6	43.565228	21.340394	objekat
Крушевац	35	ОШ "СТАНИСЛАВ БИНИЧКИ" (ХОЛ)	Јасика	Јасика		43.615808	21.298717	naselje
Крушевац	36	ОСНОВНА ШКОЛА	Велика Крушевица	Велика Крушевица		43.624826	21.292675	naselje
Крушевац	37	ОСНОВНА ШКОЛА	Срње	Срње		43.630838	21.279613	naselje
Крушевац	38	ОСНОВНА ШКОЛА	Шанац	Шанац		43.623283	21.345640	naselje
Крушевац	39	ЗГРАДА ДОМА КУЛТУРЕ	Гавез	Гавез		43.623113	21.319299	naselje
Крушевац	40	ОСНОВНА ШКОЛА	Жабаре	Жабаре		43.520361	21.232796	naselje
Крушевац	41	ДОМ КУЛТУРЕ	Треботин	Треботин		43.531817	21.232547	naselje
Крушевац	42	ДОМ КУЛТУРЕ	Мала Врбница	Мала Врбница		43.527829	21.214685	naselje
Крушевац	43	ОСНОВНА ШКОЛА	Пепељевац	Пепељевац		43.564783	21.254382	naselje
Крушевац	44	ДРУШТВЕНИ ДОМ	Пепељевац	Пепељевац		43.564783	21.254382	naselje
Крушевац	45	ОСНОВНА ШКОЛА	Лукавац	Лукавац		43.547957	21.259661	naselje
Крушевац	46	ОСНОВНА ШКОЛА	Вучак	Вучак		43.564432	21.281015	naselje
Крушевац	47	ОСНОВНА ШКОЛА	Кукљин	Кукљин		43.604448	21.234212	naselje
Крушевац	48	НАРОДНИ ДОМ	Бела Вода	Бела Вода		43.616908	21.196661	naselje
Крушевац	49	ОСНОВНА ШКОЛА	Мачковац	Мачковац		43.562264	21.215544	naselje
Крушевац	50	ДОМ КУЛТУРЕ	Читлук, АЛЕКСИНАЧКА 1	Читлук	АЛЕКСИНАЧКА 1	43.594490	21.274926	ulica
Крушевац	51	ОСНОВНА ШКОЛА	Читлук, ЦАРА ЛАЗАРА 491A	Читлук	ЦАРА ЛАЗАРА 491A	43.585961	21.270970	objekat
Крушевац	52	ДОМ КУЛТУРЕ	Кошеви	Кошеви		43.586062	21.247359	naselje
Крушевац	53	ДОМ КУЛТУРЕ	Коњух	Коњух		43.643218	21.180578	naselje
Крушевац	54	ОСНОВНА ШКОЛА	Брајковац	Брајковац		43.638607	21.197391	naselje
Крушевац	55	ДОМ КУЛТУРЕ	Каменаре	Каменаре		43.668368	21.204965	naselje
Крушевац	56	ДОМ КУЛТУРЕ	Коморане	Коморане		43.674670	21.176233	naselje
Крушевац	57	ДОМ КУЛТУРЕ	Лазаревац	Лазаревац		43.674266	21.159582	naselje
Крушевац	58	ОСНОВНА ШКОЛА	Љубава	Љубава		43.657559	21.181443	naselje
Крушевац	59	ОСНОВНА ШКОЛА	Шашиловац	Шашиловац		43.651448	21.237130	naselje
Крушевац	60	ОСНОВНА ШКОЛА	Крвавица	Крвавица		43.648580	21.246524	naselje
Крушевац	61	МЕСНА КАНЦЕЛАРИЈА	Глободер	Глободер		43.564161	21.178207	naselje
Крушевац	62	ЗАДРУЖНИ ДОМ	Велики Купци	Велики Купци		43.458250	21.237182	naselje
Крушевац	63	ОСНОВНА ШКОЛА	Велики Купци	Велики Купци		43.458250	21.237182	naselje
Крушевац	64	ДОМ ОМЛАДИНЕ	Мали Купци	Мали Купци		43.445349	21.244148	naselje
Крушевац	65	ОСНОВНА ШКОЛА	Себечевац	Себечевац		43.481319	21.225766	naselje
Крушевац	66	ДОМ КУЛТУРЕ	Гркљане	Гркљане		43.435688	21.231937	naselje
Крушевац	67	ДРУШТВЕНИ ДОМ	Витановац	Витановац		43.471712	21.281060	naselje
Крушевац	68	ДРУШТВЕНИ ДОМ	Јабланица	Јабланица		43.452982	21.268839	naselje
Крушевац	69	КУЋА БОРИСАВА ЈЕВТИЋА	Шогољ	Шогољ		43.474853	21.261766	naselje
Крушевац	70	ОСНОВНА ШКОЛА	Доњи Степош	Доњи Степош		43.520755	21.309840	naselje
Крушевац	71	МЕСНА ЗАЈЕДНИЦА	Липовац	Липовац		43.532659	21.321871	naselje
Крушевац	72	ДОМ КУЛТУРЕ	Наупаре	Наупаре		43.479218	21.306799	naselje
Крушевац	73	ПОСЛОВНИ ПРОСТОР ЛАТИНКЕ МИЉКОВИЋ	Шавране	Шавране		43.491430	21.278313	naselje
Крушевац	74	ОШ "ДЕСПОТ СТЕФАН"	Горњи Степош	Горњи Степош		43.507189	21.296174	naselje
Крушевац	75	ОСНОВНА ШКОЛА	Трмчаре	Трмчаре		43.505546	21.355705	naselje
Крушевац	76	ОСНОВНА ШКОЛА	Сеземче	Сеземче		43.494285	21.386419	naselje
Крушевац	77	ОСНОВНА ШКОЛА	Модрица	Модрица		43.520384	21.364711	naselje
Крушевац	78	ДОМ КУЛТУРЕ	Каоник	Каоник		43.559374	21.496445	naselje
Крушевац	79	ПРОСТОРИЈЕ МЕСНЕ ЗАЈЕДНИЦЕ	Ђунис	Ђунис		43.591768	21.509342	naselje
Крушевац	80	ДРУШТВЕНИ ДОМ У ЗГРАДИ АМБУЛАНТЕ	Јошје	Јошје		43.579139	21.488591	naselje
Крушевац	81	МЕСНА ЗАЈЕДНИЦА	Мудраковац, АЕРОДРОМСКА 167	Мудраковац	АЕРОДРОМСКА 167	43.557441	21.341314	objekat
Крушевац	82	ДРУШТВЕНИ ДОМ	Паруновац, ДИМИТРИЈА ТУЦОВИЋА БРОЈ 101	Паруновац	ДИМИТРИЈА ТУЦОВИЋА БРОЈ 101	43.565878	21.365935	objekat
Крушевац	83	ОСНОВНА ШКОЛА	Паруновац, ДИМИТРИЈА ТУЦОВИЋА БРОЈ З	Паруновац	ДИМИТРИЈА ТУЦОВИЋА БРОЈ З	43.569007	21.367020	naselje
Крушевац	84	ДОМ КУЛТУРЕ	Капиџија	Капиџија		43.573701	21.384074	naselje
Крушевац	85	ОШ "МЕШЕВО"	Мешево	Мешево		43.515775	21.257818	naselje
Крушевац	86	ПРОСТОРИЈЕ ФУДБАЛСКОГ КЛУБА	Дољане	Дољане		43.500594	21.250251	naselje
Крушевац	87	ОСНОВНА ШКОЛА	Мајдево	Мајдево		43.435679	21.209695	naselje
Крушевац	88	ОСНОВНА ШКОЛА	Ћелије	Ћелије		43.414300	21.170073	naselje
Крушевац	89	МЕСНА ЗАЈЕДНИЦА	Суваја	Суваја		43.421180	21.204807	naselje
Крушевац	90	ОСНОВНА ШКОЛА	Велика Ломница	Велика Ломница		43.495555	21.343556	naselje
Крушевац	91	ДОМ КУЛТУРЕ	Буковица	Буковица		43.501896	21.317692	naselje
Крушевац	92	ДРУШТВЕНИ ДОМ	Буци	Буци		43.478767	21.353095	naselje
Крушевац	93	ОСНОВНА ШКОЛА	Падеж	Падеж		43.664382	21.285557	naselje
Крушевац	94	ОСНОВНА ШКОЛА	Вратаре	Вратаре		43.668865	21.309872	naselje
Крушевац	95	ОСНОВНА ШКОЛА	Глобаре	Глобаре		43.672031	21.236122	naselje
Крушевац	96	МЕСНА ЗАЈЕДНИЦА	Гари	Гари		43.539373	21.301928	naselje
Крушевац	97	ОСНОВНА ШКОЛА	Церова	Церова		43.526711	21.275836	naselje
Крушевац	98	ОСНОВНА ШКОЛА	Макрешане	Макрешане		43.607152	21.364653	naselje
Крушевац	99	ДОМ КУЛТУРЕ	Дедина	Дедина		43.591162	21.364804	naselje
Крушевац	100	ОСНОВНА ШКОЛА	Текија	Текија		43.593742	21.398414	naselje
Крушевац	101	ОСНОВНА ШКОЛА	Бован	Бован		43.536929	21.430013	naselje
Крушевац	102	ОСНОВНА ШКОЛА	Пасјак	Пасјак		43.551574	21.409330	naselje
Крушевац	103	ДОМ КУЛТУРЕ	Гаглово	Гаглово		43.570497	21.424240	naselje
Крушевац	104	ОСНОВНА ШКОЛА	Мали Шиљеговац	Мали Шиљеговац		43.547350	21.440387	naselje
Крушевац	105	СЕОСКИ ДОМ ЗАСЕОКА НОВО СЕЛО	Мали Шиљеговац	Мали Шиљеговац		43.547350	21.440387	naselje
Крушевац	106	ОСНОВНА ШКОЛА	Здравиње	Здравиње		43.488567	21.454781	naselje
Крушевац	107	ОСНОВНА ШКОЛА	Дворане	Дворане		43.505155	21.400677	naselje
Крушевац	108	ДОМ КУЛТУРЕ	Ловци	Ловци		43.514371	21.411086	naselje
Крушевац	109	ОСНОВНА ШКОЛА	Петина	Петина		43.494495	21.417589	naselje
Крушевац	110	ДОМ КУЛТУРЕ	Пољаци	Пољаци		43.497603	21.432907	naselje
Крушевац	111	ОСНОВНА ШКОЛА	Велико Головоде	Велико Головоде		43.545688	21.353095	naselje
Крушевац	112	ОСНОВНА ШКОЛА	Кобиље	Кобиље		43.541209	21.392808	naselje
Крушевац	113	ОСНОВНА ШКОЛА	Станци	Станци		43.525557	21.427288	naselje
Крушевац	114	ЗАДРУЖНИ ДОМ (МАЛА САЛА)	Велики Шиљеговац	Велики Шиљеговац		43.517661	21.528761	naselje
Крушевац	115	ЗАДРУЖНИ ДОМ (ХОЛ)	Велики Шиљеговац	Велики Шиљеговац		43.517661	21.528761	naselje
Крушевац	116	ОСНОВНА ШКОЛА	Сушица	Сушица		43.520205	21.485224	naselje
Крушевац	117	ДОМ КУЛТУРЕ	Позлата	Позлата		43.495757	21.481406	naselje
Крушевац	118	ДОМ КУЛТУРЕ	Црквина	Црквина		43.537583	21.483314	naselje
Крушевац	119	ОСНОВНА ШКОЛА	Рибаре	Рибаре		43.438820	21.533649	naselje
Крушевац	120	ХОЛ СПЕЦИЈАЛНЕ БОЛНИЦЕ (ПРВИ УЛАЗ)	Рибарска Бања	Рибарска Бања		43.425849	21.514647	naselje
Крушевац	121	ОСНОВНА ШКОЛА	Бољевац	Бољевац		43.410278	21.506433	naselje
Крушевац	122	ОСНОВНА ШКОЛА	Росица	Росица		43.436701	21.552723	naselje
Крушевац	123	ОСНОВНА ШКОЛА	Зубовац	Зубовац		43.452577	21.546629	naselje
Крушевац	124	ОСНОВНА ШКОЛА	Гревци	Гревци		43.477260	21.538978	naselje
Крушевац	125	ДОМ КУЛТУРЕ	Мала Река	Мала Река		43.465208	21.499043	naselje
Крушевац	126	ДОМ КУЛТУРЕ	Зебица	Зебица		43.482788	21.512818	naselje
Крушевац	127	ОСНОВНА ШКОЛА	Велико Крушинце	Велико Крушинце		43.456751	21.503248	naselje
Крушевац	128	ОСНОВНА ШКОЛА	Беласица	Беласица		43.487266	21.496133	naselje
Крушевац	129	ОСНОВНА ШКОЛА	Дедина	Дедина		43.591162	21.364804	naselje
Крушевац	130	ПРОСТОРИЈЕ ПОШТЕ ШУМИЦЕ	Мудраковац, БРУСКИ ПУТ БР.70	Мудраковац	БРУСКИ ПУТ БР.70	43.552172	21.329927	objekat
Крушевац	131	ПОСЛОВНИ ПРОСТОР ВЛ. БОЖИНА ПЕТРОВИЋА	Глободер	Глободер		43.564161	21.178207	naselje
Крушевац	132	СЕОСКИ ДОМ	Слатина	Слатина		43.483395	21.373150	naselje
Кула	1	МЗ "ГОРЊИ ГРАД" ВЕЛИКА САЛА	Кула, МАРШАЛА ТИТА БР. 119	Кула	МАРШАЛА ТИТА БР. 119	45.613334	19.526413	objekat
Кула	2	МЗ "ГОРЊИ ГРАД" МАЛА САЛА	Кула, МАРШАЛА ТИТА БР. 119	Кула	МАРШАЛА ТИТА БР. 119	45.613334	19.526413	objekat
Кула	3	СРЕДЊА ТЕХНИЧКА ШКОЛА "МИХАЈЛО ПУПИН"	Кула, ЛАЗЕ КОСТИЋА БР. 14	Кула	ЛАЗЕ КОСТИЋА БР. 14	45.613153	19.530224	objekat
Кула	4	ЕКОНОМСКО-ТРГОВИНСКА ШКОЛА	Кула, МАРШАЛА ТИТА БР. 113	Кула	МАРШАЛА ТИТА БР. 113	45.611766	19.528415	objekat
Кула	5	ОШ "ИСА БАЈИЋ"	Кула, ЛЕЊИНОВА БР. 28	Кула	ЛЕЊИНОВА БР. 28	45.611641	19.527461	objekat
Кула	6	ФОНД ЗА ЗДРАВСТВЕНО ОСИГУРАЊЕ	Кула, МАРШАЛА ТИТА БР. 260	Кула	МАРШАЛА ТИТА БР. 260	45.612340	19.529121	objekat
Кула	7	ОМЛАДИНСКИ ДОМ	Кула, ЂУРЕ СТРУГАРА БР. 54	Кула	ЂУРЕ СТРУГАРА БР. 54	45.605945	19.537115	objekat
Кула	8	СРЕДЊА ТЕХНИЧКА ШКОЛА "МИХАЈЛО ПУПИН"	Кула, ЛАЗЕ КОСТИЋА БР. 14	Кула	ЛАЗЕ КОСТИЋА БР. 14	45.613153	19.530224	objekat
Кула	9	СРЕДЊА ТЕХНИЧКА ШКОЛА "МИХАЈЛО ПУПИН"	Кула, ЛАЗЕ КОСТИЋА БР. 14	Кула	ЛАЗЕ КОСТИЋА БР. 14	45.613153	19.530224	objekat
Кула	10	СРЕДЊА ТЕХНИЧКА ШКОЛА "МИХАЈЛО ПУПИН"	Кула, ЛАЗЕ КОСТИЋА БР. 14	Кула	ЛАЗЕ КОСТИЋА БР. 14	45.613153	19.530224	objekat
Кула	11	МЗ "ДОЊИ ГРАД"	Кула, ПЕТРА ДРАПШИНА БР. 128	Кула	ПЕТРА ДРАПШИНА БР. 128	45.612517	19.520912	objekat
Кула	12	МЗ "ДОЊИ ГРАД"	Кула, ПЕТРА ДРАПШИНА БР. 128	Кула	ПЕТРА ДРАПШИНА БР. 128	45.612517	19.520912	objekat
Кула	13	ОШ "ПЕТЕФИ БРИГАДА"	Кула, 16. ДИВИЗИЈЕ БР. 34	Кула	16. ДИВИЗИЈЕ БР. 34	45.605245	19.525789	objekat
Кула	14	МАЂАРСКИ КУЛТУРНИ ЦЕНТАР "НЕПКЕР" - ВЕЛИКА САЛА	Кула, ЈОСИПА КРАМЕРА БР. 45	Кула	ЈОСИПА КРАМЕРА БР. 45	45.603954	19.525316	objekat
Кула	15	МАЂАРСКИ КУЛТУРНИ ЦЕНТАР "НЕПКЕР" - МАЛА САЛА	Кула, ЈОСИПА КРАМЕРА БР. 45	Кула	ЈОСИПА КРАМЕРА БР. 45	45.603954	19.525316	objekat
Кула	16	ПУ "БАМБИ" ВРТИЋ "ШЕЋЕРКО"	Црвенка, КОЛОНИЈА ШЕЋЕРАНЕ ББ	Црвенка	КОЛОНИЈА ШЕЋЕРАНЕ ББ	45.660074	19.439887	ulica
Кула	17	"НОВО ПЛУС" ДОО	Црвенка, ЗЕЛЕНГОРА ББ	Црвенка	ЗЕЛЕНГОРА ББ	45.633050	19.433264	naselje
Кула	18	ОШ "ВУК КАРАЏИЋ" - МАЛА ШКОЛА (КОД МОСТА)	Црвенка, МОШЕ ПИЈАДЕ БР. 28	Црвенка	МОШЕ ПИЈАДЕ БР. 28	45.656122	19.454241	objekat
Кула	19	ЈУГОСЛАВ ШЕШЛИЈА ПР УСЛУГЕ ПРИПРЕМАЊА И ПОСЛУЖИВАЊА ПИЋА ЦРВЕНКА	Црвенка, ЖЕЛЕЗНИЧКА БР. 4	Црвенка	ЖЕЛЕЗНИЧКА БР. 4	45.651594	19.451895	objekat
Кула	20	ОШ "ВУК КАРАЏИЋ" - МАЛА ШКОЛА (КОД МОСТА)	Црвенка, МОШЕ ПИЈАДЕ БР. 28	Црвенка	МОШЕ ПИЈАДЕ БР. 28	45.656122	19.454241	objekat
Кула	21	ДОМ КУЛТУРЕ "ЦРВЕНКА"	Црвенка, ТРГ ДУШКА ТРИФУНОВИЋА БР. 10	Црвенка	ТРГ ДУШКА ТРИФУНОВИЋА БР. 10	45.658506	19.456204	naselje
Кула	22	ПУ "БАМБИ" ВРТИЋ "ШЕЋЕРКО"	Црвенка, КОЛОНИЈА ШЕЋЕРАНЕ ББ	Црвенка	КОЛОНИЈА ШЕЋЕРАНЕ ББ	45.660074	19.439887	ulica
Кула	23	ОШ "ВУК КАРАЏИЋ"	Црвенка, МАРШАЛА ТИТА БР. 104	Црвенка	МАРШАЛА ТИТА БР. 104	45.656834	19.455516	objekat
Кула	24	ЦИГЛАНА "НОВО ПЛУС" ДОО	Црвенка, ЛЕЊИНОВА БР. 110	Црвенка	ЛЕЊИНОВА БР. 110	45.660238	19.472374	objekat
Кула	25	СРЕДЊА СТРУЧНА ШКОЛА	Црвенка, МАРШАЛА ТИТА БР. 107	Црвенка	МАРШАЛА ТИТА БР. 107	45.657518	19.457134	objekat
Кула	26	ДОМ КУЛТУРЕ	Нова Црвенка, МАРШАЛА ТИТА БР. 23	Нова Црвенка	МАРШАЛА ТИТА БР. 23	45.695651	19.487692	objekat
Кула	27	ОШ "20. ОКТОБАР"	Сивац, МАРШАЛА ТИТА БР. 271	Сивац	МАРШАЛА ТИТА БР. 271	45.711209	19.378853	objekat
Кула	28	МЗ "СИВАЦ" САЛА ЗА ВЕНЧАЊЕ	Сивац, МАРШАЛА ТИТА БР. 197	Сивац	МАРШАЛА ТИТА БР. 197	45.692662	19.380819	ulica
Кула	29	НАРОДНА БИБЛИОТЕКА	Сивац, АРСЕНИЈА ЧАРНОЈЕВИЋА БР. 2	Сивац	АРСЕНИЈА ЧАРНОЈЕВИЋА БР. 2	45.701548	19.376085	ulica
Кула	30	ОШ "20. ОКТОБАР"	Сивац, МАРШАЛА ТИТА БР. 136	Сивац	МАРШАЛА ТИТА БР. 136	45.698045	19.380923	objekat
Кула	31	ОШ "20. ОКТОБАР"	Сивац, МАРШАЛА ТИТА БР. 136	Сивац	МАРШАЛА ТИТА БР. 136	45.698045	19.380923	objekat
Кула	32	ОШ "20. ОКТОБАР"	Сивац, МАРШАЛА ТИТА БР. 136	Сивац	МАРШАЛА ТИТА БР. 136	45.698045	19.380923	objekat
Кула	33	ОШ "20. ОКТОБАР"	Сивац, МАРШАЛА ТИТА БР. 271	Сивац	МАРШАЛА ТИТА БР. 271	45.711209	19.378853	objekat
Кула	34	ЛОВАЧКО ДРУШТВО "ЈАРЕБИЦА"	Руски Крстур, РУСИНСКА БР. 57	Руски Крстур	РУСИНСКА БР. 57	45.558468	19.419682	objekat
Кула	35	ДОМ ПЕНЗИОНЕРА	Руски Крстур, ФРУШКОГОРСКА БР. 57	Руски Крстур	ФРУШКОГОРСКА БР. 57	45.563021	19.418173	objekat
Кула	36	ЈКП "РУСКОМ"	Руски Крстур, МАРШАЛА ТИТА БР. 59	Руски Крстур	МАРШАЛА ТИТА БР. 59	45.561601	19.414164	objekat
Кула	37	ОШ И ГИМНАЗИЈА "ПЕТРО КУЗМЈАК"	Руски Крстур, ФРУШКОГОРСКА БР. 64	Руски Крстур	ФРУШКОГОРСКА БР. 64	45.561005	19.415763	objekat
Кула	38	ОШ "ВЕЉКО ВЛАХОВИЋ"	Крушчић, МАРШАЛА ТИТА БР. 37	Крушчић	МАРШАЛА ТИТА БР. 37	45.616679	19.358678	objekat
Кула	39	ДОМ ПЕНЗИОНЕРА	Крушчић, ВЛАДИМИРА НАЗОРА БР. 19	Крушчић	ВЛАДИМИРА НАЗОРА БР. 19	45.612241	19.367832	objekat
Кула	40	ОШ "НИКОЛА ТЕСЛА"	Липар, МАРШАЛА ТИТА БР. 38	Липар	МАРШАЛА ТИТА БР. 38	45.706508	19.554914	objekat
Куршумлија	1	ГИМНАЗИЈА "РАДОШ ЈОВАНОВИЋ СЕЉА"	Куршумлија, КАРАЂОРЂЕВА БР. 2	Куршумлија	КАРАЂОРЂЕВА БР. 2	43.136740	21.272241	objekat
Куршумлија	2	ГИМНАЗИЈА "РАДОШ ЈОВАНОВИЋ СЕЉА"	Куршумлија, КАРАЂОРЂЕВА БР. 2	Куршумлија	КАРАЂОРЂЕВА БР. 2	43.136740	21.272241	objekat
Куршумлија	3	ЛОКАЛ АРСЕНИЈЕВИЋ ГОРАНА	Куршумлија, СВЕТОГ САВЕ БР. 26	Куршумлија	СВЕТОГ САВЕ БР. 26	43.141474	21.280083	objekat
Куршумлија	4	ЛОКАЛ МИЛОСАВЉЕВИЋ МИЛИЈЕ	Куршумлија, СВЕТОГ САВЕ БР. 3	Куршумлија	СВЕТОГ САВЕ БР. 3	43.138743	21.277572	objekat
Куршумлија	5	ЗГРАДА СЕКЦИЈЕ ЗА ПУТЕВЕ	Куршумлија, РАДОМИРА МИЛОВАНОВИЋА САМЕ ББ	Куршумлија	РАДОМИРА МИЛОВАНОВИЋА САМЕ ББ	43.138050	21.271779	naselje
Куршумлија	6	ЗГРАДА ЦРВЕННОГ КРСТА	Куршумлија, ТОПЛИЧКА БР. 1	Куршумлија	ТОПЛИЧКА БР. 1	43.151161	21.333655	objekat
Куршумлија	7	ОШ "МИЛОЈЕ ЗАКИЋ"	Куршумлија, ТОПЛИЧКА БР. 14	Куршумлија	ТОПЛИЧКА БР. 14	43.144546	21.265997	objekat
Куршумлија	8	ОШ "МИЛОЈЕ ЗАКИЋ"	Куршумлија, ТОПЛИЧКА БР. 14	Куршумлија	ТОПЛИЧКА БР. 14	43.144546	21.265997	objekat
Куршумлија	9	ЛОКАЛ ДРАГАНА ДЕЉАНИНА	Куршумлија, ТОПЛИЧКА БР. 143	Куршумлија	ТОПЛИЧКА БР. 143	43.146867	21.259297	objekat
Куршумлија	10	КУЋА СТЕВИЋ МИЛИВОЈА	Куршумлија, ТОПЛИЧКА БР. 200	Куршумлија	ТОПЛИЧКА БР. 200	43.149886	21.255006	objekat
Куршумлија	11	ОШ "МИЛОЈЕ ЗАКИЋ"	Куршумлија, ТОПЛИЧКА БР. 14	Куршумлија	ТОПЛИЧКА БР. 14	43.144546	21.265997	objekat
Куршумлија	12	ЗГРАДА ЦРВЕННОГ КРСТА	Куршумлија, ТОПЛИЧКА БР. 1	Куршумлија	ТОПЛИЧКА БР. 1	43.151161	21.333655	objekat
Куршумлија	13	ОШ "ДРИНКА ПАВЛОВИЋ"	Куршумлија, ВУКА КАРАЏИЋА БР. 54	Куршумлија	ВУКА КАРАЏИЋА БР. 54	43.139858	21.268272	objekat
Куршумлија	14	ОШ "ДРИНКА ПАВЛОВИЋ"	Куршумлија, ВУКА КАРАЏИЋА БР. 54	Куршумлија	ВУКА КАРАЏИЋА БР. 54	43.139858	21.268272	objekat
Куршумлија	15	ГИМНАЗИЈА "РАДОШ ЈОВАНОВИЋ СЕЉА"	Куршумлија, КАРАЂОРЂЕВА БР. 2	Куршумлија	КАРАЂОРЂЕВА БР. 2	43.136740	21.272241	objekat
Куршумлија	16	ОШ "ДРИНКА ПАВЛОВИЋ"	Куршумлија, ВУКА КАРАЏИЋА БР. 54	Куршумлија	ВУКА КАРАЏИЋА БР. 54	43.139858	21.268272	objekat
Куршумлија	17	ОШ "ДРИНКА ПАВЛОВИЋ"	Куршумлија, ВУКА КАРАЏИЋА БР. 54	Куршумлија	ВУКА КАРАЏИЋА БР. 54	43.139858	21.268272	objekat
Куршумлија	18	ЗГРАДА ШУМСКЕ СЕКЦИЈЕ	Куршумлија, КОСОВСКА БР. 23	Куршумлија	КОСОВСКА БР. 23	43.135684	21.269836	objekat
Куршумлија	19	МОТЕЛ ШИК "КОПАОНИКА"	Куршумлија, КОСОВСКА БР. 67	Куршумлија	КОСОВСКА БР. 67	43.129851	21.261033	objekat
Куршумлија	20	ОСНОВНА ШКОЛА БОГУЈЕВАЦ	Богујевац	Богујевац		43.166965	21.359743	naselje
Куршумлија	21	АМБУЛАНТА ДОМА ЗДРАВЉА ГРАБОВНИЦА	Грабовница	Грабовница		43.156103	21.351129	naselje
Куршумлија	22	ЛОКАЛ СТЕВОВИЋ РАДМИЛЕ ДЕДИНАЦ	Дединац	Дединац		43.128997	21.386454	naselje
Куршумлија	23	КУЋА ВИДОСАВЉЕВИЋ МИЛОВАНА КРЧМАРЕ	Крчмаре	Крчмаре		43.150718	21.333019	naselje
Куршумлија	24	КУЋА ТОДОРОВИЋ РАДУНКЕ БАЋОГЛАВА	Баћоглава	Баћоглава		43.135076	21.237952	naselje
Куршумлија	25	МЕСНА КАНЦЕЛАРИЈА ДЕГРМЕН	Дегрмен	Дегрмен		42.946956	21.295434	naselje
Куршумлија	26	ОСНОВНА ШКОЛА МЕРДАРЕ	Мердаре	Мердаре		42.948436	21.257266	naselje
Куршумлија	27	КУЋА САВИЋ НИКОЛЕ ДОЊА МИКУЉАНА	Доња Микуљана	Доња Микуљана		43.154796	21.248027	naselje
Куршумлија	28	КУЋА ФИЛИПОВИЋ ДРАГУТИНА ДАНКОВИЋЕ	Данковиће	Данковиће		43.163307	21.234271	naselje
Куршумлија	29	МЕСНА КАНЦЕЛАРИЈА ДОБРИ ДО	Добри До	Добри До		42.919669	21.405962	naselje
Куршумлија	30	ОСНОВНА ШКОЛА ЖУЧ	Жуч	Жуч		43.202075	21.156288	naselje
Куршумлија	31	МЕСНА КАНЦЕЛАРИЈА РУДАРЕ	Рударе	Рударе		43.065566	21.316556	naselje
Куршумлија	32	АМБУЛАНТА ДОМА ЗДРАВЉА ПРОЛОМ	Пролом	Пролом		43.044173	21.400942	naselje
Куршумлија	33	ОСНОВНА ШКОЛА КУРШУМЛИЈСКА БАЊА	Куршумлијска Бања	Куршумлијска Бања		43.057876	21.255049	naselje
Куршумлија	34	ОСНОВНА ШКОЛА ЛУКОВО	Луково	Луково		43.166602	21.035525	naselje
Куршумлија	35	ОСНОВНА ШКОЛА ШТАВА	Штава	Штава		43.170496	20.972699	naselje
Куршумлија	36	ОСНОВНА ШКОЛА МЕРЋЕЗ	Мерћез	Мерћез		43.238196	21.065425	naselje
Куршумлија	37	ОСНОВНА ШКОЛА МАЧКОВАЦ	Мачковац	Мачковац		43.158158	21.279654	naselje
Куршумлија	38	КУЋА ИВАНОВИЋ РАДИВОЈА ПЕПЕЉЕВАЦ	Пепељевац, ПЕТРА БОЈОВИЋА БР. 13	Пепељевац	ПЕТРА БОЈОВИЋА БР. 13	43.154614	21.329042	ulica
Куршумлија	39	ОСНОВНА ШКОЛА МАЧКОВАЦ	Мачковац	Мачковац		43.158158	21.279654	naselje
Куршумлија	40	МЕСНА КАНЦЕЛАРИЈА РАЧА	Рача	Рача		43.012595	21.313858	naselje
Куршумлија	41	ОСНОВНА ШКОЛА МАЛА КОСАНИЦА	Мала Косаница	Мала Косаница		42.976845	21.295207	naselje
Куршумлија	42	МЕСНА КАНЦЕЛАРИЈА СПАНЦЕ	Спанце	Спанце		43.198094	21.269322	naselje
Куршумлија	43	ОСНОВНА ШКОЛА ТМАВА	Тмава	Тмава		43.215490	21.299889	naselje
Куршумлија	44	ОСНОВНА ШКОЛА КОЊУВА	Коњува	Коњува		43.208605	21.218682	naselje
Куршумлија	45	ОСНОВНА ШКОЛА КАСТРАТ	Кастрат	Кастрат		43.124912	21.289396	naselje
Куршумлија	46	КУЋА МИЛИВОЈЕВИЋ БРАТИМИРА ВИСОКА	Висока	Висока		43.097729	21.307299	naselje
Куршумлија	47	ЛОКАЛ ПЕТКОВИЋ МИЛОСАВА МАРКОВИЋЕ	Марковиће	Марковиће		43.128524	21.253693	naselje
Куршумлија	48	КУЋА СТАДИЈЕ ИВИЋ ТИЈОВАЦ	Тијовац	Тијовац		43.111787	21.246893	naselje
Кучево	1	МЕСНА ЗАЈЕДНИЦА	Велика Бресница, СВЕТОСАВСКА БР. 22.	Велика Бресница	СВЕТОСАВСКА БР. 22.	44.568678	21.491993	objekat
Кучево	2	ДОМ КУЛТУРЕ	Раброво, ДР ЗОРАНА ЂИНЂИЋА БР. 20.	Раброво	ДР ЗОРАНА ЂИНЂИЋА БР. 20.	44.577190	21.513947	objekat
Кучево	3	МЕСНА ЗАЈЕДНИЦА	Раброво, ДР ЗОРАНА ЂИНЂИЋА БР. 18.	Раброво	ДР ЗОРАНА ЂИНЂИЋА БР. 18.	44.577232	21.513931	objekat
Кучево	4	МЕСНА ЗАЈЕДНИЦА	Мустапић, СВЕТОГ ЈЕРЕМИЈЕ БР. 51.	Мустапић	СВЕТОГ ЈЕРЕМИЈЕ БР. 51.	44.532126	21.537504	objekat
Кучево	5	ОШ „МИЛУТИН МИЛАНКОВИЋ“	Мустапић, СВЕТОГ ЈЕРЕМИЈЕ БР. 78.	Мустапић	СВЕТОГ ЈЕРЕМИЈЕ БР. 78.	44.531364	21.538103	objekat
Кучево	6	МЕСНА ЗАЈЕДНИЦА	Мишљеновац, ВАСЕ ЧАРАПИЋА БР. 35.	Мишљеновац	ВАСЕ ЧАРАПИЋА БР. 35.	44.537515	21.569594	objekat
Кучево	7	ОШ „МИЛУТИН МИЛАНКОВИЋ“	Зеленик, СВЕТОСАВСКА БР. 8.	Зеленик	СВЕТОСАВСКА БР. 8.	44.574719	21.564994	objekat
Кучево	8	МЕСНА ЗАЈЕДНИЦА	Вуковић, ВЕЛИМИРА ДАМЊАНОВИЋА БР. 59.	Вуковић	ВЕЛИМИРА ДАМЊАНОВИЋА БР. 59.	44.567228	21.579797	objekat
Кучево	9	МЕСНА ЗАЈЕДНИЦА	Српце, МАРШАЛА ТИТА БР. 14.	Српце	МАРШАЛА ТИТА БР. 14.	44.552550	21.584131	objekat
Кучево	10	МЕСНА ЗАЈЕДНИЦА	Љешница, ПОЖАРЕВАЧКА БР. 19.	Љешница	ПОЖАРЕВАЧКА БР. 19.	44.533971	21.593163	objekat
Кучево	11	МЕСНА ЗАЈЕДНИЦА	Сена, СПАСОВДАНСКА БР. 21.	Сена	СПАСОВДАНСКА БР. 21.	44.521787	21.603122	objekat
Кучево	12	МЕСНА ЗАЈЕДНИЦА	Ракова Бара, СВЕТОГ САВЕ БР. 12.	Ракова Бара	СВЕТОГ САВЕ БР. 12.	44.558122	21.668679	objekat
Кучево	13	МЕСНА ЗАЈЕДНИЦА	Турија, ВЕЉКА ДУГОШЕВИЋА БР. 23.	Турија	ВЕЉКА ДУГОШЕВИЋА БР. 23.	44.522208	21.639143	objekat
Кучево	14	МЕСНА ЗАЈЕДНИЦА	Каона, СПАСОВДАНСКА БР. 27.	Каона	СПАСОВДАНСКА БР. 27.	44.489264	21.624215	objekat
Кучево	15	ДОМ КУЛТУРЕ	Кучево, ТРГ ВЕЉКА ДУГОШЕВИЋА БР. 30.	Кучево	ТРГ ВЕЉКА ДУГОШЕВИЋА БР. 30.	44.479846	21.667274	objekat
Кучево	16	ЗГРАДА ОПШТИНЕ	Кучево, СВЕТОГ САВЕ БР. 76.	Кучево	СВЕТОГ САВЕ БР. 76.	44.478793	21.668115	objekat
Кучево	17	МЕСНА ЗАЈЕДНИЦА	Кучево, СВЕТОГ САВЕ БР. 114.	Кучево	СВЕТОГ САВЕ БР. 114.	44.476998	21.670439	objekat
Кучево	18	СРЕДЊА СТРУЧНА ШКОЛА	Кучево, ЖИКЕ ПОПОВИЋА БР. 68.	Кучево	ЖИКЕ ПОПОВИЋА БР. 68.	44.474115	21.675123	objekat
Кучево	19	ПРИВАТНА ЗГРАДА МАРКОВИЋ НЕГОВАНА (КОЛОНИЈА)	Кучево, БРАЋЕ ИВКОВИЋА БР. 32 А	Кучево	БРАЋЕ ИВКОВИЋА БР. 32 А	44.464482	21.661923	objekat
Кучево	20	ДОМ КУЛТУРЕ	Кучајна, СПАСОВДАНСКА БР. 48.	Кучајна	СПАСОВДАНСКА БР. 48.	44.449436	21.652711	objekat
Кучево	21	МЕСНА ЗАЈЕДНИЦА	Церовица, ХОМОЉСКА БР. 29.	Церовица	ХОМОЉСКА БР. 29.	44.461246	21.640123	objekat
Кучево	22	МЕСНА ЗАЈЕДНИЦА	Церемошња, СВЕТОГ САВЕ БР. 35.	Церемошња	СВЕТОГ САВЕ БР. 35.	44.403493	21.650926	objekat
Кучево	23	ДОМ КУЛТУРЕ	Равниште, РАВНИШТАРСКА БР. 58.	Равниште	РАВНИШТАРСКА БР. 58.	44.417324	21.633170	objekat
Кучево	24	ОШ „УГРИН БРАНКОВИЋ“ (БУКОВСКА – СЕЛО)	Буковска, СВЕТОГ САВЕ БР. 28.	Буковска	СВЕТОГ САВЕ БР. 28.	44.412086	21.675080	objekat
Кучево	25	ОШ „УГРИН БРАНКОВИЋ“ (БУКОВСКА РЕКА)	Буковска, ЛОВАЧКА БР. 133.	Буковска	ЛОВАЧКА БР. 133.	44.403261	21.700332	objekat
Кучево	26	МЕСНА ЗАЈЕДНИЦА	Шевица, СВЕТОГ САВЕ БР. 141.	Шевица	СВЕТОГ САВЕ БР. 141.	44.506887	21.725737	objekat
Кучево	27	ОШ „УГРИН БРАНКОВИЋ“	Шевица, СВЕТОГ САВЕ БР. 151.	Шевица	СВЕТОГ САВЕ БР. 151.	44.507678	21.725551	objekat
Кучево	28	ПРИВАТНА ЗГРАДА КОСТИЋ ЉУБИШЕ (ЛУНКА)	Нересница, СВЕТОГ САВЕ БР. 507.	Нересница	СВЕТОГ САВЕ БР. 507.	44.447834	21.715603	objekat
Кучево	29	МЕСНА ЗАЈЕДНИЦА	Нересница, СВЕТЕ ТРОЈИЦЕ БР. 7.	Нересница	СВЕТЕ ТРОЈИЦЕ БР. 7.	44.442325	21.727707	objekat
Кучево	30	ОШ „УГРИН БРАНКОВИЋ“	Нересница, ХОМОЉСКА БР. 2.	Нересница	ХОМОЉСКА БР. 2.	44.442758	21.726241	objekat
Кучево	31	ЗГРАДА ЗЕМЉОРАДНИЧКЕ ЗАДРУГЕ (ГЛОЖАНА)	Нересница, КРАЉА АЛЕКСАНДРА БР. 111.	Нересница	КРАЉА АЛЕКСАНДРА БР. 111.	44.463184	21.754143	objekat
Кучево	32	ДОМ КУЛТУРЕ	Волуја, СРПСКИХ ВЛАДАРА БР. 54.	Волуја	СРПСКИХ ВЛАДАРА БР. 54.	44.486086	21.777209	objekat
Кучево	33	ОШ „СЛОБОДАН ЈОВИЋ“	Волуја, СТЕПЕ СТЕПАНОВИЋА БР. 16.	Волуја	СТЕПЕ СТЕПАНОВИЋА БР. 16.	44.488714	21.777853	objekat
Кучево	34	ОШ „СЛОБОДАН ЈОВИЋ“ (БРОДИЦА)	Бродица, ЦАРИЦЕ МИЛИЦЕ БР. 57.	Бродица	ЦАРИЦЕ МИЛИЦЕ БР. 57.	44.488710	21.817372	objekat
Кучево	35	ПРИВАТНА ЗГРАДА ЛАЗАРЕВИЋ СЛАТКИЦА (ЖАБАРЕ)	Дубока, СВЕТЕ ТРОЈИЦЕ БР. 103.	Дубока	СВЕТЕ ТРОЈИЦЕ БР. 103.	44.498664	21.759419	objekat
Кучево	36	МЕСНА ЗАЈЕДНИЦА	Дубока, СВЕТЕ ТРОЈИЦЕ БР. 260.	Дубока	СВЕТЕ ТРОЈИЦЕ БР. 260.	44.521592	21.760543	objekat
Кучево	37	ПРИВАТНА ЗГРАДА ГОЛУБОВИЋ ГОРАНА (ВАЉА МАРЕ)	Дубока, ХОМОЉСКА БР. 29.	Дубока	ХОМОЉСКА БР. 29.	44.546779	21.776464	objekat
Кучево	38	ОШ „СЛОБОДАН ЈОВИЋ“ (КЉУЧАТА)	Раденка, СВЕТОСАВСКА БР. 12.	Раденка	СВЕТОСАВСКА БР. 12.	44.584170	21.765243	objekat
Кучево	39	ОШ „СЛОБОДАН ЈОВИЋ“ (ДЕРЕЗНА)	Раденка, ДОСИТЕЈЕВА БР. 1.	Раденка	ДОСИТЕЈЕВА БР. 1.	44.591189	21.740831	objekat
Лазаревац	1	ОШ "ДУЛЕ КАРАКЛАЈИЋ"	Лазаревац, ДУЛА КАРАКЛАЈИЋА БР. 37	Лазаревац	ДУЛА КАРАКЛАЈИЋА БР. 37	44.382703	20.254880	objekat
Лазаревац	2	ОШ "ДУЛЕ КАРАКЛАЈИЋ"	Лазаревац, ДУЛА КАРАКЛАЈИЋА БР. 37	Лазаревац	ДУЛА КАРАКЛАЈИЋА БР. 37	44.382703	20.254880	objekat
Лазаревац	3	ОШ "ДУЛЕ КАРАКЛАЈИЋ"	Лазаревац, ДУЛА КАРАКЛАЈИЋА БР. 37	Лазаревац	ДУЛА КАРАКЛАЈИЋА БР. 37	44.382703	20.254880	objekat
Лазаревац	4	CO ЛАЗАРЕВАЦ - ПРИЗЕМЉЕ	Лазаревац, КАРАЂОРЂЕВА БР. 42	Лазаревац	КАРАЂОРЂЕВА БР. 42	44.382718	20.259487	objekat
Лазаревац	5	CO ЛАЗАРЕВАЦ - ХОЛ ИСПРЕД ВЕЛИКЕ САЛЕ	Лазаревац, КАРАЂОРЂЕВА БР. 42	Лазаревац	КАРАЂОРЂЕВА БР. 42	44.382718	20.259487	objekat
Лазаревац	6	ОШ "ВОЈИСЛАВ ВОКА САВИЋ"	Лазаревац, ДОСИТЕЈА ОБРАДОВИЋА БР. 4	Лазаревац	ДОСИТЕЈА ОБРАДОВИЋА БР. 4	44.383501	20.262358	objekat
Лазаревац	7	КЛУБ ПЕНЗИОНЕРА	Лазаревац, КРАЉА ПЕТРА ПРВОГ БР. 25	Лазаревац	КРАЉА ПЕТРА ПРВОГ БР. 25	44.380862	20.266163	objekat
Лазаревац	8	ЦЕНТАР ЗА КУЛТУРУ - СПРАТ	Лазаревац, ХИЛАНДАРСКА БР. 2	Лазаревац	ХИЛАНДАРСКА БР. 2	44.381389	20.262504	objekat
Лазаревац	9	ЦЕНТАР ЗА КУЛТУРУ - СПРАТ	Лазаревац, ХИЛАНДАРСКА БР. 2	Лазаревац	ХИЛАНДАРСКА БР. 2	44.381389	20.262504	objekat
Лазаревац	10	ЦЕНТАР ЗА КУЛТУРУ - ПРИЗЕМЉЕ	Лазаревац, ХИЛАНДАРСКА БР. 2	Лазаревац	ХИЛАНДАРСКА БР. 2	44.381389	20.262504	objekat
Лазаревац	11	УПРАВНА ЗГРАДА "ЛАСТРА"	Лазаревац, ВЛАДИКЕ НИКОЛАЈА ВЕЛИМИРОВИЋА БР. 12	Лазаревац	ВЛАДИКЕ НИКОЛАЈА ВЕЛИМИРОВИЋА БР. 12	44.383182	20.245183	objekat
Лазаревац	12	ОШ "ДУЛЕ КАРАКЛАЈИЋ"	Лазаревац, ДУЛА КАРАКЛАЈИЋА БР. 37	Лазаревац	ДУЛА КАРАКЛАЈИЋА БР. 37	44.382703	20.254880	objekat
Лазаревац	13	МЗ "ДУШАН ПЕТРОВИЋ-ШАНЕ"	Лазаревац, ДУШАНА ПЕТРОВИЋА-ШАНЕТА	Лазаревац	ДУШАНА ПЕТРОВИЋА-ШАНЕТА	44.379449	20.249317	ulica
Лазаревац	14	M3 "МОМЧИЛО ПАВЛОВИЋ"	Лазаревац, КОЛУБАРСКИ ТРГ БР.16	Лазаревац	КОЛУБАРСКИ ТРГ БР.16	44.376463	20.266211	objekat
Лазаревац	15	КГЛ ВОЋНО ЛОЗНИ РАСАДНИК	Лазаревац, КОЛУБАРСКИ ТРГ БР. 7	Лазаревац	КОЛУБАРСКИ ТРГ БР. 7	44.377417	20.267118	objekat
Лазаревац	16	ДЗ "ДР ЂОРЂЕ КОВАЧЕВИЋ" ПРИЗЕМЉЕ	Лазаревац, ДР ЂОРЂА КОВАЧЕВИЋА БР. 27	Лазаревац	ДР ЂОРЂА КОВАЧЕВИЋА БР. 27	44.381882	20.275778	objekat
Лазаревац	17	ДЗ "ДР ЂОРЂЕ КОВАЧЕВИЋ" СПРАТ	Лазаревац, ДР ЂОРЂА КОВАЧЕВИЋА БР. 27	Лазаревац	ДР ЂОРЂА КОВАЧЕВИЋА БР. 27	44.381882	20.275778	objekat
Лазаревац	18	ТЕХНИЧКА ШКОЛА - ХОЛ	Лазаревац, ДОСИТЕЈА ОБРАДОВИЋА БР. 6	Лазаревац	ДОСИТЕЈА ОБРАДОВИЋА БР. 6	44.384149	20.262294	objekat
Лазаревац	19	МЗ "ЗАГОРКА ДРАГОВИЋ" - НОВИ ОБЈЕКАТ	Лазаревац, СТЕФАНА НЕМАЊЕ БР. 87	Лазаревац	СТЕФАНА НЕМАЊЕ БР. 87	44.391143	20.278785	objekat
Лазаревац	20	ОШ "КНЕЗ ЛАЗАР" - САЛА	Лазаревац, БРАНКА РАДИЧЕВИЋА БР. 29	Лазаревац	БРАНКА РАДИЧЕВИЋА БР. 29	44.376430	20.260749	objekat
Лазаревац	21	ДОМ КУЛТУРЕ - ГОРЊА САЛА	Велики Црљени, ДИШЕ ФИЛИПОВИЋА БР. 10	Велики Црљени	ДИШЕ ФИЛИПОВИЋА БР. 10			nije_nadjeno
Лазаревац	22	ДОМ КУЛТУРЕ - ДОЊА САЛА	Велики Црљени, СТЕВАНА ФИЛИПОВИЋА БР. 10	Велики Црљени	СТЕВАНА ФИЛИПОВИЋА БР. 10			nije_nadjeno
Лазаревац	23	ОШ "СВЕТИ САВА"	Велики Црљени, ТРЕЋЕГ ОКТОБРА БР.45	Велики Црљени	ТРЕЋЕГ ОКТОБРА БР.45			nije_nadjeno
Лазаревац	24	ОШ "СВЕТИ САВА"	Велики Црљени, ТРЕЋЕГ ОКТОБРА БР.45	Велики Црљени	ТРЕЋЕГ ОКТОБРА БР.45			nije_nadjeno
Лазаревац	25	ДОМ КУЛТУРЕ	Велики Вреоци, ДИМИТРИЈА ДИШЕ ЂУРЂЕВИЋА БР. 91	Велики Вреоци	ДИМИТРИЈА ДИШЕ ЂУРЂЕВИЋА БР. 91			nije_nadjeno
Лазаревац	26	УПРАВНА ЗГРАДА "КОЛУБАРА ПРЕРАДЕ"	Вреоци, ДИМИТРИЈА ДИШЕ ЂУРЂЕВИЋА	Вреоци	ДИМИТРИЈА ДИШЕ ЂУРЂЕВИЋА			nije_nadjeno
Лазаревац	27	УПРАВНА ЗГРАДА "МОНТАЖА"	Вреоци	Вреоци				nije_nadjeno
Лазаревац	28	ДОМ КУЛТУРЕ	Степојевац, СЕДМОГ ОКТОБРА БР.191	Степојевац	СЕДМОГ ОКТОБРА БР.191			nije_nadjeno
Лазаревац	29	ОСНОВНА ШКОЛА	Степојевац, СЕДМОГ ОКТОБРА БР. 219	Степојевац	СЕДМОГ ОКТОБРА БР. 219			nije_nadjeno
Лазаревац	30	ДОМ КУЛТУРЕ	Шопић, ЈАНКА СТАЈЧИЋА БР.31	Шопић	ЈАНКА СТАЈЧИЋА БР.31	44.405080	20.261499	ulica
Лазаревац	31	ОСНОВНА ШКОЛА	Шопић, ПРОЛЕЋНОГ ЦВЕЋА БР.5	Шопић	ПРОЛЕЋНОГ ЦВЕЋА БР.5	44.393744	20.256548	objekat
Лазаревац	32	ДОМ КУЛТУРЕ	Рудовци, ШЕСТОГ АВГУСТА БР. 1	Рудовци	ШЕСТОГ АВГУСТА БР. 1			nije_nadjeno
Лазаревац	33	МЕСНА КАНЦЕЛАРИЈА	Рудовци, АРАНЂЕЛОВАЧКИ ПУТ БР. 54	Рудовци	АРАНЂЕЛОВАЧКИ ПУТ БР. 54			nije_nadjeno
Лазаревац	34	ДОМ КУЛТУРЕ	Пркосава, ПРКОСАВСКИ ВЕНАЦ БР. 29	Пркосава	ПРКОСАВСКИ ВЕНАЦ БР. 29			nije_nadjeno
Лазаревац	35	ДОМ КУЛТУРЕ	Миросаљци, ТОЗЕ МАРКОВИЋА БР. 11	Миросаљци	ТОЗЕ МАРКОВИЋА БР. 11			nije_nadjeno
Лазаревац	36	ДОМ КУЛТУРЕ	Миросаљци, ТОЗЕ МАРКОВИЋА БР. 11	Миросаљци	ТОЗЕ МАРКОВИЋА БР. 11			nije_nadjeno
Лазаревац	37	ОСНОВНА ШКОЛА	Араповац, ЈУНКОВАЧКИ ДРУМ БР. 89	Араповац	ЈУНКОВАЧКИ ДРУМ БР. 89			nije_nadjeno
Лазаревац	38	ОСНОВНА ШКОЛА	Барзиловица, СВЕТОГОРСКА БР. 30	Барзиловица	СВЕТОГОРСКА БР. 30	44.348013	20.296107	ulica
Лазаревац	39	ОСНОВНА ШКОЛА	Брајковац, СТАНИЈЕ ТОМИЋ БР. 208	Брајковац	СТАНИЈЕ ТОМИЋ БР. 208			nije_nadjeno
Лазаревац	40	ДОМ КУЛТУРЕ "МАРИНАЦ"	Дудовица, ЈЕРМСКА БР. 70	Дудовица	ЈЕРМСКА БР. 70			nije_nadjeno
Лазаревац	41	МЕСНА КАНЦЕЛАРИЈА	Дудовица	Дудовица				nije_nadjeno
Лазаревац	42	МЕСНА ЗАЈЕДНИЦА - ПРОСТОРИЈЕ НОВЕ МЕСНЕ	Медошевац, МЕДОЈЕВА БР. 34	Медошевац	МЕДОЈЕВА БР. 34	44.399637	20.272936	naselje
Лазаревац	43	ОШ "СЛОБОДАН ПЕНЕЗИЋ КРЦУН"	Јунковац, ТРГ ОСЛОБОЂЕЊА БР.1	Јунковац	ТРГ ОСЛОБОЂЕЊА БР.1			nije_nadjeno
Лазаревац	44	ОШ "МИЛОРАД ЛАБУДОВИЋ ЛАБУД"	Барошевац, ИВАЊДАНСКА БР.56А	Барошевац	ИВАЊДАНСКА БР.56А			nije_nadjeno
Лазаревац	45	ДОМ КУЛТУРЕ	Соколово, ЈОВАЊДАНСКА БР.16	Соколово	ЈОВАЊДАНСКА БР.16			nije_nadjeno
Лазаревац	46	ОСНОВНА ШКОЛА	Лесковац, БОГОСАВА ЖИВКОВИЋА БР. 22	Лесковац	БОГОСАВА ЖИВКОВИЋА БР. 22			nije_nadjeno
Лазаревац	47	ДОМ КУЛТУРЕ	Трбушница, ХИЉАДУ ТРИСТА КАПЛАРА БР.461	Трбушница	ХИЉАДУ ТРИСТА КАПЛАРА БР.461			nije_nadjeno
Лазаревац	48	МЗ ЗЕОКЕ	Зеоке, МИЛЕТЕ СТЕВАНОВИЋА - ОКРЕТНИЦА АУТОБУСА	Зеоке	МИЛЕТЕ СТЕВАНОВИЋА - ОКРЕТНИЦА АУТОБУСА	44.402385	20.324737	naselje
Лазаревац	49	ДОМ КУЛТУРЕ	Врбовно, ВРБОВАЧКА БР. 50	Врбовно	ВРБОВАЧКА БР. 50			nije_nadjeno
Лазаревац	50	ДОМ КУЛТУРЕ	Петка, ВЛАДИКЕ НИКОЛАЈА ВЕЛИМИРОВИЋА БР. 161	Петка	ВЛАДИКЕ НИКОЛАЈА ВЕЛИМИРОВИЋА БР. 161	44.373333	20.232045	objekat
Лазаревац	51	ОСНОВНА ШКОЛА	Чибутковница, НЕРСКА БР.8	Чибутковница	НЕРСКА БР.8			nije_nadjeno
Лазаревац	52	ОСНОВНА ШКОЛА	Заоке	Заоке				nije_nadjeno
Лазаревац	53	ОСНОВНА ШКОЛА	Дрен	Дрен		44.380580	20.312782	naselje
Лазаревац	54	ДОМ КУЛТУРЕ	Бурово	Бурово		44.401503	20.293915	naselje
Лазаревац	55	ОСНОВНА ШКОЛА	Стубица	Стубица		44.356350	20.277741	naselje
Лазаревац	56	ДОМ КУЛТУРЕ	Шушњар	Шушњар		44.364014	20.251116	naselje
Лазаревац	57	ДОМ КУЛТУРЕ	Цветовац	Цветовац				nije_nadjeno
Лазаревац	58	МЗ СУМЕЂ	Шопић	Шопић		44.396240	20.251817	naselje
Лазаревац	59	ДОМ КУЛТУРЕ	Мз Нови Медошевац	Мз Нови Медошевац				nije_nadjeno
Лазаревац	60	ОШ "КНЕЗ ЛАЗАР" - ХОЛ	Лазаревац, БРАНКА РАДИЧЕВИЋА 29	Лазаревац	БРАНКА РАДИЧЕВИЋА 29	44.376430	20.260749	objekat
Лазаревац	61	ДОМ КУЛТУРЕ	Стубица, ВОЈВОДЕ СТЕПЕ БР. 152	Стубица	ВОЈВОДЕ СТЕПЕ БР. 152	44.359147	20.275773	objekat
Лазаревац	62	ДОМ КУЛТУРЕ	Шушњар, ВОЈВОДЕ ПУТНИКА БР.99	Шушњар	ВОЈВОДЕ ПУТНИКА БР.99	44.361922	20.246905	objekat
Лазаревац	63	ДОМ КУЛТУРЕ	Цветовац	Цветовац				nije_nadjeno
Лазаревац	64	МЗ СУМЕЂ	Шопић, КОПАОНИЧКА БР. 4	Шопић	КОПАОНИЧКА БР. 4	44.399165	20.272707	objekat
Лазаревац	65	ОШ "КНЕЗ ЛАЗАР" - ХОЛ	Лазаревац, БРАНКА РАДИЧЕВИЋА 29	Лазаревац	БРАНКА РАДИЧЕВИЋА 29	44.376430	20.260749	objekat
Лајковац	1	ЈП "ГРАДСКА ЧИСТОЋА"	Лајковац, НОСИОЦА АЛБАНСКЕ СПОМЕНИЦЕ ББ	Лајковац	НОСИОЦА АЛБАНСКЕ СПОМЕНИЦЕ ББ	44.369861	20.165821	naselje
Лајковац	2	ЛОЖИОНИЦА	Лајковац, ЛОЖИОНИЧКА БР. 1	Лајковац	ЛОЖИОНИЧКА БР. 1	44.366059	20.161583	ulica
Лајковац	3	ЕЛЕКТРОДИСТРИБУЦИЈА	Лајковац, ЛОЖИОНИЧКА ББ	Лајковац	ЛОЖИОНИЧКА ББ	44.366059	20.161583	ulica
Лајковац	4	ЈП "ГРАДСКА ЧИСТОЋА"	Лајковац, ВОЈВОДЕ МИШИЋА БР. 138	Лајковац	ВОЈВОДЕ МИШИЋА БР. 138	44.365484	20.155945	objekat
Лајковац	5	ПРОСТОРИЈЕ ОСНОВНОГ СУДА УБ У ЛАЈКОВЦУ	Лајковац, НОСИОЦА АЛБАНСКЕ СПОМЕНИЦЕ ББ	Лајковац	НОСИОЦА АЛБАНСКЕ СПОМЕНИЦЕ ББ	44.369861	20.165821	naselje
Лајковац	6	ОШ „МИЛЕ ДУБЉЕВИЋ"	Лајковац, СВЕТОГ САВЕ БР. 3	Лајковац	СВЕТОГ САВЕ БР. 3	44.369193	20.159398	objekat
Лајковац	7	БИОСКОП	Лајковац, ВОЈВОДЕ МИШИЋА БР. 2	Лајковац	ВОЈВОДЕ МИШИЋА БР. 2	44.370985	20.167529	objekat
Лајковац	8	средња школа "17.СЕПТЕМБАР"	Лајковац, ВУКА КАРАЏИЋА БР. 19	Лајковац	ВУКА КАРАЏИЋА БР. 19	44.370669	20.160184	objekat
Лајковац	9	ОШ „МИЛЕ ДУБЉЕВИЋ"	Бајевац	Бајевац		44.382943	20.069885	naselje
Лајковац	10	ОШ „МИЛЕ ДУБЉЕВИЋ"	Бајевац	Бајевац		44.382943	20.069885	naselje
Лајковац	11	АМБУЛАНТА	Боговађа	Боговађа		44.337354	20.195829	ulica
Лајковац	12	ОШ "МИЛЕ ДУБЉЕВИЋ"	Врачевић	Врачевић		44.293391	20.185672	naselje
Лајковац	13	ОШ "МИЛЕ ДУБЉЕВИЋ"	Врачевић	Врачевић		44.293391	20.185672	naselje
Лајковац	14	СЕОСКА КУЋА	Врачевић	Врачевић		44.293391	20.185672	naselje
Лајковац	15	ОШ „МИЛЕ ДУБЉЕВИЋ"	Доњи Лајковац	Доњи Лајковац		44.308240	20.216202	ulica
Лајковац	16	ПОСЛОВНИ ПРОСТОР НАТАШЕ ИЛИЋ	Јабучје	Јабучје		44.369688	20.187296	ulica
Лајковац	17	ПОСЛОВНИ ПРОСТОР АЛЕКСАНДРА ЈЕВРИЋА	Јабучје	Јабучје		44.369688	20.187296	ulica
Лајковац	18	ОШ "ДИМИТРИЈЕ ТУЦОВИЋ"	Јабучје	Јабучје		44.369688	20.187296	ulica
Лајковац	19	ПОСЛОВНИ ПРОСТОР „ПАРЦАН“	Јабучје	Јабучје		44.369688	20.187296	ulica
Лајковац	20	ОШ "ДИМИТРИЈЕ ТУЦОВИЋ" ИО ДОЊЕ ЈАБУЧЈЕ	Јабучје	Јабучје		44.369688	20.187296	ulica
Лајковац	21	КУЋА СЛОБОДАНА ЖИВКОВИЋА	Јабучје	Јабучје		44.369688	20.187296	ulica
Лајковац	22	ОШ "МИЛЕ ДУБЉЕВИЋ"	Маркова Црква	Маркова Црква		44.328494	20.085404	naselje
Лајковац	23	ОШ "МИЛЕ ДУБЉЕВИЋ"	Непричава	Непричава		44.359751	20.124952	ulica
Лајковац	24	СЕОСКА КУЋА	Пепељевац	Пепељевац		44.346006	20.154818	ulica
Лајковац	25	ОШ "МИЛЕ ДУБЉЕВИЋ"	Придворица	Придворица		44.331746	20.128969	naselje
Лајковац	26	ДОМ	Ратковац	Ратковац		44.335537	20.098487	naselje
Лајковац	27	ДОМ	Рубрибреза	Рубрибреза		44.356648	20.131675	ulica
Лајковац	28	ОШ "ДИМИТРИЈЕ ТУЦОВИЋ" ИО ДОЊЕ ЈАБУЧЈЕ	Јабучје	Јабучје		44.369688	20.187296	ulica
Лајковац	29	АМБУЛАНТА	Словац	Словац		44.343747	20.088584	naselje
Лајковац	30	ПОСЛОВНИ ПРОСТОР "ИВА АГРАР"	Степање	Степање		44.363112	20.067183	naselje
Лајковац	31	ДОМ	Стрмово	Стрмово		44.334429	20.139473	naselje
Лајковац	32	ОШ "МИЛЕ ДУБЉЕВИЋ"	Село Лајковац	Село Лајковац				nije_nadjeno
Лајковац	33	ОШ "МИЛЕ ДУБЉЕВИЋ"	Село Лајковац	Село Лајковац				nije_nadjeno
Лајковац	34	ОШ "МИЛЕ ДУБЉЕВИЋ"	Ћелије	Ћелије		44.362023	20.191558	naselje
Лапово	1	ПУ "НАША МЛАДОСТ"	Лапово, ул. Михајла Пупина бр.2	Лапово	ул. Михајла Пупина бр.2	44.181798	21.106603	objekat
Лапово	2	Предузеће „АГРОСТИЛ" - вл. Предрага Спасојевића	Лапово, ул. Вука Караџића бр.13	Лапово	ул. Вука Караџића бр.13	44.192719	21.100571	objekat
Лапово	3	ОШ II РЕЈОНА - учионица 1	Лапово, ул. Солунска бр.113	Лапово	ул. Солунска бр.113	44.196389	21.093195	objekat
Лапово	4	ОШ II РЕЈОНА - учионица 2	Лапово, ул. Солунска бр.113	Лапово	ул. Солунска бр.113	44.196389	21.093195	objekat
Лапово	5	СРЕДЊА ШКОЛА ЛАПОВО Кабинет конобара	Лапово, ул. Светозара Марковића бр.43	Лапово	ул. Светозара Марковића бр.43	44.184981	21.095490	objekat
Лапово	6	СРЕДЊА ШКОЛА ЛАПОВО Учионица 11/1	Лапово, ул. Светозара Марковића бр.43	Лапово	ул. Светозара Марковића бр.43	44.184981	21.095490	objekat
Лапово	7	СРЕДЊА ШКОЛА ЛАПОВО Главни хол школе	Лапово, ул. Светозара Марковића бр.43	Лапово	ул. Светозара Марковића бр.43	44.184981	21.095490	objekat
Лапово	8	ОШ IV РЕЈОНА - учионица 2	Лапово, ул. Карађорђева бр.139	Лапово	ул. Карађорђева бр.139	44.168837	21.092467	objekat
Лапово	9	ОШ IV РЕЈОНА учионица 1	Лапово, ул. Карађорђева бр.139	Лапово	ул. Карађорђева бр.139	44.168837	21.092467	objekat
Лапово	10	Железничка станица чекаоница I разреда	Лапово, ул. Гаврила Принципа б.б	Лапово	ул. Гаврила Принципа б.б	44.185434	21.104791	naselje
Лапово	11	Зграда Поште - шалтер сала	Лапово, ул. Његошева бр. 16	Лапово	ул. Његошева бр. 16	44.185288	21.105071	objekat
Лебане	1	ОСНОВНИ СУД	Лебане, ЦАРА ДУШАНА БР. 118	Лебане	ЦАРА ДУШАНА БР. 118	42.917049	21.735560	objekat
Лебане	2	ПУТНА СЕКЦИЈА	Лебане, ЦАРА ДУШАНА БР. 249	Лебане	ЦАРА ДУШАНА БР. 249	42.916887	21.717282	objekat
Лебане	3	ДОМ КУЛТУРЕ "РАДАН"	Лебане, ЦАРА ДУШАНА БР. 79	Лебане	ЦАРА ДУШАНА БР. 79	42.917615	21.737729	objekat
Лебане	4	ДОМ КУЛТУРЕ "РАДАН"	Лебане, ЦАРА ДУШАНА БР. 79	Лебане	ЦАРА ДУШАНА БР. 79	42.917615	21.737729	objekat
Лебане	5	ПРОСТОРИЈЕ ЈП „ЛЕБАНЕ"	Лебане, ЦАРА ДУШАНА БР. 79	Лебане	ЦАРА ДУШАНА БР. 79	42.917615	21.737729	objekat
Лебане	6	ОШ "ВУК КАРАЏИЋ"	Лебане, 19. АВГУСТ ББ	Лебане	19. АВГУСТ ББ	42.918025	21.737469	naselje
Лебане	7	ОШ "ВУК КАРАЏИЋ"	Лебане, 19. АВГУСТ ББ	Лебане	19. АВГУСТ ББ	42.918025	21.737469	naselje
Лебане	8	ГИМНАЗИЈА	Лебане, ЦАРА ДУШАНА БР. 78	Лебане	ЦАРА ДУШАНА БР. 78	42.920592	21.739062	objekat
Лебане	9	ОШ "РАДОВАН КОВАЧЕВИЋ"	Лебане, ЦАРА ДУШАНА БР. 76	Лебане	ЦАРА ДУШАНА БР. 76	42.921257	21.739431	objekat
Лебане	10	ОСНОВНА ШКОЛА	Шумане	Шумане		42.904887	21.756169	naselje
Лебане	11	ОСНОВНА ШКОЛА	Шумане	Шумане		42.904887	21.756169	naselje
Лебане	12	ОСНОВНА ШКОЛА	Горње Врановце	Горње Врановце		42.881927	21.760564	naselje
Лебане	13	ДРУШТВЕНА ЗГРАДА	Поповце	Поповце		42.861022	21.763789	naselje
Лебане	14	ОСНОВНА ШКОЛА	Гргуровце	Гргуровце		42.832495	21.763557	naselje
Лебане	15	ОСНОВНА ШКОЛА	Кривача	Кривача		42.923818	21.717357	naselje
Лебане	16	ДРУШТВЕНА ЗГРАДА	Шилово	Шилово		42.904641	21.712554	naselje
Лебане	17	ОСНОВНА ШКОЛА	Гегља	Гегља		42.916530	21.679746	naselje
Лебане	18	ДРУШТВЕНА ЗГРАДА	Лалиновац	Лалиновац		42.920308	21.640881	naselje
Лебане	19	ДРУШТВЕНА ЗГРАДА	Прекопчелица	Прекопчелица		42.944847	21.691260	naselje
Лебане	20	ОСНОВНА ШКОЛА	Штулац	Штулац		42.938997	21.668692	naselje
Лебане	21	ОСНОВНА ШКОЛА	Свињарица	Свињарица		42.948601	21.653280	naselje
Лебане	22	ОСНОВНА ШКОЛА	Бачевина	Бачевина		42.947567	21.623279	naselje
Лебане	23	ДРУШТВЕНА ЗГРАДА	Слишане	Слишане		42.957019	21.593735	naselje
Лебане	24	ОСНОВНА ШКОЛА	Коњино	Коњино		42.936159	21.767105	naselje
Лебане	25	ДРУШТВЕНА ЗГРАДА	Ждеглово	Ждеглово		42.931903	21.774351	naselje
Лебане	26	ДРУШТВЕНА ЗГРАДА	Лугаре	Лугаре		42.931429	21.789462	naselje
Лебане	27	ОСНОВНА ШКОЛА	Доње Врановце	Доње Врановце		42.924389	21.814537	naselje
Лебане	28	ДРУШТВЕНА ЗГРАДА	Велико Војловце	Велико Војловце		42.923948	21.804682	naselje
Лебане	29	ОСНОВНА ШКОЛА	Бошњаце	Бошњаце		42.946349	21.827152	naselje
Лебане	30	ОСНОВНА ШКОЛА	Бошњаце	Бошњаце		42.946349	21.827152	naselje
Лебане	31	МЕСНА ЗАЈЕДНИЦА ПЕРТАТЕ	Пертате	Пертате		42.960946	21.836695	naselje
Лебане	32	МЕСНА ЗАЈЕДНИЦА ПЕРТАТЕ	Пертате	Пертате		42.960946	21.836695	naselje
Лебане	33	МЕСНА ЗАЈЕДНИЦА ЋЕНОВАЦ	Ћеновац	Ћеновац		42.965057	21.843274	naselje
Лебане	34	ОСНОВНА ШКОЛА	Цекавица	Цекавица		42.937620	21.838624	naselje
Лебане	35	ДОМ КУЛТУРЕ	Мало Војловце	Мало Војловце		42.933619	21.835124	naselje
Лебане	36	ДРУШТВЕНА ЗГРАДА	Тогочевце	Тогочевце		42.942977	21.855498	naselje
Лебане	37	ОСНОВНА ШКОЛА	Нова Топола	Нова Топола		42.968797	21.753231	naselje
Лебане	38	ОСНОВНА ШКОЛА	Клајић	Клајић		42.823709	21.731281	naselje
Лебане	39	ДРУШТВЕНА ЗГРАДА	Липовица	Липовица		42.762451	21.724763	naselje
Лебане	40	ОСНОВНА ШКОЛА	Голи Рид	Голи Рид		42.961703	21.731500	naselje
Лебане	41	ОСНОВНА ШКОЛА	Бувце	Бувце		42.837462	21.691043	naselje
Лебане	42	ДРУШТВЕНА ЗГРАДА	Пороштица	Пороштица		42.851518	21.717691	naselje
Лепосавић	1	ТЕХНИЧКА ШКОЛА	ЛЕПОСАВИЋ	ЛЕПОСАВИЋ				nije_nadjeno
Лепосавић	2	ТЕХНИЧКА ШКОЛА	ЛЕПОСАВИЋ	ЛЕПОСАВИЋ				nije_nadjeno
Лепосавић	3	ТЕХНИЧКА ШКОЛА	ЛЕПОСАВИЋ	ЛЕПОСАВИЋ				nije_nadjeno
Лепосавић	4	ТЕХНИЧКА ШКОЛА	ЛЕПОСАВИЋ	ЛЕПОСАВИЋ				nije_nadjeno
Лепосавић	5	ТЕХНИЧКА ШКОЛА	ЛЕПОСАВИЋ	ЛЕПОСАВИЋ				nije_nadjeno
Лепосавић	6	ТЕХНИЧКА ШКОЛА	ЛЕПОСАВИЋ	ЛЕПОСАВИЋ				nije_nadjeno
Лепосавић	7	ТЕХНИЧКА ШКОЛА	ЛЕПОСАВИЋ	ЛЕПОСАВИЋ				nije_nadjeno
Лепосавић	8	ТЕХНИЧКА ШКОЛА	ЛЕПОСАВИЋ	ЛЕПОСАВИЋ				nije_nadjeno
Лепосавић	9	ОСНОВНА ШКОЛА	ДОЊА СОЧАНИЦА	ДОЊА СОЧАНИЦА				nije_nadjeno
Лепосавић	10	ОСНОВНА ШКОЛА	ДОЊА СОЧАНИЦА	ДОЊА СОЧАНИЦА				nije_nadjeno
Лепосавић	11	ОСНОВНА ШКОЛА	ДОЊА СОЧАНИЦА	ДОЊА СОЧАНИЦА				nije_nadjeno
Лепосавић	12	ОСНОВНА ШКОЛА	ДОЊА СОЧАНИЦА	ДОЊА СОЧАНИЦА				nije_nadjeno
Лепосавић	13	ОСНОВНА ШКОЛА	ЛЕШАК	ЛЕШАК				nije_nadjeno
Лепосавић	14	ОСНОВНА ШКОЛА	ЛЕШАК	ЛЕШАК				nije_nadjeno
Лепосавић	15	ОСНОВНА ШКОЛА	ЛЕШАК	ЛЕШАК				nije_nadjeno
Лепосавић	16	ОСНОВНА ШКОЛА	ЛЕШАК	ЛЕШАК				nije_nadjeno
Лесковац	1	ОСНОВНА ШКОЛА "ВАСА ПЕЛАГИЋ"	ЛЕСКОВАЦ, УЛ.ВАСЕ ПЕЛАГИЋА БР. 5	ЛЕСКОВАЦ	УЛ.ВАСЕ ПЕЛАГИЋА БР. 5	42.998005	21.938419	objekat
Лесковац	2	МЕДИЦИНСКА ШКОЛА	ЛЕСКОВАЦ, УЛ.БОРЕ ПИКСЛЕ БР. 1	ЛЕСКОВАЦ	УЛ.БОРЕ ПИКСЛЕ БР. 1	42.996387	21.936571	objekat
Лесковац	3	ОСНОВНА ШКОЛА "ВУК КАРАЏИЋ"	ЛЕСКОВАЦ, УЛ.САВЕ КОВАЧЕВИЋА БР. 69	ЛЕСКОВАЦ	УЛ.САВЕ КОВАЧЕВИЋА БР. 69	43.002132	21.945248	objekat
Лесковац	4	МЕСНА ЗАЈЕДНИЦА ДУБОЧИЦА	ЛЕСКОВАЦ, УЛ.САВЕ КОВАЧЕВИЋА БР. 81	ЛЕСКОВАЦ	УЛ.САВЕ КОВАЧЕВИЋА БР. 81	43.001113	21.945824	ulica
Лесковац	5	ТЕХНИЧКА ШКОЛА "РАДЕ МЕТАЛАЦ"	ЛЕСКОВАЦ, УЛ.ДИМИТРИЈА ТУЦОВИЋА 104	ЛЕСКОВАЦ	УЛ.ДИМИТРИЈА ТУЦОВИЋА 104	43.002165	21.943553	objekat
Лесковац	6	ОСНОВНА ШКОЛА "ВУК КАРАЏИЋ"	ЛЕСКОВАЦ, УЛ. САВЕ КОВАЧЕВИЋА БР. 69	ЛЕСКОВАЦ	УЛ. САВЕ КОВАЧЕВИЋА БР. 69	43.002132	21.945248	objekat
Лесковац	7	ТЕХНИЧКА ШКОЛА "РАДЕ МЕТАЛАЦ"	ЛЕСКОВАЦ, УЛ.ДИМИТРИЈА ТУЦОВИЋА БР. 104	ЛЕСКОВАЦ	УЛ.ДИМИТРИЈА ТУЦОВИЋА БР. 104	43.002165	21.943553	objekat
Лесковац	8	ТРГОВИНСКО УГОСТИТЕЉСКА ШКОЛА "ВОЈА НИКОЛАЈЕВИЋ"	ЛЕСКОВАЦ, УЛ.ДУБОЧИЦА БР. 84И	ЛЕСКОВАЦ	УЛ.ДУБОЧИЦА БР. 84И	42.998930	21.927797	objekat
Лесковац	9	МЕСНА ЗАЈЕДНИЦА МИЛЕНТИЈЕ ПОПОВИЋ	ЛЕСКОВАЦ, УЛ. ЂОРЂА АНДРЕЈЕВИЋА КУНА БР. 336	ЛЕСКОВАЦ	УЛ. ЂОРЂА АНДРЕЈЕВИЋА КУНА БР. 336	43.000305	21.934919	ulica
Лесковац	10	СТР "ЖИЧКА"	ЛЕСКОВАЦ, УЛ.НИШКА БР. 3	ЛЕСКОВАЦ	УЛ.НИШКА БР. 3	43.003914	21.935775	objekat
Лесковац	11	МЕСНА ЗАЈЕДНИЦА ПРВА ЈУЖНОМОРАВСКА БРИГАДА	ЛЕСКОВАЦ, УЛ.МИЛУТИНА СМИЉКОВИЋА БР. 7а	ЛЕСКОВАЦ	УЛ.МИЛУТИНА СМИЉКОВИЋА БР. 7а	43.011113	21.932619	objekat
Лесковац	12	ПРИВАТНЕ ПРОСТОРИЈЕ МИЛИВОЈА СПАСИЋА	ЛЕСКОВАЦ, УЛ. БУЛЕВАР НИКОЛЕ ПАШИЋА БР. 5	ЛЕСКОВАЦ	УЛ. БУЛЕВАР НИКОЛЕ ПАШИЋА БР. 5	43.003247	21.947552	objekat
Лесковац	13	ОСНОВНА ШКОЛА "ТРАЈКО СТАМЕНКОВИЋ"	ЛЕСКОВАЦ, УЛ.ДУБОЧИЦА БР. 72	ЛЕСКОВАЦ	УЛ.ДУБОЧИЦА БР. 72	42.998722	21.934619	objekat
Лесковац	14	НАРОДНА БИБЛИОТЕКА "РАДОЈЕ ДОМАНОВИЋ"	ЛЕСКОВАЦ, УЛ.БУЛЕВАР ОСЛОБОЂЕЊА БР. 61	ЛЕСКОВАЦ	УЛ.БУЛЕВАР ОСЛОБОЂЕЊА БР. 61	42.996744	21.956267	ulica
Лесковац	15	МЕСНА ЗАЈЕДНИЦА ЦЕНТАР	ЛЕСКОВАЦ, УЛ.СЛОБОДАНА ПЕНЕЗИЋА БР. 7	ЛЕСКОВАЦ	УЛ.СЛОБОДАНА ПЕНЕЗИЋА БР. 7	42.996891	21.952233	objekat
Лесковац	16	ОСНОВНА ШКОЛА "ВОЖД КАРАЂОРЂЕ"	ЛЕСКОВАЦ, УЛ.ВИДОЈА СМИЛЕВСКОГ БР. 6	ЛЕСКОВАЦ	УЛ.ВИДОЈА СМИЛЕВСКОГ БР. 6	42.984785	21.956550	objekat
Лесковац	17	ОСНОВНА ШКОЛА "ВОЖД КАРАЂОРЂЕ"	ЛЕСКОВАЦ, УЛ.ВИДОЈА СМИЛЕВСКОГ БР. 6	ЛЕСКОВАЦ	УЛ.ВИДОЈА СМИЛЕВСКОГ БР. 6	42.984785	21.956550	objekat
Лесковац	18	МЕСНА ЗАЈЕДНИЦА ВЕТЕРНИЦА	ЛЕСКОВАЦ, УЛ.ЦАРА УРОША БР.14Б	ЛЕСКОВАЦ	УЛ.ЦАРА УРОША БР.14Б	42.985176	21.950402	objekat
Лесковац	19	ОСНОВНА ШКОЛА "СВЕТОЗАР МАРКОВИЋ"	ЛЕСКОВАЦ, УЛ.ЛЕСКОВАЧКОГ ОДРЕДА БР. 2	ЛЕСКОВАЦ	УЛ.ЛЕСКОВАЧКОГ ОДРЕДА БР. 2	42.993318	21.945768	objekat
Лесковац	20	ЦЕНТАР ЗА СТРУЧНО УСАВРШАВАЊЕ У ОБРАЗОВАЊУ	ЛЕСКОВАЦ, УЛ.ЛЕСКОВАЧКОГ ОДРЕДА БР. 6	ЛЕСКОВАЦ	УЛ.ЛЕСКОВАЧКОГ ОДРЕДА БР. 6	42.993318	21.945768	objekat
Лесковац	21	ОСНОВНА ШКОЛА "СВЕТОЗАР МАРКОВИЋ"	ЛЕСКОВАЦ, УЛ.ЛЕСКОВАЧКОГ ОДРЕДА БР. 2	ЛЕСКОВАЦ	УЛ.ЛЕСКОВАЧКОГ ОДРЕДА БР. 2	42.993318	21.945768	objekat
Лесковац	22	ЗДРАВСТВЕНА СТАНИЦА БР. 2	ЛЕСКОВАЦ, УЛ.НИКОЛЕ СКОБАЉИЋА БР. 74	ЛЕСКОВАЦ	УЛ.НИКОЛЕ СКОБАЉИЋА БР. 74	42.992525	21.953745	objekat
Лесковац	23	ДОМ УЧЕНИКА СРЕДЊИХ ШКОЛА	ЛЕСКОВАЦ, УЛ.МЛИНСКА БР. 136	ЛЕСКОВАЦ	УЛ.МЛИНСКА БР. 136	42.993939	21.955676	objekat
Лесковац	24	ОСНОВНА ШКОЛА "ПЕТАР ТАСИЋ"	ЛЕСКОВАЦ, УЛ.ВЛАЈКОВА БР. 24	ЛЕСКОВАЦ	УЛ.ВЛАЈКОВА БР. 24	42.975051	21.952916	ulica
Лесковац	25	МЕСНА ЗАЈЕДНИЦА МАРКО ЦРНИ	ЛЕСКОВАЦ, УЛ.РАДНИЧКА БР. 5	ЛЕСКОВАЦ	УЛ.РАДНИЧКА БР. 5	42.985983	21.952311	objekat
Лесковац	26	ФК "ВЕТЕРНИЦА"	ЛЕСКОВАЦ, УЛ.ЗЕКЕ БУЉУБАШЕ ББ	ЛЕСКОВАЦ	УЛ.ЗЕКЕ БУЉУБАШЕ ББ	42.988161	21.953191	ulica
Лесковац	27	ДОМ КУЛТУРЕ РОМА	ЛЕСКОВАЦ, УЛ.ЗЕКЕ БУЉУБАШЕ ББ	ЛЕСКОВАЦ	УЛ.ЗЕКЕ БУЉУБАШЕ ББ	42.988161	21.953191	ulica
Лесковац	28	ПРИВАТНЕ ПРОСТОРИЈЕ МИТИЋ МИОМИРА	ЛЕСКОВАЦ, УЛ. КРАГУЈЕВАЧКА БР. 12	ЛЕСКОВАЦ	УЛ. КРАГУЈЕВАЧКА БР. 12	42.981480	21.971448	objekat
Лесковац	29	ШКОЛА ЗА ТЕКСТИЛ И ДИЗАЈН	ЛЕСКОВАЦ, УЛ.ВИЉЕМА ПУШМАНА БР. 21	ЛЕСКОВАЦ	УЛ.ВИЉЕМА ПУШМАНА БР. 21	42.998546	21.957757	objekat
Лесковац	30	ОСНОВНА ШКОЛА "КОСТА СТАМЕНКОВИЋ"	ЛЕСКОВАЦ, УЛ. НОРВЕЖАНСКА БР. 36	ЛЕСКОВАЦ	УЛ. НОРВЕЖАНСКА БР. 36	42.991062	21.932336	objekat
Лесковац	31	ОСНОВНА ШКОЛА "КОСТА СТАМЕНКОВИЋ"	ЛЕСКОВАЦ, УЛ.НОРВЕЖАНСКА БР. 36	ЛЕСКОВАЦ	УЛ.НОРВЕЖАНСКА БР. 36	42.991062	21.932336	objekat
Лесковац	32	ОСНОВНА ШКОЛА "ТРАЈКО СТАМЕНКОВИЋ"	ЛЕСКОВАЦ, УЛ.ДУБОЧИЦА БР. 72	ЛЕСКОВАЦ	УЛ.ДУБОЧИЦА БР. 72	42.998722	21.934619	objekat
Лесковац	33	ОСНОВНА ШКОЛА "ЈОСИФ КОСТИЋ"	ЛЕСКОВАЦ, УЛ.ПАРТИЗАНСКА БР. 2	ЛЕСКОВАЦ	УЛ.ПАРТИЗАНСКА БР. 2	42.994018	21.951730	objekat
Лесковац	34	МЕСНА ЗАЈЕДНИЦА СТОЈАН ЉУБИЋ	ЛЕСКОВАЦ, УЛ.НИКОЛЕ СКОБАЉИЋА БР. 15	ЛЕСКОВАЦ	УЛ.НИКОЛЕ СКОБАЉИЋА БР. 15	42.994078	21.953366	objekat
Лесковац	35	МЕСНА ЗАЈЕДНИЦА ХИСАР	ЛЕСКОВАЦ, УЛ.ДЕЛИГРАДСКА БР. 5	ЛЕСКОВАЦ	УЛ.ДЕЛИГРАДСКА БР. 5	42.992996	21.943993	objekat
Лесковац	36	МЕСНА ЗАЈЕДНИЦА ХИСАР	ЛЕСКОВАЦ, УЛ.ДЕЛИГРАДСКА БР. 5	ЛЕСКОВАЦ	УЛ.ДЕЛИГРАДСКА БР. 5	42.992996	21.943993	objekat
Лесковац	37	ДОМ ЗДРАВЉА ЛЕСКОВАЦ - АМБУЛАНТА ДОЊА ОРУГЛИЦА	ДОЊА ОРУГЛИЦА, УЛ. ЛЕСКОВАЧКА БР. 71	ДОЊА ОРУГЛИЦА	УЛ. ЛЕСКОВАЧКА БР. 71			nije_nadjeno
Лесковац	38	ОСНОВНА ШКОЛА СЛАВКО ЗЛАТАНОВИЋ МИРОШЕВЦЕ ИЗДВОЈЕНО ОДЕЉЕЊЕ У ГАГИНЦУ	ГАГИНЦЕ, УЛ. 1. МАЈА БР. 54	ГАГИНЦЕ	УЛ. 1. МАЈА БР. 54	42.784921	21.778661	naselje
Лесковац	39	ОСНОВНА ШКОЛА "СЛАВКО ЗЛАТАНОВИЋ" МИРОШЕВЦЕ ИЗДВОЈЕНО ОДЕЉЕЊЕ У ЦРЦАВЦУ	ЦРЦАВАЦ, УЛ. БРЕСТОВА ББ	ЦРЦАВАЦ	УЛ. БРЕСТОВА ББ	42.803932	21.823154	ulica
Лесковац	40	ОСНОВНА ШКОЛА "СЛАВКО ЗЛАТАНОВИЋ" МИРОШЕВЦЕ ИЗДВОЈЕНО ОДЕЉЕЊЕ У КАЛУЂЕРЦУ	КАЛУЂЕРЦЕ, УЛ. БАДЕМОВА БР. 10	КАЛУЂЕРЦЕ	УЛ. БАДЕМОВА БР. 10	42.816021	21.830513	objekat
Лесковац	41	ПРОДАВНИЦА БР. 6 БАРЈЕ	БАРЈЕ, УЛ. ШКОЛСКА БР. 70	БАРЈЕ	УЛ. ШКОЛСКА БР. 70	42.824139	21.801035	objekat
Лесковац	42	МЕСНА ЗАЈЕДНИЦА ВИНА	ВИНА, УЛ. НИКОЛЕ ТЕСЛЕ БР. 19	ВИНА	УЛ. НИКОЛЕ ТЕСЛЕ БР. 19	42.846289	21.818062	objekat
Лесковац	43	ОСНОВНА ШКОЛА "СЛАВКО ЗЛАТАНОВИЋ" МИРОШЕВЦЕ	МИРОШЕВЦЕ, УЛ. ДР БРАНИСЛАВА ЂОРЂЕВИЋА МУСЕ БР. 37	МИРОШЕВЦЕ	УЛ. ДР БРАНИСЛАВА ЂОРЂЕВИЋА МУСЕ БР. 37	42.865894	21.839211	naselje
Лесковац	44	МЕСНА ЗАЈЕДНИЦА МИРОШЕВЦЕ	МИРОШЕВЦЕ, УЛ. ЗОРАНА КРСТИЋА ПУПЕ БР. 26	МИРОШЕВЦЕ	УЛ. ЗОРАНА КРСТИЋА ПУПЕ БР. 26	42.865894	21.839211	naselje
Лесковац	45	МЕСНА ЗАЈЕДНИЦА СЛАВУЈЕВЦЕ	СЛАВУЈЕВЦЕ, УЛ. СТЕВАНА НЕМАЊЕ БР. 2	СЛАВУЈЕВЦЕ	УЛ. СТЕВАНА НЕМАЊЕ БР. 2	42.891486	21.820175	objekat
Лесковац	46	ОСНОВНА ШКОЛА "СЛАВКО ЗЛАТАНОВИЋ" МИРОШЕВЦЕ ИЗДВОЈЕНО ОДЕЉЕЊЕ У ИГРИШТУ	ИГРИШТЕ, УЛ. КРАЉА ПЕТРА ПРВОГ БР. 4	ИГРИШТЕ	УЛ. КРАЉА ПЕТРА ПРВОГ БР. 4	42.871280	21.804277	objekat
Лесковац	47	ОСНОВНА ШКОЛА "БОРА СТАНКОВИЋ" ВУЧЈЕ ИЗДВОЈЕНО ОДЕЉЕЊЕ У БУНУШКОМ ЧИФЛУКУ	БУНУШКИ ЧИФЛУК, УЛ. ТРГ ПАЛИХ БОРАЦА БР. 5	БУНУШКИ ЧИФЛУК	УЛ. ТРГ ПАЛИХ БОРАЦА БР. 5	42.884979	21.882108	objekat
Лесковац	48	ДОМ КУЛТУРЕ РАДОЊИЦА	РАДОЊИЦА, УЛ. БАЛКАНСКА БР. 3	РАДОЊИЦА	УЛ. БАЛКАНСКА БР. 3	42.895741	21.891660	objekat
Лесковац	49	МЕСНА ЗАЈЕДНИЦА ТОДОРОВЦЕ	ТОДОРОВЦЕ, УЛ. 14. ЈУЛ БР. 48	ТОДОРОВЦЕ	УЛ. 14. ЈУЛ БР. 48	42.876015	21.859788	objekat
Лесковац	50	МЕСНА ЗАЈЕДНИЦА ГОРЊА БУНУША	ГОРЊА БУНУША, УЛ. ЦАРА ДУШАНА БР. 8	ГОРЊА БУНУША	УЛ. ЦАРА ДУШАНА БР. 8	42.892000	21.870778	objekat
Лесковац	51	МЕСНА ЗАЈЕДНИЦА ДОЊА БУНУША	ДОЊА БУНУША, УЛ. ЧАЧАНСКА БР. 6	ДОЊА БУНУША	УЛ. ЧАЧАНСКА БР. 6	42.895373	21.880810	objekat
Лесковац	52	ОСНОВНА ШКОЛА "БОРА СТАНКОВИЋ" ВУЧЈЕ ИЗДВОЈЕНО ОДЕЉЕЊЕ У БРЗИ	БРЗА, УЛ. НИКОЛЕ ТЕСЛЕ БР. 136	БРЗА	УЛ. НИКОЛЕ ТЕСЛЕ БР. 136	42.858258	21.885438	objekat
Лесковац	53	ОСНОВНА ШКОЛА "БОРА СТАНКОВИЋ" ВУЧЈЕ ИЗДВОЈЕНО ОДЕЉЕЊЕ У БРЗИ	БРЗА, УЛ. НИКОЛЕ ТЕСЛЕ БР. 136	БРЗА	УЛ. НИКОЛЕ ТЕСЛЕ БР. 136	42.858258	21.885438	objekat
Лесковац	54	ОСНОВНА ШКОЛА "СЛАВКО ЗЛАТАНОВИЋ" МИРОШЕВЦЕ ИЗДВОЈЕНО ОДЕЉЕЊЕ У ГОРИНИ	ГОРИНА, УЛ. СВЕТОГ САВЕ БР. 12	ГОРИНА	УЛ. СВЕТОГ САВЕ БР. 12	42.848870	21.856314	naselje
Лесковац	55	МЕСНА ЗАЈЕДНИЦА БУКОВА ГЛАВА	БУКОВА ГЛАВА, УЛ. ВИДОВДАНСКА БР. 5	БУКОВА ГЛАВА	УЛ. ВИДОВДАНСКА БР. 5	42.844627	21.841611	objekat
Лесковац	56	МЕСНА ЗАЈЕДНИЦА ЖАБЉАНЕ	ЖАБЉАНЕ, УЛ. НЕМАЊИНА БР. 1	ЖАБЉАНЕ	УЛ. НЕМАЊИНА БР. 1	42.877125	21.896004	objekat
Лесковац	57	ПРОСТОРИЈА ОСР СТАНОЈЕВИЋ ВЛАСНИКА СТАНОЈЕВИЋ ВОЈИСЛАВА (БИВША ЗГРАДА КП "БУДУЋНОСТ") У ВУЧЈУ	ВУЧЈЕ, УЛ. ЈНА БР. 2	ВУЧЈЕ	УЛ. ЈНА БР. 2	42.870351	21.908407	objekat
Лесковац	58	ОСНОВНА ШКОЛА "БОРА СТАНКОВИЋ" ВУЧЈЕ	ВУЧЈЕ, УЛ. 29. НОВЕМБРА БР. 1	ВУЧЈЕ	УЛ. 29. НОВЕМБРА БР. 1	42.864591	21.908750	objekat
Лесковац	59	СРЕДЊА ШКОЛА "СВЕТОЗАР КРСТИЋ ТОЗА" ВУЧЈЕ	ВУЧЈЕ, УЛ. 29. НОВЕМБРА БР. 10	ВУЧЈЕ	УЛ. 29. НОВЕМБРА БР. 10	42.864826	21.908092	objekat
Лесковац	60	ДОМ КУЛТУРЕ ВУЧЈЕ	ВУЧЈЕ, УЛ. КОСТЕ СТАМЕНКОВИЋА БР. 29	ВУЧЈЕ	УЛ. КОСТЕ СТАМЕНКОВИЋА БР. 29	42.865677	21.911701	objekat
Лесковац	61	ОСНОВНА ШКОЛА "БОРА СТАНКОВИЋ" ВУЧЈЕ ИЗДВОЈЕНО ОДЕЉЕЊЕ У НАКРИВЊУ	НАКРИВАЊ, УЛ. СВЕТЕ ТРОЈИЦЕ БР. 19	НАКРИВАЊ	УЛ. СВЕТЕ ТРОЈИЦЕ БР. 19	42.879987	21.944498	objekat
Лесковац	62	ОСНОВНА ШКОЛА "БОРА СТАНКОВИЋ" ВУЧЈЕ ИЗДВОЈЕНО ОДЕЉЕЊЕ У НАКРИВЊУ	НАКРИВАЊ, УЛ. СВЕТЕ ТРОЈИЦЕ БР. 19	НАКРИВАЊ	УЛ. СВЕТЕ ТРОЈИЦЕ БР. 19	42.879987	21.944498	objekat
Лесковац	63	ОСНОВНА ШКОЛА "БОРА СТАНКОВИЋ" ВУЧЈЕ ИЗДВОЈЕНО ОДЕЉЕЊЕ У ЧУКЉЕНИКУ	ЧУКЉЕНИК, УЛ. СВЕТОГ НИКОЛЕ БР. 1	ЧУКЉЕНИК	УЛ. СВЕТОГ НИКОЛЕ БР. 1	42.866433	21.961158	objekat
Лесковац	64	ОСНОВНА ШКОЛА "БОРА СТАНКОВИЋ" ВУЧЈЕ ИЗДВОЈЕНО ОДЕЉЕЊЕ У БЕЛОМ ПОТОКУ	БЕЛИ ПОТОК, УЛ. СВЕТОГ САВЕ БР. 1	БЕЛИ ПОТОК	УЛ. СВЕТОГ САВЕ БР. 1	42.891192	21.916387	objekat
Лесковац	65	МЕСНА ЗАЈЕДНИЦА СТРОЈКОВЦЕ	СТРОЈКОВЦЕ, УЛ. ВУЧЈАНСКИ ПУТ БР. 278	СТРОЈКОВЦЕ	УЛ. ВУЧЈАНСКИ ПУТ БР. 278	42.905426	21.922731	objekat
Лесковац	66	МЕСНА ЗАЈЕДНИЦА СТРОЈКОВЦЕ	СТРОЈКОВЦЕ, УЛ. ВУЧЈАНСКИ ПУТ БР. 278	СТРОЈКОВЦЕ	УЛ. ВУЧЈАНСКИ ПУТ БР. 278	42.905426	21.922731	objekat
Лесковац	67	ПРИВАТНЕ ПРОСТОРИЈЕ ТОШИЋ СРЂАНА ШАИНОВАЦ	ШАИНОВАЦ, УЛ. ГОРЊА МАХАЛА БР. 23	ШАИНОВАЦ	УЛ. ГОРЊА МАХАЛА БР. 23	42.913229	21.935457	objekat
Лесковац	68	ОСНОВНА ШКОЛА "НИКОЛА СКОБАЉИЋ" ВЕЛИКО ТРЊАНЕ	ВЕЛИКО ТРЊАНЕ, УЛ. ВУКА КАРАЏИЋА БР. 46	ВЕЛИКО ТРЊАНЕ	УЛ. ВУКА КАРАЏИЋА БР. 46	42.929007	21.944703	objekat
Лесковац	69	ДОМ КУЛТУРЕ ПРЕСЕЧИНА	ПРЕСЕЧИНА, УЛ. СВЕТОГ САВЕ БР. 103	ПРЕСЕЧИНА	УЛ. СВЕТОГ САВЕ БР. 103	42.921522	21.946682	naselje
Лесковац	70	ОСНОВНА ШКОЛА "НИКОЛЕ СКОБАЉИЋА" ВЕЛИКО ТРЊАНЕ ИЗДВОЈЕНО ОДЕЉЕЊЕ У ГОРЊОЈ ЈАЈИНИ	ГОРЊА ЈАЈИНА, УЛ. ЦАРА ДУШАНА БР. 6	ГОРЊА ЈАЈИНА	УЛ. ЦАРА ДУШАНА БР. 6	42.939424	21.927215	objekat
Лесковац	71	ОСНОВНА ШКОЛА "НИКОЛА СКОБАЉИЋ" ВЕЛИКО ТРЊАНЕ ИЗДВОЈЕНО ОДЕЉЕЊЕ У РУДАРУ	РУДАРЕ, УЛ. РУДАРСКА БР. 48	РУДАРЕ	УЛ. РУДАРСКА БР. 48	42.953722	21.963971	objekat
Лесковац	72	ПОСЛОВНЕ ПРОСТОРИЈЕ МИХАЈЛОВИЋ МАРИНЕ ПАЛИКУЋА	ПАЛИКУЋА, УЛ.РАДНИЧКА БР. 39	ПАЛИКУЋА	УЛ.РАДНИЧКА БР. 39	42.931850	21.924687	objekat
Лесковац	73	ОСНОВНА ШКОЛА "СВЕТОЗАР МАРКОВИЋ" ЛЕСКОВАЦ ИЗДВОЈЕНО ОДЕЉЕЊЕ У КУКУЛОВЦУ	КУКУЛОВЦЕ, УЛ. НИКОЛЕ ТЕСЛЕ БР. 30	КУКУЛОВЦЕ	УЛ. НИКОЛЕ ТЕСЛЕ БР. 30	42.939897	21.898624	objekat
Лесковац	74	ДОМ КУЛТУРЕ ШИШИНЦЕ	ШИШИНЦЕ, УЛ ЦАРА ЛАЗАРА БР. 102	ШИШИНЦЕ	УЛ ЦАРА ЛАЗАРА БР. 102	42.960424	21.917059	objekat
Лесковац	75	МЕСНА ЗАЈЕДНИЦА ДОЊА ЈАЈИНА	ДОЊА ЈАЈИНА, УЛ. НИКОЛЕ СКОБАЉИЋА БР. 4	ДОЊА ЈАЈИНА	УЛ. НИКОЛЕ СКОБАЉИЋА БР. 4	42.968708	21.939369	objekat
Лесковац	76	МЕСНА ЗАЈЕДНИЦА ДРВОДЕЉА	ДРВОДЕЉА, УЛ. НИКОЛЕ ТЕСЛЕ БР. 15	ДРВОДЕЉА	УЛ. НИКОЛЕ ТЕСЛЕ БР. 15	42.902417	21.837602	objekat
Лесковац	77	ОСНОВНА ШКОЛА "ЂУРА ЈАКШИЋ" ТУРЕКОВАЦ ИЗДВОЈЕНО ОДЕЉЕЊЕ У ВЛАСУ	ВЛАСЕ, УЛ. ХИСАРСКИ ПУТ БР. 428	ВЛАСЕ	УЛ. ХИСАРСКИ ПУТ БР. 428	42.956831	21.879169	objekat
Лесковац	78	МЕСНА ЗАЈЕДНИЦА ГОРЊЕ ТРЊАНЕ	ГОРЊЕ ТРЊАНЕ, УЛ. ЦАРА ДУШАНА ББ	ГОРЊЕ ТРЊАНЕ	УЛ. ЦАРА ДУШАНА ББ	42.958367	21.889564	ulica
Лесковац	79	МЕСНА ЗАЈЕДНИЦА ГОРЊЕ СИНКОВЦЕ	ГОРЊЕ СИНКОВЦЕ, УЛ. ХИСАРСКИ ПУТ ББ	ГОРЊЕ СИНКОВЦЕ	УЛ. ХИСАРСКИ ПУТ ББ	42.968134	21.901734	ulica
Лесковац	80	МЕСНА ЗАЈЕДНИЦА ДОЊЕ СИНКОВЦЕ	ДОЊЕ СИНКОВЦЕ, УЛ. ХИСАРСКИ ПУТ БР. 220	ДОЊЕ СИНКОВЦЕ	УЛ. ХИСАРСКИ ПУТ БР. 220	42.974596	21.909725	objekat
Лесковац	81	ОСНОВНА ШКОЛА "ЂУРА ЈАКШИЋ" ТУРЕКОВАЦ ИЗДВОЈЕНО ОДЕЉЕЊЕ У СВИРЦУ	СВИРЦЕ, УЛ. ВУКА КАРАЏИЋА ББ	СВИРЦЕ	УЛ. ВУКА КАРАЏИЋА ББ	42.977987	21.859857	ulica
Лесковац	82	ОСНОВНА ШКОЛА "ЂУРА ЈАКШИЋ" ТУРЕКОВАЦ	ТУРЕКОВАЦ, УЛ. МАРШАЛА ТИТА БР. 40	ТУРЕКОВАЦ	УЛ. МАРШАЛА ТИТА БР. 40	42.984046	21.882293	objekat
Лесковац	83	ОСНОВНА ШКОЛА "ЂУРА ЈАКШИЋ" ТУРЕКОВАЦ	ТУРЕКОВАЦ, УЛ. МАРШАЛА ТИТА БР. 40	ТУРЕКОВАЦ	УЛ. МАРШАЛА ТИТА БР. 40	42.984046	21.882293	objekat
Лесковац	84	МЕСНА ЗАЈЕДНИЦА ДОЊЕ ТРЊАНЕ	ДОЊЕ ТРЊАНЕ, УЛ. СВЕТОГ САВЕ ББ	ДОЊЕ ТРЊАНЕ	УЛ. СВЕТОГ САВЕ ББ	42.973158	21.875431	ulica
Лесковац	85	МЕСНА ЗАЈЕДНИЦА КАРАЂОРЂЕВАЦ	КАРАЂОРЂЕВАЦ, УЛ. ЦАРА ДУШАНА БР. 46	КАРАЂОРЂЕВАЦ	УЛ. ЦАРА ДУШАНА БР. 46	43.008770	21.824303	objekat
Лесковац	86	МЕСНА ЗАЈЕДНИЦА БЕЛАНОВЦЕ	БЕЛАНОВЦЕ, УЛ БОЈНИЧКА БР. 18	БЕЛАНОВЦЕ	УЛ БОЈНИЧКА БР. 18	43.017084	21.845415	objekat
Лесковац	87	МЕСНА ЗАЈЕДНИЦА ДУШАНОВО	ДУШАНОВО, УЛ. ГЛАВНА БР. 17А	ДУШАНОВО	УЛ. ГЛАВНА БР. 17А	43.051495	21.844988	objekat
Лесковац	88	ОСНОВНА ШКОЛА "ЂУРА ЈАКШИЋ" ТУРЕКОВАЦ ИЗДВОЈЕНО ОДЕЉЕЊЕ У ПОДРИМЦУ	ПОДРИМЦЕ, УЛ. СВЕТИ НИКОЛА БР. 22	ПОДРИМЦЕ	УЛ. СВЕТИ НИКОЛА БР. 22	43.054087	21.864483	objekat
Лесковац	89	МЕСНА ЗАЈЕДНИЦА МИЛАНОВО	МИЛАНОВО, УЛ.ИВЕ ЛОЛЕ РИБАРА БР. 13	МИЛАНОВО	УЛ.ИВЕ ЛОЛЕ РИБАРА БР. 13	43.017204	21.868479	objekat
Лесковац	90	ОСНОВНА ШКОЛА "ТРАЈКО СТАМЕНКОВИЋ" ЛЕСКОВАЦ ИЗДВОЈЕНО ОДЕЉЕЊЕ У ГОРЊЕМ СТОПАЊУ	ГОРЊЕ СТОПАЊЕ, УЛ. ЗМАЈ ЈОВИНА БР. 5	ГОРЊЕ СТОПАЊЕ	УЛ. ЗМАЈ ЈОВИНА БР. 5	42.999184	21.903108	objekat
Лесковац	91	МЕСНА ЗАЈЕДНИЦА ДОЊЕ СТОПАЊЕ	ДОЊЕ СТОПАЊЕ, УЛ.11. ОКТОБАР ББ	ДОЊЕ СТОПАЊЕ	УЛ.11. ОКТОБАР ББ	43.019320	21.913605	ulica
Лесковац	92	МЕСНА ЗАЈЕДНИЦА ДОЊЕ СТОПАЊЕ	ДОЊЕ СТОПАЊЕ, УЛ. 11. ОКТОБАР ББ	ДОЊЕ СТОПАЊЕ	УЛ. 11. ОКТОБАР ББ	43.019320	21.913605	ulica
Лесковац	93	ОСНОВНА ШКОЛА "МИЛУТИН СМИЉКОВИЋ" ВИНАРЦЕ	ВИНАРЦЕ, УЛ. НЕМАЊИНА БР.1	ВИНАРЦЕ	УЛ. НЕМАЊИНА БР.1	43.029470	21.914363	objekat
Лесковац	94	ДОМ КУЛТУРЕ ВИНАРЦЕ	ВИНАРЦЕ, УЛ. СВЕТОСАВСКА ББ	ВИНАРЦЕ	УЛ. СВЕТОСАВСКА ББ	43.019061	21.925180	ulica
Лесковац	95	ОСНОВНА ШКОЛА "МИЛУТИН СМИЉКОВИЋ" ВИНАРЦЕ	ВИНАРЦЕ, УЛ. НЕМАЊИНА БР. 1	ВИНАРЦЕ	УЛ. НЕМАЊИНА БР. 1	43.029470	21.914363	objekat
Лесковац	96	ОСНОВНА ШКОЛА "МИЛУТИН СМИЉКОВИЋ" ВИНАРЦЕ	ВИНАРЦЕ, УЛ. НЕМАЊИНА БР. 1	ВИНАРЦЕ	УЛ. НЕМАЊИНА БР. 1	43.029470	21.914363	objekat
Лесковац	97	МЕСНА ЗАЈЕДНИЦА ПРИБОЈ	ПРИБОЈ, УЛ. ВИНОГРАДАРСКА ББ	ПРИБОЈ	УЛ. ВИНОГРАДАРСКА ББ	43.061971	21.924636	ulica
Лесковац	98	МЕСНА ЗАЈЕДНИЦА ЗАЛУЖЊЕ	ЗАЛУЖЊЕ, УЛ. КАРАЂОРЂЕВА ББ	ЗАЛУЖЊЕ	УЛ. КАРАЂОРЂЕВА ББ	43.053678	21.921098	ulica
Лесковац	99	МЕСНА ЗАЈЕДНИЦА ЖИВКОВО	ЖИВКОВО, УЛ. ЖИВКА ЦЕКИЋА БР. 20	ЖИВКОВО	УЛ. ЖИВКА ЦЕКИЋА БР. 20	43.074505	21.937944	objekat
Лесковац	100	МЕСНА ЗАЈЕДНИЦА ЧИФЛУК РАЗГОЈНСКИ	ЧИФЛУК РАЗГОЈНСКИ, УЛ. ВОЈВОДЕ МИШИЋА БР. 52	ЧИФЛУК РАЗГОЈНСКИ	УЛ. ВОЈВОДЕ МИШИЋА БР. 52	43.110292	21.948395	objekat
Лесковац	101	ОСНОВНА ШКОЛА "ВУК КАРАЏИЋ" ПЕЧЕЊЕВЦЕ ИЗДВОЈЕНО ОДЕЉЕЊЕ У БРЕЈАНОВЦУ	БРЕЈАНОВЦЕ, УЛ. ЦАРА ЛАЗАРА БР. 98	БРЕЈАНОВЦЕ	УЛ. ЦАРА ЛАЗАРА БР. 98	43.102686	21.942224	objekat
Лесковац	102	ОСНОВНА ШКОЛА "ВУК КАРАЂОРЂЕВИЋ" ПЕЧЕЊЕВЦЕ	ПЕЧЕЊЕВЦЕ, УЛ. ВОЈЕ МИТРОВИЋА БР. 4	ПЕЧЕЊЕВЦЕ	УЛ. ВОЈЕ МИТРОВИЋА БР. 4	43.102648	21.924585	naselje
Лесковац	103	ПРОДАВНИЦА СТАНКОВИЋ ЈОВАНА ПЕЧЕЊЕВЦЕ	ПЕЧЕЊЕВЦЕ, УЛ. ЗРНОВСКА БР. 109	ПЕЧЕЊЕВЦЕ	УЛ. ЗРНОВСКА БР. 109	43.099254	21.915910	objekat
Лесковац	104	ОСНОВНА ШКОЛА "ВУК КАРАЏИЋ" ПЕЧЕЊЕВЦЕ ИЗДВОЈЕНО ОДЕЉЕЊЕ У ЧЕКМИНУ	ЧЕКМИН, УЛ. КРАЉА ПЕТРА ПРВОГ БР. 70	ЧЕКМИН	УЛ. КРАЉА ПЕТРА ПРВОГ БР. 70	43.105920	21.906485	objekat
Лесковац	105	МЕСНА ЗАЈЕДНИЦА ЛИПОВИЦА	ЛИПОВИЦА, УЛ. ГОСПОДАРА ВУЧИЋА БР. 68	ЛИПОВИЦА	УЛ. ГОСПОДАРА ВУЧИЋА БР. 68	43.130500	21.897987	objekat
Лесковац	106	ОСНОВНА ШКОЛА "БРАНКО РАДИЧЕВИЋ" БРЕСТОВАЦ ИЗДВОЈЕНО ОДЕЉЕЊЕ У ЛИПОВИЦИ	ЛИПОВИЦА, УЛ. ВУКА КАРАЏИЋА БР. 93	ЛИПОВИЦА	УЛ. ВУКА КАРАЏИЋА БР. 93	43.130768	21.894807	objekat
Лесковац	107	ОСНОВНА ШКОЛА "БРАНКО РАДИЧЕВИЋ" БРЕСТОВАЦ ИЗДВОЈЕНО ОДЕЉЕЊЕ У ДОЊЕМ БРИЈАЊУ	ДОЊЕ БРИЈАЊЕ, УЛ. ШКОЛСКА БР. 90	ДОЊЕ БРИЈАЊЕ	УЛ. ШКОЛСКА БР. 90	43.099148	21.817388	objekat
Лесковац	108	ОСНОВНА ШКОЛА "БРАНКО РАДИЧЕВИЋ" БРЕСТОВАЦ ИЗДВОЈЕНО ОДЕЉЕЊЕ У ДОЊЕМ БРИЈАЊУ	ДОЊЕ БРИЈАЊЕ, УЛ. ШКОЛСКА БР. 90	ДОЊЕ БРИЈАЊЕ	УЛ. ШКОЛСКА БР. 90	43.099148	21.817388	objekat
Лесковац	109	ДОМ КУЛТУРЕ ДРАШКОВАЦ	ДРАШКОВАЦ, УЛ. МАРШАЛА ТИТА БР. 25	ДРАШКОВАЦ	УЛ. МАРШАЛА ТИТА БР. 25	43.141003	21.840018	objekat
Лесковац	110	ОСНОВНА ШКОЛА "БРАНКО РАДИЧЕВИЋ" БРЕСТОВАЦ ИЗДВОЈЕНО ОДЕЉЕЊЕ У КУТЛЕШУ	КУТЛЕШ, УЛ. НИКОЛЕ ТЕСЛЕ БР. 61	КУТЛЕШ	УЛ. НИКОЛЕ ТЕСЛЕ БР. 61	43.139946	21.862178	objekat
Лесковац	111	МЕСНА ЗАЈЕДНИЦА МЕЂА	МЕЂА, УЛ. УСТАНИЧКА БР. 49	МЕЂА	УЛ. УСТАНИЧКА БР. 49	43.116638	21.837578	objekat
Лесковац	112	ОСНОВНА ШКОЛА "БРАНКО РАДИЧЕВИЋ" БРЕСТОВАЦ ИЗДВОЈЕНО ОДЕЉЕЊЕ У ШАРЛИНЦУ	ШАРЛИНЦЕ, УЛ.ВУКА КАРАЏИЋА БР. 58	ШАРЛИНЦЕ	УЛ.ВУКА КАРАЏИЋА БР. 58	43.136670	21.838640	objekat
Лесковац	113	УСЛУЖНИ ЦЕНТАР БРЕСТОВАЦ	БРЕСТОВАЦ, ТРГ СЛОБОДЕ БР. 8	БРЕСТОВАЦ	ТРГ СЛОБОДЕ БР. 8	43.153204	21.877897	objekat
Лесковац	114	ОСНОВНА ШКОЛА "БРАНКО РАДИЧЕВИЋ" БРЕСТОВАЦ	БРЕСТОВАЦ, УЛ. ВУКА КАРАЏИЋА БР. 1	БРЕСТОВАЦ	УЛ. ВУКА КАРАЏИЋА БР. 1	43.150242	21.874672	objekat
Лесковац	115	ОСНОВНА ШКОЛА "ВУК КАРАЏИЋ" ПЕЧЕЊЕВЦЕ ИЗДВОЈЕНО ОДЕЉЕЊЕ У РАЗГОЈНИ	РАЗГОЈНА, УЛ. МОРАВСКА БР. 7	РАЗГОЈНА	УЛ. МОРАВСКА БР. 7	43.115279	21.952788	objekat
Лесковац	116	ОСНОВНА ШКОЛА "ВУК КАРАЏИЋ" ПЕЧЕЊЕВЦЕ ИЗДВОЈЕНО ОДЕЉЕЊЕ У ГРДАНИЦИ	ГРДАНИЦА, УЛ. ГВОЗДЕНОГ ПУКА БР. 4	ГРДАНИЦА	УЛ. ГВОЗДЕНОГ ПУКА БР. 4	43.127838	21.941247	objekat
Лесковац	117	ОСНОВНА ШКОЛА "ВУК КАРАЏИЋ" ПЕЧЕЊЕВЦЕ ИЗДВОЈЕНО ОДЕЉЕЊЕ У СМРДАНУ	СМРДАН, УЛ. СВЕТОГ САВЕ БР. 17	СМРДАН	УЛ. СВЕТОГ САВЕ БР. 17	43.146663	21.953597	objekat
Лесковац	118	ОСНОВНА ШКОЛА "ВУК КАРАЏИЋ" ПЕЧЕЊЕВЦЕ ИЗДВОЈЕНО ОДЕЉЕЊЕ У ДОЊОЈ ЛОКОШНИЦИ	ДОЊА ЛОКОШНИЦА, УЛ.СВЕТОГ САВЕ БР. 116	ДОЊА ЛОКОШНИЦА	УЛ.СВЕТОГ САВЕ БР. 116	43.096695	21.969265	objekat
Лесковац	119	ПРОСТОРИЈЕ ЗЕМЉОРАДНИЧКЕ ЗАДРУГЕ БАБИЧКО	БАБИЧКО, УЛ.КАРАЂОРЂЕВА БР. 19	БАБИЧКО	УЛ.КАРАЂОРЂЕВА БР. 19	43.135607	21.997372	objekat
Лесковац	120	ОСНОВНА ШКОЛА "БОРА СТАНКОВИЋ" БОГОЈЕВЦЕ	БОГОЈЕВЦЕ, УЛ. ВЛАДЕ ЂОКИЋА БР. 36	БОГОЈЕВЦЕ	УЛ. ВЛАДЕ ЂОКИЋА БР. 36	43.051454	21.961592	objekat
Лесковац	121	ОСНОВНА ШКОЛА "БОРА СТАНКОВИЋ" БОГОЈЕВЦЕ ИЗДВОЈЕНО ОДЕЉЕЊЕ У НАВАЛИНУ	НАВАЛИН, УЛ. СПАСОВДАНСКА БР. 6	НАВАЛИН	УЛ. СПАСОВДАНСКА БР. 6	43.038000	21.968737	objekat
Лесковац	122	ОСНОВНА ШКОЛА "РАДОЈЕ ДОМАНОВИЋ" МАНОЈЛОВЦЕ ИЗДВОЈЕНО ОДЕЉЕЊЕ У ЈЕЛАШНИЦИ	ЈЕЛАШНИЦА, УЛ. ШКОЛСКА БР. 93	ЈЕЛАШНИЦА	УЛ. ШКОЛСКА БР. 93	43.041539	22.004403	objekat
Лесковац	123	ПРИВАТНЕ ПРОСТОРИЈЕ ЦАКИЋ СЛАВИШЕ ГРАЈЕВЦЕ	ГРАЈЕВЦЕ, УЛ ШКОЛСКА БР. 34	ГРАЈЕВЦЕ	УЛ ШКОЛСКА БР. 34	43.045230	21.997128	objekat
Лесковац	124	ОСНОВНА ШКОЛА "РАДОЈЕ ДОМАНОВИЋ" МАНОЈЛОВЦЕ ИЗДВОЈЕНО ОДЕЉЕЊЕ У КУМАРЕВУ	КУМАРЕВО, УЛ. ПАТРИЈАРХА ПАВЛА БР. 119	КУМАРЕВО	УЛ. ПАТРИЈАРХА ПАВЛА БР. 119	43.024242	21.999444	objekat
Лесковац	125	ПРОДАВНИЦА АИК-А ГОЛЕМА ЊИВА	ГОЛЕМА ЊИВА, УЛ 7.ЈУЛА БР. 46	ГОЛЕМА ЊИВА	УЛ 7.ЈУЛА БР. 46	43.106349	22.037805	naselje
Лесковац	126	ОСНОВНА ШКОЛА "БОРА СТАНКОВИЋ" БОГОЈЕВЦЕ ИЗДВОЈЕНО ОДЕЉЕЊЕ У ДРЋЕВЦУ	ДРЋЕВАЦ, УЛ. ВУКА КАРАЏИЋА БР. 90	ДРЋЕВАЦ	УЛ. ВУКА КАРАЏИЋА БР. 90	43.080532	22.002798	objekat
Лесковац	127	ОСНОВНА ШКОЛА "БОРА СТАНКОВИЋ" БОГОЈЕВЦЕ ИЗДВОЈЕНО ОДЕЉЕЊЕ У ЈАШУЊИ	ЈАШУЊА, УЛ. МАНАСТИРСКА БР. 159	ЈАШУЊА	УЛ. МАНАСТИРСКА БР. 159	43.068915	22.019742	objekat
Лесковац	128	МЕСНА ЗАЈЕДНИЦА ЗЛОКУЋАНЕ	ЗЛОКУЋАНЕ, УЛ. МАНАСТИРСКА БР. 40	ЗЛОКУЋАНЕ	УЛ. МАНАСТИРСКА БР. 40	43.060529	21.990554	objekat
Лесковац	129	ПРОСТОРИЈЕ ПРОДАВНИЦЕ АИК-А ОРАОВИЦА ЦРКОВНИЧКА	ОРАОВИЦА ЦРКОВНИЧКА, УЛ. НИКОЛЕ ТЕСЛЕ БР. 34	ОРАОВИЦА ЦРКОВНИЧКА	УЛ. НИКОЛЕ ТЕСЛЕ БР. 34			nije_nadjeno
Лесковац	130	ОСНОВНА ШКОЛА "ЈОСИФ ПАНЧИЋ" ОРАШАЦ ИЗДВОЈЕНО ОДЕЉЕЊЕ У ГОРЊОЈ КУПИНОВИЦИ	ГОРЊА КУПИНОВИЦА, УЛ. 7.ЈУЛА БР. 6	ГОРЊА КУПИНОВИЦА	УЛ. 7.ЈУЛА БР. 6	43.087939	22.061444	naselje
Лесковац	131	ОСНОВНА ШКОЛА "ЈОСИФ ПАНЧИЋ" ОРАШАЦ ИЗДВОЈЕНО ОДЕЉЕЊЕ У ЈАРСЕНОВУ	ЈАРСЕНОВО, УЛ. КНЕЗА ЛАЗАРА БР. 1	ЈАРСЕНОВО	УЛ. КНЕЗА ЛАЗАРА БР. 1	43.083701	22.084277	objekat
Лесковац	132	ОСНОВНА ШКОЛА "ЈОСИФ ПАНЧИЋ" ОРАШАЦ ИЗДВОЈЕНО ОДЕЉЕЊЕ У СТУПНИЦИ	СТУПНИЦА, УЛ. СВЕТЕ ПЕТКЕ БР. 30	СТУПНИЦА	УЛ. СВЕТЕ ПЕТКЕ БР. 30	43.084529	22.118751	objekat
Лесковац	133	ОСНОВНА ШКОЛА "ЈОСИФ ПАНЧИЋ" ОРАШАЦ	ОРАШАЦ, УЛ. СОЛУНСКИХ РАТНИКА БР. 31	ОРАШАЦ	УЛ. СОЛУНСКИХ РАТНИКА БР. 31	43.057110	22.066404	objekat
Лесковац	134	ОСНОВНА ШКОЛА "ЈОСИФ ПАНЧИЋ" ОРАШАЦ ИЗДВОЈЕНО ОДЕЉЕЊЕ У ПИСКУПОВУ	ПИСКУПОВО, УЛ. СВЕТА ТРОЈИЦА БР. 42	ПИСКУПОВО	УЛ. СВЕТА ТРОЈИЦА БР. 42	43.050564	22.103420	objekat
Лесковац	135	ОСНОВНА ШКОЛА "ЈОСИФ ПАНЧИЋ" ОРАШАЦ ИЗДВОЈЕНО ОДЕЉЕЊЕ У ГРАДАШНИЦИ	ГРАДАШНИЦА, УЛ. РАДНИЧКА БР. 32	ГРАДАШНИЦА	УЛ. РАДНИЧКА БР. 32	43.041346	22.071642	objekat
Лесковац	136	МЕСНА ЗАЈЕДНИЦА ДОЊА СЛАТИНА	ДОЊА СЛАТИНА, УЛ. МИЛОША ОБИЛИЋА БР. 5	ДОЊА СЛАТИНА	УЛ. МИЛОША ОБИЛИЋА БР. 5	43.021125	22.024765	naselje
Лесковац	137	МЕСНА ЗАЈЕДНИЦА ГОРЊА СЛАТИНА	ГОРЊА СЛАТИНА, УЛ. НИКОЛЕ ТЕСЛЕ БР. 18	ГОРЊА СЛАТИНА	УЛ. НИКОЛЕ ТЕСЛЕ БР. 18	43.031477	22.034756	objekat
Лесковац	138	МЕСНА ЗАЈЕДНИЦА МАЛА БИЉАНИЦА	МАЛА БИЉАНИЦА, УЛ. НИКОЛЕ ТЕСЛЕ БР. 2	МАЛА БИЉАНИЦА	УЛ. НИКОЛЕ ТЕСЛЕ БР. 2	43.018467	22.016534	objekat
Лесковац	139	ОСНОВНА ШКОЛА "РАДОЈЕ ДОМАНОВИЋ" МАНОЈЛОВЦЕ	МАНОЈЛОВЦЕ, УЛ. ЈУЖНОМОРАВСКА БР. 46	МАНОЈЛОВЦЕ	УЛ. ЈУЖНОМОРАВСКА БР. 46	43.015278	22.015635	objekat
Лесковац	140	МЕСНА ЗАЈЕДНИЦА ВЕЛИКА БИЉАНИЦА	ВЕЛИКА БИЉАНИЦА, УЛ. СВЕТОГ НИКОЛЕ БР. 1	ВЕЛИКА БИЉАНИЦА	УЛ. СВЕТОГ НИКОЛЕ БР. 1	43.020102	22.022564	objekat
Лесковац	141	ОСНОВНА ШКОЛА "РАДОЈЕ ДОМАНОВИЋ" МАНОЈЛОВЦЕ ИЗДВОЈЕНО ОДЕЉЕЊЕ У РАЈНОМ ПОЉУ	РАЈНО ПОЉЕ, УЛ. ЂУРЂЕВДАНСКА БР. 59	РАЈНО ПОЉЕ	УЛ. ЂУРЂЕВДАНСКА БР. 59	43.011325	22.068683	objekat
Лесковац	142	ОСНОВНА ШКОЛА "ВУК КАРАЏИЋ" ЛЕСКОВАЦ ИЗДВОЈЕНО ОДЕЉЕЊЕ У БОБИШТУ	БОБИШТЕ, УЛ. САВЕ ЂОРЂЕВИЋА БР. 31	БОБИШТЕ	УЛ. САВЕ ЂОРЂЕВИЋА БР. 31	43.013976	21.972496	objekat
Лесковац	143	ДОМ ЗДРАВЉА ЛЕСКОВАЦ - АМБУЛАНТА АНЧИКИ	БРАТМИЛОВЦЕ - АНЧИКИ, УЛ.ТОМЕ КОСТИЋА БР. 1Е	БРАТМИЛОВЦЕ - АНЧИКИ	УЛ.ТОМЕ КОСТИЋА БР. 1Е			nije_nadjeno
Лесковац	144	ОСНОВНА ШКОЛА "РАДОЈЕ ДОМАНОВИЋ" МАНОЈЛОВЦЕ ИЗДВОЈЕНО ОДЕЉЕЊЕ У МРШТАНУ	МРШТАНЕ, УЛ. РАДОЈА ДОМАНОВИЋА БР. 38	МРШТАНЕ	УЛ. РАДОЈА ДОМАНОВИЋА БР. 38	42.994646	21.992444	objekat
Лесковац	145	ОСНОВНА ШКОЛА "РАДОЈЕ ДОМАНОВИЋ" МАНОЈЛОВЦЕ ИЗДВОЈЕНО ОДЕЉЕЊЕ У БРАТМИЛОВЦУ	БРАТМИЛОВЦЕ, УЛ. ТОМЕ КОСТИЋА БР. 35Б	БРАТМИЛОВЦЕ	УЛ. ТОМЕ КОСТИЋА БР. 35Б	43.002802	21.978839	objekat
Лесковац	146	МЕСНА ЗАЈЕДНИЦА ГОРЊЕ КРАЈИНЦЕ	ГОРЊЕ КРАЈИНЦЕ, УЛ. РАДОЈА ДОМАНОВИЋА БР. 81	ГОРЊЕ КРАЈИНЦЕ	УЛ. РАДОЈА ДОМАНОВИЋА БР. 81	42.986979	22.025380	objekat
Лесковац	147	МЕСНА ЗАЈЕДНИЦА ДОЊЕ КРАЈИНЦЕ	ДОЊЕ КРАЈИНЦЕ, УЛ. ПАТРИЈАРХА ПАВЛА БР. 42	ДОЊЕ КРАЈИНЦЕ	УЛ. ПАТРИЈАРХА ПАВЛА БР. 42	42.994171	22.021835	objekat
Лесковац	148	СЕОСКА ЗГРАДА ЗЛОЋУДОВО	ЗЛОЋУДОВО, УЛ.РАДОЈА ДОМАНОВИЋА БР. 135	ЗЛОЋУДОВО	УЛ.РАДОЈА ДОМАНОВИЋА БР. 135	42.981935	22.025365	objekat
Лесковац	149	ОСНОВНА ШКОЛА "БОРА СТАНКОВИЋ" ГУБЕРЕВАЦ ИЗДВОЈЕНО ОДЕЉЕЊЕ У НОМАНИЦИ	НОМАНИЦА, УЛ. ГЛАВНА БР. 58	НОМАНИЦА	УЛ. ГЛАВНА БР. 58	42.977115	22.029199	objekat
Лесковац	150	СЕОСКА ЗГРАДА БАДИНЦЕ	БАДИНЦЕ, УЛ. СВЕТЕ ТРОЈИЦЕ БР. 9	БАДИНЦЕ	УЛ. СВЕТЕ ТРОЈИЦЕ БР. 9	42.972684	22.009219	objekat
Лесковац	151	МЕСНА ЗАЈЕДНИЦА ДОЊИ БУНИБРОД	ДОЊИ БУНИБРОД, УЛ. СВЕТЕ ТРОЈИЦЕ БР. 31	ДОЊИ БУНИБРОД	УЛ. СВЕТЕ ТРОЈИЦЕ БР. 31	42.966341	22.018115	objekat
Лесковац	152	МЕСНА ЗАЈЕДНИЦА ГОРЊИ БУНИБРОД	ГОРЊИ БУНИБРОД, УЛ. НИКОЛЕ ТЕСЛЕ БР. 40	ГОРЊИ БУНИБРОД	УЛ. НИКОЛЕ ТЕСЛЕ БР. 40	42.959435	22.017319	objekat
Лесковац	153	МЕСНА ЗАЈЕДНИЦА ГУБЕРЕВАЦ	ГУБЕРЕВАЦ, УЛ. УЧИТЕЉИЦЕ МАЦЕ БР. 2	ГУБЕРЕВАЦ	УЛ. УЧИТЕЉИЦЕ МАЦЕ БР. 2	42.957672	22.025639	objekat
Лесковац	154	ПРОСТОРИЈЕ АНТАНАСИЈЕВИЋ ДУШАНА ГУБЕРЕВАЦ	ГУБЕРЕВАЦ, УЛ. НИКОЛЕ ПЕШИЋА БР. 72	ГУБЕРЕВАЦ	УЛ. НИКОЛЕ ПЕШИЋА БР. 72	42.947969	22.028541	naselje
Лесковац	155	ОСНОВНА ШКОЛА "ВУК КАРАЏИЋ" ВЕЛИКА ГРАБОВНИЦА	ВЕЛИКА ГРАБОВНИЦА, УЛ. САШЕ КОСТИЋА БР. 33	ВЕЛИКА ГРАБОВНИЦА	УЛ. САШЕ КОСТИЋА БР. 33	42.925987	22.011020	objekat
Лесковац	156	ОСНОВНА ШКОЛА "ВУК КАРАЏИЋ" ВЕЛИКА ГРАБОВНИЦА	ВЕЛИКА ГРАБОВНИЦА, УЛ. САШЕ КОСТИЋА БР. 33	ВЕЛИКА ГРАБОВНИЦА	УЛ. САШЕ КОСТИЋА БР. 33	42.925987	22.011020	objekat
Лесковац	157	ОСНОВНА ШКОЛА "ВУК КАРАЏИЋ" ВЕЛИКА ГРАБОВНИЦА ИЗДВОЈЕНО ОДЕЉЕЊЕ У ДОБРОТИНУ	ДОБРОТИН, УЛ. ШКОЛСКА БР. 65	ДОБРОТИН	УЛ. ШКОЛСКА БР. 65	42.922093	22.035299	objekat
Лесковац	158	ОСНОВНА ШКОЛА "ДЕСАНКА МАКСИМОВИЋ" ГРДЕЛИЦА ИЗДВОЈЕНО ОДЕЉЕЊЕ У ВЕЛИКОЈ КОПАШНИЦИ	ВЕЛИКА КОПАШНИЦА, УЛ. ГЛАВНА БР. 217	ВЕЛИКА КОПАШНИЦА	УЛ. ГЛАВНА БР. 217	42.887246	22.025367	objekat
Лесковац	159	МЕСНА ЗАЈЕДНИЦА МАЛА КОПАШНИЦА	МАЛА КОПАШНИЦА, УЛ. СТАРИ ГРДЕЛИЧКИ ПУТ БР. 245	МАЛА КОПАШНИЦА	УЛ. СТАРИ ГРДЕЛИЧКИ ПУТ БР. 245	42.913954	22.046600	objekat
Лесковац	160	ДОМ КУЛТУРЕ СЛАТИНА	СЛАТИНА, УЛ. СВЕТОСАВСКА БР. 26	СЛАТИНА	УЛ. СВЕТОСАВСКА БР. 26	42.876696	22.023251	objekat
Лесковац	161	ОСНОВНА ШКОЛА "ВУК КАРАЏИЋ" ВЕЛИКА ГРАБОВНИЦА	ВЕЛИКА ГРАБОВНИЦА, УЛ. САШЕ КОСТИЋА БР. 33	ВЕЛИКА ГРАБОВНИЦА	УЛ. САШЕ КОСТИЋА БР. 33	42.925987	22.011020	objekat
Лесковац	162	ОСНОВНА ШКОЛА "ВУК КАРАЏИЋ" ВЕЛИКА ГРАБОВНИЦА ИЗДВОЈЕНО ОДЕЉЕЊЕ У ЗАГУЖАНУ	ЗАГУЖАНЕ, УЛ. ДЕЈАНА ИЛИЋА БР. 44	ЗАГУЖАНЕ	УЛ. ДЕЈАНА ИЛИЋА БР. 44	42.913512	21.989543	objekat
Лесковац	163	ОСНОВНА ШКОЛА "ВУК КАРАЏИЋ" ВЕЛИКА ГРАБОВНИЦА ИЗДВОЈЕНО ОДЕЉЕЊЕ У ЗАГУЖАНУ	ЗАГУЖАНЕ, УЛ. ДЕЈАНА ИЛИЋА БР. 44	ЗАГУЖАНЕ	УЛ. ДЕЈАНА ИЛИЋА БР. 44	42.913512	21.989543	objekat
Лесковац	164	ОСНОВНА ШКОЛА "ВУК КАРАЏИЋ" ВЕЛИКА ГРАБОВНИЦА ИЗДВОЈЕНО ОДЕЉЕЊЕ У ТУЛОВУ	ТУЛОВО, УЛ. НИКОЛЕ ТЕСЛЕ БР. 222	ТУЛОВО	УЛ. НИКОЛЕ ТЕСЛЕ БР. 222	42.881233	21.987489	objekat
Лесковац	165	ОСНОВНА ШКОЛА "ДЕСАНКА МАКСИМОВИЋ" ГРДЕЛИЦА ВАРОШ	ГРДЕЛИЦА ВАРОШ, УЛ. 29. НОВЕМБРА БР. 3	ГРДЕЛИЦА ВАРОШ	УЛ. 29. НОВЕМБРА БР. 3			nije_nadjeno
Лесковац	166	ДОМ ПАЛИХ БОРАЦА ГРДЕЛИЦА СЕЛО	ГРДЕЛИЦА СЕЛО, УЛ. ДАНИЛА БОШКОВИЋА БР. 107	ГРДЕЛИЦА СЕЛО	УЛ. ДАНИЛА БОШКОВИЋА БР. 107			nije_nadjeno
Лесковац	167	ДОМ КУЛТУРЕ ТУПАЛОВЦЕ	ТУПАЛОВЦЕ, УЛ. ДАНИЛА БОШКОВИЋА БР. 240	ТУПАЛОВЦЕ	УЛ. ДАНИЛА БОШКОВИЋА БР. 240	42.915204	22.075946	naselje
Лесковац	168	МЕСНА ЗАЈЕДНИЦА "ГРДЕЛИЦА" КОЗАРЕ	КОЗАРЕ, УЛ. ДАНИЛА БОШКОВИЋА БР. 401	КОЗАРЕ	УЛ. ДАНИЛА БОШКОВИЋА БР. 401	42.929325	22.096235	naselje
Лесковац	169	ОСНОВНА ШКОЛА "ДЕСАНКА МАКСИМОВИЋ" ГРДЕЛИЦА ИЗДВОЈЕНО ОДЕЉЕЊЕ У ОРАОВИЦИ ГРДЕЛИЧКОЈ	ОРАОВИЦА ГРДЕЛИЧКА, УЛ. ЦАРА ЛАЗАРА БР. 19	ОРАОВИЦА ГРДЕЛИЧКА	УЛ. ЦАРА ЛАЗАРА БР. 19			nije_nadjeno
Лесковац	170	ОСНОВНА ШКОЛА "ДЕСАНКА МАКСИМОВИЋ" ГРДЕЛИЦА ИЗДВОЈЕНО ОДЕЉЕЊЕ У ОРАОВИЦИ ГРДЕЛИЧКОЈ	ОРАОВИЦА ГРДЕЛИЧКА, УЛ. ЦАРА ЛАЗАРА БР. 19	ОРАОВИЦА ГРДЕЛИЧКА	УЛ. ЦАРА ЛАЗАРА БР. 19			nije_nadjeno
Лесковац	171	ПРИВАТНЕ ПРОСТОРИЈЕ ТАСИЋ НАДЕ ОРАОВИЦА ГРДЕЛИЧКА	ОРАОВИЦА ГРДЕЛИЧКА, УЛ.СОЛУНСКА БР. 1	ОРАОВИЦА ГРДЕЛИЧКА	УЛ.СОЛУНСКА БР. 1			nije_nadjeno
Лесковац	172	ДРУШТВЕНА ЗГРАДА ОРАОВИЦА ГРДЕЛИЧКА	ОРАОВИЦА ГРДЕЛИЧКА, УЛ. РИБАРСКА БР. 71	ОРАОВИЦА ГРДЕЛИЧКА	УЛ. РИБАРСКА БР. 71			nije_nadjeno
Лесковац	173	МЕСНА ЗАЈЕДНИЦА ВЕЛИКА СЕЈАНИЦА	ВЕЛИКА СЕЈАНИЦА, УЛ. 1. МАЈА БР. 2	ВЕЛИКА СЕЈАНИЦА	УЛ. 1. МАЈА БР. 2	42.909281	22.107287	naselje
Лесковац	174	ОСНОВНА ШКОЛА "ДЕСАНКА МАКСИМОВИЋ" ГРДЕЛИЦА ИЗДВОЈЕНО ОДЕЉЕЊЕ У ДЕДИНОЈ БАРИ	ДЕДИНА БАРА, УЛ. ДЕДОБАРСКА БР. 86	ДЕДИНА БАРА	УЛ. ДЕДОБАРСКА БР. 86	42.890035	22.082689	objekat
Лесковац	175	ДРУШТВЕНА ЗГРАДА БОЈИШИНА	БОЈИШИНА	БОЈИШИНА		42.884787	22.102373	naselje
Лесковац	176	ОСНОВНА ШКОЛА "ДЕСАНКА МАКСИМОВИЋ" ГРДЕЛИЦА ИЗДВОЈЕНО ОДЕЉЕЊЕ У ВЕЛИКОЈ СЕЈАНИЦИ	ВЕЛИКА СЕЈАНИЦА, УЛ. ДЕСАНКЕ МАКСИМОВИЋ БР. 23	ВЕЛИКА СЕЈАНИЦА	УЛ. ДЕСАНКЕ МАКСИМОВИЋ БР. 23	42.908610	22.117907	objekat
Лесковац	177	ОСНОВНА ШКОЛА "АЦА СИНАДИНОВИЋ" ПРЕДЕЈАНЕ ИЗДВОЈЕНО ОДЕЉЕЊЕ У ГРАОВУ	ГРАОВО, УЛ. СВЕТОГ САВЕ БР. 12	ГРАОВО	УЛ. СВЕТОГ САВЕ БР. 12	42.850909	22.103351	objekat
Лесковац	178	ПРОСТОРИЈЕ СТОЈИЛКОВИЋ ДЕЈАНА БОЋЕВИЦА	БОЋЕВИЦА, УЛ.СТАНИШЕ МИЛОВАНОВИЋА БР. 42	БОЋЕВИЦА	УЛ.СТАНИШЕ МИЛОВАНОВИЋА БР. 42	42.875538	22.108305	objekat
Лесковац	179	ДОМ КУЛТУРЕ ПАЛОЈЦЕ	ПАЛОЈЦЕ, УЛ. МИШАРСКА БР. 23	ПАЛОЈЦЕ	УЛ. МИШАРСКА БР. 23	42.899840	22.150942	objekat
Лесковац	180	ОСНОВНА ШКОЛА "ДЕСАНКА МАКСИМОВИЋ" ГРДЕЛИЦА ИЗДВОЈЕНО ОДЕЉЕЊЕ У ПАЛОЈЦУ	ПАЛОЈЦЕ, УЛ. ЛИЧИНДОЛСКА БР. 26	ПАЛОЈЦЕ	УЛ. ЛИЧИНДОЛСКА БР. 26	42.858926	22.120617	objekat
Лесковац	181	ОСНОВНА ШКОЛА "ДЕСАНКА МАКСИМОВИЋ" ГРДЕЛИЦА ИЗДВОЈЕНО ОДЕЉЕЊЕ У ПАЛОЈЦУ	ПАЛОЈЦЕ, УЛ. ЛИЧИНДОЛСКА БР. 26	ПАЛОЈЦЕ	УЛ. ЛИЧИНДОЛСКА БР. 26	42.858926	22.120617	objekat
Лесковац	182	ОСНОВНА ШКОЛА "АЦА СИНАДИНОВИЋ" ПРЕДЕЈАНЕ ВАРОШ	ПРЕДЕЈАНЕ ВАРОШ, УЛ. ОМЛАДИНСКА БР. 28	ПРЕДЕЈАНЕ ВАРОШ	УЛ. ОМЛАДИНСКА БР. 28			nije_nadjeno
Лесковац	183	ОСНОВНА ШКОЛА "АЦА СИНАДИНОВИЋ" ПРЕДЕЈАНЕ ВАРОШ	ПРЕДЕЈАНЕ ВАРОШ, УЛ. ОМЛАДИНСКА БР. 28	ПРЕДЕЈАНЕ ВАРОШ	УЛ. ОМЛАДИНСКА БР. 28			nije_nadjeno
Лесковац	184	СЕОСКА ЗГРАДА БРИЧЕВЉЕ	БРИЧЕВЉЕ, УЛ. ШУМСКА БР. 34	БРИЧЕВЉЕ	УЛ. ШУМСКА БР. 34	42.822329	22.136074	objekat
Лесковац	185	ПРИВАТНЕ ПРОСТОРИЈЕ МАРКОВИЋ БОЖЕ СУШЕВЉЕ	СУШЕВЉЕ, УЛ. ВУКА КАРАЏИЋА БР. 12	СУШЕВЉЕ	УЛ. ВУКА КАРАЏИЋА БР. 12	42.808062	22.125722	objekat
Лесковац	186	МЕСНА ЗАЈЕДНИЦА ПРЕДЕЈАНЕ ВАРОШ	ПРЕДЕЈАНЕ ВАРОШ, УЛ. 7.СЕПТЕМБРА БР. 1	ПРЕДЕЈАНЕ ВАРОШ	УЛ. 7.СЕПТЕМБРА БР. 1			nije_nadjeno
Липљан	1	ОШ "КНЕЗ ЛАЗАР"	ДОЊА ГУШТЕРИЦА	ДОЊА ГУШТЕРИЦА				nije_nadjeno
Липљан	2	ОШ "КНЕЗ ЛАЗАР"	ДОЊА ГУШТЕРИЦА	ДОЊА ГУШТЕРИЦА				nije_nadjeno
Липљан	3	ОШ "КНЕЗ ЛАЗАР"	ДОЊА ГУШТЕРИЦА	ДОЊА ГУШТЕРИЦА				nije_nadjeno
Липљан	4	ОШ "КНЕЗ ЛАЗАР"	ДОЊА ГУШТЕРИЦА	ДОЊА ГУШТЕРИЦА				nije_nadjeno
Липљан	5	ОШ "КНЕЗ ЛАЗАР"	ДОЊА ГУШТЕРИЦА	ДОЊА ГУШТЕРИЦА				nije_nadjeno
Липљан	6	ОШ "КНЕЗ ЛАЗАР"	ДОЊА ГУШТЕРИЦА	ДОЊА ГУШТЕРИЦА				nije_nadjeno
Липљан	7	ОШ "КНЕЗ ЛАЗАР"	ДОЊА ГУШТЕРИЦА	ДОЊА ГУШТЕРИЦА				nije_nadjeno
Липљан	8	ОШ "КНЕЗ ЛАЗАР"	ДОЊА ГУШТЕРИЦА	ДОЊА ГУШТЕРИЦА				nije_nadjeno
Липљан	9	ОШ "КНЕЗ ЛАЗАР"	ДОЊА ГУШТЕРИЦА	ДОЊА ГУШТЕРИЦА				nije_nadjeno
Лозница	1	УЧИОНИЦА БР. 1 ОШ "ВЕРА БЛАГОЈЕВИЋ"	БАЊА КОВИЉАЧА, ВЕРЕ БЛАГОЈЕВИЋ БР. 4	БАЊА КОВИЉАЧА	ВЕРЕ БЛАГОЈЕВИЋ БР. 4	44.512859	19.151084	ulica
Лозница	2	УЧИОНИЦА БР. 2 ОШ "ВЕРА БЛАГОЈЕВИЋ"	БАЊА КОВИЉАЧА, ВЕРЕ БЛАГОЈЕВИЋ БР. 4	БАЊА КОВИЉАЧА	ВЕРЕ БЛАГОЈЕВИЋ БР. 4	44.512859	19.151084	ulica
Лозница	3	УЧИОНИЦА БР. 3 ОШ "ВЕРА БЛАГОЈЕВИЋ"	БАЊА КОВИЉАЧА, ВЕРЕ БЛАГОЈЕВИЋ БР. 4	БАЊА КОВИЉАЧА	ВЕРЕ БЛАГОЈЕВИЋ БР. 4	44.512859	19.151084	ulica
Лозница	4	УЧИОНИЦА БР. 4 ОШ "ВЕРА БЛАГОЈЕВИЋ"	БАЊА КОВИЉАЧА, ВЕРЕ БЛАГОЈЕВИЋ БР. 4	БАЊА КОВИЉАЧА	ВЕРЕ БЛАГОЈЕВИЋ БР. 4	44.512859	19.151084	ulica
Лозница	5	ДОМ КУЛТУРЕ	КРАЈИШНИЦИ	КРАЈИШНИЦИ		44.522101	19.211652	naselje
Лозница	6	ДОМ КУЛТУРЕ	БАШЧЕЛУЦИ	БАШЧЕЛУЦИ		44.515556	19.227222	naselje
Лозница	7	ОШ "ВУК КАРАЏИЋ" - издвојено одељење	БРАДИЋ	БРАДИЋ		44.549722	19.339167	naselje
Лозница	8	УЧИОНИЦА БР. 1 ОШ "МИКА МИТРОВИЋ"	БРЕЗЈАК	БРЕЗЈАК		44.509308	19.347444	naselje
Лозница	9	ОШ "МИКА МИТРОВИЋ" - УЧИОНИЦА БР. 2	БРЕЗЈАК	БРЕЗЈАК		44.509308	19.347444	naselje
Лозница	10	УЧИОНИЦА БР. 3 ОШ "МИКА МИТРОВИЋ"	БРЕЗЈАК	БРЕЗЈАК		44.509308	19.347444	naselje
Лозница	11	КАНЦЕЛАРИЈА САВЕТА МЕСНЕ ЗАЈЕДНИЦЕ	БРЊАЦ	БРЊАЦ		44.547778	19.367500	naselje
Лозница	12	ДОМ КУЛТУРЕ	ВЕЛИКО СЕЛО	ВЕЛИКО СЕЛО		44.550968	19.385875	naselje
Лозница	13	ОШ "ЈОВАН ЦВИЈИЋ" - издвојено одељење	ВОЋЊАК	ВОЋЊАК		44.504722	19.252778	naselje
Лозница	14	ОШ "СТЕПА СТЕПАНОВИЋ" - издвојено одељење	ГОРЊА БАДАЊА	ГОРЊА БАДАЊА		44.528889	19.487778	naselje
Лозница	15	ДОМ КУЛТУРЕ	ГОРЊИ ДОБРИЋ	ГОРЊИ ДОБРИЋ		44.583333	19.308889	naselje
Лозница	16	ОШ "ВЕРА БЛАГОЈЕВИЋ" - издвојено одељење	ГОРЊА КОВИЉАЧА	ГОРЊА КОВИЉАЧА		44.490283	19.137846	naselje
Лозница	17	ДОМ КУЛТУРЕ	ДОЊА БАДАЊА	ДОЊА БАДАЊА		44.488889	19.461944	naselje
Лозница	18	ОБЈЕКАТ ВЛАСТИМИРА САКИЋА	ДОЊА БАДАЊА	ДОЊА БАДАЊА		44.488889	19.461944	naselje
Лозница	19	ОШ "СТЕПА СТЕПАНОВИЋ" - издвојено одељење	ГОРЊА СИПУЉА	ГОРЊА СИПУЉА		44.507500	19.558333	naselje
Лозница	20	ОШ "ПЕТАР ТАСИЋ" издвојено одељење	ДОЊИ ДОБРИЋ	ДОЊИ ДОБРИЋ		44.610309	19.326309	naselje
Лозница	21	ОШ "МИКА МИТРОВИЋ" - издвојено одељење	ДОЊЕ НЕДЕЉИЦЕ	ДОЊЕ НЕДЕЉИЦЕ		44.527778	19.325556	naselje
Лозница	22	КАНЦЕЛАРИЈА САВЕТА МЕСНЕ ЗАЈЕДНИЦЕ	ДРАГИНАЦ	ДРАГИНАЦ		44.509167	19.416111	naselje
Лозница	23	МЕСНА КАНЦЕЛАРИЈА	ДРАГИНАЦ	ДРАГИНАЦ		44.509167	19.416111	naselje
Лозница	24	КАНЦЕЛАРИЈА САВЕТА МЕСНЕ ЗАЈЕДНИЦЕ	ФИЛИПОВИЋИ	ФИЛИПОВИЋИ		44.502778	19.448056	naselje
Лозница	25	ДОМ КУЛТУРЕ	КОРЕНИТА	КОРЕНИТА		44.504199	19.301859	naselje
Лозница	26	ЖИВАНОВИЋ МИЛОШ ЈУГОВА КАФАНА ВЛАСНИК	КОРЕНИТА	КОРЕНИТА		44.504199	19.301859	naselje
Лозница	27	УЧИОНИЦА БР.1 ОШ "МИКА МИТРОВИЋ" - издвојено одељење	КОРЕНИТА	КОРЕНИТА		44.504199	19.301859	naselje
Лозница	28	КУЋА ПАНТИЋ ЗОРАНА	КОРЕНИТА	КОРЕНИТА		44.504199	19.301859	naselje
Лозница	29	ОШ "МИКА МИТРОВИЋ" - УЧИОНИЦА БР.2 издвојено одељење	КОРЕНИТА	КОРЕНИТА		44.504199	19.301859	naselje
Лозница	30	УЧИОНИЦА БР. 1 ОШ "ПЕТАР ТАСИЋ"	ЛЕШНИЦА, БРАЋЕ МАЛЕТИЋА БР. 1	ЛЕШНИЦА	БРАЋЕ МАЛЕТИЋА БР. 1	44.651582	19.309974	objekat
Лозница	31	УЧИОНИЦА БР. 2 ОШ "ПЕТАР ТАСИЋ"	ЛЕШНИЦА, БРАЋЕ МАЛЕТИЋА БР. 1	ЛЕШНИЦА	БРАЋЕ МАЛЕТИЋА БР. 1	44.651582	19.309974	objekat
Лозница	32	ОШ "ПЕТАР ТАСИЋ" - ХОЛ	ЛЕШНИЦА, БРАЋЕ МАЛЕТИЋА БР. 1	ЛЕШНИЦА	БРАЋЕ МАЛЕТИЋА БР. 1	44.651582	19.309974	objekat
Лозница	33	ОШ "ВУК КАРАЏИЋ" - издвојено одељење - УЧИОНИЦА БР.1	ЗАЈАЧА	ЗАЈАЧА		44.456944	19.244444	naselje
Лозница	34	ОШ "ВУК КАРАЏИЋ" - издвојено одељење	ГОРЊА БОРИНА	ГОРЊА БОРИНА		44.437177	19.235462	naselje
Лозница	35	ОШ "КРАЉ АЛЕКСАНДАР ПРВИ КАРАЂОРЂЕВИЋ" УЧИОНИЦА БР.1	ЈАДРАНСКА ЛЕШНИЦА	ЈАДРАНСКА ЛЕШНИЦА		44.599167	19.353611	naselje
Лозница	36	ОШ "КРАЉ АЛЕКСАНДАР ПРВИ КАРАЂОРЂЕВИЋ" УЧИОНИЦА БР. 2	ЈАДРАНСКА ЛЕШНИЦА	ЈАДРАНСКА ЛЕШНИЦА		44.599167	19.353611	naselje
Лозница	37	ДОМ КУЛТУРЕ	ЈАДРАНСКА ЛЕШНИЦА	ЈАДРАНСКА ЛЕШНИЦА		44.599167	19.353611	naselje
Лозница	38	КУЋА ВРАГОЛИЋ ДРАГОРАДА	ЈАДРАНСКА ЛЕШНИЦА	ЈАДРАНСКА ЛЕШНИЦА		44.599167	19.353611	naselje
Лозница	39	ОШ "14. ОКТОБАР" - издвојено одељење	ЈАРЕБИЦЕ	ЈАРЕБИЦЕ		44.538889	19.424167	naselje
Лозница	40	КУЋА СЛАВУЈЕВИЋ МИЛОРАДА	ЈАРЕБИЦЕ	ЈАРЕБИЦЕ		44.538889	19.424167	naselje
Лозница	41	ОШ "СВЕТИ САВА" издвојено одељење	ЈЕЛАВ	ЈЕЛАВ		44.620000	19.266944	naselje
Лозница	42	ОШ "КРАЉ АЛЕКСАНДАР ПРВИ КАРАЂОРЂЕВИЋ" издвојено одељење	ЈОШЕВА	ЈОШЕВА		44.586389	19.408333	naselje
Лозница	43	ДОМ КУЛТУРЕ	КАМЕНИЦА	КАМЕНИЦА		44.582500	19.438611	naselje
Лозница	44	УЧИОНИЦА БР. 1 ОШ "ДОСИТЕЈ ОБРАДОВИЋ"	КЛУПЦИ, РАТАРСКА ББ	КЛУПЦИ	РАТАРСКА ББ	44.543772	19.246992	ulica
Лозница	45	ОШ "ДОСИТЕЈ ОБРАДОВИЋ" - УЧИОНИЦА БР. 2	КЛУПЦИ, РАТАРСКА ББ	КЛУПЦИ	РАТАРСКА ББ	44.543772	19.246992	ulica
Лозница	46	УЧИОНИЦА БР. З ОШ "ДОСИТЕЈ ОБРАДОВИЋ"	КЛУПЦИ, РАТАРСКА ББ	КЛУПЦИ	РАТАРСКА ББ	44.543772	19.246992	ulica
Лозница	47	КАНЦЕЛАРИЈА САВЕТА МЕСНЕ ЗАЈЕДНИЦЕ	ПЛОЧА, БАКАЛ МИЛОСАВА ББ	ПЛОЧА	БАКАЛ МИЛОСАВА ББ	44.526013	19.244303	ulica
Лозница	48	ДОМ КУЛТУРЕ	КОЗЈАК	КОЗЈАК		44.586767	19.283392	naselje
Лозница	49	ДОМ КУЛТУРЕ	ЛИПНИЧКИ ШОР, ИВЕ ЛОЛЕ РИБАРА БР. 2	ЛИПНИЧКИ ШОР	ИВЕ ЛОЛЕ РИБАРА БР. 2	44.579740	19.266996	objekat
Лозница	50	ОШ "СВЕТИ САВА" УЧИОНИЦА БР. 1	ЛИПНИЧКИ ШОР, МАРШАЛА ТИТА БР. 1	ЛИПНИЧКИ ШОР	МАРШАЛА ТИТА БР. 1	44.580900	19.261265	ulica
Лозница	51	ГРАДСКА УПРАВА – ШАЛТЕР САЛА	ЛОЗНИЦА, КАРАЂОРЂЕВА БР. 2	ЛОЗНИЦА	КАРАЂОРЂЕВА БР. 2	44.514249	19.161232	objekat
Лозница	52	УЧИОНИЦА БР. 1 ГИМНАЗИЈА "ВУК КАРАЂИЋ"	ЛОЗНИЦА, ГИМНАЗИЈСКА БР. 5	ЛОЗНИЦА	ГИМНАЗИЈСКА БР. 5	44.532043	19.223217	objekat
Лозница	53	УЧИОНИЦА БР. 2 ГИМНАЗИЈА "ВУК КАРАЂИЋ"	ЛОЗНИЦА, ГИМНАЗИЈСКА БР. 5	ЛОЗНИЦА	ГИМНАЗИЈСКА БР. 5	44.532043	19.223217	objekat
Лозница	54	УЧИОНИЦА БР. 1 ОШ "ЈОВАН ЦВИЈИЋ"	ЛОЗНИЦА, ЊЕГОШЕВА БР. 20	ЛОЗНИЦА	ЊЕГОШЕВА БР. 20	44.532639	19.227859	objekat
Лозница	55	УЧИОНИЦА БР. 2 ОШ "ЈОВАН ЦВИЈИЋ"	ЛОЗНИЦА, ЊЕГОШЕВА БР. 20	ЛОЗНИЦА	ЊЕГОШЕВА БР. 20	44.532639	19.227859	objekat
Лозница	56	СПОРТСКИ ЦЕНТАР "ЛАГАТОР" - Хол	ЛОЗНИЦА, МИЛОША ПОЦЕРЦА БР. 58	ЛОЗНИЦА	МИЛОША ПОЦЕРЦА БР. 58	44.602446	19.340416	ulica
Лозница	57	ЦЕНТАР ЗА СОЦИЈАЛНИ РАД	ЛОЗНИЦА, ДОСИТЕЈА ОБРАДОВИЋА ББ	ЛОЗНИЦА	ДОСИТЕЈА ОБРАДОВИЋА ББ	44.507016	19.272886	ulica
Лозница	58	ВУКОВ ДОМ КУЛТУРЕ	ЛОЗНИЦА, ЈОВАНА ЦВИЈИЋА БР. 2	ЛОЗНИЦА	ЈОВАНА ЦВИЈИЋА БР. 2	44.532025	19.221592	objekat
Лозница	59	МУЗИЧКА ШКОЛА	ЛОЗНИЦА, ГЕНЕРАЛА ЈУРИШИЋА БР. 5	ЛОЗНИЦА	ГЕНЕРАЛА ЈУРИШИЋА БР. 5	44.522628	19.441361	objekat
Лозница	60	ЕЛЕКТРОПОДРИЊЕ	ЛОЗНИЦА, СЛОБОДАНА ПЕНЕЗИЋА ББ	ЛОЗНИЦА	СЛОБОДАНА ПЕНЕЗИЋА ББ	44.515186	19.142163	ulica
Лозница	61	КАНЦЕЛАРИЈА САВЕТА МЕСНЕ ЗАЈЕДНИЦЕ "ГРАДИЛИШТЕ"	ЛОЗНИЦА, ГРАДИЛИШТЕ ББ	ЛОЗНИЦА	ГРАДИЛИШТЕ ББ	44.530922	19.223748	naselje
Лозница	62	ПП "ЛУК"	ЛОЗНИЧКО ПОЉЕ, ДРИНСКА БР. 125	ЛОЗНИЧКО ПОЉЕ	ДРИНСКА БР. 125	44.539993	19.203909	objekat
Лозница	63	ОШ "КАДИЊАЧА" издвојено одељење	учионица бр. 1, ЛОЗНИЧКО ПОЉЕ КРФСКА БР. 25	учионица бр. 1	ЛОЗНИЧКО ПОЉЕ КРФСКА БР. 25			nije_nadjeno
Лозница	64	ПОСЛОВНИ ПРОСТОР "ПАРИСКА НОЋ"	ЛОЗНИЧКО ПОЉЕ, ЛУКЕ СТЕВЋА БР. 37	ЛОЗНИЧКО ПОЉЕ	ЛУКЕ СТЕВЋА БР. 37	44.554817	19.233890	objekat
Лозница	65	УЧИОНИЦА БР. 1 ОШ "ВУК КАРАЂИЋ"	ЛОЗНИЦА, ФИЛИПА КЉАЈИЋА БР. 45	ЛОЗНИЦА	ФИЛИПА КЉАЈИЋА БР. 45	44.507575	19.157369	objekat
Лозница	66	ОШ "ВУК КАРАЂИЋ" - УЧИОНИЦА БР. 2	ЛОЗНИЦА, ФИЛИПА КЉАЈИЋА БР. 45	ЛОЗНИЦА	ФИЛИПА КЉАЈИЋА БР. 45	44.507575	19.157369	objekat
Лозница	67	ПРОДАВНИЦА У МИЛИНИ	МИЛИНА	МИЛИНА		44.581389	19.466111	naselje
Лозница	68	ОШ "ПЕТАР ТАСИЋ" издвојено одељење	НОВО СЕЛО	НОВО СЕЛО		44.674444	19.344167	naselje
Лозница	69	ОШ "ВУК КАРАЂИЋ" издвојено одељење	ПАСКОВАЦ	ПАСКОВАЦ		44.474167	19.230278	naselje
Лозница	70	ОШ "ВУК КАРАЂИЋ"	ЛИПНИЦА	ЛИПНИЦА		44.560556	19.280000	naselje
Лозница	71	ДОМ КУЛТУРЕ	ГРНЧАРА	ГРНЧАРА		44.536675	19.297451	naselje
Лозница	72	ПРОСТОРИЈЕ ФК „ХАЈДУК"	РИБАРИЦЕ, РИБАРИЦЕ	РИБАРИЦЕ	РИБАРИЦЕ	44.556389	19.459722	naselje
Лозница	73	ДОМ КУЛТУРЕ	РУЊАНИ	РУЊАНИ		44.545926	19.271164	naselje
Лозница	74	ДОМ КУЛТУРЕ канцеларија бр.1	РУЊАНИ	РУЊАНИ		44.545926	19.271164	naselje
Лозница	75	УГОСТИТЕЉСКИ ОБЈЕКАТ "ОДМОР"	РУЊАНИ	РУЊАНИ		44.545926	19.271164	naselje
Лозница	76	ОШ "ПЕТАР ТАСИЋ" издвојено одељење	СТРАЖА	СТРАЖА		44.631176	19.293562	naselje
Лозница	77	ДОМ КУЛТУРЕ	СТУПНИЦА	СТУПНИЦА		44.486065	19.367566	naselje
Лозница	78	ДОМ КУЛТУРЕ	ТЕКЕРИШ	ТЕКЕРИШ		44.552778	19.524444	naselje
Лозница	79	ЗАДРУГА	ПОМИЈАЧА	ПОМИЈАЧА		44.527485	19.540879	naselje
Лозница	80	ОШ "ВЕРА БЛАГОЈЕВИЋ" - издвојено одељење	ТРБУШНИЦА, ВЕРЕ БАЈАН ББ	ТРБУШНИЦА	ВЕРЕ БАЈАН ББ	44.495835	19.185695	ulica
Лозница	81	КУЋА МИЛЕНКА ТАДИЋА	ТРБУШНИЦА	ТРБУШНИЦА		44.529412	19.191313	drugo:waterway
Лозница	82	ОШ "СТЕПА СТЕПАНОВИЋ" - издвојено одељење	ТРБОСИЉЕ	ТРБОСИЉЕ		44.574623	19.487308	naselje
Лозница	83	КАНЦЕЛАРИЈА САВЕТА МЕСНЕ ЗАЈЕДНИЦЕ "4. ЈУЛ"	ТРБУШНИЦА	ТРБУШНИЦА		44.529412	19.191313	drugo:waterway
Лозница	84	ОШ "ВУКОВА СПОМЕН ШКОЛА"	ТРШИЋ	ТРШИЋ		44.495816	19.270465	naselje
Лозница	85	ОШ "14. ОКТОБАР" издвојено одељење	ЦИКОТЕ	ЦИКОТЕ		44.483440	19.401605	naselje
Лозница	86	ОБЈЕКАТ ГРУЈИЋ МИЛЕНЕ	КРИВАЈИЦА	КРИВАЈИЦА				nije_nadjeno
Лозница	87	КАНЦЕЛАРИЈА САВЕТА МЕСНЕ ЗАЈЕДНИЦЕ	ШУРИЦЕ	ШУРИЦЕ		44.492500	19.394722	naselje
Лозница	88	ОШ "ПЕТАР ТАСИЋ"	ЧОКЕШИНА	ЧОКЕШИНА		44.653159	19.383682	naselje
Лозница	89	УЧИОНИЦА БР. 4 ОШ "ДОСИТЕЈ ОБРАДОВИЋ"	КЛУПЦИ, РАТАРСКА ББ	КЛУПЦИ	РАТАРСКА ББ	44.543772	19.246992	ulica
Лозница	90	УЧИОНИЦА БР. 5 ОШ "ДОСИТЕЈ ОБРАДОВИЋ"	КЛУПЦИ, РАТАРСКА ББ	КЛУПЦИ	РАТАРСКА ББ	44.543772	19.246992	ulica
Лозница	91	САЛА ЗА ВЕНЧАЊЕ ГРАДСКА УПРАВА	ЛОЗНИЦА, КАРАЂОРЂЕВА БР. 2	ЛОЗНИЦА	КАРАЂОРЂЕВА БР. 2	44.514249	19.161232	objekat
Лозница	92	ФИСКУЛТУРНА САЛА ГИМНАЗИЈА "ВУК КАРАЂИЋ"	ЛОЗНИЦА, ГИМНАЗИЈСКА БР. 5	ЛОЗНИЦА	ГИМНАЗИЈСКА БР. 5	44.532043	19.223217	objekat
Лозница	93	УЧИОНИЦА БР. З ОШ "ЈОВАН ЦВИЈИЋ"	ЛОЗНИЦА, ЊЕГОШЕВА БР. 20	ЛОЗНИЦА	ЊЕГОШЕВА БР. 20	44.532639	19.227859	objekat
Лозница	94	СПОРТСКИ ЦЕНТАР "ЛАГАТОР" - АНЕКС ОТВОРЕНОГ КУПАЛИШТА (БАЗЕНА)	ЛОЗНИЦА, МИЛОША ПОЦЕРЦА БР. 58	ЛОЗНИЦА	МИЛОША ПОЦЕРЦА БР. 58	44.602446	19.340416	ulica
Лозница	95	ОШ "КАДИЊАЧА" - издвојено одељење	учионица број 2, ЛОЗНИЧКО ПОЉЕ КРФСКА БР. 25	учионица број 2	ЛОЗНИЧКО ПОЉЕ КРФСКА БР. 25			nije_nadjeno
Лозница	96	ДОМ КУЛТУРЕ	ЛОЗНИЧКО ПОЉЕ, ЛУКЕ СТЕВИЋА ББ	ЛОЗНИЧКО ПОЉЕ	ЛУКЕ СТЕВИЋА ББ	44.538514	19.223377	ulica
Лучани	1	Велес	Велес, Месна заједница	Велес	Месна заједница			nije_nadjeno
Лучани	2	Вича 1	Вича, Основна школа	Вича	Основна школа	43.721147	20.299713	naselje
Лучани	3	Вича 2	Лучани, Простор Светомира Јовановића	Лучани	Простор Светомира Јовановића	43.721147	20.299713	naselje
Лучани	4	Вучковица	Вучковица, Основна школа	Вучковица	Основна школа	43.674204	20.263896	naselje
Лучани	5	Глог	Глог, Месна заједница	Глог	Месна заједница			nije_nadjeno
Лучани	6	Горачићи	Горачићи, Основна школа	Горачићи	Основна школа	43.793433	20.327668	naselje
Лучани	7	Расовац	Расовац, Месна заједница	Расовац	Месна заједница			nije_nadjeno
Лучани	8	Горња Краварица	Горња Краварица, Месна заједница	Горња Краварица	Месна заједница	43.761083	20.186219	naselje
Лучани	9	Горњи Дубац	Горњи Дубац, Месна заједница	Горњи Дубац	Месна заједница	43.663496	20.361588	naselje
Лучани	10	Ливаде	Ливаде, Друштвене просторије	Ливаде	Друштвене просторије			nije_nadjeno
Лучани	11	Граб	Граб, Основна школа	Граб	Основна школа	43.824899	20.284924	naselje
Лучани	12	Губеревци	Губеревци, Основна школа	Губеревци	Основна школа	43.763241	20.344770	naselje
Лучани	13	Гуча 1	Гуча, Основна школа, учионица број 1	Гуча	Основна школа, учионица број 1	43.777293	20.226942	naselje
Лучани	14	Гуча 2	Гуча, Основна школа, учионица број 5	Гуча	Основна школа, учионица број 5	43.777293	20.226942	naselje
Лучани	15	Дљин 1	Дљин, Месна заједница	Дљин	Месна заједница	43.868879	20.143347	naselje
Лучани	16	Дљин 2	Дљин, Месна заједница	Дљин	Месна заједница	43.868879	20.143347	naselje
Лучани	17	Доњи Дубац	Доњи Дубац, Месна заједница	Доњи Дубац	Месна заједница	43.671597	20.339427	naselje
Лучани	18	Доња Краварица	Доња Краварица, Основна школа	Доња Краварица	Основна школа	43.781475	20.160384	naselje
Лучани	19	Драгачица	Драгачица, Основна школа	Драгачица	Основна школа	43.782055	20.276688	drugo:waterway
Лучани	20	Дучаловићи	Дучаловићи, Месна заједница	Дучаловићи	Месна заједница	43.888738	20.216110	naselje
Лучани	21	Ђераћ	Лучани, Простор Мире Матијевић Максимил	Лучани	Простор Мире Матијевић Максимил	43.860228	20.136535	naselje
Лучани	22	Живица	Живица, Месна заједница	Живица	Месна заједница	43.761393	20.304322	naselje
Лучани	23	Зеоке	Зеоке, Месна заједница	Зеоке	Месна заједница	43.844834	20.264368	naselje
Лучани	24	Каона	Каона, Основна школа	Каона	Основна школа	43.711798	20.406437	objekat
Лучани	25	Котража	Котража, Основна школа	Котража	Основна школа	43.704288	20.232338	naselje
Лучани	26	Кошани	Кошани, Месна заједница	Кошани	Месна заједница			nije_nadjeno
Лучани	27	Крстац	Крстац, Месна заједница	Крстац	Месна заједница	43.827979	20.154440	naselje
Лучани	28	Лис	Лис, Месна заједница	Лис	Месна заједница	43.805653	20.177014	naselje
Лучани	29	Лисице	Лучани, Простор Бојана Јоковића	Лучани	Простор Бојана Јоковића	43.840681	20.155287	ulica
Лучани	30	Луковићи	Луковићи, Месна заједница	Луковићи	Месна заједница			nije_nadjeno
Лучани	31	Лучани 1	Лучани, Дом културе, паркет сала	Лучани	Дом културе, паркет сала	43.860228	20.136535	naselje
Лучани	32	Лучани 2	Лучани, Дом културе, фоаје сала	Лучани	Дом културе, фоаје сала	43.858900	20.135990	objekat
Лучани	33	Село Лучани	Село Лучани, Месна заједница	Село Лучани	Месна заједница			nije_nadjeno
Лучани	34	Марковица	Марковица, Дом културе	Марковица	Дом културе	43.854305	20.215101	naselje
Лучани	35	Милатовићи	Милатовићи, Месна заједница	Милатовићи	Месна заједница	43.727693	20.369639	naselje
Лучани	36	Негришори	Лучани, Простор Предрага Топаловића	Лучани	Простор Предрага Топаловића	43.849322	20.189609	naselje
Лучани	37	Пухово	Пухово, Месна заједница	Пухово	Месна заједница	43.819635	20.186863	naselje
Лучани	38	Ртари	Ртари, Месна заједница	Ртари	Месна заједница	43.859441	20.241321	naselje
Лучани	39	Рти 1	Рти, Основна школа	Рти	Основна школа	43.740989	20.252464	objekat
Лучани	40	Рти 2	Рти, Месна заједница	Рти	Месна заједница	43.740098	20.252190	naselje
Лучани	41	Тијање	Тијање, Основна школа	Тијање	Основна школа	43.836252	20.219895	naselje
Лучани	42	Турица	Турица, Основна школа	Турица	Основна школа	43.803314	20.212955	naselje
Лучани	43	Лисице 2	Лисице, Месна заједница	Лисице	Месна заједница	43.840681	20.155287	ulica
Љиг	1	НОВА ШКОЛА	БА, ЧИЧЕРАК БР. 2	БА	ЧИЧЕРАК БР. 2	44.159859	20.196387	objekat
Љиг	2	ОШ "САВА КЕРКОВИЋ"	ЉИГ, СВЕТОГ САВЕ БР. 22A	ЉИГ	СВЕТОГ САВЕ БР. 22A	44.230879	20.238568	ulica
Љиг	3	ОШ "СЕСТРЕ ПАВЛОВИЋ"	БЕЛАНОВИЦА, ВУКА КАРАЏИЋА БР. 27	БЕЛАНОВИЦА	ВУКА КАРАЏИЋА БР. 27	44.248888	20.395197	ulica
Љиг	4	ДОМ КУЛТУРЕ	БОШЊАНОВИЋ, ШКОЛСКА БР. 2	БОШЊАНОВИЋ	ШКОЛСКА БР. 2	44.263085	20.211960	objekat
Љиг	5	ШКОЛА	БРАНЧИЋ, ПУСТО ПОЉЕ БР. 13	БРАНЧИЋ	ПУСТО ПОЉЕ БР. 13	44.216104	20.263267	objekat
Љиг	6	ДОМ КУЛТУРЕ	ВЕЛИШЕВАЦ, ЖЕРАВАЧКА БР. 48	ВЕЛИШЕВАЦ	ЖЕРАВАЧКА БР. 48	44.214390	20.203329	objekat
Љиг	7	СШ "ХИЉАДУ ТРИСТА КАПЛАРА"	ЉИГ, ВОЈВОДЕ МИШИЋА БР. 26	ЉИГ	ВОЈВОДЕ МИШИЋА БР. 26	44.221642	20.238213	objekat
Љиг	8	ШКОЛА	ДИЋИ, ГОРДАНЕ КОСАНОВИЋ БР. 2Б	ДИЋИ	ГОРДАНЕ КОСАНОВИЋ БР. 2Б	44.196537	20.287979	objekat
Љиг	9	ШКОЛА	ЖИВКОВЦИ, ЖИВКОВАЧКА БР. 46	ЖИВКОВЦИ	ЖИВКОВАЧКА БР. 46	44.288295	20.417260	objekat
Љиг	10	ШКОЛА	ИВАНОВЦИ, БЕЛАНОВАЧКИ ГОРЊИ ПУТ БР. 9	ИВАНОВЦИ	БЕЛАНОВАЧКИ ГОРЊИ ПУТ БР. 9	44.224310	20.312896	objekat
Љиг	11	ШКОЛА	ЈАЈЧИЋ, КРАЉА МИЛУТИНА БР. 28	ЈАЈЧИЋ	КРАЉА МИЛУТИНА БР. 28	44.261550	20.249117	objekat
Љиг	12	ШКОЛА	КАДИНА ЛУКА, ГЛАВНА БР. 88	КАДИНА ЛУКА	ГЛАВНА БР. 88	44.192963	20.221378	objekat
Љиг	13	ДОМ КУЛТУРЕ	КАЛАЊЕВЦИ, СОЛУНСКИХ РАТНИК БР. 28	КАЛАЊЕВЦИ	СОЛУНСКИХ РАТНИК БР. 28	44.284199	20.385904	naselje
Љиг	14	ШКОЛА	КОЗЕЉ, БОБИЈА БР. 1	КОЗЕЉ	БОБИЈА БР. 1	44.214450	20.360767	objekat
Љиг	15	ШКОЛА	ЛАЛИНЦИ, 1300 КАПЛАРА БР. 148	ЛАЛИНЦИ	1300 КАПЛАРА БР. 148	44.167387	20.310932	objekat
Љиг	16	ШКОЛА	ЛАТКОВИЋ, ШКОЛСКА БР. 7	ЛАТКОВИЋ	ШКОЛСКА БР. 7	44.282201	20.245586	objekat
Љиг	17	ШКОЛА	ЛИПЉЕ, МАЛИ РАЈ БР. 72	ЛИПЉЕ	МАЛИ РАЈ БР. 72	44.254453	20.308905	objekat
Љиг	18	ОШ "САВА КЕРКОВИЋ"	ЉИГ, СВЕТОГ САВЕ БР. 22A	ЉИГ	СВЕТОГ САВЕ БР. 22A	44.230879	20.238568	ulica
Љиг	19	ОШ "САВА КЕРКОВИЋ"	ЉИГ, СВЕТОГ САВЕ БР. 22A	ЉИГ	СВЕТОГ САВЕ БР. 22A	44.230879	20.238568	ulica
Љиг	20	СШ "ХИЉАДУ ТРИСТА КАПЛАРА"	ЉИГ, ВОЈВОДЕ МИШИЋА БР. 26	ЉИГ	ВОЈВОДЕ МИШИЋА БР. 26	44.221642	20.238213	objekat
Љиг	21	СШ "ХИЉАДУ ТРИСТА КАПЛАРА"	ЉИГ, ВОЈВОДЕ МИШИЋА БР. 26	ЉИГ	ВОЈВОДЕ МИШИЋА БР. 26	44.221642	20.238213	objekat
Љиг	22	КУЋА МАРИНКОВИЋ ДЕЈАНА	БАБАЈИЋ, ЉИШКА БР. 2	БАБАЈИЋ	ЉИШКА БР. 2	44.243899	20.218900	objekat
Љиг	23	ДОМ КУЛТУРЕ	МОРАВЦИ, ХАЏИ ЂЕРИНА БР. 34	МОРАВЦИ	ХАЏИ ЂЕРИНА БР. 34	44.241924	20.276570	objekat
Љиг	24	ШКОЛА	ПАЛЕЖНИЦА, МАРИЧКА БР. 40	ПАЛЕЖНИЦА	МАРИЧКА БР. 40	44.179680	20.179221	objekat
Љиг	25	ШКОЛА	ПОЉАНИЦЕ, ГРОБЉАНСКА БР. 6	ПОЉАНИЦЕ	ГРОБЉАНСКА БР. 6	44.235212	20.334119	objekat
Љиг	26	ШКОЛА	СЛАВКОВИЦА, РАЈАЧКА БР. 5	СЛАВКОВИЦА	РАЈАЧКА БР. 5	44.168050	20.250524	objekat
Љиг	27	ШКОЛА	СЛАВКОВИЦА, РАЈАЧКА БР. 5	СЛАВКОВИЦА	РАЈАЧКА БР. 5	44.168050	20.250524	objekat
Љиг	28	ШКОЛА	ЦВЕТАНОВАЦ, ВИДОВДАНСКА БР. 34А	ЦВЕТАНОВАЦ	ВИДОВДАНСКА БР. 34А	44.246707	20.234739	objekat
Љиг	29	ШКОЛА	ШТАВИЦА, ИБАРСКА БР. 235	ШТАВИЦА	ИБАРСКА БР. 235	44.189389	20.329832	objekat
Љиг	30	ШКОЛА	ШУТЦИ, ШКОЛСКА БР. 2	ШУТЦИ	ШКОЛСКА БР. 2	44.267718	20.358118	objekat
Љубовија	1	СКУПШТИНА ОПШТИНЕ ХОЛ БИОСКОПА	Љубовија, Војводе Мишића број 43	Љубовија	Војводе Мишића број 43	44.187901	19.372876	objekat
Љубовија	2	ЈКП „СТАНДАРД"	Љубовија, Милана Тешића 28А	Љубовија	Милана Тешића 28А	44.192114	19.375936	objekat
Љубовија	3	ФИСКУЛТУРНА САЛА СШ „ВУК КАРАЏИЋ"	Љубовија, Дринска 1	Љубовија	Дринска 1	44.187649	19.377855	objekat
Љубовија	4	ХОЛ СШ „ВУК КАРАЏИЋ"	Љубовија, Дринска 1	Љубовија	Дринска 1	44.187649	19.377855	objekat
Љубовија	5	КУЋА СТАНОЈЕВИЋ НАДЕ	Кашице, Ужички пут 16	Кашице	Ужички пут 16			nije_nadjeno
Љубовија	6	ПРОСТОРИЈЕ „АЗБУКОВИЦЕ"	Стара Љубовија, Зворнички пут 23	Стара Љубовија	Зворнички пут 23	44.194250	19.358101	objekat
Љубовија	7	ОСНОВНА ШКОЛА	Доња Љубовиђа, Ваљевски пут 165	Доња Љубовиђа	Ваљевски пут 165	44.214440	19.412839	objekat
Љубовија	8	ОСНОВНА ШКОЛА РАДОМИРА	Горња Љубовиђа, Ваљевски пут 379	Горња Љубовиђа	Ваљевски пут 379	44.230452	19.466928	objekat
Љубовија	9	КУЋА САВИЋ	Лоњин, Зворнички пут 262	Лоњин	Зворнички пут 262	44.223440	19.352261	objekat
Љубовија	10	ОСНОВНА ШКОЛА	Грачаница, Крупањски пут 107	Грачаница	Крупањски пут 107	44.246153	19.395306	objekat
Љубовија	11	ОСНОВНА ШКОЛА	Узовница, Зворнички пут 436	Узовница	Зворнички пут 436	44.252405	19.339977	objekat
Љубовија	12	ОСНОВНА ШКОЛА	Постење, Крупањски пут 191	Постење	Крупањски пут 191	44.280507	19.384171	objekat
Љубовија	13	ДОМ КУЛТУРЕ	Рујевац, Манастирска 46	Рујевац	Манастирска 46	44.306137	19.359131	objekat
Љубовија	14	ОСНОВНА ШКОЛА	Црнча, Зворнички пут 808	Црнча	Зворнички пут 808	44.278304	19.284868	objekat
Љубовија	15	ОСНОВНА ШКОЛА	Селанац, Мајданска 94	Селанац	Мајданска 94	44.295714	19.330122	objekat
Љубовија	16	КУЋА БРКИЋ СЛОБОДАНА	Црнча, Зворнички пут 876	Црнча	Зворнички пут 876	44.268916	19.258563	objekat
Љубовија	17	КУЋА МИРОСЛАВА ЈАКОВЉЕВИЋА	Дубоко, Карађорђева 145	Дубоко	Карађорђева 145	44.184732	19.394827	objekat
Љубовија	18	КУЋА СТАНОЈЧИЋ МИЛОРАДА	Берловине	Берловине		44.207450	19.437604	naselje
Љубовија	19	ОСНОВНА ШКОЛА	Доња Оровица, Главна 56	Доња Оровица	Главна 56	44.221599	19.487810	objekat
Љубовија	20	ПОСЛОВНИ ОБЈЕКАТ ЛАНЕ-ИН	Поднемић, Ужички пут бб	Поднемић	Ужички пут бб	44.171193	19.408847	ulica
Љубовија	21	КУЋА МАНОЈЛОВИЋ ЉУБИСАВА	Поднемић, Равне њиве 17	Поднемић	Равне њиве 17	44.173400	19.421491	objekat
Љубовија	22	ОСНОВНА ШКОЛА	Врхпоље, Ужички пут 382	Врхпоље	Ужички пут 382	44.143532	19.446854	objekat
Љубовија	23	КУЋА ВОЈИНА ПРОТИЋА	Врхпоље, Ужички пут 176	Врхпоље	Ужички пут 176	44.156778	19.423942	ulica
Љубовија	24	МЕСНА КАНЦЕЛАРИЈА	Цапарић, Николе Јовановића 2	Цапарић	Николе Јовановића 2	44.168959	19.458691	objekat
Љубовија	25	ОСНОВНА ШКОЛА	Леовић	Леовић		44.195821	19.491720	naselje
Љубовија	26	ОСНОВНА ШКОЛА	Горња Оровица	Горња Оровица		44.214557	19.521724	naselje
Љубовија	27	ОСНОВНА ШКОЛА	Оровичка Планина	Оровичка Планина		44.223906	19.547918	naselje
Љубовија	28	ОСНОВНА ШКОЛА	Лукића Брдо	Лукића Брдо		44.156180	19.482097	ulica
Љубовија	29	ПРЕДУЗЕЋЕ ДРЛАЧЕ КОМЕРЦ	Дрлаче, Тадићка 1	Дрлаче	Тадићка 1	44.132545	19.480825	objekat
Љубовија	30	ОСНОВНА ШКОЛА	Савковић	Савковић		44.184973	19.562301	naselje
Љубовија	31	КУЋА ТАНАСИЋ СТАНКЕ - ЦАНЕ	Горња Трешњица, Ужички пут 746	Горња Трешњица	Ужички пут 746	44.118223	19.493387	objekat
Љубовија	32	ОСНОВНА ШКОЛА	Грчић	Грчић		44.121698	19.539409	naselje
Љубовија	33	ДОМ КУЛТУРЕ	Горње Кошље	Горње Кошље		44.156429	19.574107	naselje
Љубовија	34	ОСНОВНА ШКОЛА	Горње Кошље	Горње Кошље		44.156429	19.574107	naselje
Мајданпек	1	ОШ "МИХАЈЛО СПОРИЋ"	МАЈДАНПЕК, ПРОЛЕТЕРСКА БР. 49	МАЈДАНПЕК	ПРОЛЕТЕРСКА БР. 49	44.423470	21.933881	objekat
Мајданпек	2	ОШ "МИХАЈЛО СПОРИЋ"	МАЈДАНПЕК, ПРОЛЕТЕРСКА БР. 49	МАЈДАНПЕК	ПРОЛЕТЕРСКА БР. 49	44.423470	21.933881	objekat
Мајданпек	3	ОШ "МИХАЈЛО СПОРИЋ"	МАЈДАНПЕК, ПРОЛЕТЕРСКА БР. 49	МАЈДАНПЕК	ПРОЛЕТЕРСКА БР. 49	44.423470	21.933881	objekat
Мајданпек	4	ОШ "МИХАЈЛО СПОРИЋ"	МАЈДАНПЕК, ПРОЛЕТЕРСКА БР. 49	МАЈДАНПЕК	ПРОЛЕТЕРСКА БР. 49	44.423470	21.933881	objekat
Мајданпек	5	ОШ "ВЕЛИМИР МАРКИЋЕВИЋ"	МАЈДАНПЕК, СВЕТОГ САВЕ БР. 39	МАЈДАНПЕК	СВЕТОГ САВЕ БР. 39	44.422871	21.936365	objekat
Мајданпек	6	ДЕЧЈА УСТАНОВА "МАРИЈА МУНЋАН"	МАЈДАНПЕК, НИКОЛЕ ТЕСЛЕ БР. 1-7	МАЈДАНПЕК	НИКОЛЕ ТЕСЛЕ БР. 1-7	44.425450	21.934970	ulica
Мајданпек	7	МЗ "БОЖА СТОЈАНОВИЋ"	МАЈДАНПЕК, ТРГ ОСЛОБОЂЕЊА БР. 19	МАЈДАНПЕК	ТРГ ОСЛОБОЂЕЊА БР. 19	44.422833	21.935604	ulica
Мајданпек	8	ГАЛЕРИЈА ЦЕНТРА ЗА КУЛТУРУ	МАЈДАНПЕК, ТРГ ОСЛОБОЂЕЊА ББ	МАЈДАНПЕК	ТРГ ОСЛОБОЂЕЊА ББ	44.422833	21.935604	ulica
Мајданпек	9	ОШ "ВЕЛИМИР МАРКИЋЕВИЋ"	МАЈДАНПЕК, СВЕТОГ САВЕ БР. 39	МАЈДАНПЕК	СВЕТОГ САВЕ БР. 39	44.422871	21.936365	objekat
Мајданпек	10	ЦЕНТАР ЗА КУЛТУРУ (ДОМ ОМЛАДИНЕ)	МАЈДАНПЕК, СВЕТОГ САВЕ БР. 12	МАЈДАНПЕК	СВЕТОГ САВЕ БР. 12	44.422383	21.936916	objekat
Мајданпек	11	ДОМ ЗДРАВЉА (ДЕЧИЈИ ДИСПАНЗЕР)	МАЈДАНПЕК, КАПЕТАНСКА БР. 42	МАЈДАНПЕК	КАПЕТАНСКА БР. 42	44.423981	21.941484	objekat
Мајданпек	12	ДОМ ЗДРАВЉА (ПРОСТОРИЈА ИСПРЕД ЛАБОРАТОРИЈЕ)	МАЈДАНПЕК, КАПЕТАНСКА БР. 42	МАЈДАНПЕК	КАПЕТАНСКА БР. 42	44.423981	21.941484	objekat
Мајданпек	13	БИЗНИС ИНКУБАТОР ДОО МАЈДАНПЕК (ЕЛЕКТРОНИК)	МАЈДАНПЕК, ЗМАЈ ЈОВИНА БР. 3	МАЈДАНПЕК	ЗМАЈ ЈОВИНА БР. 3	44.422709	21.947071	objekat
Мајданпек	14	ДЕЧЈА УСТАНОВА "МАРИЈА МУНЋАН"	МАЈДАНПЕК, МИХАЈЛА ПУПИНА БР. 4	МАЈДАНПЕК	МИХАЈЛА ПУПИНА БР. 4	44.425814	21.944798	objekat
Мајданпек	15	БИЗНИС ИНКУБАТОР ДОО МАЈДАНПЕК (ЕЛЕКТРОНИК)	МАЈДАНПЕК, ЗМАЈ ЈОВИНА БР. 3	МАЈДАНПЕК	ЗМАЈ ЈОВИНА БР. 3	44.422709	21.947071	objekat
Мајданпек	16	БИЗНИС ИНКУБАТОР ДОО МАЈДАНПЕК (ЕЛЕКТРОНИК)	МАЈДАНПЕК, ЗМАЈ ЈОВИНА БР. 3	МАЈДАНПЕК	ЗМАЈ ЈОВИНА БР. 3	44.422709	21.947071	objekat
Мајданпек	17	ДОМ КУЛТУРЕ	ДЕБЕЛИ ЛУГ, МАРШАЛА ТИТА БР.24	ДЕБЕЛИ ЛУГ	МАРШАЛА ТИТА БР.24	44.368069	21.909292	objekat
Мајданпек	18	ДОМ КУЛТУРЕ	ЛЕСКОВО, НУШИЋЕВА БР.56 58	ЛЕСКОВО	НУШИЋЕВА БР.56 58	44.312009	21.944248	objekat
Мајданпек	19	ДОМ КУЛТУРЕ	ЈАСИКОВО, ДИМИТРИЈА ТУЦОВИЋА БР. 20	ЈАСИКОВО	ДИМИТРИЈА ТУЦОВИЋА БР. 20	44.283882	21.942344	objekat
Мајданпек	20	ДОМ КУЛТУРЕ	ВЛАОЛЕ, ЂУРЕ ЈАКШИЋА БР.35	ВЛАОЛЕ	ЂУРЕ ЈАКШИЋА БР.35	44.268253	21.984985	objekat
Мајданпек	21	ДОМ КУЛТУРЕ БЛИЗНА	РУДНА ГЛАВА, СВЕТИ САВА БР. 221	РУДНА ГЛАВА	СВЕТИ САВА БР. 221	44.353306	22.046773	objekat
Мајданпек	22	ДОМ КУЛТУРЕ - ЧИТАОНИЦА	РУДНА ГЛАВА, СВЕТИ САВА БР. 36 38 40 42	РУДНА ГЛАВА	СВЕТИ САВА БР. 36 38 40 42	44.352243	22.034845	ulica
Мајданпек	23	ДОМ КУЛТУРЕ	РУДНА ГЛАВА, СВЕТИ САВА БР. 36 38 40 42	РУДНА ГЛАВА	СВЕТИ САВА БР. 36 38 40 42	44.352243	22.034845	ulica
Мајданпек	24	ОСНОВНА ШКОЛА - КРШ	РУДНА ГЛАВА, МАЛИ КРШ БР. 40	РУДНА ГЛАВА	МАЛИ КРШ БР. 40	44.291990	22.062977	objekat
Мајданпек	25	ДОМ КУЛТУРЕ	ЦРНАЈКА, ДЕСАНКЕ МАКСИМОВИЋ БР. 97 99	ЦРНАЈКА	ДЕСАНКЕ МАКСИМОВИЋ БР. 97 99	44.287051	22.142330	objekat
Мајданпек	26	ОСНОВНА ШКОЛА	ЦРНАЈКА, МИЛОША ОБИЛИЋА БР. 9	ЦРНАЈКА	МИЛОША ОБИЛИЋА БР. 9	44.285206	22.142384	objekat
Мајданпек	27	ДОМ КУЛТУРЕ	КЛОКОЧЕВАЦ, КАРАЂОРЂЕВА БР. 12	КЛОКОЧЕВАЦ	КАРАЂОРЂЕВА БР. 12	44.346065	22.179772	objekat
Мајданпек	28	СЕОСКА ЧИТАОНИЦА	КЛОКОЧЕВАЦ, КАРАЂОРЂЕВА БР. 12	КЛОКОЧЕВАЦ	КАРАЂОРЂЕВА БР. 12	44.346065	22.179772	objekat
Мајданпек	29	СЕОСКА ЧИТАОНИЦА	ТОПОЛНИЦА, ПИОНИРСКА БР. 4	ТОПОЛНИЦА	ПИОНИРСКА БР. 4	44.390755	22.171357	objekat
Мајданпек	30	ДОМ КУЛТУРЕ	ТОПОЛНИЦА, ПИОНИРСКА БР.4	ТОПОЛНИЦА	ПИОНИРСКА БР.4	44.390755	22.171357	objekat
Мајданпек	31	ДОМ КУЛТУРЕ	МОСНА, МИЛАНА РАКИЋА БР. 2	МОСНА	МИЛАНА РАКИЋА БР. 2	44.429160	22.173951	objekat
Мајданпек	32	ДОМ КУЛТУРЕ	ГОЛУБИЊЕ, ХОМОЉСКА БР.24	ГОЛУБИЊЕ	ХОМОЉСКА БР.24	44.496516	22.200559	objekat
Мајданпек	33	ОСНОВНА ШКОЛА - КОПАНА ГЛАВИЦА	ГОЛУБИЊЕ, ЉУТИЦЕ БОГДАНА БР.4	ГОЛУБИЊЕ	ЉУТИЦЕ БОГДАНА БР.4	44.516070	22.255546	objekat
Мајданпек	34	ДОМ КУЛТУРЕ - ПОЉАНЧИНЕ	ГОЛУБИЊЕ, МИЛАНА РАКИЋА БР. 67	ГОЛУБИЊЕ	МИЛАНА РАКИЋА БР. 67	44.552028	22.238965	objekat
Мајданпек	35	ЧИТАОНИЦА	МИРОЧ, ВАСЕ ПЕЛАГИЋА БР.41	МИРОЧ	ВАСЕ ПЕЛАГИЋА БР.41	44.477495	22.251938	objekat
Мајданпек	36	ДОМ КУЛТУРЕ	БОЉЕТИН, ДУШАНА МАТЕЈЕВИЋА БР.136	БОЉЕТИН	ДУШАНА МАТЕЈЕВИЋА БР.136	44.525254	22.030809	objekat
Мајданпек	37	ЦЕНТАР ЗА КУЛТУРУ И ОБРАЗОВАЊЕ	ДОЊИ МИЛАНОВАЦ, КРАЉА ПЕТРА ПРВОГ БР. 43A	ДОЊИ МИЛАНОВАЦ	КРАЉА ПЕТРА ПРВОГ БР. 43A	44.466401	22.152854	objekat
Мајданпек	38	ОШ "ВУК КАРАЏИЋ"	ДОЊИ МИЛАНОВАЦ, СТЕВАНА МОКРАЊЦА БР. 8А	ДОЊИ МИЛАНОВАЦ	СТЕВАНА МОКРАЊЦА БР. 8А	44.465250	22.150849	objekat
Мајданпек	39	ОШ "ВУК КАРАЏИЋ"	ДОЊИ МИЛАНОВАЦ, СТЕВАНА МОКРАЊЦА БР. 8А	ДОЊИ МИЛАНОВАЦ	СТЕВАНА МОКРАЊЦА БР. 8А	44.465250	22.150849	objekat
Мајданпек	40	ЛОВАЧКИ ДОМ	ДОЊИ МИЛАНОВАЦ, 9.ОКТОБАР БР. 21А	ДОЊИ МИЛАНОВАЦ	9.ОКТОБАР БР. 21А	44.462747	22.152300	naselje
Мајданпек	41	ДОМ КУЛТУРЕ - ОРЕШКОВИЦА	ДОЊИ МИЛАНОВАЦ, ГАВРИЛА ПРИЦИПА БР. 94	ДОЊИ МИЛАНОВАЦ	ГАВРИЛА ПРИЦИПА БР. 94	44.462747	22.152300	naselje
Мали Зворник	1	ОСНОВНА ШКОЛА	БРАСИНА, Светосавска бр.352	БРАСИНА	Светосавска бр.352	44.461493	19.148652	objekat
Мали Зворник	2	ОСНОВНА ШКОЛА	БРАСИНА, Светосавска бр.352	БРАСИНА	Светосавска бр.352	44.461493	19.148652	objekat
Мали Зворник	3	ОСНОВНА ШКОЛА	БРАСИНА, Светосавска бр.352	БРАСИНА	Светосавска бр.352	44.461493	19.148652	objekat
Мали Зворник	4	ОСНОВНА ШКОЛА	ДОЊА БОРИНА, Боринска бр. 25	ДОЊА БОРИНА	Боринска бр. 25	44.439781	19.156829	objekat
Мали Зворник	5	ОСНОВНА ШКОЛА	ДОЊА БОРИНА, Боринска бр. 25	ДОЊА БОРИНА	Боринска бр. 25	44.439781	19.156829	objekat
Мали Зворник	6	ОСНОВНА ШКОЛА	ДОЊА БОРИНА, Боринска бр. 25	ДОЊА БОРИНА	Боринска бр. 25	44.439781	19.156829	objekat
Мали Зворник	7	ПОСЛОВНИ ПРОСТОР ЈОВАНОВИЋ ТИХОМИРА - ТИЛЕ	РАДАЉ, Жарковићи бр. 117	РАДАЉ	Жарковићи бр. 117	44.394751	19.142249	objekat
Мали Зворник	8	ОСНОВНА ШКОЛА	РАДАЉ, Николе Тесле бр.205	РАДАЉ	Николе Тесле бр.205	44.401978	19.179702	objekat
Мали Зворник	9	ОСНОВНА ШКОЛА У МАЛОМ РАДАЉУ	РАДАЉ, Николе Тесле бр.367	РАДАЉ	Николе Тесле бр.367	44.402697	19.208753	objekat
Мали Зворник	10	ОСНОВНА ШКОЛА	РАДАЉ, Николе Тесле бр.205	РАДАЉ	Николе Тесле бр.205	44.401978	19.179702	objekat
Мали Зворник	11	ОСНОВНА ШКОЛА У МАЛОМ РАДАЉУ	РАДАЉ, Николе Тесле бр.367	РАДАЉ	Николе Тесле бр.367	44.402697	19.208753	objekat
Мали Зворник	12	ПОСЛОВНИ ПРОСТОР 1 РУЖИЋ ДРАГОСЛАВА	МАЛИ ЗВОРНИК, ВУКА КАРАЏИЋА БР. 93	МАЛИ ЗВОРНИК	ВУКА КАРАЏИЋА БР. 93	44.395041	19.112738	objekat
Мали Зворник	13	ПОСЛОВНИ ПРОСТОР 2 РУЖИЋ ДРАГОСЛАВА	МАЛИ ЗВОРНИК, ВУКА КРАЏИЋА БР. 93	МАЛИ ЗВОРНИК	ВУКА КРАЏИЋА БР. 93	44.396663	19.112216	objekat
Мали Зворник	14	ЖЕЛЕЗНИЧКА СТАНИЦА	МАЛИ ЗВОРНИК, Вука Караџића бр. 106	МАЛИ ЗВОРНИК	Вука Караџића бр. 106	44.400457	19.121450	objekat
Мали Зворник	15	ПОСЛОВНИ ПРОСТОР "ANY TEXTILE" DOO МАЛИ ЗВОРНИК	МАЛИ ЗВОРНИК, СВЕТОСАВСКА бр. 47	МАЛИ ЗВОРНИК	СВЕТОСАВСКА бр. 47	44.408257	19.142006	objekat
Мали Зворник	16	СРЕДЊА ШКОЛА	МАЛИ ЗВОРНИК, КРАЉА ПЕТРА ПРВОГ бр. 12	МАЛИ ЗВОРНИК	КРАЉА ПЕТРА ПРВОГ бр. 12	44.377205	19.106515	objekat
Мали Зворник	17	ДОМ КУЛТУРЕ	МАЛИ ЗВОРНИК, КРАЉА ПЕТРА ПРВОГ бр. 26	МАЛИ ЗВОРНИК	КРАЉА ПЕТРА ПРВОГ бр. 26	44.375095	19.105973	objekat
Мали Зворник	18	ЗГРАДА ОПШТИНСКЕ УПРАВЕ	МАЛИ ЗВОРНИК, КРАЉА ПЕТРА ПРВОГ бр. 38	МАЛИ ЗВОРНИК	КРАЉА ПЕТРА ПРВОГ бр. 38	44.373396	19.105615	objekat
Мали Зворник	19	ДОМ КУЛТУРЕ	МАЛИ ЗВОРНИК, КРАЉА ПЕТРА ПРВОГ бр. 26	МАЛИ ЗВОРНИК	КРАЉА ПЕТРА ПРВОГ бр. 26	44.375095	19.105973	objekat
Мали Зворник	20	ДОМ КУЛТУРЕ	САКАР, Краља Петра Првог Бр. 43	САКАР	Краља Петра Првог Бр. 43	44.361649	19.121875	objekat
Мали Зворник	21	ДОМ КУЛТУРЕ	БУДИШИЋ, Краља Петра Првог Бр. 94	БУДИШИЋ	Краља Петра Првог Бр. 94	44.341098	19.135165	objekat
Мали Зворник	22	ОСНОВНА ШКОЛА	АМАЈИЋ, Школска Бр.8	АМАЈИЋ	Школска Бр.8	44.315784	19.143622	objekat
Мали Зворник	23	ОСНОВНА ШКОЛА	ДОЊА ТРЕШЊИЦА, Трешњичка бр.40	ДОЊА ТРЕШЊИЦА	Трешњичка бр.40	44.326781	19.166163	objekat
Мали Зворник	24	АМБУЛАНТА	ДОЊА ТРЕШЊИЦА, Јовића бр.5	ДОЊА ТРЕШЊИЦА	Јовића бр.5	44.325720	19.165731	objekat
Мали Зворник	25	ОСНОВНА ШКОЛА	ЦУЛИНЕ, Учитеља Жиће бр. 8	ЦУЛИНЕ	Учитеља Жиће бр. 8	44.292259	19.168400	objekat
Мали Зворник	26	ОСНОВНА ШКОЛА	ЦУЛИНЕ, Учитеља Жиће бр. 8	ЦУЛИНЕ	Учитеља Жиће бр. 8	44.292259	19.168400	objekat
Мали Зворник	27	ОСНОВНА ШКОЛА	ВЕЛИКА РЕКА, Краља Петра Првог бр. 665	ВЕЛИКА РЕКА	Краља Петра Првог бр. 665	44.267059	19.236161	objekat
Мали Зворник	28	ОСНОВНА ШКОЛА	ВЕЛИКА РЕКА, Краља Петра Првог Бр.665	ВЕЛИКА РЕКА	Краља Петра Првог Бр.665	44.267059	19.236161	objekat
Мали Зворник	29	ДОМ КУЛТУРЕ "ПОДГАЈ"	ВЕЛИКА РЕКА, Великоречка Бр. 53	ВЕЛИКА РЕКА	Великоречка Бр. 53	44.278172	19.241073	objekat
Мали Иђош	1	РЕОНСКИ ДОМ	МАЛИ ИЂОШ, ДУГЕ БР. 14	МАЛИ ИЂОШ	ДУГЕ БР. 14	45.714130	19.663198	objekat
Мали Иђош	2	ОШ "АДИ ЕНДРЕ"	МАЛИ ИЂОШ, ГЛАВНА УЛИЦА БР. 27	МАЛИ ИЂОШ	ГЛАВНА УЛИЦА БР. 27	45.708517	19.663385	objekat
Мали Иђош	3	ВАТРОГАСНИ ДОМ	МАЛИ ИЂОШ, ГЛАВНА УЛИЦА БР. 63	МАЛИ ИЂОШ	ГЛАВНА УЛИЦА БР. 63	45.715685	19.650166	objekat
Мали Иђош	4	ОШ "АДИ ЕНДРЕ"	МАЛИ ИЂОШ, ГЛАВНА УЛИЦА БР. 27	МАЛИ ИЂОШ	ГЛАВНА УЛИЦА БР. 27	45.708517	19.663385	objekat
Мали Иђош	5	ОШ "АДИ ЕНДРЕ"	МАЛИ ИЂОШ, ГЛАВНА УЛИЦА БР. 27	МАЛИ ИЂОШ	ГЛАВНА УЛИЦА БР. 27	45.708517	19.663385	objekat
Мали Иђош	6	ОШ "АДИ ЕНДРЕ"	МАЛИ ИЂОШ, ГЛАВНА УЛИЦА БР. 27	МАЛИ ИЂОШ	ГЛАВНА УЛИЦА БР. 27	45.708517	19.663385	objekat
Мали Иђош	7	ОШ "АДИ ЕНДРЕ"	МАЛИ ИЂОШ, ГЛАВНА УЛИЦА БР. 27	МАЛИ ИЂОШ	ГЛАВНА УЛИЦА БР. 27	45.708517	19.663385	objekat
Мали Иђош	8	ОШ "АДИ ЕНДРЕ"	МАЛИ ИЂОШ, ГЛАВНА УЛИЦА БР. 27	МАЛИ ИЂОШ	ГЛАВНА УЛИЦА БР. 27	45.708517	19.663385	objekat
Мали Иђош	9	ОШ "АДИ ЕНДРЕ"	МАЛИ ИЂОШ, ГЛАВНА УЛИЦА БР. 27	МАЛИ ИЂОШ	ГЛАВНА УЛИЦА БР. 27	45.708517	19.663385	objekat
Мали Иђош	10	ОШ "АДИ ЕНДРЕ"	МАЛИ ИЂОШ, ГЛАВНА УЛИЦА БР. 27	МАЛИ ИЂОШ	ГЛАВНА УЛИЦА БР. 27	45.708517	19.663385	objekat
Мали Иђош	11	РЕСТОРАН "ЦЕТИЊЕ"	ЛОВЋЕНАЦ, МАРШАЛА ТИТА БР. 42	ЛОВЋЕНАЦ	МАРШАЛА ТИТА БР. 42	45.680777	19.691677	objekat
Мали Иђош	12	ПОСЛОВНИ ПРОСТОР НА УГЛУ УЛИЦА МАРШАЛА ТИТА И 13. ЈУЛА	ЛОВЋЕНАЦ, 13. ЈУЛА БР. 2	ЛОВЋЕНАЦ	13. ЈУЛА БР. 2	45.682103	19.691094	objekat
Мали Иђош	13	ДОМ ДРУГОГ РЕОНА ЛОВЋЕНАЦ	ЛОВЋЕНАЦ, 13. ЈУЛИ БР. 2	ЛОВЋЕНАЦ	13. ЈУЛИ БР. 2	45.682103	19.691094	objekat
Мали Иђош	14	МЗ "ЛОВЋЕНАЦ" ПРОСТОРИЈА 1.	ЛОВЋЕНАЦ, МАРШАЛА ТИТА БР. 41	ЛОВЋЕНАЦ	МАРШАЛА ТИТА БР. 41	45.680830	19.692294	objekat
Мали Иђош	15	МЗ "ЛОВЋЕНАЦ" ПРОСТОРИЈА 2.	ЛОВЋЕНАЦ, МАРШАЛА ТИТА БР. 41	ЛОВЋЕНАЦ	МАРШАЛА ТИТА БР. 41	45.680830	19.692294	objekat
Мали Иђош	16	ОШ "ВУК КАРАЏИЋ"	ЛОВЋЕНАЦ, ВУКА КАРАЏИЋА БР. 2	ЛОВЋЕНАЦ	ВУКА КАРАЏИЋА БР. 2	45.673602	19.649249	drugo:railway
Мали Иђош	17	МЕСНА ЗАЈЕДНИЦА - КАНЦЕЛАРИЈА БР. 2	ФЕКЕТИЋ, БРАТСТВА БР. 32	ФЕКЕТИЋ	БРАТСТВА БР. 32	45.665453	19.697855	objekat
Мали Иђош	18	ДОМ ПЕНЗИОНЕРА	ФЕКЕТИЋ, ЛЕЊИНОВА 19.	ФЕКЕТИЋ	ЛЕЊИНОВА 19.	45.667025	19.699555	objekat
Мали Иђош	19	ДОМ КУЛТУРЕ - МАЛА САЛА	ФЕКЕТИЋ, ЈНА БР. 24	ФЕКЕТИЋ	ЈНА БР. 24	45.664956	19.699403	objekat
Мали Иђош	20	МЕСНА ЗАЈЕДНИЦА - СВЕЧАНА САЛА	ФЕКЕТИЋ, БРАТСТВА БР. 32	ФЕКЕТИЋ	БРАТСТВА БР. 32	45.665453	19.697855	objekat
Мали Иђош	21	ОШ "НИКОЛА ЂУРКОВИЋ" - ПРОСТОРИЈА 1.	ФЕКЕТИЋ, БРАТСТВА ББ	ФЕКЕТИЋ	БРАТСТВА ББ	45.664974	19.697079	ulica
Мали Иђош	22	ДОМ КУЛТУРЕ ВЕЛИКА САЛА	ФЕКЕТИЋ, ЈНА БР. 24	ФЕКЕТИЋ	ЈНА БР. 24	45.664956	19.699403	objekat
Мали Иђош	23	ОШ "НИКОЛА ЂУРКОВИЋ" - ПРОСТОРИЈА 2.	ФЕКЕТИЋ, БРАТСТВА ББ	ФЕКЕТИЋ	БРАТСТВА ББ	45.664974	19.697079	ulica
Мало Црниће	1	ОСНОВНА ШКОЛА	АЉУДОВО	АЉУДОВО		44.506763	21.428665	naselje
Мало Црниће	2	МЕСНА ЗАЈЕДНИЦА	БАТУША	БАТУША		44.530345	21.310687	naselje
Мало Црниће	3	ОСНОВНА ШКОЛА	БОЖЕВАЦ	БОЖЕВАЦ		44.542130	21.394874	naselje
Мало Црниће	4	МЕСНА ЗАЈЕДНИЦА	БОЖЕВАЦ	БОЖЕВАЦ		44.542130	21.394874	naselje
Мало Црниће	5	ОСНОВНА ШКОЛА	БОЖЕВАЦ	БОЖЕВАЦ		44.542130	21.394874	naselje
Мало Црниће	6	ДОМ КУЛТУРЕ	ВЕЛИКО СЕЛО	ВЕЛИКО СЕЛО		44.493193	21.294014	naselje
Мало Црниће	7	ОСНОВНА ШКОЛА	ВЕЛИКО ЦРНИЋЕ	ВЕЛИКО ЦРНИЋЕ		44.569094	21.292847	objekat
Мало Црниће	8	ДОМ КУЛТУРЕ	ВРБНИЦА	ВРБНИЦА		44.471874	21.295347	naselje
Мало Црниће	9	МЕСНА ЗАЈЕДНИЦА	ЗАБРЕГА	ЗАБРЕГА		44.584544	21.400047	naselje
Мало Црниће	10	ОСНОВНА ШКОЛА	КАЛИШТЕ	КАЛИШТЕ		44.514643	21.313655	naselje
Мало Црниће	11	ОСНОВНА ШКОЛА	КОБИЉЕ	КОБИЉЕ		44.525076	21.445548	naselje
Мало Црниће	12	МЕСНА ЗАЈЕДНИЦА	КОБИЉЕ	КОБИЉЕ		44.525076	21.445548	naselje
Мало Црниће	13	ДОМ КУЛТУРЕ	КРАВЉИ ДО	КРАВЉИ ДО		44.551257	21.237539	naselje
Мало Црниће	14	ДОМ КУЛТУРЕ	КУЛА	КУЛА		44.512001	21.378706	naselje
Мало Црниће	15	ОСНОВНА ШКОЛА	МАЛО ГРАДИШТЕ	МАЛО ГРАДИШТЕ		44.619333	21.405403	naselje
Мало Црниће	16	ДОМ КУЛТУРЕ	МАЛО ЦРНИЋЕ	МАЛО ЦРНИЋЕ		44.551152	21.282334	drugo:railway
Мало Црниће	17	ОСНОВНА ШКОЛА	МАЛО ЦРНИЋЕ	МАЛО ЦРНИЋЕ		44.551152	21.282334	drugo:railway
Мало Црниће	18	ДОМ КУЛТУРЕ	САЛАКОВАЦ	САЛАКОВАЦ		44.586917	21.275752	naselje
Мало Црниће	19	ОНОВНА ШКОЛА	САЛАКОВАЦ	САЛАКОВАЦ		44.586917	21.275752	naselje
Мало Црниће	20	ОСНОВНА ШКОЛА	СМОЉИНАЦ	СМОЉИНАЦ		44.605738	21.346316	naselje
Мало Црниће	21	ОСНОВНА ШКОЛА	СМОЉИНАЦ	СМОЉИНАЦ		44.605738	21.346316	naselje
Мало Црниће	22	ДОМ КУЛТУРЕ	СМОЉИНАЦ	СМОЉИНАЦ		44.605738	21.346316	naselje
Мало Црниће	23	ОСНОВНА ШКОЛА	ТОПОНИЦА	ТОПОНИЦА		44.516612	21.269842	naselje
Мало Црниће	24	ОСНОВНА ШКОЛА	ТОПОНИЦА	ТОПОНИЦА		44.516612	21.269842	naselje
Мало Црниће	25	СПОРТСКИ БИФЕ	ЦРЉЕНАЦ	ЦРЉЕНАЦ		44.494907	21.361260	naselje
Мало Црниће	26	ОСНОВНА ШКОЛА	ЦРЉЕНАЦ	ЦРЉЕНАЦ		44.494907	21.361260	naselje
Мало Црниће	27	ОСНОВНА ШКОЛА	ШАПИНЕ	ШАПИНЕ		44.578385	21.367099	naselje
Мало Црниће	28	ДОМ КУЛТУРЕ	ШАПИНЕ	ШАПИНЕ		44.578385	21.367099	naselje
Мало Црниће	29	МЕСНА ЗАЈЕДНИЦА	ШЉИВОВАЦ	ШЉИВОВАЦ		44.541782	21.222677	naselje
Медвеђа	1	ОШ "ГОРЊА ЈАБЛАНИЦА"	МЕДВЕЂА, Ул. Краља Милана бр. 79А	МЕДВЕЂА	Ул. Краља Милана бр. 79А	42.842068	21.586537	objekat
Медвеђа	2	ДОМ КУЛТУРЕ	МЕДВЕЂА, Ул. Ђуре Јакшића бр. 6	МЕДВЕЂА	Ул. Ђуре Јакшића бр. 6	42.842895	21.585795	objekat
Медвеђа	3	ОСНОВНА ШКОЛА	ДОЊИ БУЧУМЕТ, Ул. Вучаделци бр. 116	ДОЊИ БУЧУМЕТ	Ул. Вучаделци бр. 116	42.908747	21.628090	objekat
Медвеђа	4	ОСНОВНА ШКОЛА	ГОРЊИ БУЧУМЕТ, Ул. Чардаклије бр. 4	ГОРЊИ БУЧУМЕТ	Ул. Чардаклије бр. 4	42.925874	21.580811	objekat
Медвеђа	5	ЗАДРУЖНИ ДОМ	ГАЈТАН, Ул. Гајтански пут бр. 46	ГАЈТАН	Ул. Гајтански пут бр. 46	42.956918	21.517393	objekat
Медвеђа	6	ОСНОВНА ШКОЛА	ДРЕНЦЕ, Ул. Кнеза Лазара бр.29	ДРЕНЦЕ	Ул. Кнеза Лазара бр.29	42.929716	21.505840	objekat
Медвеђа	7	ОСНОВНА ШКОЛА	ЛЕЦЕ, Ул. Гајтански пут бр.213	ЛЕЦЕ	Ул. Гајтански пут бр.213	42.907837	21.534032	objekat
Медвеђа	8	ОСНОВНА ШКОЛА	ГАЗДАРЕ, Ул. Гајтански пут 84	ГАЗДАРЕ	Ул. Гајтански пут 84	42.883761	21.571661	objekat
Медвеђа	9	ОСНОВНА ШКОЛА	НЕГОСАВЉЕ, Ул. Лесковачки пут бр. 128	НЕГОСАВЉЕ	Ул. Лесковачки пут бр. 128	42.869931	21.595739	objekat
Медвеђа	10	ОСНОВНА ШКОЛА	ЦРНИ ВРХ, Ул. Звечанска бр. 5	ЦРНИ ВРХ	Ул. Звечанска бр. 5	42.859309	21.620949	objekat
Медвеђа	11	ОСНОВНА ШКОЛА	РУЈКОВАЦ, Ул. Рујковачки пут бр. 6	РУЈКОВАЦ	Ул. Рујковачки пут бр. 6	42.890677	21.635940	objekat
Медвеђа	12	ОСНОВНА ШКОЛА	ЂУЛЕКАРЕ, Ул. Ђулекарски пут 23	ЂУЛЕКАРЕ	Ул. Ђулекарски пут 23	42.834746	21.665323	objekat
Медвеђа	13	ОСНОВНА ШКОЛА	КАПИТ, Ул. Велико брдо бр.2	КАПИТ	Ул. Велико брдо бр.2	42.841005	21.616068	naselje
Медвеђа	14	ОСНОВНА ШКОЛА	ТУПАЛЕ, Ул. Зенела Ајдиновића Тоше бр. 6	ТУПАЛЕ	Ул. Зенела Ајдиновића Тоше бр. 6	42.841345	21.633049	objekat
Медвеђа	15	ОСНОВНА ШКОЛА	СТУБЛА, Ул. Јастребачка бр. 4	СТУБЛА	Ул. Јастребачка бр. 4	42.886253	21.496200	objekat
Медвеђа	16	ОСНОВНА ШКОЛА	РЕТКОЦЕР, Ул. Маћедонска коса бр. 62	РЕТКОЦЕР	Ул. Маћедонска коса бр. 62	42.848634	21.502799	objekat
Медвеђа	17	ОСНОВНА ШКОЛА	МАЋЕДОНЦЕ, Ул. Дунавска бр. 111	МАЋЕДОНЦЕ	Ул. Дунавска бр. 111	42.810818	21.568154	objekat
Медвеђа	18	ОСНОВНА ШКОЛА	БОРОВАЦ, Ул. Боровачки пут бр. 69	БОРОВАЦ	Ул. Боровачки пут бр. 69	42.762612	21.555500	objekat
Медвеђа	19	ОВЈЕКАТ СУР "ЦЕР"	БОГУНОВАЦ, Ул. Туларска бр. 274	БОГУНОВАЦ	Ул. Туларска бр. 274	42.792315	21.502442	ulica
Медвеђа	20	ОСНОВНА ШКОЛА	ТУЛАРЕ, Ул. Владимира Букилића бр. 9	ТУЛАРЕ	Ул. Владимира Букилића бр. 9	42.795341	21.459987	objekat
Медвеђа	21	ОСНОВНА ШКОЛА	СИЈАРИНСКА БАЊА, Ул. Николе Тесле бр. 5	СИЈАРИНСКА БАЊА	Ул. Николе Тесле бр. 5	42.779806	21.599260	objekat
Медвеђа	22	ОСНОВНА ШКОЛА	СИЈАРИНА, Ул. Дрвени брег бр. 86	СИЈАРИНА	Ул. Дрвени брег бр. 86	42.795511	21.630793	objekat
Медвеђа	23	ОСНОВНА ШКОЛА	СВИРЦЕ, Ул. Свирачки пут бр. 51	СВИРЦЕ	Ул. Свирачки пут бр. 51	42.751337	21.596385	objekat
Медвеђа	24	ОСНОВНА ШКОЛА	РАВНА БАЊА, Ул. Југ Богданова бр. 64	РАВНА БАЊА	Ул. Југ Богданова бр. 64	42.745525	21.651096	objekat
Мерошина	1	ОСНОВНА ШКОЛА	АЗБРЕСНИЦА, Азбресничка 29	АЗБРЕСНИЦА	Азбресничка 29	43.353969	21.693389	objekat
Мерошина	2	ПРИВАТНИ ЛОКАЛ ВЛАСНИКА ИВАНА РАКИЋА	АЛЕКСАНДРОВО, Нишка 139	АЛЕКСАНДРОВО	Нишка 139	43.298375	21.755594	objekat
Мерошина	3	ЗГРАДА МЕСНЕ ЗАЈЕДНИЦЕ	АРБАНАСЦЕ, Светог Илије 71В	АРБАНАСЦЕ	Светог Илије 71В	43.274695	21.639821	objekat
Мерошина	4	ОСНОВНА ШКОЛА	БАЛАЈНАЦ, Гложенска 6	БАЛАЈНАЦ	Гложенска 6	43.276098	21.774353	objekat
Мерошина	5	ДОМ КУЛТУРЕ	БАТУШИНАЦ, Царице Милице 13А	БАТУШИНАЦ	Царице Милице 13А	43.260069	21.823671	objekat
Мерошина	6	ОСНОВНА ШКОЛА	БАЛИЧЕВАЦ, Мише Милића 10	БАЛИЧЕВАЦ	Мише Милића 10	43.288822	21.683243	objekat
Мерошина	7	ОСНОВНА ШКОЛА	БИЉЕГ, Азбресничка 28	БИЉЕГ	Азбресничка 28	43.324962	21.682111	objekat
Мерошина	8	ДОМ КУЛТУРЕ	БРЕСТ, Спортска 1	БРЕСТ	Спортска 1	43.279350	21.729032	objekat
Мерошина	9	СТАРА ШКОЛА	БУЧИЋ, Ковачка 11	БУЧИЋ	Ковачка 11	43.232667	21.699803	objekat
Мерошина	10	ЗГРАДА МЕСНЕ ЗАЈЕДНИЦЕ	ГОРЊА РАСОВАЧА, Добричка 1	ГОРЊА РАСОВАЧА	Добричка 1	43.240615	21.673526	objekat
Мерошина	11	ДОМ КУЛТУРЕ	ГРАДИШТЕ, Патријарха Павла 31	ГРАДИШТЕ	Патријарха Павла 31	43.276042	21.769772	objekat
Мерошина	12	ОСНОВНА ШКОЛА	ДЕВЧА, Осојнска 1	ДЕВЧА	Осојнска 1	43.321474	21.602199	objekat
Мерошина	13	ДОМ КУЛТУРЕ	ДЕШИЛОВО, Јастребачка 34	ДЕШИЛОВО	Јастребачка 34	43.297801	21.617321	objekat
Мерошина	14	ДОМ КУЛТУРЕ	ДОЊА РАСОВАЧА, Јастребачка 86	ДОЊА РАСОВАЧА	Јастребачка 86	43.239662	21.686963	objekat
Мерошина	15	ОСНОВНА ШКОЛА	ДУДУЛАЈЦЕ, Сечаничка 20	ДУДУЛАЈЦЕ	Сечаничка 20	43.365563	21.712183	objekat
Мерошина	16	ДОМ КУЛТУРЕ	ЈОВАНОВАЦ, Хиландарска 19	ЈОВАНОВАЦ	Хиландарска 19	43.346691	21.685772	objekat
Мерошина	17	ОСНОВНА ШКОЛА	ЈУГ БОГДАНОВАЦ, Прокупачка 50	ЈУГ БОГДАНОВАЦ	Прокупачка 50	43.258085	21.656576	objekat
Мерошина	18	ДОМ КУЛТУРЕ	КОВАНЛУК, Јастребачка 7	КОВАНЛУК	Јастребачка 7	43.326655	21.662609	objekat
Мерошина	19	ДОМ КУЛТУРЕ	КОСТАДИНОВАЦ, Горњорасовачка 66	КОСТАДИНОВАЦ	Горњорасовачка 66	43.245477	21.668826	ulica
Мерошина	20	ОСНОВНА ШКОЛА	КРАЈКОВАЦ, Крајковачка 11	КРАЈКОВАЦ	Крајковачка 11	43.340493	21.657532	objekat
Мерошина	21	ДОМ КУЛТУРЕ	ЛЕПАЈА, Малише Стојановића 4А	ЛЕПАЈА	Малише Стојановића 4А	43.302890	21.664143	objekat
Мерошина	22	ЗГРАДА МЕСНЕ ЗАЈЕДНИЦЕ	МЕРОШИНА, Цара Лазара 215	МЕРОШИНА	Цара Лазара 215	43.281118	21.711443	ulica
Мерошина	23	ОСНОВНА ШКОЛА	ОБЛАЧИНА, Ослободилаца 15	ОБЛАЧИНА	Ослободилаца 15	43.306161	21.689056	objekat
Мерошина	24	ОСНОВНА ШКОЛА	ПАДИНА, Брдска 22	ПАДИНА	Брдска 22	43.337789	21.643164	objekat
Мерошина	25	ОСНОВНА ШКОЛА	РОЖИНА, Великопадинска 12	РОЖИНА	Великопадинска 12	43.299992	21.706172	objekat
Мерошина	26	ЗГРАДА МЕСНЕ ЗАЈЕДНИЦЕ	ЧУБУРА, Стојановић Радојка Малише 2А	ЧУБУРА	Стојановић Радојка Малише 2А	43.331265	21.618072	objekat
Мионица	1	ОСНОВНА ШКОЛА "МИЛАН РАКИЋ" (ПРИЗЕМЉЕ)	Мионица, Кнеза Грбовића бр. 31	Мионица	Кнеза Грбовића бр. 31	44.250456	20.085615	objekat
Мионица	2	ОСНОВНА ШКОЛА "МИЛАН РАКИЋ" (ПРИЗЕМЉЕ)	Мионица, Кнеза Грбовића бр. 31	Мионица	Кнеза Грбовића бр. 31	44.250456	20.085615	objekat
Мионица	3	ОСНОВНА ШКОЛА "МИЛАН РАКИЋ" (ПРИЗЕМЉЕ)	Мионица, Кнеза Грбовића бр. 31	Мионица	Кнеза Грбовића бр. 31	44.250456	20.085615	objekat
Мионица	4	ОСНОВНА ШКОЛА "МИЛАН РАКИЋ" (ПРИЗЕМЉЕ)	Мионица, Кнеза Грбовића бр. 31	Мионица	Кнеза Грбовића бр. 31	44.250456	20.085615	objekat
Мионица	5	ОСНОВНА ШКОЛА БЕРКОВАЦ	Берковац	Берковац		44.214892	20.151539	naselje
Мионица	6	ОСНОВНА ШКОЛА БРЕЖЂЕ	Брежђе	Брежђе		44.190489	20.070047	naselje
Мионица	7	ОСНОВНА ШКОЛА БУКОВАЦ	Буковац	Буковац		44.177536	19.977259	naselje
Мионица	8	СЕОСКИ ДОМ ВИРОВАЦ	Вировац	Вировац		44.309898	20.103349	naselje
Мионица	9	СЕОСКИ ДОМ ВРТИГЛАВ	Вртиглав	Вртиглав		44.273792	20.101143	naselje
Мионица	10	СЕОСКИ ДОМ ГОЛУБАЦ	Голубац	Голубац		44.185980	19.993806	naselje
Мионица	11	ОСНОВНА ШКОЛА БРЕЖЂЕ	Брежђе	Брежђе		44.190489	20.070047	naselje
Мионица	12	СЕОСКИ ДОМ ГОРЊИ МУШИЋ	Горњи Мушић	Горњи Мушић		44.272896	20.144369	naselje
Мионица	13	ОСНОВНА ШКОЛА ДОЊА ТОПЛИЦА	Доњи Мушић	Доњи Мушић		44.295566	20.119556	naselje
Мионица	14	СЕОСКИ ДОМ ГУЊИЦА	Гуњица	Гуњица		44.204360	20.179153	naselje
Мионица	15	МЕСНА КАНЦЕЛАРИЈА ДОЊА ТОПЛИЦА	Доњи Мушић	Доњи Мушић		44.295566	20.119556	naselje
Мионица	16	СЕОСКИ ДОМ ДУЧИЋ	Дучић	Дучић		44.251301	20.167251	naselje
Мионица	17	ОСНОВНА ШКОЛА ЂУРЂЕВАЦ	Ђурђевац	Ђурђевац		44.256761	20.021980	naselje
Мионица	18	ОСНОВНА ШКОЛА КЉУЧ	Кључ	Кључ		44.229720	20.050998	naselje
Мионица	19	ОСНОВНА ШКОЛА КОМАНИЦЕ	Команице	Команице		44.242760	20.127703	naselje
Мионица	20	ЗАДРУЖНИ ДОМ КРЧМАР	Крчмар	Крчмар		44.159315	19.977981	naselje
Мионица	21	ЛОВАЧКИ ДОМ МАЉЕВИЋ	Маљевић	Маљевић		44.261648	20.118877	naselje
Мионица	22	СЕОСКИ ДОМ МРАТИШИЋ	Мратишић	Мратишић		44.187047	19.957519	naselje
Мионица	23	СЕОСКИ ДОМ НАНОМИР	Наномир	Наномир		44.312273	20.138601	naselje
Мионица	24	ОСНОВНА ШКОЛА ОСЕЧЕНИЦА	Осеченица	Осеченица		44.190036	20.029996	naselje
Мионица	25	ОСНОВНА ШКОЛА КРЧМАР	Крчмар	Крчмар		44.159315	19.977981	naselje
Мионица	26	СЕОСКИ ДОМ ПАШТРИЋ	Паштрић	Паштрић		44.229524	20.100845	naselje
Мионица	27	ОСНОВНА ШКОЛА ПЛАНИНИЦА	Планиница	Планиница		44.146038	20.120472	naselje
Мионица	28	ОСНОВНА ШКОЛА ПОПАДИЋ	Попадић	Попадић		44.219133	20.125442	naselje
Мионица	29	СЕОСКИ ДОМ РАДОБИЋ	Радобић	Радобић		44.277746	20.060906	naselje
Мионица	30	ОСНОВНА ШКОЛА РАЈКОВИЋ	Рајковић	Рајковић		44.226977	20.006439	naselje
Мионица	31	МЕСНА КАНЦЕЛАРИЈА РАКАРИ	Ракари	Ракари		44.233755	20.176057	naselje
Мионица	32	ОСНОВНА ШКОЛА РАЈКОВИЋ	Рајковић	Рајковић		44.226977	20.006439	naselje
Мионица	33	СПОРТСКО РЕКРЕАЦИОНИ ЦЕНТАР "ЛЕПЕНИЦА"	Село Мионица	Село Мионица				nije_nadjeno
Мионица	34	ОСНОВНА ШКОЛА СТРУГАНИК	Струганик	Струганик		44.187500	20.108431	naselje
Мионица	35	ОСНОВНА ШКОЛА ТАБАНОВИЋ	Табановић	Табановић		44.290288	20.067887	naselje
Мионица	36	СЕОСКИ ДОМ ТОДОРИН ДО	Тодорин До	Тодорин До		44.273500	20.186918	naselje
Мионица	37	ОСНОВНА ШКОЛА ТОЛИЋ	Толић	Толић		44.220386	20.074349	naselje
Мионица	38	ОСНОВНА ШКОЛА ЂУРЂЕВАЦ	Ђурђевац	Ђурђевац		44.256761	20.021980	naselje
Младеновац	1	СВЕЧАНА САЛА ГО МЛАДЕНОВАЦ	Младеновац, Краља Петра Првог бр. 175	Младеновац	Краља Петра Првог бр. 175	44.441215	20.692757	objekat
Младеновац	2	ЕЛЕКТРОДИСТРИБУЦИЈА	Младеновац, Краљице Марије бр. 30	Младеновац	Краљице Марије бр. 30	44.443208	20.696419	objekat
Младеновац	3	СО МЛАДЕНОВАЦ - ХОЛ	Младеновац, Јанка Катића бр. 6	Младеновац	Јанка Катића бр. 6	44.439745	20.694563	objekat
Младеновац	4	ОПШТИНСКИ СУД - ХОЛ	Младеновац, Краља Александра Обреновића бр. 76	Младеновац	Краља Александра Обреновића бр. 76	44.439751	20.694764	objekat
Младеновац	5	ЗГРАДА БИВШЕГ СОЦИЈАЛНОГ	Младеновац, Николе Пашића бр. 27	Младеновац	Николе Пашића бр. 27	44.437958	20.699199	objekat
Младеновац	6	КАФЕ "СМОКИ"	Младеновац, Љубе Давидовића бр. 84	Младеновац	Љубе Давидовића бр. 84	44.431497	20.673057	objekat
Младеновац	7	ГРАДСКИ СТАДИОН "СЕЛТЕРС"	Младеновац, Краља Петра Првог бр. 342	Младеновац	Краља Петра Првог бр. 342	44.430083	20.687444	objekat
Младеновац	8	ОШ "КОСТА ЂУКИЋ"	Младеновац, Краља Петра Првог бр. 339	Младеновац	Краља Петра Првог бр. 339	44.425651	20.684573	objekat
Младеновац	9	ОШ "КОСТА ЂУКИЋ"	Младеновац, Краља Петра Првог бр. 339	Младеновац	Краља Петра Првог бр. 339	44.425651	20.684573	objekat
Младеновац	10	ПОЉОПРИВРЕДНА СТАНИЦА МЛАДЕНОВАЦ	Младеновац, Стојана Новаковића бр. 2	Младеновац	Стојана Новаковића бр. 2	44.450480	20.685417	objekat
Младеновац	11	ОБДАНИШТЕ	Младеновац, Спасоја Павловића бб	Младеновац	Спасоја Павловића бб	44.448825	20.687341	ulica
Младеновац	12	МЗ "ДРАПШИН"	Младеновац, Славка Манојловића 29А	Младеновац	Славка Манојловића 29А	44.448417	20.689489	objekat
Младеновац	13	ОШ "МОМЧИЛО ЖИВОЈИНОВИЋ"	Младеновац, Краља Александра Обреновића бр. 23	Младеновац	Краља Александра Обреновића бр. 23	44.443455	20.692931	objekat
Младеновац	14	ОШ "МОМЧИЛО ЖИВОЈИНОВИЋ"	Младеновац, Краља Александра Обреновића бр. 23	Младеновац	Краља Александра Обреновића бр. 23	44.443455	20.692931	objekat
Младеновац	15	ТЕХНИЧКА ШКОЛА - ГЛАВНИ ХОЛ	Младеновац, Вука Караџића бр. 75	Младеновац	Вука Караџића бр. 75	44.440142	20.701605	objekat
Младеновац	16	ТЕХНИЧКА ШКОЛА - УЛАЗ ЗА УЧЕНИКЕ	Младеновац, Вука Караџића бр. 75	Младеновац	Вука Караџића бр. 75	44.440142	20.701605	objekat
Младеновац	17	СПОРТСКИ ЦЕНТАР - ГЛАВНИ УЛАЗ	Младеновац, Вука Караџића бр. 73	Младеновац	Вука Караџића бр. 73	44.441706	20.701732	objekat
Младеновац	18	СПОРТСКИ ЦЕНТАР - УЛАЗ ИЗ УЛ. КНЕЗА ЛАЗАРА	Младеновац, Кнеза Лазара бб	Младеновац	Кнеза Лазара бб	44.442387	20.701421	ulica
Младеновац	19	ОШ "СВЕТИ САВА"	Младеновац, Космајска бр. 47	Младеновац	Космајска бр. 47	44.435190	20.696675	objekat
Младеновац	20	ОШ "СВЕТИ САВА"	Младеновац, Космајска бр. 47	Младеновац	Космајска бр. 47	44.435190	20.696675	objekat
Младеновац	21	ОШ "СВЕТИ САВА"	Младеновац, Космајска бр. 47	Младеновац	Космајска бр. 47	44.435190	20.696675	objekat
Младеновац	22	ЛОКАЛ СЛАВОЉУБА ВАСИЛИЋА	Младеновац, Космајска бр. 137А	Младеновац	Космајска бр. 137А	44.427083	20.700752	ulica
Младеновац	23	ЛОКАЛ ДЕСКЕ ЛУКИЋ	Младеновац, Смедеревски пут бр. 28	Младеновац	Смедеревски пут бр. 28	44.426029	20.705587	objekat
Младеновац	24	ОДЕЉЕЊЕ ОШ "СВЕТИ САВА"	Границе, Николе Пашића бр. 220	Границе	Николе Пашића бр. 220	44.447111	20.716546	objekat
Младеновац	25	ОДЕЉЕЊЕ ОШ "СВЕТИ САВА"	Младеновац Село, Милутина Миланковића бр. 75	Младеновац Село	Милутина Миланковића бр. 75			nije_nadjeno
Младеновац	26	ОДЕЉЕЊЕ ОШ "СВЕТИ САВА"	Младеновац Село, Милутина Миланковића бр. 75	Младеновац Село	Милутина Миланковића бр. 75			nije_nadjeno
Младеновац	27	МЕСНА ЗАЈЕДНИЦА	Рајковац, Михаила Марковића бр. 13	Рајковац	Михаила Марковића бр. 13	44.465351	20.683437	ulica
Младеновац	28	ДОМ	Међулужје, Стефана Немање бр. 119	Међулужје	Стефана Немање бр. 119	44.407689	20.688018	objekat
Младеновац	29	ЛОКАЛ РАНКА БУЈАГИЋА	Међулужје, Стефана Немање бр. 119А	Међулужје	Стефана Немање бр. 119А	44.407682	20.688331	objekat
Младеновац	30	ЗАДРУЖНИ ДОМ	Пружатовац, Пружатовачка бр. 61	Пружатовац	Пружатовачка бр. 61	44.415481	20.628480	objekat
Младеновац	31	ДОМ	Марковац, Марковачка бр. 61	Марковац	Марковачка бр. 61	44.372940	20.650143	objekat
Младеновац	32	ОСНОВНА ШКОЛА	Кораћица, Раје Степановића бр. 9	Кораћица	Раје Степановића бр. 9	44.445904	20.609389	objekat
Младеновац	33	ОСНОВНА ШКОЛА	Кораћица, Раје Степановића бр. 9	Кораћица	Раје Степановића бр. 9	44.445904	20.609389	objekat
Младеновац	34	ОШ "РЕКА"	Велика Иванча, Светосавски пут бр. 41	Велика Иванча	Светосавски пут бр. 41	44.429144	20.577375	objekat
Младеновац	35	МЗ "МАЛА ВРБИЦА"	Мала Врбица, Врбичка чесма бр. 2	Мала Врбица	Врбичка чесма бр. 2	44.466622	20.649942	objekat
Младеновац	36	ОШ "РУДНИК"	Велика Иванча, Мартовска бр. 29	Велика Иванча	Мартовска бр. 29	44.418441	20.597152	objekat
Младеновац	37	ОШ "ЛИВАДЕ"	Велика Иванча, Леска бр. 1	Велика Иванча	Леска бр. 1	44.408547	20.573999	objekat
Младеновац	38	ПРОСТОРИЈА МЗ ЈАЋНИЛО	Јагњило, Јанка Бацака бр. 164	Јагњило	Јанка Бацака бр. 164	44.375987	20.728498	naselje
Младеновац	39	ОШ "МИЛИЦА МИЛОШЕВИЋ"	Јагњило, бр. 452А	Јагњило	бр. 452А	44.377260	20.720886	objekat
Младеновац	40	ОШ "МИЛИЦА МИЛОШЕВИЋ"	Јагњило, бр. 452А	Јагњило	бр. 452А	44.377260	20.720886	objekat
Младеновац	41	ПРОСТОРИЈЕ МЗ РАБРОВАЦ	Рабровац, Српских владара бр. 47	Рабровац	Српских владара бр. 47	44.362221	20.756980	objekat
Младеновац	42	ОСНОВНА ШКОЛА	Рабровац, Црквеношколска бр. 22	Рабровац	Црквеношколска бр. 22	44.358397	20.752538	objekat
Младеновац	43	ОСНОВНА ШКОЛА У ДОЊЕМ КРАЈУ	Ковачевац, Доњошколска бб	Ковачевац	Доњошколска бб	44.423736	20.739442	ulica
Младеновац	44	ДОМ КУЛТУРЕ	Ковачевац, Трг Љубомира Ивановића Геџе бр. 8	Ковачевац	Трг Љубомира Ивановића Геџе бр. 8	44.435804	20.740198	objekat
Младеновац	45	ДОМ КУЛТУРЕ	Ковачевац, Трг Љубомира Ивановића Геџе бр. 8	Ковачевац	Трг Љубомира Ивановића Геџе бр. 8	44.435804	20.740198	objekat
Младеновац	46	ЛОКАЛ ТОМИСЛАВА ЖИВАНОВИЋА ЂЕРМИНЕ	Ковачевац, Бојина бара бр. 6	Ковачевац	Бојина бара бр. 6	44.447121	20.749942	objekat
Младеновац	47	МЕСНА ЗАЈЕДНИЦА - ЦЕНТАР	Велика Крсна, Централна бр. 3	Велика Крсна	Централна бр. 3	44.478468	20.801252	objekat
Младеновац	48	ОШ "БИСА СИМИЋ" - ЦЕНТАР	Велика Крсна, Централна бр. 13	Велика Крсна	Централна бр. 13	44.478272	20.801533	objekat
Младеновац	49	ЛОКАЛ ДРАГАНА ЈАНКОВИЋА	Велика Крсна, Давидова бр. 12	Велика Крсна	Давидова бр. 12	44.479177	20.810153	objekat
Младеновац	50	ЛОВАЧКИ ДОМ - СТЕПАЊЕ	Велика Крсна, Степањска бр. 35	Велика Крсна	Степањска бр. 35	44.487997	20.805360	objekat
Младеновац	51	ОШ "БЕЛУЋА"	Велика Крсна, Белућанска бр. 9	Велика Крсна	Белућанска бр. 9	44.486528	20.770945	ulica
Младеновац	52	ОСНОВНА ШКОЛА	Шепшин, Варовничких ратника бр. 40	Шепшин	Варовничких ратника бр. 40	44.539792	20.706008	objekat
Младеновац	53	ОСНОВНА ШКОЛА У ГОРЊОЈ ДУБОНИ	Дубона, Првомајска бр. 83	Дубона	Првомајска бр. 83	44.525401	20.742102	objekat
Младеновац	54	ОСНОВНА ШКОЛА У ГОРЊОЈ ДУБОНИ	Дубона, Првомајска бр. 83	Дубона	Првомајска бр. 83	44.525401	20.742102	objekat
Младеновац	55	ОСНОВНА ШКОЛА	Сенаја, Сенајска бр. 32	Сенаја	Сенајска бр. 32	44.546436	20.667107	objekat
Младеновац	56	ОСНОВНА ШКОЛА	Влашка, Краља Александра Првог бр. 103	Влашка	Краља Александра Првог бр. 103	44.498312	20.679188	objekat
Младеновац	57	ОСНОВНА ШКОЛА	Влашка, Краља Александра Првог бр. 103	Влашка	Краља Александра Првог бр. 103	44.498312	20.679188	objekat
Младеновац	58	ОСНОВНА ШКОЛА	Влашка, Краља Александра Првог бр. 103	Влашка	Краља Александра Првог бр. 103	44.498312	20.679188	objekat
Младеновац	59	ОСНОВНА ШКОЛА	Амерић, Вишљанска бр. 72	Амерић	Вишљанска бр. 72	44.467978	20.631411	objekat
Неготин	1	ОШ "ВЕРА РАДОСАВЉЕВИЋ" (ХОЛ ИСПРЕД ШКОЛСКЕ ТРПЕЗАРИЈЕ)	Неготин, Јована Јовановића Змаја бр.1	Неготин	Јована Јовановића Змаја бр.1	44.223946	22.535135	objekat
Неготин	2	ОШ "ВЕРА РАДОСАВЉЕВИЋ" - (ГЛАВНИ ХОЛ ШКОЛЕ)	Неготин, Јована Јовановића Змаја бр.1	Неготин	Јована Јовановића Змаја бр.1	44.223946	22.535135	objekat
Неготин	3	ДОМ ПЕНЗИОНЕРА	Неготин, Мире Винклајт бр. 2	Неготин	Мире Винклајт бр. 2	44.224981	22.532114	objekat
Неготин	4	НЕГОТИНСКА ГИМНАЗИЈА - ХОЛ У НОВОМ ДЕЛУ ЗГРАДЕ	Неготин, Хајдук Вељкова бр. 3	Неготин	Хајдук Вељкова бр. 3	44.226675	22.531938	objekat
Неготин	5	ЖЕЛЕЗНИЧКА СТАНИЦА	Неготин	Неготин		44.227120	22.530892	naselje
Неготин	6	ШАХ КЛУБ	Неготин, Хајдук Вељкова бр. 79	Неготин	Хајдук Вељкова бр. 79	44.226018	22.538603	objekat
Неготин	7	НЕГОТИНСКА ГИМНАЗИЈА - ХОЛ У СТАРОМ ДЕЛУ ЗГРАДЕ	Неготин, Хајдук Вељкова бр. 3	Неготин	Хајдук Вељкова бр. 3	44.226675	22.531938	objekat
Неготин	8	ТЕХНИЧКА ШКОЛА – ШКОЛСКА ТРПЕЗАРИЈА	Неготин, Ул. Миомира Радосављевића Пикија бр. 9	Неготин	Ул. Миомира Радосављевића Пикија бр. 9	44.233404	22.533701	objekat
Неготин	9	ПЕДАГОШКА АКАДЕМИЈА - УЧИОНИЦА БР. 3 А	Неготин, Трг Ђорђа Станојевића бр. 11	Неготин	Трг Ђорђа Станојевића бр. 11	44.228947	22.530589	objekat
Неготин	10	ТЕХНИЧКА ШКОЛА - СВЕЧАНА САЛА	Неготин, Ул. Миомира Радосављевића Пикија бр. 9	Неготин	Ул. Миомира Радосављевића Пикија бр. 9	44.233404	22.533701	objekat
Неготин	11	ДОМ ЗА ДЕЦУ И ОМЛАДИНУ "СТАНКО ПАУНОВИЋ" - ХОЛ	Неготин, Бадњевска бр. 3	Неготин	Бадњевска бр. 3	44.230863	22.526230	objekat
Неготин	12	ПЕДАГОШКА АКАДЕМИЈА - ЗБОРНИЦА БР.6	Неготин, Трг Ђорђа Станојевића бр. 11	Неготин	Трг Ђорђа Станојевића бр. 11	44.228947	22.530589	objekat
Неготин	13	ОШ "ВУК КАРАЏИЋ" - УЧИОНИЦА БР.6	Неготин, Ул. Лоле Рибара бр.1	Неготин	Ул. Лоле Рибара бр.1	44.228558	22.530176	objekat
Неготин	14	ОШ "БРАНКО РАДИЧЕВИЋ" - УЧИОНИЦА БР.10	Неготин, Интернационалних бригада бр.57	Неготин	Интернационалних бригада бр.57	44.231859	22.524420	objekat
Неготин	15	МЗ "ВЕЉКО ВЛАХОВИЋ"	Неготин, Ђуре Салаја бр. 1	Неготин	Ђуре Салаја бр. 1	44.226541	22.522512	objekat
Неготин	16	АУТО МОТО ДРУШТВО	Неготин, Дунавска бр. 1	Неготин	Дунавска бр. 1	44.225780	22.523286	objekat
Неготин	17	ИСТОРИЈСКИ АРХИВ	Неготин, Бранка Перића бр. 15	Неготин	Бранка Перића бр. 15	44.223312	22.529282	objekat
Неготин	18	АМБУЛАНТА	Браћевац	Браћевац		44.068173	22.503978	naselje
Неготин	19	МЗ БРЕСТОВАЦ - КЛУБ	Брестовац	Брестовац		44.183676	22.404690	naselje
Неготин	20	ДОМ КУЛТУРЕ	Буковче	Буковче		44.200996	22.605566	naselje
Неготин	21	ПЕНЗИОНЕРСКИ КЛУБ	Буковче	Буковче		44.200996	22.605566	naselje
Неготин	22	ДОМ КУЛТУРЕ "ЂОРЂЕ НИКОЛИЋ" - МАЛА САЛА	Буковче	Буковче		44.200996	22.605566	naselje
Неготин	23	ЧИТАОНИЦА	Вељково	Вељково		44.125112	22.597520	naselje
Неготин	24	ОСНОВНА ШКОЛА	Видровац	Видровац		44.267211	22.491192	naselje
Неготин	25	ДОМ КУЛТУРЕ	Вратна	Вратна		44.376789	22.372478	naselje
Неготин	26	КЛУБ ОМЛАДИНЕ	Дупљане	Дупљане		44.304587	22.458982	naselje
Неготин	27	ДОМ КУЛТУРЕ	Душановац	Душановац		44.293494	22.524738	naselje
Неготин	28	СТАРА ШКОЛА	Душановац	Душановац		44.293494	22.524738	naselje
Неготин	29	НОВА ШКОЛА	Душановац	Душановац		44.293494	22.524738	naselje
Неготин	30	ОСНОВНА ШКОЛА	Александровац	Александровац		44.082632	22.579834	naselje
Неготин	31	МЗ "ЈАБУКОВАЦ"	Јабуковац	Јабуковац		44.346867	22.380965	naselje
Неготин	32	ЗАДРУЖНА КАФАНА "ВЕКА"	Јабуковац	Јабуковац		44.346867	22.380965	naselje
Неготин	33	ДИСКО КЛУБ	Јабуковац	Јабуковац		44.346867	22.380965	naselje
Неготин	34	ОСНОВНА ШКОЛА	Јасеница	Јасеница		44.249565	22.436598	naselje
Неготин	35	ДОМ КУЛТУРЕ	Карбулово	Карбулово		44.221727	22.436564	naselje
Неготин	36	ДОМ КУЛТУРЕ - КИНОЛОШКО ДРУШТВО "АБРАШЕВИЋ"	Кобишница	Кобишница		44.193511	22.595131	naselje
Неготин	37	ДОМ КУЛТУРЕ - КЛУБ АКТИВНИХ МЕШТАНА	Кобишница	Кобишница		44.193511	22.595131	naselje
Неготин	38	ДОМ КУЛТУРЕ - КЛУБ ПЕНЗИОНЕРА	Кобишница	Кобишница		44.193511	22.595131	naselje
Неготин	39	ОМЛАДИНСКИ КЛУБ	Ковилово	Ковилово		44.101703	22.604842	naselje
Неготин	40	ОСНОВНА ШКОЛА	Малајница	Малајница		44.298879	22.386353	naselje
Неготин	41	ЗГРАДА "ДИДИЋИ"	Малајница	Малајница		44.298879	22.386353	naselje
Неготин	42	ДОМ КУЛТУРЕ (ПРИЗЕМЉЕ)	Мала Каменица	Мала Каменица		44.349429	22.488103	naselje
Неготин	43	ДОМ КУЛТУРЕ - КЛУБ УДРУЖЕЊА ПЕНЗИОНЕРА	Милошево	Милошево		44.259622	22.528437	naselje
Неготин	44	КЛУБ ПЕНЗИОНЕРА	Михајловац	Михајловац		44.370215	22.494240	naselje
Неготин	45	АМБУЛАНТА	Михајловац	Михајловац		44.370215	22.494240	naselje
Неготин	46	МЗ "МОКРАЊЕ"	Мокрање	Мокрање		44.156577	22.545766	naselje
Неготин	47	ОСНОВНА ШКОЛА	Плавна	Плавна		44.296796	22.260387	naselje
Неготин	48	РЕОНСКА ШКОЛА "ТУРИЈА"	Плавна	Плавна		44.296796	22.260387	naselje
Неготин	49	ДОМ КУЛТУРЕ - ЧИТАОНИЦА	Поповица	Поповица		44.228966	22.525820	ulica
Неготин	50	ДОМ КУЛТУРЕ – МОТО КЛУБ	Прахово	Прахово		44.294767	22.584009	naselje
Неготин	51	ДОМ КУЛТУРЕ - КЛУБ ПЕНЗИОНЕРА	Прахово	Прахово		44.294767	22.584009	naselje
Неготин	52	ОСНОВНА ШКОЛА	Прахово	Прахово		44.294767	22.584009	naselje
Неготин	53	НОВА ОСНОВНА ШКОЛА - УЧИОНИЦА БР. 1	Радујевац	Радујевац		44.269550	22.675447	naselje
Неготин	54	НОВА ОСНОВНА ШКОЛА - УЧИОНИЦА БР. 2	Радујевац	Радујевац		44.269550	22.675447	naselje
Неготин	55	ЗГРАДА БАРБУЛОВИЋ ДРАГАНА - ПРОД. "ЦЕНТАР ПРОМЕТ"	Радујевац	Радујевац		44.269550	22.675447	naselje
Неготин	56	ОШ ,,МОМЧИЛО РАНКОВИЋ" РАЈАЦ (ТРПЕЗАРИЈА)	Рајац	Рајац		44.094173	22.556437	naselje
Неготин	57	ДОМ КУЛТУРЕ	Речка	Речка		44.145672	22.477871	naselje
Неготин	58	ДОМ КУЛТУРЕ	Рогљево	Рогљево		44.123566	22.565596	naselje
Неготин	59	ОСНОВНА ШКОЛА	Самариновац	Самариновац		44.268738	22.555078	naselje
Неготин	60	ОСНОВНА ШКОЛА	Сиколе	Сиколе		44.175463	22.304228	naselje
Неготин	61	ОСНОВНА ШКОЛА	Слатина	Слатина		44.411853	22.454389	naselje
Неготин	62	ДОМ КУЛТУРЕ	Смедовац	Смедовац		44.122568	22.543897	naselje
Неготин	63	ДОМ КУЛТУРЕ	Србово	Србово		44.231029	22.605008	naselje
Неготин	64	ДОМ КУЛТУРЕ - ЧИТАОНИЦА	Тамнич	Тамнич		44.101576	22.507513	naselje
Неготин	65	МЗ ТРЊАНЕ - ЧИТАОНИЦА	Трњане	Трњане		44.220029	22.357497	naselje
Неготин	66	ДОМ КУЛТУРЕ	Уровица	Уровица		44.400616	22.402851	naselje
Неготин	67	АМБУЛАНТА	Уровица	Уровица		44.400616	22.402851	naselje
Неготин	68	БОРАЧКИ КЛУБ	Уровица	Уровица		44.400616	22.402851	naselje
Неготин	69	ДОМ КУЛТУРЕ "ПЕНЗИОНЕРСКИ КЛУБ"	Црномасница	Црномасница		44.065271	22.546257	naselje
Неготин	70	ДОМ КУЛТУРЕ	Чубра	Чубра		44.190878	22.467345	naselje
Неготин	71	ДОМ КУЛТУРЕ - ЧИТАОНИЦА	Шаркамен	Шаркамен		44.248515	22.352841	naselje
Неготин	72	ДОМ КУЛТУРЕ - ЧИТАОНИЦА	Штубик	Штубик		44.291072	22.352814	naselje
Ниш	1	ОШ "ДУШАН РАДОВИЋ"	Ниш, Ђердапска бр. 45	Ниш	Ђердапска бр. 45	43.319615	21.931416	objekat
Ниш	2	ОШ "ДУШАН РАДОВИЋ"	Ниш, Ђердапска бр. 45	Ниш	Ђердапска бр. 45	43.319615	21.931416	objekat
Ниш	3	ОШ "ДУШАН РАДОВИЋ"	Ниш, Ђердапска бр. 45	Ниш	Ђердапска бр. 45	43.319615	21.931416	objekat
Ниш	4	ОШ "ДУШАН РАДОВИЋ"	Ниш, Ђердапска бр. 45	Ниш	Ђердапска бр. 45	43.319615	21.931416	objekat
Ниш	5	ОШ "ДУШАН РАДОВИЋ"	Ниш, Ђердапска бр. 45	Ниш	Ђердапска бр. 45	43.319615	21.931416	objekat
Ниш	6	ОШ "ДУШАН РАДОВИЋ"	Ниш, Ђердапска бр. 45	Ниш	Ђердапска бр. 45	43.319615	21.931416	objekat
Ниш	7	УГОСТИТЕЉСКО-ТУРИСТИЧКА ШКОЛА	Ниш, Мајаковског бр. 2	Ниш	Мајаковског бр. 2	43.311613	21.933567	objekat
Ниш	8	МК "МЕДИЈАНА"	Ниш, Бранка Миљковића бр. 1	Ниш	Бранка Миљковића бр. 1	43.316060	21.928199	objekat
Ниш	9	МК "МЕДИЈАНА"	Ниш, Бранка Миљковића бр. 1	Ниш	Бранка Миљковића бр. 1	43.316060	21.928199	objekat
Ниш	10	ОШ "ДУШАН РАДОВИЋ"	Ниш, Ђердапска бр. 45	Ниш	Ђердапска бр. 45	43.319615	21.931416	objekat
Ниш	11	ОШ "ЋЕЛЕ КУЛА"	Ниш, Радних бригада бр. 28	Ниш	Радних бригада бр. 28	43.315768	21.925157	objekat
Ниш	12	ОШ "ЋЕЛЕ КУЛА"	Ниш, Радних бригада бр. 28	Ниш	Радних бригада бр. 28	43.315768	21.925157	objekat
Ниш	13	ОШ "ЋЕЛЕ КУЛА"	Ниш, Радних бригада бр. 28	Ниш	Радних бригада бр. 28	43.315768	21.925157	objekat
Ниш	14	ОШ "ЋЕЛЕ КУЛА"	Ниш, Радних бригада бр. 28	Ниш	Радних бригада бр. 28	43.315768	21.925157	objekat
Ниш	15	ОШ "ЋЕЛЕ КУЛА"	Ниш, Радних бригада бр. 28	Ниш	Радних бригада бр. 28	43.315768	21.925157	objekat
Ниш	16	ВАТРОГАСНИ ДОМ	Ниш, Војводе Мишића бр. 56	Ниш	Војводе Мишића бр. 56	43.322333	21.909277	objekat
Ниш	17	ОШ "ЦАР КОНСТАНТИН"	Ниш, Великотрнавска бр. 4	Ниш	Великотрнавска бр. 4	43.317502	21.916397	objekat
Ниш	18	ОШ "ЦАР КОНСТАНТИН"	Ниш, Великотрнавска бр. 4	Ниш	Великотрнавска бр. 4	43.317502	21.916397	objekat
Ниш	19	ОШ "СВЕТИ САВА"	Ниш, Гарсија Лорке бр. 1	Ниш	Гарсија Лорке бр. 1	43.320481	21.919690	objekat
Ниш	20	ОШ "СВЕТИ САВА"	Ниш, Гарсија Лорке бр. 1	Ниш	Гарсија Лорке бр. 1	43.320481	21.919690	objekat
Ниш	21	ОШ "СВЕТИ САВА"	Ниш, Гарсија Лорке бр. 1	Ниш	Гарсија Лорке бр. 1	43.320481	21.919690	objekat
Ниш	22	ОШ "СВЕТИ САВА"	Ниш, Гарсија Лорке бр. 1	Ниш	Гарсија Лорке бр. 1	43.320481	21.919690	objekat
Ниш	23	ОШ "СВЕТИ САВА"	Ниш, Гарсија Лорке бр. 1	Ниш	Гарсија Лорке бр. 1	43.320481	21.919690	objekat
Ниш	24	ОШ "СВЕТИ САВА"	Ниш, Гарсија Лорке бр. 1	Ниш	Гарсија Лорке бр. 1	43.320481	21.919690	objekat
Ниш	25	ОШ "ВОЖД КАРАЂОРЂЕ"	Ниш, Вожда Карађорђа бр. 29	Ниш	Вожда Карађорђа бр. 29	43.320568	21.903726	objekat
Ниш	26	ОШ "ВОЖД КАРАЂОРЂЕ"	Ниш, Вожда Карађорђа бр. 29	Ниш	Вожда Карађорђа бр. 29	43.320568	21.903726	objekat
Ниш	27	ОШ "ВОЖД КАРАЂОРЂЕ"	Ниш, Вожда Карађорђа бр. 29	Ниш	Вожда Карађорђа бр. 29	43.320568	21.903726	objekat
Ниш	28	МК "МИЈА СТАНИМИРОВИЋ"	Ниш, Рентгенова бб	Ниш	Рентгенова бб	43.318080	21.913384	ulica
Ниш	29	ОШ "ЦАР КОНСТАНТИН"	Ниш, Великотрнавска бр. 4	Ниш	Великотрнавска бр. 4	43.317502	21.916397	objekat
Ниш	30	ОШ "ЦАР КОНСТАНТИН"	Ниш, Великотрнавска бр. 4	Ниш	Великотрнавска бр. 4	43.317502	21.916397	objekat
Ниш	31	УСТАНОВА ДЕЧЈИ КУЛТУРНИ ЦЕНТАР НИШ	Ниш, Девете бригада бр. 10	Ниш	Девете бригада бр. 10	43.321130	21.895923	naselje
Ниш	32	МЕДИЦИНСКА ШКОЛА "ДР МИОДРАГ ЛАЗИЋ"	Ниш, Зетска бр. 45	Ниш	Зетска бр. 45	43.312706	21.911898	objekat
Ниш	33	ПРВА НИШКА ГИМНАЗИЈА "СТЕВАН СРЕМАЦ"	Ниш, Вожда Карађорђа бр. 27	Ниш	Вожда Карађорђа бр. 27	43.320875	21.902502	objekat
Ниш	34	ПРВА НИШКА ГИМНАЗИЈА "СТЕВАН СРЕМАЦ"	Ниш, Вожда Карађорђа бр. 27	Ниш	Вожда Карађорђа бр. 27	43.320875	21.902502	objekat
Ниш	35	ВАТРОГАСНИ ДОМ	Ниш, Војводе Мишића бр. 56	Ниш	Војводе Мишића бр. 56	43.322333	21.909277	objekat
Ниш	36	ШКОЛА МОДЕ И ЛЕПОТЕ	Ниш, Генерала Милојка Лешјанина бр. 23	Ниш	Генерала Милојка Лешјанина бр. 23	43.320120	21.893206	objekat
Ниш	37	ГРАДСКА УПРАВА ГРАДА НИША	Ниш, Николе Пашића бр. 24	Ниш	Николе Пашића бр. 24	43.318242	21.896726	objekat
Ниш	38	ОШ "ВОЖД КАРАЂОРЂЕ"	Ниш, Вожда Карађорђа бр. 29	Ниш	Вожда Карађорђа бр. 29	43.320568	21.903726	objekat
Ниш	39	ГИМНАЗИЈА "9.МАЈ"	Ниш, Јеронимова бр. 18	Ниш	Јеронимова бр. 18	43.323763	21.900730	objekat
Ниш	40	ОШ "УЧИТЕЉ ТАСА"	Ниш, Учитељ Тасина бр. 5	Ниш	Учитељ Тасина бр. 5	43.316344	21.895195	objekat
Ниш	41	МК "ЧАИР"	Ниш, Цара Душана бр. 35	Ниш	Цара Душана бр. 35	43.317409	21.896839	objekat
Ниш	42	ОШ "РАТКО ВУКИЋЕВИЋ"	Ниш, Ратка Вукићевића бр. 5	Ниш	Ратка Вукићевића бр. 5	43.315944	21.902190	objekat
Ниш	43	ОШ "РАТКО ВУКИЋЕВИЋ"	Ниш, Ратка Вукићевића бр. 5	Ниш	Ратка Вукићевића бр. 5	43.315944	21.902190	objekat
Ниш	44	ОШ "ДОСИТЕЈ ОБРАДОВИЋ"	Ниш, Краљевића Марка бр. 13	Ниш	Краљевића Марка бр. 13	43.313579	21.890554	objekat
Ниш	45	ОШ "ДОСИТЕЈ ОБРАДОВИЋ"	Ниш, Краљевића Марка бр. 13	Ниш	Краљевића Марка бр. 13	43.313579	21.890554	objekat
Ниш	46	ОШ "ДОСИТЕЈ ОБРАДОВИЋ"	Ниш, Краљевића Марка бр. 13	Ниш	Краљевића Марка бр. 13	43.313579	21.890554	objekat
Ниш	47	ОШ "РАДОЈЕ ДОМАНОВИЋ"	Ниш, Генерала Милојка Лешјанина бр. 49А	Ниш	Генерала Милојка Лешјанина бр. 49А	43.319832	21.890022	objekat
Ниш	48	ОШ "РАДОЈЕ ДОМАНОВИЋ"	Ниш, Генерала Милојка Лешјанина бр. 49А	Ниш	Генерала Милојка Лешјанина бр. 49А	43.319832	21.890022	objekat
Ниш	49	ОШ "РАДОЈЕ ДОМАНОВИЋ"	Ниш, Генерала Милојка Лешјанина бр. 49А	Ниш	Генерала Милојка Лешјанина бр. 49А	43.319832	21.890022	objekat
Ниш	50	ОШ "ДР ЗОРАН ЂИНЂИЋ"	Брзи Брод, Павла Софрића бр. 30	Брзи Брод	Павла Софрића бр. 30	43.311004	21.966567	objekat
Ниш	51	ОШ "ДР ЗОРАН ЂИНЂИЋ"	Брзи Брод, Павла Софрића бр. 30	Брзи Брод	Павла Софрића бр. 30	43.311004	21.966567	objekat
Ниш	52	ОШ "ДР ЗОРАН ЂИНЂИЋ"	Брзи Брод, Павла Софрића бр. 30	Брзи Брод	Павла Софрића бр. 30	43.311004	21.966567	objekat
Ниш	53	МАШИНСКА ШКОЛА НИШ	Ниш, Шумадијска бр. 1А	Ниш	Шумадијска бр. 1А	43.317362	21.882005	objekat
Ниш	54	МАШИНСКА ШКОЛА НИШ	Ниш, Шумадијска бр. 1А	Ниш	Шумадијска бр. 1А	43.317362	21.882005	objekat
Ниш	55	ОШ "БУБАЊСКИ ХЕРОЈИ"	Ниш, Бубањских хероја бр. 1	Ниш	Бубањских хероја бр. 1	43.312019	21.857280	ulica
Ниш	56	ОШ "БУБАЊСКИ ХЕРОЈИ"	Ниш, Бубањских хероја бр. 1	Ниш	Бубањских хероја бр. 1	43.312019	21.857280	ulica
Ниш	57	ОШ "БУБАЊСКИ ХЕРОЈИ"	Ниш, Бубањских хероја бр. 1	Ниш	Бубањских хероја бр. 1	43.312019	21.857280	ulica
Ниш	58	ОШ "БУБАЊСКИ ХЕРОЈИ"	Ниш, Бубањских хероја бр. 1	Ниш	Бубањских хероја бр. 1	43.312019	21.857280	ulica
Ниш	59	ШКОЛА ЗА ОСНОВНО И СРЕДЊЕ ОБРАЗОВАЊЕ "ЦАРИЦА ЈЕЛЕНА"	Ниш, Гоце Делчева бр. 2	Ниш	Гоце Делчева бр. 2	43.314981	21.873967	objekat
Ниш	60	ОШ "КРАЉ ПЕТАР ПРВИ"	Ниш, Војводе Путника бр. 1	Ниш	Војводе Путника бр. 1	43.315315	21.883271	objekat
Ниш	61	МК "БУБАЊ"	Ниш, Војводе Путника бр. 8	Ниш	Војводе Путника бр. 8	43.313293	21.878874	objekat
Ниш	62	ГИМНАЗИЈА "СВЕТОЗАР МАРКОВИЋ"	Ниш, Бранка Радичевића бр. 1	Ниш	Бранка Радичевића бр. 1	43.312921	21.885798	objekat
Ниш	63	ГИМНАЗИЈА "СВЕТОЗАР МАРКОВИЋ"	Ниш, Бранка Радичевића бр. 1	Ниш	Бранка Радичевића бр. 1	43.312921	21.885798	objekat
Ниш	64	ГИМНАЗИЈА "СВЕТОЗАР МАРКОВИЋ"	Ниш, Бранка Радичевића бр. 1	Ниш	Бранка Радичевића бр. 1	43.312921	21.885798	objekat
Ниш	65	ГИМНАЗИЈА "СВЕТОЗАР МАРКОВИЋ"	Ниш, Бранка Радичевића бр. 1	Ниш	Бранка Радичевића бр. 1	43.312921	21.885798	objekat
Ниш	66	ГИМНАЗИЈА "СВЕТОЗАР МАРКОВИЋ"	Ниш, Бранка Радичевића бр. 1	Ниш	Бранка Радичевића бр. 1	43.312921	21.885798	objekat
Ниш	67	МК "РАСАДНИК"	Ниш, Старца Вујадина бр. 4	Ниш	Старца Вујадина бр. 4	43.309929	21.893213	objekat
Ниш	68	ОШ "КОЛЕ РАШИЋ"	Ниш, Васе Чарапића бр. 8Б	Ниш	Васе Чарапића бр. 8Б	43.308391	21.896230	ulica
Ниш	69	ОШ "КОЛЕ РАШИЋ"	Ниш, Васе Чарапића бр. 8Б	Ниш	Васе Чарапића бр. 8Б	43.308391	21.896230	ulica
Ниш	70	ОШ "КОЛЕ РАШИЋ"	Ниш, Васе Чарапића бр. 8Б	Ниш	Васе Чарапића бр. 8Б	43.308391	21.896230	ulica
Ниш	71	НИШКИ КУЛТУРНИ ЦЕНТАР	Ниш, Станоја Бунушевца бб	Ниш	Станоја Бунушевца бб	43.310850	21.899441	objekat
Ниш	72	НИШКИ КУЛТУРНИ ЦЕНТАР	Ниш, Станоја Бунушевца бб	Ниш	Станоја Бунушевца бб	43.310850	21.899441	objekat
Ниш	73	МК "ПАЛИЛУЛА"	Ниш, Барска бб	Ниш	Барска бб	43.310248	21.899627	ulica
Ниш	74	МК "ПАЛИЛУЛА"	Ниш, Барска бб	Ниш	Барска бб	43.310248	21.899627	ulica
Ниш	75	МК "ПАЛИЛУЛА"	Ниш, Барска бб	Ниш	Барска бб	43.310248	21.899627	ulica
Ниш	76	ОШ "КОЛЕ РАШИЋ"	Ниш, Васе Чарапића бр. 8Б	Ниш	Васе Чарапића бр. 8Б	43.308391	21.896230	ulica
Ниш	77	ОШ "СРЕТЕН МЛАДЕНОВИЋ - МИКА"	Ниш, Шабачка бр. 20	Ниш	Шабачка бр. 20	43.309985	21.917551	objekat
Ниш	78	ОШ "СРЕТЕН МЛАДЕНОВИЋ - МИКА"	Ниш, Шабачка бр. 20	Ниш	Шабачка бр. 20	43.309985	21.917551	objekat
Ниш	79	ОШ "СРЕТЕН МЛАДЕНОВИЋ - МИКА"	Ниш, Шабачка бр. 20	Ниш	Шабачка бр. 20	43.309985	21.917551	objekat
Ниш	80	ОШ "БРАНКО МИЉКОВИЋ"	Ниш, Љубомира Николића бр. 3	Ниш	Љубомира Николића бр. 3	43.309255	21.927734	objekat
Ниш	81	ОШ "БРАНКО МИЉКОВИЋ"	Ниш, Љубомира Николића бр. 3	Ниш	Љубомира Николића бр. 3	43.309255	21.927734	objekat
Ниш	82	ОШ "БРАНКО МИЉКОВИЋ"	Ниш, Љубомира Николића бр. 3	Ниш	Љубомира Николића бр. 3	43.309255	21.927734	objekat
Ниш	83	ОШ "БРАНКО МИЉКОВИЋ"	Ниш, Љубомира Николића бр. 3	Ниш	Љубомира Николића бр. 3	43.309255	21.927734	objekat
Ниш	84	ОШ "БРАНКО МИЉКОВИЋ"	Ниш, Љубомира Николића бр. 3	Ниш	Љубомира Николића бр. 3	43.309255	21.927734	objekat
Ниш	85	ОШ "БРАНКО МИЉКОВИЋ"	Ниш, Љубомира Николића бр. 3	Ниш	Љубомира Николића бр. 3	43.309255	21.927734	objekat
Ниш	86	СУВИ ДО	Суви До	Суви До		43.298453	21.956376	naselje
Ниш	87	ОШ "ДЕСАНКА МАКСИМОВИЋ"	Девети Мај, Топлички партизански одред бр. 137	Девети Мај	Топлички партизански одред бр. 137	43.314857	21.811598	objekat
Ниш	88	ОШ "ДЕСАНКА МАКСИМОВИЋ"	Девети Мај, Топлички партизански одред бр. 137	Девети Мај	Топлички партизански одред бр. 137	43.314857	21.811598	objekat
Ниш	89	ОШ "ДЕСАНКА МАКСИМОВИЋ"	Девети Мај, Топлички партизански одред бр. 137	Девети Мај	Топлички партизански одред бр. 137	43.314857	21.811598	objekat
Ниш	90	ОШ "БУБАЊСКИ ХЕРОЈИ"	Ниш, Насеље Милка Протић Улица Друга бр. 2	Ниш	Насеље Милка Протић Улица Друга бр. 2	43.309579	21.854807	ulica
Ниш	91	ОШ "ДЕСАНКА МАКСИМОВИЋ"	Мрамор	Мрамор		43.311874	21.781624	naselje
Ниш	92	ОШ "ДЕСАНКА МАКСИМОВИЋ"	Мраморски Поток	Мраморски Поток		43.313125	21.743411	naselje
Ниш	93	ОШ "ДЕСАНКА МАКСИМОВИЋ"	Крушце	Крушце		43.325694	21.777036	naselje
Ниш	94	ОШ "ДЕСАНКА МАКСИМОВИЋ"	Чокот	Чокот		43.304490	21.815034	naselje
Ниш	95	ОШ "ДЕСАНКА МАКСИМОВИЋ"	Лалинац	Лалинац		43.341726	21.786296	naselje
Ниш	96	КУЋА МИХАЈЛОВИЋ СРБОЉУБА	Лалинац	Лалинац		43.341726	21.786296	naselje
Ниш	97	МК "ДОЊЕ МЕЂУРОВО"	Доње Међурово	Доње Међурово		43.297370	21.823324	naselje
Ниш	98	МК "ГОРЊЕ МЕЂУРОВО"	Горње Међурово	Горње Међурово		43.275911	21.843031	naselje
Ниш	99	ОШ "ДЕСАНКА МАКСИМОВИЋ"	Бубањ Село	Бубањ Село		43.298754	21.838800	ulica
Ниш	100	ОШ "КРАЉ ПЕТАР ПРВИ" - НОВИ ОБЈЕКАТ ШКОЛЕ	Паси Пољана, Чедомира Крстића бр. 43	Паси Пољана	Чедомира Крстића бр. 43	43.296651	21.863588	objekat
Ниш	101	ОШ "КРАЉ ПЕТАР ПРВИ" - НОВИ ОБЈЕКАТ ШКОЛЕ	Паси Пољана, Чедомира Крстића бр. 43	Паси Пољана	Чедомира Крстића бр. 43	43.296651	21.863588	objekat
Ниш	102	ОШ "БРАНКО РАДИЧЕВИЋ"	Габровац	Габровац		43.280242	21.928215	naselje
Ниш	103	ОШ "БРАНКО РАДИЧЕВИЋ"	Бербатово	Бербатово		43.257565	21.942219	naselje
Ниш	104	ДОМ КУЛТУРЕ	Вукманово	Вукманово		43.266215	21.959324	naselje
Ниш	105	ЗАДРУЖНИ ДОМ	Доње Власе	Доње Власе		43.256039	21.912717	naselje
Ниш	106	ОШ "ВУК КАРАЏИЋ"	Ниш, Београдска бр. 2	Ниш	Београдска бр. 2	43.326118	21.891103	objekat
Ниш	107	ОШ "ВУК КАРАЏИЋ"	Ниш, Београдска бр. 2	Ниш	Београдска бр. 2	43.326118	21.891103	objekat
Ниш	108	ОШ "ВУК КАРАЏИЋ"	Ниш, Београдска бр. 2	Ниш	Београдска бр. 2	43.326118	21.891103	objekat
Ниш	109	ОШ "ВУК КАРАЏИЋ"	Ниш, Београдска бр. 2	Ниш	Београдска бр. 2	43.326118	21.891103	objekat
Ниш	110	ЕТШ "НИКОЛА ТЕСЛА"	Ниш, Александра Медведева бр. 16	Ниш	Александра Медведева бр. 16	43.329947	21.890195	objekat
Ниш	111	ОШ "ИВО АНДРИЋ"	Ниш, Бранка Бјеговића бб	Ниш	Бранка Бјеговића бб	43.348653	21.895005	objekat
Ниш	112	ОШ "ИВО АНДРИЋ"	Ниш, Бранка Бјеговића бб	Ниш	Бранка Бјеговића бб	43.348653	21.895005	objekat
Ниш	113	ОШ "ИВО АНДРИЋ"	Ниш, Бранка Бјеговића бб	Ниш	Бранка Бјеговића бб	43.348653	21.895005	objekat
Ниш	114	МК "БРАНКО БЈЕГОВИЋ" - САЛА 1	Ниш, Прибојска бр. 59	Ниш	Прибојска бр. 59	43.348523	21.885336	objekat
Ниш	115	МК "БРАНКО БЈЕГОВИЋ" - САЛА 2	Ниш, Прибојска бр. 59	Ниш	Прибојска бр. 59	43.348523	21.885336	objekat
Ниш	116	ОШ "ИВО АНДРИЋ" ИЗДВОЈЕНО ОДЕЉЕЊЕ БРАНКО БЈЕГОВИЋ	Ниш, Прибојска бб	Ниш	Прибојска бб	43.347117	21.882932	ulica
Ниш	117	МК "ДОЊИ КОМРЕН"	Доњи Комрен	Доњи Комрен		43.348724	21.879190	naselje
Ниш	118	ОШ "МИЛАН РАКИЋ"	Медошевац, Димитрија Туцовића бр. 60	Медошевац	Димитрија Туцовића бр. 60	43.329374	21.860932	objekat
Ниш	119	ОШ "МИЛАН РАКИЋ"	Медошевац, Димитрија Туцовића бр. 60	Медошевац	Димитрија Туцовића бр. 60	43.329374	21.860932	objekat
Ниш	120	МК "ПОПОВАЦ"	Поповац	Поповац		43.333824	21.835700	objekat
Ниш	121	МК "ПОПОВАЦ"	Поповац	Поповац		43.333824	21.835700	objekat
Ниш	122	ОШ "ВОЈИСЛАВ ИЛИЋ МЛАЂИ"	Хум	Хум		43.374834	21.899851	naselje
Ниш	123	ДОМ КУЛТУРЕ	Горњи Комрен	Горњи Комрен		43.354769	21.892620	naselje
Ниш	124	ДОМ КУЛТУРЕ	Рујник	Рујник		43.391100	21.882438	naselje
Ниш	125	ОШ "ВОЈИСЛАВ ИЛИЋ МЛАЂИ"	Лесковик	Лесковик		43.404815	21.898834	naselje
Ниш	126	ДОМ КУЛТУРЕ	Кравље	Кравље		43.456946	21.908655	naselje
Ниш	127	ЗАДРУЖНИ ДОМ	Палиграце	Палиграце		43.463710	21.858924	naselje
Ниш	128	ДОМ КУЛТУРЕ	Веле Поље	Веле Поље		43.446241	21.847493	naselje
Ниш	129	МК "МИЉКОВАЦ"	Миљковац	Миљковац		43.429935	21.858594	naselje
Ниш	130	ОШ "ЛЕЛА ПОПОВИЋ"	Паљина	Паљина		43.413556	21.837411	naselje
Ниш	131	ДОМ КУЛТУРЕ	Берчинац	Берчинац		43.408116	21.820601	naselje
Ниш	132	ДОМ КУЛТУРЕ	Горња Трнава	Горња Трнава		43.430256	21.822120	naselje
Ниш	133	ОШ "БРАНИСЛАВ НУШИЋ"	Доња Трнава	Доња Трнава		43.422407	21.780088	naselje
Ниш	134	ДОМ КУЛТУРЕ	Доња Топоница	Доња Топоница		43.412666	21.786767	naselje
Ниш	135	ОШ "БРАНИСЛАВ НУШИЋ"	Мезграја	Мезграја		43.393956	21.783623	naselje
Ниш	136	ДОМ КУЛТУРЕ	Горња Топоница	Горња Топоница		43.401436	21.807955	naselje
Ниш	137	ОШ "ИВО АНДРИЋ"	Чамурлија	Чамурлија		43.365490	21.847389	naselje
Ниш	138	ОШ "БРАНИСЛАВ НУШИЋ"	Сечаница	Сечаница		43.374133	21.750085	naselje
Ниш	139	ОШ "БРАНИСЛАВ НУШИЋ"	Суповац	Суповац		43.389562	21.760756	naselje
Ниш	140	ОШ "ПРВИ МАЈ"	Трупале, Водника Дејана Митића бр. 4	Трупале	Водника Дејана Митића бр. 4	43.353497	21.809230	objekat
Ниш	141	ОШ "ПРВИ МАЈ"	Вртиште	Вртиште		43.371719	21.805201	naselje
Ниш	142	ОШ "МИРОСЛАВ АНТИЋ"	Ниш, Књажевачка бр. 156	Ниш	Књажевачка бр. 156	43.328591	21.936301	objekat
Ниш	143	ОШ "МИРОСЛАВ АНТИЋ"	Ниш, Књажевачка бр. 156	Ниш	Књажевачка бр. 156	43.328591	21.936301	objekat
Ниш	144	МК "МОША ПИЈАДЕ"	Ниш, Књажевачка бр. 120А	Ниш	Књажевачка бр. 120А	43.329354	21.930661	objekat
Ниш	145	ОШ "МИРОСЛАВ АНТИЋ"	Ниш, Књажевачка бр. 156	Ниш	Књажевачка бр. 156	43.328591	21.936301	objekat
Ниш	146	ОШ "ЧЕГАР"	Ниш, Школска бр. бб	Ниш	Школска бр. бб	43.332779	21.928704	objekat
Ниш	147	ОШ "ЧЕГАР"	Ниш, Школска бр. бб	Ниш	Школска бр. бб	43.332779	21.928704	objekat
Ниш	148	ОШ "ЧЕГАР"	Ниш, Школска бр. бб	Ниш	Школска бр. бб	43.332779	21.928704	objekat
Ниш	149	ОШ "ЧЕГАР"	Ниш, Школска бр. бб	Ниш	Школска бр. бб	43.332779	21.928704	objekat
Ниш	150	ОШ "ЧЕГАР"	Ниш, Школска бр. бб	Ниш	Школска бр. бб	43.332779	21.928704	objekat
Ниш	151	ОШ "ЧЕГАР"	Ниш, Школска бр. бб	Ниш	Школска бр. бб	43.332779	21.928704	objekat
Ниш	152	ОШ "ЧЕГАР"	Ниш, Школска бр. бб	Ниш	Школска бр. бб	43.332779	21.928704	objekat
Ниш	153	ОШ "ЊЕГОШ"	Ниш, Пантелејска бр. 60	Ниш	Пантелејска бр. 60	43.328715	21.908714	ulica
Ниш	154	ОШ "ЊЕГОШ"	Ниш, Пантелејска бр. 60	Ниш	Пантелејска бр. 60	43.328715	21.908714	ulica
Ниш	155	ОШ "ЊЕГОШ"	Ниш, Пантелејска бр. 60	Ниш	Пантелејска бр. 60	43.328715	21.908714	ulica
Ниш	156	ОШ "ЊЕГОШ"	Ниш, Пантелејска бр. 60	Ниш	Пантелејска бр. 60	43.328715	21.908714	ulica
Ниш	157	ОШ "СТЕФАН НЕМАЊА"	Ниш, Косовке девојке бб	Ниш	Косовке девојке бб	43.331010	21.907746	ulica
Ниш	158	ОШ "СТЕФАН НЕМАЊА"	Ниш, Косовке девојке бб	Ниш	Косовке девојке бб	43.331010	21.907746	ulica
Ниш	159	ОШ "СТЕФАН НЕМАЊА"	Ниш, Косовке девојке бб	Ниш	Косовке девојке бб	43.331010	21.907746	ulica
Ниш	160	ОШ "СТЕФАН НЕМАЊА"	Ниш, Косовке девојке бб	Ниш	Косовке девојке бб	43.331010	21.907746	ulica
Ниш	161	ОШ "СТЕФАН НЕМАЊА"	Ниш, Косовке девојке бб	Ниш	Косовке девојке бб	43.331010	21.907746	ulica
Ниш	162	ОШ "СТЕФАН НЕМАЊА"	Ниш, Косовке девојке бб	Ниш	Косовке девојке бб	43.331010	21.907746	ulica
Ниш	163	ОШ "СТЕФАН НЕМАЊА"	Ниш, Косовке девојке бб	Ниш	Косовке девојке бб	43.331010	21.907746	ulica
Ниш	164	ВРТИЋ "ВИЛИН ГРАД"	Доња Врежина, Ђорђа Стаменковића 28	Доња Врежина	Ђорђа Стаменковића 28	43.333757	21.941673	objekat
Ниш	165	МК "ДОЊА ВРЕЖИНА"	Доња Врежина, Осмог конгреса бр. 1А	Доња Врежина	Осмог конгреса бр. 1А	43.328109	21.948682	naselje
Ниш	166	МК "ДОЊА ВРЕЖИНА"	Доња Врежина, Осмог конгреса бр. 1А	Доња Врежина	Осмог конгреса бр. 1А	43.328109	21.948682	naselje
Ниш	167	ОШ "МИРОСЛАВ АНТИЋ"	Доња Врежина	Доња Врежина		43.328109	21.948682	naselje
Ниш	168	ОШ "МИРОСЛАВ АНТИЋ"	Доња Врежина	Доња Врежина		43.328109	21.948682	naselje
Ниш	169	ЗАДРУЖНИ ДОМ	Горња Врежина	Горња Врежина		43.328214	21.995530	naselje
Ниш	170	ОШ "КАРАЂОРЂЕ"	Горњи Матејевац, Просветна бр. 1	Горњи Матејевац	Просветна бр. 1	43.365110	21.967723	objekat
Ниш	171	ОШ "КАРАЂОРЂЕ"	Горњи Матејевац, Просветна бр. 1	Горњи Матејевац	Просветна бр. 1	43.365110	21.967723	objekat
Ниш	172	ОШ "ЈОВАН ЈОВАНОВИЋ ЗМАЈ"	Малча	Малча		43.332632	22.028554	naselje
Ниш	173	ДОМ КУЛТУРЕ	Пасјача	Пасјача		43.357098	22.063380	naselje
Ниш	174	МК "ОРЕОВАЦ"	Ореовац	Ореовац		43.368033	22.069753	naselje
Ниш	175	ОШ "ЈОВАН ЈОВАНОВИЋ ЗМАЈ"	Јасеновик	Јасеновик		43.363708	22.029912	naselje
Ниш	176	ОШ "ЈОВАН ЈОВАНОВИЋ ЗМАЈ"	Врело	Врело		43.375685	22.044793	naselje
Ниш	177	ВАТРОГАСНИ ДОМ	Каменица	Каменица		43.376095	21.942109	naselje
Ниш	178	ЗАДРУЖНИ ДОМ	Бреница	Бреница		43.382015	21.927952	naselje
Ниш	179	ОШ "КАРАЂОРЂЕ"	Доњи Матејевац	Доњи Матејевац		43.362047	21.950972	naselje
Ниш	180	ОШ "КАРАЂОРЂЕ"	Кнез Село	Кнез Село		43.366720	22.000348	naselje
Ниш	181	ДОМ КУЛТУРЕ	Церје	Церје		43.428928	21.912159	naselje
Ниш	182	ОШ "ИВАН ГОРАН КОВАЧИЋ"	Нишка Бања, Ивана Горана Ковачића бр. 14	Нишка Бања	Ивана Горана Ковачића бр. 14	43.295691	22.004985	objekat
Ниш	183	ОШ "ИВАН ГОРАН КОВАЧИЋ"	Нишка Бања, Ивана Горана Ковачића бр. 14	Нишка Бања	Ивана Горана Ковачића бр. 14	43.295691	22.004985	objekat
Ниш	184	ОШ "ИВАН ГОРАН КОВАЧИЋ"	Нишка Бања, Ивана Горана Ковачића бр. 14	Нишка Бања	Ивана Горана Ковачића бр. 14	43.295691	22.004985	objekat
Ниш	185	ДОМ КУЛТУРЕ	Прва Кутина	Прва Кутина		43.280158	21.989277	naselje
Ниш	186	ДОМ КУЛТУРЕ	Лазарево Село	Лазарево Село		43.264318	21.993650	naselje
Ниш	187	ОШ "ИВАН ГОРАН КОВАЧИЋ"	Никола Тесла	Никола Тесла		43.305516	21.951594	objekat
Ниш	188	ОШ "ИВАН ГОРАН КОВАЧИЋ"	Никола Тесла	Никола Тесла		43.305516	21.951594	objekat
Ниш	189	ОШ "ИВАН ГОРАН КОВАЧИЋ"	Никола Тесла	Никола Тесла		43.305516	21.951594	objekat
Ниш	190	ОШ "НАДЕЖДА ПЕТРОВИЋ"	Сићево	Сићево		43.341124	22.084337	naselje
Ниш	191	ДОМ КУЛТУРЕ	Просек	Просек		43.312704	22.050635	naselje
Ниш	192	ОШ "НАДЕЖДА ПЕТРОВИЋ"	Островица	Островица		43.313553	22.124567	naselje
Ниш	193	ОШ "ЂУРА ЈАКШИЋ"	Банцарево	Банцарево		43.271502	22.114383	naselje
Ниш	194	МК "ЈЕЛАШНИЦА"	Јелашница	Јелашница		43.293694	22.057189	naselje
Ниш	195	ОШ "ЂУРА ЈАКШИЋ"	Чукљеник	Чукљеник		43.272911	22.073607	naselje
Ниш	196	МК "ДОЊА СТУДЕНА"	Доња Студена	Доња Студена		43.260908	22.088567	naselje
Ниш	197	ДОМ КУЛТУРЕ	Горња Студена	Горња Студена		43.254512	22.097766	naselje
Нова Варош	1	ОСНОВНА ШКОЛА	БОЖЕТИЋИ, БОЖЕТИЋИ	БОЖЕТИЋИ	БОЖЕТИЋИ	43.469511	19.974732	objekat
Нова Варош	2	ОСНОВНА ШКОЛА	БУКОВИК, БУКОВИК	БУКОВИК	БУКОВИК	43.414766	19.980015	naselje
Нова Варош	3	ОСНОВНА ШКОЛА	ЉЕПОЈЕВИЋИ, ЉЕПОЈЕВИЋИ	ЉЕПОЈЕВИЋИ	ЉЕПОЈЕВИЋИ	43.444283	20.001456	naselje
Нова Варош	4	ОСНОВНА ШКОЛА	ШТИТКОВО, ШТИТКОВО	ШТИТКОВО	ШТИТКОВО	43.481220	19.988315	naselje
Нова Варош	5	ОСНОВНА ШКОЛА	БОЖЕТИЋИ, БОЖЕТИЋИ	БОЖЕТИЋИ	БОЖЕТИЋИ	43.469511	19.974732	objekat
Нова Варош	6	ОСНОВНА ШКОЛА	ОЈКОВИЦА, ОЈКОВИЦА	ОЈКОВИЦА	ОЈКОВИЦА	43.528657	19.892787	naselje
Нова Варош	7	ПРОДАВНИЦА	ТРУДОВО, ТРУДОВО	ТРУДОВО	ТРУДОВО	43.511865	19.938061	naselje
Нова Варош	8	ОСНОВНА ШКОЛА	ЈАСЕНОВО, ЈАСЕНОВО	ЈАСЕНОВО	ЈАСЕНОВО	44.158086	21.315385	ulica
Нова Варош	9	ОСНОВНА ШКОЛА	КУЋАНИ, КУЋАНИ	КУЋАНИ	КУЋАНИ	43.546005	19.852384	naselje
Нова Варош	10	ОСНОВНА ШКОЛА	ГОРЊА БЕЛА РЕКА, ГОРЊА БЕЛА РЕКА	ГОРЊА БЕЛА РЕКА	ГОРЊА БЕЛА РЕКА	43.781097	22.203074	ulica
Нова Варош	11	ОСНОВНА ШКОЛА	ДОЊА БЕЛА РЕКА, ДОЊА БЕЛА РЕКА	ДОЊА БЕЛА РЕКА	ДОЊА БЕЛА РЕКА	44.071112	22.205438	ulica
Нова Варош	12	ОСНОВНА ШКОЛА	ДРАГЛИЦА, ДРАГЛИЦА	ДРАГЛИЦА	ДРАГЛИЦА	43.592887	19.747410	naselje
Нова Варош	13	ЗГРАДА АМБУЛАНТЕ ТАВНИК	СЕНИШТА, СЕНИШТА	СЕНИШТА	СЕНИШТА	43.542916	19.750857	naselje
Нова Варош	14	ОСНОВНА ШКОЛА	НЕГБИНА, НЕГБИНА	НЕГБИНА	НЕГБИНА	43.542158	19.788781	naselje
Нова Варош	15	ЗАДРУЖНИ ДОМ	БУРАЂА, БУРАЂА	БУРАЂА	БУРАЂА	43.518625	19.827622	naselje
Нова Варош	16	ОСНОВНА ШКОЛА	РАДОИЊА, РАДОИЊА	РАДОИЊА	РАДОИЊА	43.512644	19.750820	ulica
Нова Варош	17	ОСНОВНА ШКОЛА	РУТОШИ, РУТОШИ	РУТОШИ	РУТОШИ	43.518224	19.694895	naselje
Нова Варош	18	ОСНОВНА ШКОЛА	БИСТРИЦА, БИСТРИЦА	БИСТРИЦА	БИСТРИЦА	43.469515	19.655698	ulica
Нова Варош	19	ОСНОВНА ШКОЛА	БИСТРИЦА, БИСТРИЦА	БИСТРИЦА	БИСТРИЦА	43.469515	19.655698	ulica
Нова Варош	20	ОСНОВНА ШКОЛА	ДРАЖЕВИЋИ, ДРАЖЕВИЋИ	ДРАЖЕВИЋИ	ДРАЖЕВИЋИ	43.462691	19.774160	naselje
Нова Варош	21	СПОРТСКИ ОБЈЕКАТ "БАЛОН ХАЛА"	БРДО, БРДО	БРДО	БРДО	44.426991	21.945363	objekat
Нова Варош	22	ОСНОВНА ШКОЛА У КОКИНОМ БРОДУ	ВРАНЕША, ВРАНЕША	ВРАНЕША	ВРАНЕША	43.511900	19.782318	objekat
Нова Варош	23	ОСНОВНА ШКОЛА	АКМАЧИЋИ, АКМАЧИЋИ	АКМАЧИЋИ	АКМАЧИЋИ	43.425524	19.877513	naselje
Нова Варош	24	ОСНОВНА ШКОЛА	АКМАЧИЋИ, АКМАЧИЋИ	АКМАЧИЋИ	АКМАЧИЋИ	43.425524	19.877513	naselje
Нова Варош	25	ОСНОВНА ШКОЛА	РАДИЈЕВИЋИ, РАДИЈЕВИЋИ	РАДИЈЕВИЋИ	РАДИЈЕВИЋИ	43.397783	19.876857	objekat
Нова Варош	26	ОСНОВНА ШКОЛА	ДРМАНОВИЋИ, ДРМАНОВИЋИ	ДРМАНОВИЋИ	ДРМАНОВИЋИ	43.415109	19.842617	naselje
Нова Варош	27	КУЋА ПЕТРА ЧОЛОВИЋА	МИШЕВИЋИ, МИШЕВИЋИ	МИШЕВИЋИ	МИШЕВИЋИ	43.364584	19.893124	naselje
Нова Варош	28	ОСНОВНА ШКОЛА	АМЗИЋИ, АМЗИЋИ	АМЗИЋИ	АМЗИЋИ	43.496118	19.843998	naselje
Нова Варош	29	ОСНОВНА ШКОЛА	ВИЛОВИ, ВИЛОВИ	ВИЛОВИ	ВИЛОВИ	43.453641	19.863938	objekat
Нова Варош	30	ЗГРАДА ЗАВОДА ЗДРАВСТВЕНЕ ЗАШТИТЕ	НОВА ВАРОШ, СЛОБОДАНА НИКАЧЕВИЋА БР. 8	НОВА ВАРОШ	СЛОБОДАНА НИКАЧЕВИЋА БР. 8	43.459936	19.800225	objekat
Нова Варош	31	СТАРА ОСНОВНА ШКОЛА	НОВА ВАРОШ, ХАЈРА БЕРБОВИЋА БР. 2	НОВА ВАРОШ	ХАЈРА БЕРБОВИЋА БР. 2	43.461163	19.810882	objekat
Нова Варош	32	ЗГРАДА СКУПШТИНЕ ОПШТИНЕ-УСЛУЖНИ ЦЕНТАР	НОВА ВАРОШ, КАРАЂОРЂЕВА БР. 32	НОВА ВАРОШ	КАРАЂОРЂЕВА БР. 32	43.460556	19.811723	objekat
Нова Варош	33	ЗГРАДА ШУМСКЕ СЕКЦИЈЕ	НОВА ВАРОШ, СВЕТОГ САВЕ БР. 66	НОВА ВАРОШ	СВЕТОГ САВЕ БР. 66	43.459328	19.809561	objekat
Нова Варош	34	УПРАВНА ЗГРАДА ЈП "З. СЕПТЕМБАР" (КОМУНАЛНО)	НОВА ВАРОШ, ШАНАЦ БР. 2	НОВА ВАРОШ	ШАНАЦ БР. 2	43.455891	19.821978	objekat
Нова Варош	35	ЗГРАДА "ЕЛЕКТРОДИСТРИБУЦИЈЕ"	НОВА ВАРОШ, КАРАЂОРЂЕВА БР. 114	НОВА ВАРОШ	КАРАЂОРЂЕВА БР. 114	43.460180	19.805650	objekat
Нова Варош	36	ЗГРАДА НЕКАДАШЊЕ ПРОДАВНИЦЕ „ИНЕКС"	НОВА ВАРОШ, СВЕТОГ САВЕ БР. 16	НОВА ВАРОШ	СВЕТОГ САВЕ БР. 16	43.460331	19.813866	objekat
Нова Варош	37	ДОМ КУЛТУРЕ	НОВА ВАРОШ, ПЕТРА БОЈОВИЋА БР. 5	НОВА ВАРОШ	ПЕТРА БОЈОВИЋА БР. 5	43.460649	19.815274	objekat
Нова Варош	38	ДЕЧЈИ ВРТИЋ "ПАША И НАТАША"	НОВА ВАРОШ, СОЛУНСКА БР. 1	НОВА ВАРОШ	СОЛУНСКА БР. 1	43.537597	19.835151	objekat
Нова Варош	39	ПУТАРСКА КУЋА	НОВА ВАРОШ, МАГИСТРАЛНИ ПУТ БР. 14	НОВА ВАРОШ	МАГИСТРАЛНИ ПУТ БР. 14	43.460227	19.828413	objekat
Нова Црња	1	ДОМ КУЛТУРЕ	АЛЕКСАНДРОВО, НИКОЛЕ ТЕСЛЕ БР. 22	АЛЕКСАНДРОВО	НИКОЛЕ ТЕСЛЕ БР. 22	45.637640	20.587916	objekat
Нова Црња	2	ДОМ КУЛТУРЕ	АЛЕКСАНДРОВО, НИКОЛЕ ТЕСЛЕ БР. 22	АЛЕКСАНДРОВО	НИКОЛЕ ТЕСЛЕ БР. 22	45.637640	20.587916	objekat
Нова Црња	3	ДОМ КУЛТУРЕ	АЛЕКСАНДРОВО, НИКОЛЕ ТЕСЛЕ БР. 22	АЛЕКСАНДРОВО	НИКОЛЕ ТЕСЛЕ БР. 22	45.637640	20.587916	objekat
Нова Црња	4	МЕСНА ЗАЈЕДНИЦА АЛЕКСАНДРОВО	АЛЕКСАНДРОВО, НИКОЛЕ ТЕСЛЕ БР. 22	АЛЕКСАНДРОВО	НИКОЛЕ ТЕСЛЕ БР. 22	45.637640	20.587916	objekat
Нова Црња	5	МЕСНА ЗАЈЕДНИЦА АЛЕКСАНДРОВО	АЛЕКСАНДРОВО, НИКОЛЕ ТЕСЛЕ БР. 22	АЛЕКСАНДРОВО	НИКОЛЕ ТЕСЛЕ БР. 22	45.637640	20.587916	objekat
Нова Црња	6	ОШ "ПЕТЕФИ ШАНДОР"	ТОБА, КОШУТ ЛАЈОША ББ	ТОБА	КОШУТ ЛАЈОША ББ	45.688325	20.557548	ulica
Нова Црња	7	ОШ "ПЕТЕФИ ШАНДОР"	НОВА ЦРЊА, ЈНА БР. 115	НОВА ЦРЊА	ЈНА БР. 115	45.668688	20.605383	objekat
Нова Црња	8	ОШ "ПЕТЕФИ ШАНДОР"	НОВА ЦРЊА, ЈНА БР. 115	НОВА ЦРЊА	ЈНА БР. 115	45.668688	20.605383	objekat
Нова Црња	9	ОШ "ПЕТЕФИ ШАНДОР"	НОВА ЦРЊА, ЈНА БР. 115	НОВА ЦРЊА	ЈНА БР. 115	45.668688	20.605383	objekat
Нова Црња	10	ОШ "ПЕТЕФИ ШАНДОР"	НОВА ЦРЊА, ЈНА БР. 115	НОВА ЦРЊА	ЈНА БР. 115	45.668688	20.605383	objekat
Нова Црња	11	МЕСНА ЗАЈЕДНИЦА ПЕТЕФИ	ВОЈВОДА СТЕПА, ЈНА БР. 2	ВОЈВОДА СТЕПА	ЈНА БР. 2	45.685099	20.648134	objekat
Нова Црња	12	ОШ "4. ОКТОБАР"	ВОЈВОДА СТЕПА, ЈНА БР. 2	ВОЈВОДА СТЕПА	ЈНА БР. 2	45.685099	20.648134	objekat
Нова Црња	13	ОШ "4. ОКТОБАР"	ВОЈВОДА СТЕПА, ЈНА БР. 2	ВОЈВОДА СТЕПА	ЈНА БР. 2	45.685099	20.648134	objekat
Нова Црња	14	ЗАБАВИШТЕ	СРПСКА ЦРЊА, КРАЉА АЛЕКСАНДРА (БОРИСА КИДРИЧА) БР. 60	СРПСКА ЦРЊА	КРАЉА АЛЕКСАНДРА (БОРИСА КИДРИЧА) БР. 60	45.723010	20.693486	objekat
Нова Црња	15	ОШ "ЂУРА ЈАКШИЋ"	СРПСКА ЦРЊА, КРАЉА АЛЕКСАНДРА (БОРИСА КИДРИЧА) БР. 65	СРПСКА ЦРЊА	КРАЉА АЛЕКСАНДРА (БОРИСА КИДРИЧА) БР. 65	45.726247	20.691266	naselje
Нова Црња	16	НАРОДНА БИБЛИОТЕКА "ЂУРА ЈАКШИЋ"	СРПСКА ЦРЊА, КРАЉА АЛЕКСАНДРА (БОРИСА КИДРИЧА) БР. 60	СРПСКА ЦРЊА	КРАЉА АЛЕКСАНДРА (БОРИСА КИДРИЧА) БР. 60	45.726247	20.691266	naselje
Нова Црња	17	МЕСНА ЗАЈЕДНИЦА СРПСКА ЦРЊА	СРПСКА ЦРЊА, КРАЉА АЛЕКСАНДРА (БОРИСА КИДРИЧА) БР. 60	СРПСКА ЦРЊА	КРАЉА АЛЕКСАНДРА (БОРИСА КИДРИЧА) БР. 60	45.725295	20.694487	objekat
Нова Црња	18	ОШ "ЂУРА ЈАКШИЋ"	СРПСКА ЦРЊА, КРАЉА АЛЕКСАНДРА (БОРИСА КИДРИЧА) БР. 60	СРПСКА ЦРЊА	КРАЉА АЛЕКСАНДРА (БОРИСА КИДРИЧА) БР. 60	45.726247	20.691266	naselje
Нова Црња	19	Млин "БУДУЋНОСТ"	СРПСКА ЦРЊА, ПАРТИЗАНСКА ББ	СРПСКА ЦРЊА	ПАРТИЗАНСКА ББ	45.721859	20.683686	objekat
Нова Црња	20	ДОБРОВОЉАЧКИ ВАТРОГАСНИ ДОМ	СРПСКА ЦРЊА, ПАРТИЗАНСКА БР. 54	СРПСКА ЦРЊА	ПАРТИЗАНСКА БР. 54	45.726706	20.688788	objekat
Нова Црња	21	СЕРВИСНА РАДИОНИЦА АД "ЛИПА"	СРПСКА ЦРЊА, ПАРТИЗАНСКА ББ	СРПСКА ЦРЊА	ПАРТИЗАНСКА ББ	45.726161	20.688583	ulica
Нова Црња	22	ОШ "СТАНКО КРСТИН"	СРПСКА ЦРЊА, БЕОГРАДСКА ББ	СРПСКА ЦРЊА	БЕОГРАДСКА ББ	45.726247	20.691266	naselje
Нова Црња	23	ОШ "СТАНКО КРСТИН"	РАДОЈЕВО, КАРАЂОРЂЕВА ББ	РАДОЈЕВО	КАРАЂОРЂЕВА ББ	45.744610	20.788541	ulica
Нова Црња	24	ОШ "СТАНКО КРСТИН"	РАДОЈЕВО, КАРАЂОРЂЕВА ББ	РАДОЈЕВО	КАРАЂОРЂЕВА ББ	45.744610	20.788541	ulica
Нова Црња	25	ОШ "СТАНКО КРСТИН"	РАДОЈЕВО, КАРАЂОРЂЕВА ББ	РАДОЈЕВО	КАРАЂОРЂЕВА ББ	45.744610	20.788541	ulica
Нови Београд	1	ЈВП СРБИЈА ВОДЕ ВПЦ "САВАДУНАВ"	Нови Београд, БРОДАРСКА БР. 3	Нови Београд	БРОДАРСКА БР. 3	44.810640	20.444062	objekat
Нови Београд	2	ЈВП СРБИЈА ВОДЕ ВПЦ "САВАДУНАВ"	Нови Београд, БРОДАРСКА БР. З	Нови Београд	БРОДАРСКА БР. З	44.811513	20.438497	ulica
Нови Београд	3	ОШ "ЈОВАН ДУЧИЋ"	Нови Београд, МИЛЕНТИЈА ПОПОВИЋА БР. 16	Нови Београд	МИЛЕНТИЈА ПОПОВИЋА БР. 16	44.810681	20.430105	objekat
Нови Београд	4	ДЕСЕТА ГИМНАЗИЈА "МИХАЈЛО ПУПИН"	Нови Београд, АНТИФАШИСТИЧКЕ БОРБЕ БР. 1А	Нови Београд	АНТИФАШИСТИЧКЕ БОРБЕ БР. 1А	44.816103	20.427729	objekat
Нови Београд	5	МЗ "УШЋЕ"	Нови Београд, БУЛЕВАР ЗОРАНА ЂИНЂИЋА БР. 44	Нови Београд	БУЛЕВАР ЗОРАНА ЂИНЂИЋА БР. 44	44.814238	20.427509	objekat
Нови Београд	6	ОШ "ЈОВАН ДУЧИЋ"	Нови Београд, МИЛЕНТИЈА ПОПОВИЋА БР. 16	Нови Београд	МИЛЕНТИЈА ПОПОВИЋА БР. 16	44.810681	20.430105	objekat
Нови Београд	7	ДВ "ЗЕКА"	Нови Београд, БУЛЕВАР ЗОРАНА ЂИНЂИЋА БР. 55	Нови Београд	БУЛЕВАР ЗОРАНА ЂИНЂИЋА БР. 55	44.811221	20.428772	objekat
Нови Београд	8	ДВ "ЗЕКА"	Нови Београд, БУЛЕВАР ЗОРАНА ЂИНЂИЋА БР. 55	Нови Београд	БУЛЕВАР ЗОРАНА ЂИНЂИЋА БР. 55	44.811221	20.428772	objekat
Нови Београд	9	ОШ "ЛАЗА КОСТИЋ"	Нови Београд, МИЛЕНТИЈА ПОПОВИЋА БР. 72	Нови Београд	МИЛЕНТИЈА ПОПОВИЋА БР. 72	44.808195	20.424591	objekat
Нови Београд	10	ОШ "ЛАЗА КОСТИЋ"	Нови Београд, МИЛЕНТИЈА ПОПОВИЋА БР. 72	Нови Београд	МИЛЕНТИЈА ПОПОВИЋА БР. 72	44.808195	20.424591	objekat
Нови Београд	11	ОШ "ЛАЗА КОСТИЋ"	Нови Београд, МИЛЕНТИЈА ПОПОВИЋА БР. 72	Нови Београд	МИЛЕНТИЈА ПОПОВИЋА БР. 72	44.808195	20.424591	objekat
Нови Београд	12	ОШ "ЛАЗА КОСТИЋ"	Нови Београд, МИЛЕНТИЈА ПОПОВИЋА БР. 72	Нови Београд	МИЛЕНТИЈА ПОПОВИЋА БР. 72	44.808195	20.424591	objekat
Нови Београд	13	ОШ "ЛАЗА КОСТИЋ"	Нови Београд, МИЛЕНТИЈА ПОПОВИЋА БР. 72	Нови Београд	МИЛЕНТИЈА ПОПОВИЋА БР. 72	44.808195	20.424591	objekat
Нови Београд	14	МЗ "ГАЗЕЛА"	Нови Београд, МИЛУТИНА МИЛАНКОВИЋА БР. 34	Нови Београд	МИЛУТИНА МИЛАНКОВИЋА БР. 34	44.807116	20.424746	objekat
Нови Београд	15	ДВ "ПЧЕЛИЦА" - ХОЛ	Нови Београд, АНТИФАШИСТИЧКЕ БОРБЕ БР. 75	Нови Београд	АНТИФАШИСТИЧКЕ БОРБЕ БР. 75	44.808658	20.422806	objekat
Нови Београд	16	МЗ "ГАЗЕЛА"	Нови Београд, МИЛУТИНА МИЛАНКОВИЋА БР. 34	Нови Београд	МИЛУТИНА МИЛАНКОВИЋА БР. 34	44.807116	20.424746	objekat
Нови Београд	17	ОШ "РАДОЈЕ ДОМАНОВИЋ"	Нови Београд, БУЛЕВАР УМЕТНОСТИ БР. 31	Нови Београд	БУЛЕВАР УМЕТНОСТИ БР. 31	44.814467	20.412425	objekat
Нови Београд	18	ДЕСЕТА ГИМНАЗИЈА "МИХАЈЛО ПУПИН"	Нови Београд, АНТИФАШИСТИЧКЕ БОРБЕ БР. 1А	Нови Београд	АНТИФАШИСТИЧКЕ БОРБЕ БР. 1А	44.816103	20.427729	objekat
Нови Београд	19	ОШ "РАДОЈЕ ДОМАНОВИЋ"	Нови Београд, БУЛЕВАР УМЕТНОСТИ БР. 31	Нови Београд	БУЛЕВАР УМЕТНОСТИ БР. 31	44.814467	20.412425	objekat
Нови Београд	20	ОШ "РАДОЈЕ ДОМАНОВИЋ"	Нови Београд, БУЛЕВАР УМЕТНОСТИ БР. 31	Нови Београд	БУЛЕВАР УМЕТНОСТИ БР. 31	44.814467	20.412425	objekat
Нови Београд	21	ОШ "РАДОЈЕ ДОМАНОВИЋ"	Нови Београд, БУЛЕВАР УМЕТНОСТИ БР. 31	Нови Београд	БУЛЕВАР УМЕТНОСТИ БР. 31	44.814467	20.412425	objekat
Нови Београд	22	ДВ "ЧИГРА"	Нови Београд, БУЛЕВАР УМЕТНОСТИ БР. 25	Нови Београд	БУЛЕВАР УМЕТНОСТИ БР. 25	44.817233	20.414560	objekat
Нови Београд	23	МЗ "АКАДЕМИЈА"	Нови Београд, БУЛЕВАР УМЕТНОСТИ БР. 27	Нови Београд	БУЛЕВАР УМЕТНОСТИ БР. 27	44.816677	20.413253	objekat
Нови Београд	24	МЗ "ДУНАВСКИ КЕЈ"	Нови Београд, БУЛЕВАР ЗОРАНА ЂИНЂИЋА БР. 64	Нови Београд	БУЛЕВАР ЗОРАНА ЂИНЂИЋА БР. 64	44.817463	20.420323	objekat
Нови Београд	25	МЗ "ДУНАВСКИ КЕЈ"	Нови Београд, БУЛЕВАР ЗОРАНА ЂИНЂИЋА БР. 64	Нови Београд	БУЛЕВАР ЗОРАНА ЂИНЂИЋА БР. 64	44.817463	20.420323	objekat
Нови Београд	26	ЈАВНО ПРЕДУЗЕЋЕ ЗА СКЛОНИШТА	Нови Београд, БУЛЕВАР МИХАИЛА ПУПИНА БР. 117А	Нови Београд	БУЛЕВАР МИХАИЛА ПУПИНА БР. 117А	44.820041	20.421295	objekat
Нови Београд	27	ZEPTER INTERNATIONAL	Нови Београд, БУЛЕВАР МИХАИЛА ПУПИНА БР. 117	Нови Београд	БУЛЕВАР МИХАИЛА ПУПИНА БР. 117	44.819721	20.421983	objekat
Нови Београд	28	ZEPTER INTERNATIONAL	Нови Београд, БУЛЕВАР МИХАИЛА ПУПИНА БР. 117	Нови Београд	БУЛЕВАР МИХАИЛА ПУПИНА БР. 117	44.819721	20.421983	objekat
Нови Београд	29	ОШ "ДУШКО РАДОВИЋ"	Нови Београд, БУЛЕВАР ЗОРАНА ЂИНЂИЋА БР. 112	Нови Београд	БУЛЕВАР ЗОРАНА ЂИНЂИЋА БР. 112	44.822912	20.407824	objekat
Нови Београд	30	ОШ "ДУШКО РАДОВИЋ"	Нови Београд, БУЛЕВАР ЗОРАНА ЂИНЂИЋА БР. 112	Нови Београд	БУЛЕВАР ЗОРАНА ЂИНЂИЋА БР. 112	44.822912	20.407824	objekat
Нови Београд	31	ОШ "ДУШКО РАДОВИЋ"	Нови Београд, БУЛЕВАР ЗОРАНА ЂИНЂИЋА БР. 112	Нови Београд	БУЛЕВАР ЗОРАНА ЂИНЂИЋА БР. 112	44.822912	20.407824	objekat
Нови Београд	32	ОШ "ДУШКО РАДОВИЋ"	Нови Београд, БУЛЕВАР ЗОРАНА ЂИНЂИЋА БР. 112	Нови Београд	БУЛЕВАР ЗОРАНА ЂИНЂИЋА БР. 112	44.822912	20.407824	objekat
Нови Београд	33	ДНЕВНИ ЦЕНТАР И КЛУБ ЗА СТАРИЈЕ "МИЛЕВА МАРИЋ АЈНШТАЈН"	Нови Београд, МИЛЕВЕ МАРИЋ АЈНШТАЈН БР. 44	Нови Београд	МИЛЕВЕ МАРИЋ АЈНШТАЈН БР. 44	44.800488	20.364532	objekat
Нови Београд	34	ОШ "ДУШКО РАДОВИЋ"	Нови Београд, БУЛЕВАР ЗОРАНА ЂИНЂИЋА БР. 112	Нови Београд	БУЛЕВАР ЗОРАНА ЂИНЂИЋА БР. 112	44.822912	20.407824	objekat
Нови Београд	35	ОШ "ДУШКО РАДОВИЋ"	Нови Београд, БУЛЕВАР ЗОРАНА ЂИНЂИЋА БР. 112	Нови Београд	БУЛЕВАР ЗОРАНА ЂИНЂИЋА БР. 112	44.822912	20.407824	objekat
Нови Београд	36	ОШ "РАТКО МИТРОВИЋ"	Нови Београд, ОМЛАДИНСКИХ БРИГАДА БР. 58	Нови Београд	ОМЛАДИНСКИХ БРИГАДА БР. 58	44.818166	20.403599	objekat
Нови Београд	37	ОШ "РАТКО МИТРОВИЋ"	Нови Београд, ОМЛАДИНСКИХ БРИГАДА БР. 58	Нови Београд	ОМЛАДИНСКИХ БРИГАДА БР. 58	44.818166	20.403599	objekat
Нови Београд	38	МЗ "СТАРИ АЕРОДРОМ"	Нови Београд, НАРОДНИХ ХЕРОЈА БР. 42	Нови Београд	НАРОДНИХ ХЕРОЈА БР. 42	44.819730	20.402500	objekat
Нови Београд	39	МЗ "СТАРИ АЕРОДРОМ"	Нови Београд, НАРОДНИХ ХЕРОЈА БР. 42	Нови Београд	НАРОДНИХ ХЕРОЈА БР. 42	44.819730	20.402500	objekat
Нови Београд	40	ОШ "РАТКО МИТРОВИЋ"	Нови Београд, ОМЛАДИНСКИХ БРИГАДА ББ	Нови Београд	ОМЛАДИНСКИХ БРИГАДА ББ	44.818166	20.403599	objekat
Нови Београд	41	ОШ "ЂУРО СТРУГАР"	Нови Београд, МИЛУТИНА МИЛАНКОВИЋА БР. 148	Нови Београд	МИЛУТИНА МИЛАНКОВИЋА БР. 148	44.819289	20.400223	objekat
Нови Београд	42	ОШ "ЂУРО СТРУГАР"	Нови Београд, МИЛУТИНА МИЛАНКОВИЋА БР. 148	Нови Београд	МИЛУТИНА МИЛАНКОВИЋА БР. 148	44.819289	20.400223	objekat
Нови Београд	43	ОШ "ИВАН ГУНДУЛИЋ"	Нови Београд, НАРОДНИХ ХЕРОЈА БР. 12	Нови Београд	НАРОДНИХ ХЕРОЈА БР. 12	44.825672	20.406008	objekat
Нови Београд	44	ОШ "ИВАН ГУНДУЛИЋ"	Нови Београд, НАРОДНИХ ХЕРОЈА БР. 12	Нови Београд	НАРОДНИХ ХЕРОЈА БР. 12	44.825672	20.406008	objekat
Нови Београд	45	ОШ "НОВИ БЕОГРАД"	Нови Београд, НАРОДНИХ ХЕРОЈА БР. 12	Нови Београд	НАРОДНИХ ХЕРОЈА БР. 12	44.825672	20.406008	objekat
Нови Београд	46	ОШ "ИВАН ГУНДУЛИЋ"	Нови Београд, НАРОДНИХ ХЕРОЈА БР. 12	Нови Београд	НАРОДНИХ ХЕРОЈА БР. 12	44.825672	20.406008	objekat
Нови Београд	47	ОШ "НОВИ БЕОГРАД"	Нови Београд, НАРОДНИХ ХЕРОЈА БР. 12	Нови Београд	НАРОДНИХ ХЕРОЈА БР. 12	44.825672	20.406008	objekat
Нови Београд	48	ДЕВЕТА ГИМНАЗИЈА "МИХАИЛО ПЕТРОВИЋ-АЛАС"	Нови Београд, БУЛЕВАР МАРШАЛА ТОЛБУХИНА БР. 41	Нови Београд	БУЛЕВАР МАРШАЛА ТОЛБУХИНА БР. 41	44.828840	20.403549	objekat
Нови Београд	49	ДЕВЕТА ГИМНАЗИЈА "МИХАИЛО ПЕТРОВИЋ-АЛАС"	Нови Београд, БУЛЕВАР МАРШАЛА ТОЛБУХИНА БР. 41	Нови Београд	БУЛЕВАР МАРШАЛА ТОЛБУХИНА БР. 41	44.828840	20.403549	objekat
Нови Београд	50	ГРАФИЧКА ШКОЛА	Нови Београд, ОТОНА ЖУПАНЧИЧА БР. 19	Нови Београд	ОТОНА ЖУПАНЧИЧА БР. 19	44.828756	20.406610	objekat
Нови Београд	51	МЗ "ПАРИСКЕ КОМУНЕ"	Нови Београд, ОТОНА ЖУПАНЧИЧА БР. 14	Нови Београд	ОТОНА ЖУПАНЧИЧА БР. 14	44.828014	20.408919	objekat
Нови Београд	52	СРЕДЊА ТУРИСТИЧКА ШКОЛА	Нови Београд, ОТОНА ЖУПАНЧИЧА БР. 4	Нови Београд	ОТОНА ЖУПАНЧИЧА БР. 4	44.826558	20.410207	objekat
Нови Београд	53	СРЕДЊА ТУРИСТИЧКА ШКОЛА	Нови Београд, ОТОНА ЖУПАНЧИЧА БР. 4	Нови Београд	ОТОНА ЖУПАНЧИЧА БР. 4	44.826558	20.410207	objekat
Нови Београд	54	МЗ "ИКАРУС" - САЛА	Нови Београд, АЛЕКСИНАЧКИХ РУДАРА БР. 37	Нови Београд	АЛЕКСИНАЧКИХ РУДАРА БР. 37	44.827328	20.416432	objekat
Нови Београд	55	ОШ "КРАЉ АЛЕКСАНДАР І"	Нови Београд, АЛЕКСИНАЧКИХ РУДАРА БР. 22	Нови Београд	АЛЕКСИНАЧКИХ РУДАРА БР. 22	44.828546	20.416287	objekat
Нови Београд	56	ДОМ ЗДРАВЉА НОВИ БЕОГРАД - СТОМАТОЛОГИЈА	Нови Београд, БУЛЕВАР МАРШАЛА ТОЛБУХИНА БР. 30	Нови Београд	БУЛЕВАР МАРШАЛА ТОЛБУХИНА БР. 30	44.831279	20.411822	objekat
Нови Београд	57	ДОМ ЗДРАВЉА НОВИ БЕОГРАД - СТОМАТОЛОГИЈА	Нови Београд, БУЛЕВАР МАРШАЛА ТОЛБУХИНА БР. 30	Нови Београд	БУЛЕВАР МАРШАЛА ТОЛБУХИНА БР. 30	44.831279	20.411822	objekat
Нови Београд	58	ОШ "КРАЉ АЛЕКСАНДАР І"	Нови Београд, АЛЕКСИНАЧКИХ РУДАРА БР. 22	Нови Београд	АЛЕКСИНАЧКИХ РУДАРА БР. 22	44.828546	20.416287	objekat
Нови Београд	59	ОШ "КРАЉ АЛЕКСАНДАР І"	Нови Београд, АЛЕКСИНАЧКИХ РУДАРА БР. 22	Нови Београд	АЛЕКСИНАЧКИХ РУДАРА БР. 22	44.828546	20.416287	objekat
Нови Београд	60	ОШ "МАРКО ОРЕШКОВИЋ"	Нови Београд, ОТОНА ЖУПАНЧИЧА БР. 30	Нови Београд	ОТОНА ЖУПАНЧИЧА БР. 30	44.831498	20.408483	objekat
Нови Београд	61	ОШ "МАРКО ОРЕШКОВИЋ"	Нови Београд, ОТОНА ЖУПАНЧИЧА БР. 30	Нови Београд	ОТОНА ЖУПАНЧИЧА БР. 30	44.831498	20.408483	objekat
Нови Београд	62	ОШ "МАРКО ОРЕШКОВИЋ"	Нови Београд, ОТОНА ЖУПАНЧИЧА БР. 30	Нови Београд	ОТОНА ЖУПАНЧИЧА БР. 30	44.831498	20.408483	objekat
Нови Београд	63	КЛУБ ЗА СТАРА ЛИЦА "ДР МИХАЈЛО СТУПАР І"	Нови Београд, ГЕНЕРАЛА ЖДАНОВА БР. 32	Нови Београд	ГЕНЕРАЛА ЖДАНОВА БР. 32	44.834786	20.403612	objekat
Нови Београд	64	ОШ "НАДЕЖДА ПЕТРОВИЋ"	Нови Београд, ЛУЈА АДАМИЧА БР. 4	Нови Београд	ЛУЈА АДАМИЧА БР. 4	44.830947	20.406428	objekat
Нови Београд	65	ОШ "НАДЕЖДА ПЕТРОВИЋ"	Нови Београд, ЛУЈА АДАМИЧА БР. 4	Нови Београд	ЛУЈА АДАМИЧА БР. 4	44.830947	20.406428	objekat
Нови Београд	66	МЗ "ПАВИЉОНИ"	Нови Београд, БУЛЕВАР МАРШАЛА ТОЛБУХИНА БР. 46	Нови Београд	БУЛЕВАР МАРШАЛА ТОЛБУХИНА БР. 46	44.829707	20.401366	objekat
Нови Београд	67	ОШ "НАДЕЖДА ПЕТРОВИЋ"	Нови Београд, ЛУЈА АДАМИЧА БР. 4	Нови Београд	ЛУЈА АДАМИЧА БР. 4	44.830947	20.406428	objekat
Нови Београд	68	КЛУБ ЗА СТАРА ЛИЦА "ДР МИХАЈЛО СТУПАР І"	Нови Београд, ГЕНЕРАЛА ЖДАНОВА БР. 32	Нови Београд	ГЕНЕРАЛА ЖДАНОВА БР. 32	44.834786	20.403612	objekat
Нови Београд	69	ДОМ ЗДРАВЉА НОВИ БЕОГРАД - МЕДИЦИНА РАДА	Нови Београд, ОМЛАДИНСКИХ БРИГАДА БР. 104	Нови Београд	ОМЛАДИНСКИХ БРИГАДА БР. 104	44.805872	20.398240	objekat
Нови Београд	70	ДОМ ЗДРАВЉА НОВИ БЕОГРАД - МЕДИЦИНА РАДА	Нови Београд, ОМЛАДИНСКИХ БРИГАДА БР. 104	Нови Београд	ОМЛАДИНСКИХ БРИГАДА БР. 104	44.805872	20.398240	objekat
Нови Београд	71	ДВ "СРНА"	Нови Београд, ОМЛАДИНСКИХ БРИГАДА БР. 136	Нови Београд	ОМЛАДИНСКИХ БРИГАДА БР. 136	44.800288	20.398004	objekat
Нови Београд	72	ДВ "СРНА"	Нови Београд, ОМЛАДИНСКИХ БРИГАДА БР. 136	Нови Београд	ОМЛАДИНСКИХ БРИГАДА БР. 136	44.800288	20.398004	objekat
Нови Београд	73	ОШ "20. ОКТОБАР"	Нови Београд, ОМЛАДИНСКИХ БРИГАДА БР. 138	Нови Београд	ОМЛАДИНСКИХ БРИГАДА БР. 138	44.799861	20.396107	objekat
Нови Београд	74	ОШ "20. ОКТОБАР"	Нови Београд, ОМЛАДИНСКИХ БРИГАДА БР. 138	Нови Београд	ОМЛАДИНСКИХ БРИГАДА БР. 138	44.799861	20.396107	objekat
Нови Београд	75	ОПШТИНСКИ УСЛУЖНИ ЦЕНТАР	Нови Београд, ЈУРИЈА ГАГАРИНА БР. 81	Нови Београд	ЈУРИЈА ГАГАРИНА БР. 81	44.801960	20.394410	objekat
Нови Београд	76	ОШ "20. ОКТОБАР"	Нови Београд, ОМЛАДИНСКИХ БРИГАДА БР. 138	Нови Београд	ОМЛАДИНСКИХ БРИГАДА БР. 138	44.799861	20.396107	objekat
Нови Београд	77	ОШ "20. ОКТОБАР"	Нови Београд, ОМЛАДИНСКИХ БРИГАДА БР. 138	Нови Београд	ОМЛАДИНСКИХ БРИГАДА БР. 138	44.799861	20.396107	objekat
Нови Београд	78	ОШ "20. ОКТОБАР"	Нови Београд, ОМЛАДИНСКИХ БРИГАДА БР. 138	Нови Београд	ОМЛАДИНСКИХ БРИГАДА БР. 138	44.799861	20.396107	objekat
Нови Београд	79	ОПШТИНСКИ УСЛУЖНИ ЦЕНТАР	Нови Београд, ЈУРИЈА ГАГАРИНА БР. 81	Нови Београд	ЈУРИЈА ГАГАРИНА БР. 81	44.801960	20.394410	objekat
Нови Београд	80	ОШ "20. ОКТОБАР"	Нови Београд, ОМЛАДИНСКИХ БРИГАДА БР. 138	Нови Београд	ОМЛАДИНСКИХ БРИГАДА БР. 138	44.799861	20.396107	objekat
Нови Београд	81	ДОМ ЗДРАВЉА - ОПШТА МЕДИЦИНА ГЛАВНИ УЛАЗ хол ДЕСНО	Нови Београд, НЕХРУОВА БР. 53	Нови Београд	НЕХРУОВА БР. 53	44.799393	20.383619	objekat
Нови Београд	82	ДОМ ЗДРАВЉА - ЗУБНО	Нови Београд, НЕХРУОВА БР. 53	Нови Београд	НЕХРУОВА БР. 53	44.799393	20.383619	objekat
Нови Београд	83	ДОМ ЗДРАВЉА - ОПШТА МЕДИЦИНА - ГЛАВНИ УЛАЗ - ХОЛ ЛЕВО	Нови Београд, НЕХРУОВА БР. 53	Нови Београд	НЕХРУОВА БР. 53	44.799393	20.383619	objekat
Нови Београд	84	ОШ "БРАНКО РАДИЧЕВИЋ"	Нови Београд, ЈУРИЈА ГАГАРИНА БР. 195	Нови Београд	ЈУРИЈА ГАГАРИНА БР. 195	44.798314	20.380201	objekat
Нови Београд	85	ОШ "БРАНКО РАДИЧЕВИЋ"	Нови Београд, ЈУРИЈА ГАГАРИНА БР. 195	Нови Београд	ЈУРИЈА ГАГАРИНА БР. 195	44.798314	20.380201	objekat
Нови Београд	86	ОШ "БРАНКО РАДИЧЕВИЋ"	Нови Београд, ЈУРИЈА ГАГАРИНА БР. 195	Нови Београд	ЈУРИЈА ГАГАРИНА БР. 195	44.798314	20.380201	objekat
Нови Београд	87	МЗ "САВА" - МАЛА САЛА	Нови Београд, ЈУРИЈА ГАГАРИНА БР. 221	Нови Београд	ЈУРИЈА ГАГАРИНА БР. 221	44.797564	20.377544	objekat
Нови Београд	88	M3 "САВА" - ВЕЛИКА САЛА	Нови Београд, ЈУРИЈА ГАГАРИНА БР. 221	Нови Београд	ЈУРИЈА ГАГАРИНА БР. 221	44.797564	20.377544	objekat
Нови Београд	89	МЗ "САВА" - ВЕЛИКА САЛА	Нови Београд, ЈУРИЈА ГАГАРИНА БР. 221	Нови Београд	ЈУРИЈА ГАГАРИНА БР. 221	44.797564	20.377544	objekat
Нови Београд	90	M3 "САВА" - ВЕЛИКА САЛА	Нови Београд, ЈУРИЈА ГАГАРИНА БР. 221	Нови Београд	ЈУРИЈА ГАГАРИНА БР. 221	44.797564	20.377544	objekat
Нови Београд	91	ОШ "БРАНКО РАДИЧЕВИЋ"	Нови Београд, ЈУРИЈА ГАГАРИНА БР. 195	Нови Београд	ЈУРИЈА ГАГАРИНА БР. 195	44.798314	20.380201	objekat
Нови Београд	92	КЛУБ ЗА СТАРА ЛИЦА "ДР МИХАЈЛО СТУПАР ІІ"	Нови Београд, ДР ИВАНА РИБАРА БР. 8	Нови Београд	ДР ИВАНА РИБАРА БР. 8	44.802506	20.364777	objekat
Нови Београд	93	КЛУБ ЗА СТАРА ЛИЦА "ДР МИХАЈЛО СТУПАР ІІ"	Нови Београд, ДР ИВАНА РИБАРА БР. 8	Нови Београд	ДР ИВАНА РИБАРА БР. 8	44.802506	20.364777	objekat
Нови Београд	94	ИНСТИТУТ ЗА СТРАНЕ ЈЕЗИКЕ	Нови Београд, ДР ИВАНА РИБАРА ББ	Нови Београд	ДР ИВАНА РИБАРА ББ	44.830052	20.403775	objekat
Нови Београд	95	ИНСТИТУТ ЗА СТРАНЕ ЈЕЗИКЕ	Нови Београд, ДР ИВАНА РИБАРА ББ	Нови Београд	ДР ИВАНА РИБАРА ББ	44.830052	20.403775	objekat
Нови Београд	96	МЗ "БЕЖАНИЈСКИ БЛОКОВИ"	Нови Београд, ДР ИВАНА РИБАРА БР. 91	Нови Београд	ДР ИВАНА РИБАРА БР. 91	44.801540	20.370405	objekat
Нови Београд	97	МЗ "БЕЖАНИЈСКИ БЛОКОВИ"	Нови Београд, ДР ИВАНА РИБАРА БР. 91	Нови Београд	ДР ИВАНА РИБАРА БР. 91	44.801540	20.370405	objekat
Нови Београд	98	ДВ "ИСТОК" - хол	Нови Београд, ЈУРИЈА ГАГАРИНА БР. 168	Нови Београд	ЈУРИЈА ГАГАРИНА БР. 168	44.799785	20.373773	objekat
Нови Београд	99	ДВ "ИСТОК" САЛА	Нови Београд, ЈУРИЈА ГАГАРИНА БР. 168	Нови Београд	ЈУРИЈА ГАГАРИНА БР. 168	44.799785	20.373773	objekat
Нови Београд	100	ОШ "КНЕГИЊА МИЛИЦА"	Нови Београд, ЈУРИЈА ГАГАРИНА БР. 78	Нови Београд	ЈУРИЈА ГАГАРИНА БР. 78	44.801945	20.379191	objekat
Нови Београд	101	ЗАВОД ЗА ЗАШТИТУ ПРИРОДЕ СРБИЈЕ	Нови Београд, ЈАПАНСКА БР. 35	Нови Београд	ЈАПАНСКА БР. 35	44.801295	20.371130	objekat
Нови Београд	102	ОШ "КНЕГИЊА МИЛИЦА"	Нови Београд, ЈУРИЈА ГАГАРИНА БР. 78	Нови Београд	ЈУРИЈА ГАГАРИНА БР. 78	44.801945	20.379191	objekat
Нови Београд	103	ОШ "КНЕГИЊА МИЛИЦА"	Нови Београд, ЈУРИЈА ГАГАРИНА БР. 78	Нови Београд	ЈУРИЈА ГАГАРИНА БР. 78	44.801945	20.379191	objekat
Нови Београд	104	ОШ "КНЕГИЊА МИЛИЦА"	Нови Београд, ЈУРИЈА ГАГАРИНА БР. 78	Нови Београд	ЈУРИЈА ГАГАРИНА БР. 78	44.801945	20.379191	objekat
Нови Београд	105	ОШ "КНЕГИЊА МИЛИЦА"	Нови Београд, ЈУРИЈА ГАГАРИНА БР. 78	Нови Београд	ЈУРИЈА ГАГАРИНА БР. 78	44.801945	20.379191	objekat
Нови Београд	106	ОШ "КНЕГИЊА МИЛИЦА"	Нови Београд, ЈУРИЈА ГАГАРИНА БР. 78	Нови Београд	ЈУРИЈА ГАГАРИНА БР. 78	44.801945	20.379191	objekat
Нови Београд	107	ОШ "КНЕГИЊА МИЛИЦА"	Нови Београд, ЈУРИЈА ГАГАРИНА БР. 78	Нови Београд	ЈУРИЈА ГАГАРИНА БР. 78	44.801945	20.379191	objekat
Нови Београд	108	ОШ "ЈОВАН СТЕРИЈА ПОПОВИЋ"	Нови Београд, ВОЈВОЂАНСКА БР. 61	Нови Београд	ВОЈВОЂАНСКА БР. 61	44.807907	20.378125	objekat
Нови Београд	109	ОШ "ЈОВАН СТЕРИЈА ПОПОВИЋ"	Нови Београд, ВОЈВОЂАНСКА БР. 61	Нови Београд	ВОЈВОЂАНСКА БР. 61	44.807907	20.378125	objekat
Нови Београд	110	ОШ "ЈОВАН СТЕРИЈА ПОПОВИЋ"	Нови Београд, ВОЈВОЂАНСКА БР. 61	Нови Београд	ВОЈВОЂАНСКА БР. 61	44.807907	20.378125	objekat
Нови Београд	111	ОШ "МЛАДОСТ"	Нови Београд, ГАНДИЈЕВА БР. 99	Нови Београд	ГАНДИЈЕВА БР. 99	44.804837	20.390276	objekat
Нови Београд	112	ОШ "ЈОВАН СТЕРИЈА ПОПОВИЋ"	Нови Београд, ВОЈВОЂАНСКА БР. 61	Нови Београд	ВОЈВОЂАНСКА БР. 61	44.807907	20.378125	objekat
Нови Београд	113	МЗ "МЛАДОСТ"	Нови Београд, ГАНДИЈЕВА БР. 114	Нови Београд	ГАНДИЈЕВА БР. 114	44.805487	20.385373	objekat
Нови Београд	114	ОШ "МЛАДОСТ"	Нови Београд, ГАНДИЈЕВА БР. 99	Нови Београд	ГАНДИЈЕВА БР. 99	44.804837	20.390276	objekat
Нови Београд	115	ОШ "МЛАДОСТ"	Нови Београд, ГАНДИЈЕВА БР. 99	Нови Београд	ГАНДИЈЕВА БР. 99	44.804837	20.390276	objekat
Нови Београд	116	ОШ "МЛАДОСТ"	Нови Београд, ГАНДИЈЕВА БР. 99	Нови Београд	ГАНДИЈЕВА БР. 99	44.804837	20.390276	objekat
Нови Београд	117	ОШ "МЛАДОСТ"	Нови Београд, ГАНДИЈЕВА БР. 99	Нови Београд	ГАНДИЈЕВА БР. 99	44.804837	20.390276	objekat
Нови Београд	118	ДВ "ВРАБАЦ"	Нови Београд, ДАНИЛА ЛЕКИЋА-ШПАНЦА БР. 2	Нови Београд	ДАНИЛА ЛЕКИЋА-ШПАНЦА БР. 2	44.819710	20.388132	objekat
Нови Београд	119	ОШ "БОРИСЛАВ ПЕКИЋ"	Нови Београд, ДАНИЛА ЛЕКИЋА-ШПАНЦА БР. 27	Нови Београд	ДАНИЛА ЛЕКИЋА-ШПАНЦА БР. 27	44.816512	20.388115	objekat
Нови Београд	120	ДВ "ВРАБАЦ"	Нови Београд, ДАНИЛА ЛЕКИЋА-ШПАНЦА БР. 2	Нови Београд	ДАНИЛА ЛЕКИЋА-ШПАНЦА БР. 2	44.819710	20.388132	objekat
Нови Београд	121	ОШ "БОРИСЛАВ ПЕКИЋ"	Нови Београд, ДАНИЛА ЛЕКИЋА-ШПАНЦА БР. 27	Нови Београд	ДАНИЛА ЛЕКИЋА-ШПАНЦА БР. 27	44.816512	20.388115	objekat
Нови Београд	122	ОШ "ДРАГАН ЛУКИЋ"	Нови Београд, НЕДЕ СПАСОЈЕВИЋ БР. 6	Нови Београд	НЕДЕ СПАСОЈЕВИЋ БР. 6	44.814150	20.370003	objekat
Нови Београд	123	ОШ "ДРАГАН ЛУКИЋ"	Нови Београд, НЕДЕ СПАСОЈЕВИЋ БР. 6	Нови Београд	НЕДЕ СПАСОЈЕВИЋ БР. 6	44.814150	20.370003	objekat
Нови Београд	124	ОШ "ДРАГАН ЛУКИЋ"	Нови Београд, НЕДЕ СПАСОЈЕВИЋ БР. 6	Нови Београд	НЕДЕ СПАСОЈЕВИЋ БР. 6	44.814150	20.370003	objekat
Нови Београд	125	ОШ "ДРАГАН ЛУКИЋ"	Нови Београд, НЕДЕ СПАСОЈЕВИЋ БР. 6	Нови Београд	НЕДЕ СПАСОЈЕВИЋ БР. 6	44.814150	20.370003	objekat
Нови Београд	126	ОШ "БОРИСЛАВ ПЕКИЋ"	Нови Београд, ДАНИЛА ЛЕКИЋА-ШПАНЦА БР. 27	Нови Београд	ДАНИЛА ЛЕКИЋА-ШПАНЦА БР. 27	44.816512	20.388115	objekat
Нови Београд	127	ОШ "БОРИСЛАВ ПЕКИЋ"	Нови Београд, ДАНИЛА ЛЕКИЋА-ШПАНЦА БР. 27	Нови Београд	ДАНИЛА ЛЕКИЋА-ШПАНЦА БР. 27	44.816512	20.388115	objekat
Нови Београд	128	ОШ "БОРИСЛАВ ПЕКИЋ"	Нови Београд, ДАНИЛА ЛЕКИЋА-ШПАНЦА БР. 27	Нови Београд	ДАНИЛА ЛЕКИЋА-ШПАНЦА БР. 27	44.816512	20.388115	objekat
Нови Београд	129	ОШ "ДРАГАН ЛУКИЋ"	Нови Београд, НЕДЕ СПАСОЈЕВИЋ БР. 6	Нови Београд	НЕДЕ СПАСОЈЕВИЋ БР. 6	44.814150	20.370003	objekat
Нови Београд	130	ОШ "ДРАГАН ЛУКИЋ"	Нови Београд, НЕДЕ СПАСОЈЕВИЋ БР. 6	Нови Београд	НЕДЕ СПАСОЈЕВИЋ БР. 6	44.814150	20.370003	objekat
Нови Београд	131	ОШ "ДРАГАН ЛУКИЋ"	Нови Београд, НЕДЕ СПАСОЈЕВИЋ БР. 6	Нови Београд	НЕДЕ СПАСОЈЕВИЋ БР. 6	44.814150	20.370003	objekat
Нови Београд	132	ДВ "БАМБИ"	Нови Београд, ЗЕМУНСКА БР. ЗБ	Нови Београд	ЗЕМУНСКА БР. ЗБ	44.811513	20.438497	ulica
Нови Београд	133	МЗ БЕЖАНИЈА	Нови Београд, ПЕРЕ СЕГЕДИНЦА БР. 13	Нови Београд	ПЕРЕ СЕГЕДИНЦА БР. 13	44.809846	20.378256	objekat
Нови Београд	134	ОШ "МИЛАН РАКИЋ"	Нови Београд, ВОЈВОЂАНСКА БР. 62	Нови Београд	ВОЈВОЂАНСКА БР. 62	44.808209	20.375164	objekat
Нови Београд	135	ОШ "МИЛАН РАКИЋ"	Нови Београд, ВОЈВОЂАНСКА БР. 62	Нови Београд	ВОЈВОЂАНСКА БР. 62	44.808209	20.375164	objekat
Нови Београд	136	ОШ "ВЛАДА ОБРАДОВИЋ КАМЕНИ"	Нови Београд, ДОБАНОВАЧКА БР. 2А	Нови Београд	ДОБАНОВАЧКА БР. 2А	44.803574	20.346600	objekat
Нови Београд	137	ОШ "ВЛАДА ОБРАДОВИЋ КАМЕНИ"	Нови Београд, ДОБАНОВАЧКА БР. 2А	Нови Београд	ДОБАНОВАЧКА БР. 2А	44.803574	20.346600	objekat
Нови Београд	138	ОШ "ВЛАДА ОБРАДОВИЋ КАМЕНИ"	Нови Београд, ДОБАНОВАЧКА БР. 2А	Нови Београд	ДОБАНОВАЧКА БР. 2А	44.803574	20.346600	objekat
Нови Београд	139	ОШ "ВЛАДА ОБРАДОВИЋ КАМЕНИ"	Нови Београд, ДОБАНОВАЧКА БР. 2А	Нови Београд	ДОБАНОВАЧКА БР. 2А	44.803574	20.346600	objekat
Нови Београд	140	ДВ "ТЕСЛА - НАУКА ЗА ЖИВОТ"	Нови Београд, БУЛЕВАР ЦРВЕНЕ АРМИЈЕ БР. 1	Нови Београд	БУЛЕВАР ЦРВЕНЕ АРМИЈЕ БР. 1	44.806029	20.410708	objekat
Нови Београд	141	МЗ "ДР ИВАН РИБАР"	Нови Београд, МИЛЕВЕ МАРИЋ АЈНШТАЈН БР. 28	Нови Београд	МИЛЕВЕ МАРИЋ АЈНШТАЈН БР. 28	44.800534	20.365075	objekat
Нови Београд	142	ОШ "ВЛАДА ОБРАДОВИЋ КАМЕНИ"	Нови Београд, ДОБАНОВАЧКА БР. 2А	Нови Београд	ДОБАНОВАЧКА БР. 2А	44.803574	20.346600	objekat
Нови Београд	143	ОШ "ВЛАДА ОБРАДОВИЋ КАМЕНИ"	Нови Београд, ДОБАНОВАЧКА БР. 2А	Нови Београд	ДОБАНОВАЧКА БР. 2А	44.803574	20.346600	objekat
Нови Београд	144	ГСП - САОБРАЋАЈНИ ПОГОН НОВИ БЕОГРАД	Нови Београд, ДР АГОСТИНА НЕТА БР. 1	Нови Београд	ДР АГОСТИНА НЕТА БР. 1	44.808383	20.407331	objekat
Нови Београд	145	ДОМ ЗДРАВЉА НОВИ БЕОГРАД - МЕДИЦИНА РАДА	Нови Београд, ОМЛАДИНСКИХ БРИГАДА БР. 104	Нови Београд	ОМЛАДИНСКИХ БРИГАДА БР. 104	44.805872	20.398240	objekat
Нови Београд	146	МЗ "АКАДЕМИЈА"	Нови Београд, БУЛЕВАР УМЕТНОСТИ БР. 27	Нови Београд	БУЛЕВАР УМЕТНОСТИ БР. 27	44.816677	20.413253	objekat
Нови Београд	147	ОШ "ДРАГАН ЛУКИЋ"	Нови Београд, НЕДЕ СПАСОЈЕВИЋ БР. 6	Нови Београд	НЕДЕ СПАСОЈЕВИЋ БР. 6	44.814150	20.370003	objekat
Нови Београд	148	ОШ "БОРИСЛАВ ПЕКИЋ"	Нови Београд, ДАНИЛА ЛЕКИЋА-ШПАНЦА БР. 27	Нови Београд	ДАНИЛА ЛЕКИЋА-ШПАНЦА БР. 27	44.816512	20.388115	objekat
Нови Београд	149	ДВ "БАМБИ"	Нови Београд, ЗЕМУНСКА БР. ЗБ	Нови Београд	ЗЕМУНСКА БР. ЗБ	44.811513	20.438497	ulica
Нови Бечеј	1	Скупштина општине	Нови Бечеј, Жарка Зрењанина бр. 8	Нови Бечеј	Жарка Зрењанина бр. 8	45.596590	20.131068	objekat
Нови Бечеј	2	Средња школа	Нови Бечеј, Маршала Тита бр. 5	Нови Бечеј	Маршала Тита бр. 5	45.595672	20.133278	objekat
Нови Бечеј	3	ОШ „Милоје Чиплић"	Нови Бечеј, Маршала Тита бр. 6	Нови Бечеј	Маршала Тита бр. 6	45.595539	20.133845	objekat
Нови Бечеј	4	Електровојводина	Нови Бечеј, Иве Лоле Рибара бр. 40 а	Нови Бечеј	Иве Лоле Рибара бр. 40 а	45.588009	20.140950	objekat
Нови Бечеј	5	Ловачки дом	Нови Бечеј, Соње Маринковић бр. 29	Нови Бечеј	Соње Маринковић бр. 29	45.598014	20.135072	objekat
Нови Бечеј	6	Дом за одрасле и старије „Свети Василије Острошки-Чудотворац" Нови Бечеј, (клуб за дневни боравак)	Нови Бечеј, Маршала Тита бр. 62	Нови Бечеј	Маршала Тита бр. 62	45.599564	20.140019	objekat
Нови Бечеј	7	Дом младих	Нови Бечеј, Радничка бр. 80	Нови Бечеј	Радничка бр. 80	45.594206	20.150524	objekat
Нови Бечеј	8	Дом младих	Нови Бечеј, Радничка бр. 80	Нови Бечеј	Радничка бр. 80	45.594206	20.150524	objekat
Нови Бечеј	9	ОШ „Јосиф Маринковић"	Нови Бечеј, Јосифа Маринковића бр. 79	Нови Бечеј	Јосифа Маринковића бр. 79	45.604362	20.127673	objekat
Нови Бечеј	10	ОШ „Јосиф Маринковић"	Нови Бечеј, Јосифа Маринковића бр. 79	Нови Бечеј	Јосифа Маринковића бр. 79	45.604362	20.127673	objekat
Нови Бечеј	11	ПУ „Пава Сударски"	Нови Бечеј, Јосифа Маринковића бр. 91	Нови Бечеј	Јосифа Маринковића бр. 91	45.604285	20.129339	objekat
Нови Бечеј	12	ОШ „Јосиф Маринковић"	Нови Бечеј, Јосифа Маринковића бр. 79	Нови Бечеј	Јосифа Маринковића бр. 79	45.604362	20.127673	objekat
Нови Бечеј	13	ОШ „Јосиф Маринковић"	Нови Бечеј, Јосифа Маринковића бр. 79	Нови Бечеј	Јосифа Маринковића бр. 79	45.604362	20.127673	objekat
Нови Бечеј	14	ОШ „Јосиф Маринковић"	Нови Бечеј, Јосифа Маринковића бр. 79	Нови Бечеј	Јосифа Маринковића бр. 79	45.604362	20.127673	objekat
Нови Бечеј	15	Дечији вртић	Нови Бечеј, Ужичка бр. 2a	Нови Бечеј	Ужичка бр. 2a	45.616220	20.161664	objekat
Нови Бечеј	16	Бивша Месна заједница „Ново село"	Нови Бечеј, Тозе Марковића бр. 8	Нови Бечеј	Тозе Марковића бр. 8	45.608076	20.154386	objekat
Нови Бечеј	17	Дом I реона	Ново Милошево, Маршала Тита бр. 121	Ново Милошево	Маршала Тита бр. 121	45.704959	20.295466	objekat
Нови Бечеј	18	Завичајни музеј „Котарка"	Ново Милошево, Маршала Тита бр. 105	Ново Милошево	Маршала Тита бр. 105	45.707448	20.297732	objekat
Нови Бечеј	19	ПУ „Пава Сударски"	Ново Милошево, Маршала Тита бр. 69	Ново Милошево	Маршала Тита бр. 69	45.712690	20.300707	objekat
Нови Бечеј	20	ПУ „Пава Сударски"	Ново Милошево, Маршала Тита бр. 69	Ново Милошево	Маршала Тита бр. 69	45.712690	20.300707	objekat
Нови Бечеј	21	Читаоница	Ново Милошево, Трг палих хероја бр. 2	Ново Милошево	Трг палих хероја бр. 2	45.721204	20.305447	objekat
Нови Бечеј	22	ОШ „др Ђорђе Јоановић"	Ново Милошево, Маршала Тита бр. 1	Ново Милошево	Маршала Тита бр. 1	45.719862	20.306012	objekat
Нови Бечеј	23	Дечији вртић „Ј. Добросављев - Мица"	Ново Милошево, ЈНА бр. 27а	Ново Милошево	ЈНА бр. 27а	45.733461	20.311718	ulica
Нови Бечеј	24	Дечији вртић „Ј. Добросављев - Мица"	Ново Милошево, ЈНА бр. 27а	Ново Милошево	ЈНА бр. 27а	45.733461	20.311718	ulica
Нови Бечеј	25	ОШ "Милан Станчић-Уча", 1. учионица	Кумане, Трг ослобођења бр. 4	Кумане	Трг ослобођења бр. 4	45.536924	20.229285	objekat
Нови Бечеј	26	ОШ "Милан Станчић-Уча", 2. учионица	Кумане, Трг ослобођења бр. 4	Кумане	Трг ослобођења бр. 4	45.536924	20.229285	objekat
Нови Бечеј	27	ОШ "Милан Станчић-Уча", 3. учионица	Кумане, Трг ослобођења бр. 4	Кумане	Трг ослобођења бр. 4	45.536924	20.229285	objekat
Нови Бечеј	28	Месна заједница (ВАТРОГАСНИ ДОМ)	Кумане, Љубице Одаџић бр. 42	Кумане	Љубице Одаџић бр. 42	45.539143	20.227194	objekat
Нови Бечеј	29	ОШ "Милан Станчић-Уча", 4. учионица	Кумане, Трг ослобођења бр. 4	Кумане	Трг ослобођења бр. 4	45.536924	20.229285	objekat
Нови Бечеј	30	ОШ .,Доситеј Обрадовић"	Бочар, Трг ослобођења бр. 4	Бочар	Трг ослобођења бр. 4	45.769518	20.281395	objekat
Нови Бечеј	31	Месна канцеларија (сала за венчање)	Бочар, Маршала Тита бр. 1	Бочар	Маршала Тита бр. 1	45.765957	20.283948	ulica
Нови Кнежевац	1	Гимназија и стручна школа "Доситеј Обрадовић"	Нови Кнежевац, Краља Петра I Карађорђевића бр. 11	Нови Кнежевац	Краља Петра I Карађорђевића бр. 11	46.017356	20.270133	objekat
Нови Кнежевац	2	Филић	Филић, Школска бр. 3/А	Филић	Школска бр. 3/А	46.050033	20.149945	objekat
Нови Кнежевац	3	Гимназија и Стручна школа "Доситеј Обрадовић"	Нови Кнежевац, Краља Петра I Карађорђевића бр. 11	Нови Кнежевац	Краља Петра I Карађорђевића бр. 11	46.017356	20.270133	objekat
Нови Кнежевац	4	Сала Скупштине Општине Зграда Војвођанске Банке	Нови Кнежевац, Трг Михајла Пупина бр. 11	Нови Кнежевац	Трг Михајла Пупина бр. 11	46.044898	20.091398	objekat
Нови Кнежевац	5	Народна Библиотека "Бранислав Нушић"	Нови Кнежевац, Цара Душана бр. 8	Нови Кнежевац	Цара Душана бр. 8	46.046756	20.089859	objekat
Нови Кнежевац	6	АД "Грађевинар"	Нови Кнежевац, Краља Петра I Карађорђевића бр. 65	Нови Кнежевац	Краља Петра I Карађорђевића бр. 65	46.041847	20.104179	ulica
Нови Кнежевац	7	Специјална болница	Нови Кнежевац, Краља Петра I Карађорђевића бр. 85	Нови Кнежевац	Краља Петра I Карађорђевића бр. 85	46.041847	20.104179	ulica
Нови Кнежевац	8	Месна заједница	Нови Кнежевац, Бранка Радичевића бр. 19	Нови Кнежевац	Бранка Радичевића бр. 19	46.040519	20.092625	objekat
Нови Кнежевац	9	ЈКП Нови Кнежевац	Нови Кнежевац, Карађорђева бр. 49	Нови Кнежевац	Карађорђева бр. 49	46.038610	20.090714	objekat
Нови Кнежевац	10	ЈКП Нови Кнежевац	Нови Кнежевац, Карађорђева бр. 49	Нови Кнежевац	Карађорђева бр. 49	46.038610	20.090714	objekat
Нови Кнежевац	11	ДВД Нови Кнежевац	Нови Кнежевац, Карађорђева бр. 45.	Нови Кнежевац	Карађорђева бр. 45.	46.039113	20.090679	objekat
Нови Кнежевац	12	Основна школа	Српски Крстур, Светог Саве бр. 77	Српски Крстур	Светог Саве бр. 77	46.126001	20.093842	objekat
Нови Кнежевац	13	Месна заједница	Српски Крстур, Светог Саве бр. 73	Српски Крстур	Светог Саве бр. 73	46.126178	20.092055	objekat
Нови Кнежевац	14	Основна Школа Ђала	Ђала, Змај Јовина бр. 4	Ђала	Змај Јовина бр. 4	46.155159	20.109142	objekat
Нови Кнежевац	15	Месна заједница - Већница	Ђала, Светог Саве бр. 71	Ђала	Светог Саве бр. 71	46.154888	20.109564	objekat
Нови Кнежевац	16	Задружни Дом - Фискултурна Сала	Банатско Аранђелово, Војводе Стевана Книћанина бр. 48	Банатско Аранђелово	Војводе Стевана Книћанина бр. 48	46.063918	20.244050	objekat
Нови Кнежевац	17	Месна заједница	Банатско Аранђелово, Војводе Стевана Книћанина бр. 91	Банатско Аранђелово	Војводе Стевана Книћанина бр. 91	46.064619	20.243010	objekat
Нови Кнежевац	18	Основна школа	Подлокањ, Вука Караџића бр. 46	Подлокањ	Вука Караџића бр. 46	46.018714	20.272910	objekat
Нови Кнежевац	19	Основна школа	Банатско Аранђелово, Војводе Стевана Книћанина бр. 56	Банатско Аранђелово	Војводе Стевана Книћанина бр. 56	46.065028	20.243806	objekat
Нови Кнежевац	20	Основна школа	Сигет, Карађорђева бр. 15	Сигет	Карађорђева бр. 15	46.079407	20.231369	objekat
Нови Кнежевац	21	Дом културе	Мајдан, Јањоша Хуњадија бр. 2	Мајдан	Јањоша Хуњадија бр. 2	46.094236	20.259290	objekat
Нови Кнежевац	22	ДВД Рабе	Рабе, Дожа Ђерђа бр. 18.	Рабе	Дожа Ђерђа бр. 18.	46.109578	20.253010	objekat
Нови Пазар	1	ОСНОВНА ШКОЛА	Беле Воде	Беле Воде		43.224697	20.251243	naselje
Нови Пазар	2	ОСНОВНА ШКОЛА	Мухово	Мухово		43.262175	20.292263	naselje
Нови Пазар	3	ОСНОВНА ШКОЛА	Крће	Крће		43.300450	20.280693	naselje
Нови Пазар	4	ОСНОВНА ШКОЛА	Буче	Буче				nije_nadjeno
Нови Пазар	5	МЕСНА КАНЦЕЛАРИЈА	Вучиниће	Вучиниће		43.159148	20.367726	naselje
Нови Пазар	6	ОСНОВНА ШКОЛА	Витош	Витош				nije_nadjeno
Нови Пазар	7	АМБУЛАНТА	Врановина	Врановина		43.236029	20.446045	naselje
Нови Пазар	8	ОБЈЕКАТ ФИЛИПОВИЋ ЗОРАНА	Полокце	Полокце		43.239450	20.417018	naselje
Нови Пазар	9	ОСНОВНА ШКОЛА	Грубетиће	Грубетиће		43.009276	20.544111	naselje
Нови Пазар	10	ОСНОВНА ШКОЛА	Жуњевиће	Жуњевиће		43.034944	20.489514	naselje
Нови Пазар	11	КУЋА ЛУКОВИЋ ВУКОЈА	Табалије	Табалије				nije_nadjeno
Нови Пазар	12	ОСНОВНА ШКОЛА	Грађановиће	Грађановиће		43.187848	20.588036	naselje
Нови Пазар	13	КУЋА МУТАВЏИЋ МИЛУТИНА	Пожежина	Пожежина		43.218352	20.549530	naselje
Нови Пазар	14	ОСНОВНА ШКОЛА	Бања	Бања		43.158111	20.541428	ulica
Нови Пазар	15	КУЋА МИЈАИЛОВИЋ МИЉАНА	Бадово	Бадово				nije_nadjeno
Нови Пазар	16	КУЋА ВИДОЈЕВИЋ МИЛОДАРА	Скуково	Скуково		43.210338	20.510958	naselje
Нови Пазар	17	КУЋА ЦРНОВРШАНИН АДЕМА	Ботуровина	Ботуровина		43.179355	20.492930	naselje
Нови Пазар	18	ОБЈЕКАТ ТИОСАВЉЕВИЋ ЗОРАНА	Косуриће	Косуриће		43.188877	20.468453	naselje
Нови Пазар	19	ОСНОВНА ШКОЛА "РАСТКО НЕМАЊИЋ" ДЕЖЕВА	Дежева	Дежева		43.204181	20.480414	naselje
Нови Пазар	20	ЛОКАЛ ПЕТРОВИЋ ГОРДАНЕ	Митрова Река	Митрова Река		43.220298	20.449715	naselje
Нови Пазар	21	ОСНОВНА ШКОЛА	Комиње	Комиње				nije_nadjeno
Нови Пазар	22	ОСНОВНА ШКОЛА	Крушево	Крушево		43.055869	20.439590	naselje
Нови Пазар	23	КАФЕЧАЈНИЦА ДЕРВИШЕВИЋ СЕНИЈЕ	Јуковача	Јуковача		43.051406	20.481708	objekat
Нови Пазар	24	ОСНОВНА ШКОЛА "ЈОШАНИЦА" ЛУКАРЕ	Лукаре	Лукаре		43.072093	20.471632	naselje
Нови Пазар	25	КУЋА ИБРАХИМОВИЋ САДИЈЕ	Лукарско Гошево	Лукарско Гошево		43.066381	20.485738	naselje
Нови Пазар	26	ОСНОВНА ШКОЛА	Врбасиће	Врбасиће				nije_nadjeno
Нови Пазар	27	ОСНОВНА ШКОЛА	Мур	Мур		43.121743	20.496992	ulica
Нови Пазар	28	ОСНОВНА ШКОЛА	Мур	Мур		43.121743	20.496992	ulica
Нови Пазар	29	КУЋА ПРУШЕВИЋ ХАЛИТА	Охоље	Охоље		43.095696	20.497220	naselje
Нови Пазар	30	КАФ. ЗУКОРЛИЋ ХИДАЈЕТА	Шутенавац	Шутенавац				nije_nadjeno
Нови Пазар	31	КУЋА КАРИШИК МЕХМЕДА	Паралово	Паралово		43.128850	20.484560	ulica
Нови Пазар	32	ОСНОВНА ШКОЛА	Одојевиће	Одојевиће		43.147459	20.630688	naselje
Нови Пазар	33	КУЋА СКУКОВАЦ ВУЧИНЕ	Тушимља	Тушимља		43.234542	20.509853	objekat
Нови Пазар	34	ОСНОВНА ШКОЛА	Блажево	Блажево		43.198237	20.524166	naselje
Нови Пазар	35	ЛОКАЛ МУТАВЏИЋ СМИЉАНА	Дежевски Пут	Дежевски Пут				nije_nadjeno
Нови Пазар	36	ОБЈЕКАТ РАВИЋ МИЛЕНКА	Попе	Попе		43.181830	20.385519	naselje
Нови Пазар	37	ОСНОВНА ШКОЛА	Пожега	Пожега		43.153423	20.421048	naselje
Нови Пазар	38	ОСНОВНА ШКОЛА	Балетиће	Балетиће				nije_nadjeno
Нови Пазар	39	ОШ "ХАЛИФА БИН ЗАИД АЛ НАХЈАН" НОВИ ПАЗАР	Дојевиће	Дојевиће				nije_nadjeno
Нови Пазар	40	ОШ "ХАЛИФА БИН ЗАИД АЛ НАХЈАН" НОВИ ПАЗАР	Дојевиће	Дојевиће				nije_nadjeno
Нови Пазар	41	ОШ "ХАЛИФА БИН ЗАИД АЛ НАХЈАН" НОВИ ПАЗАР	Дојевиће	Дојевиће				nije_nadjeno
Нови Пазар	42	КУЋА МИНИЋ ПРЕДРАГА	Видово	Видово		43.160046	20.465520	naselje
Нови Пазар	43	МЕСНА КАНЦЕЛАРИЈА	Рајетиће	Рајетиће		43.051382	20.612618	naselje
Нови Пазар	44	ОСНОВНА ШКОЛА	Багри	Багри				nije_nadjeno
Нови Пазар	45	КУЋА МЛАДЕНОВИЋ МИРОСЛАВА	Дољани	Дољани		43.121215	20.388976	objekat
Нови Пазар	46	ОСНОВНА ШКОЛА	Себечево	Себечево		43.093370	20.423756	naselje
Нови Пазар	47	ОСНОВНА ШКОЛА "ЂУРА ЈАКШИЋ" ТРНАВА	Трнава	Трнава		43.109922	20.571124	naselje
Нови Пазар	48	ОСНОВНА ШКОЛА	Леча	Леча		43.079857	20.536832	naselje
Нови Пазар	49	КУЋА ДРОБЊАК МАРИНКА	Избице	Избице		43.131712	20.563675	naselje
Нови Пазар	50	ОСНОВНА ШКОЛА "ЂУРА ЈАКШИЋ" ТРНАВА	Цвијетње	Цвијетње				nije_nadjeno
Нови Пазар	51	КУЋА НУМАНОВИЋ АСИМА	Брђани	Брђани		43.087856	20.607599	naselje
Нови Пазар	52	КУЋА КАРИШИК ХАСИБА	Трнава	Трнава		43.109922	20.571124	naselje
Нови Пазар	53	ЛОКАЛ СЕЈДОВИЋ ШАЋИРА	Пљевљани	Пљевљани				nije_nadjeno
Нови Пазар	54	КУЋА ДУПЉАК ХАРУНА	Хотково	Хотково		43.136205	20.537112	naselje
Нови Пазар	55	ОСНОВНА ШКОЛА	Штитаре	Штитаре		43.225966	20.334607	naselje
Нови Пазар	56	ОСНОВНА ШКОЛА "ДОСИТЕЈ ОБРАДОВИЋ" ОСАОНИЦА	Осаоница	Осаоница		43.202202	20.314983	naselje
Нови Пазар	57	ОСНОВНА ШКОЛА	Свиланово	Свиланово				nije_nadjeno
Нови Пазар	58	ОСНОВНА ШКОЛА	Шароње	Шароње		43.223035	20.404264	naselje
Нови Пазар	59	ОСНОВНА ШКОЛА	Ковачево	Ковачево		43.220332	20.427930	naselje
Нови Пазар	60	ОСНОВНА ШКОЛА	Кузмичево	Кузмичево		43.252032	20.372252	naselje
Нови Пазар	61	ПРОДАВНИЦА БИШЕВАЦ СЛОБОДАНА	Тенково	Тенково		43.230951	20.359461	naselje
Нови Пазар	62	ОШ "СТЕФАН НЕМАЊА"	Нови Пазар, Исабега Исабеговића бб	Нови Пазар	Исабега Исабеговића бб	43.140699	20.513276	ulica
Нови Пазар	63	ОШ "СТЕФАН НЕМАЊА"	Нови Пазар, Исабега Исабеговића бб	Нови Пазар	Исабега Исабеговића бб	43.140699	20.513276	ulica
Нови Пазар	64	ЛОКАЛ ЉАЈИЋ ХИДАЈЕТА	Нови Пазар, Ћире Ратковића бб	Нови Пазар	Ћире Ратковића бб	43.133518	20.511117	objekat
Нови Пазар	65	ЕКОНОМСКО-ТРГОВИНСКА ШКОЛА	Нови Пазар, 28. новембар бб	Нови Пазар	28. новембар бб	43.133518	20.511117	objekat
Нови Пазар	66	ОСНОВНА ШКОЛА "АВДО МЕЂЕДОВИЋ" НОВИ ПАЗАР	Нови Пазар, Дубровачка бр. 407	Нови Пазар	Дубровачка бр. 407	43.140314	20.480878	objekat
Нови Пазар	67	ОСНОВНА ШКОЛА "АВДО МЕЂЕДОВИЋ" НОВИ ПАЗАР	Нови Пазар, Дубровачка бр. 407	Нови Пазар	Дубровачка бр. 407	43.140314	20.480878	objekat
Нови Пазар	68	ОСНОВНА ШКОЛА "АВДО МЕЂЕДОВИЋ" НОВИ ПАЗАР	Нови Пазар, Дубровачка бр. 407	Нови Пазар	Дубровачка бр. 407	43.140314	20.480878	objekat
Нови Пазар	69	ЕКОНОМСКО-ТРГОВИНСКА ШКОЛА	Нови Пазар, 28. новембар бб	Нови Пазар	28. новембар бб	43.133518	20.511117	objekat
Нови Пазар	70	ЕКОНОМСКО-ТРГОВИНСКА ШКОЛА	Нови Пазар, 28. новембар бб	Нови Пазар	28. новембар бб	43.133518	20.511117	objekat
Нови Пазар	71	ДРУГА МЕСНА ЗАЈЕДНИЦА	Нови Пазар, 28. новембар бб	Нови Пазар	28. новембар бб	43.133518	20.511117	objekat
Нови Пазар	72	АД Н. ПАЗАР ПУТ - ШЕСТОВО	Нови Пазар, Димитрија Туцовића бр. 1	Нови Пазар	Димитрија Туцовића бр. 1	43.152606	20.523608	objekat
Нови Пазар	73	ОСНОВНА ШКОЛА "МЕША СЕЛИМОВИЋ"	Нови Пазар, Стевана Немање бб	Нови Пазар	Стевана Немање бб	43.149982	20.521305	ulica
Нови Пазар	74	КУЛТУРНИ ЦЕНТАР	Нови Пазар, Стевана Немање бр. 4	Нови Пазар	Стевана Немање бр. 4	43.141023	20.518783	objekat
Нови Пазар	75	КУЛТУРНИ ЦЕНТАР	Нови Пазар, Стевана Немање бр. 4	Нови Пазар	Стевана Немање бр. 4	43.141023	20.518783	objekat
Нови Пазар	76	ОШ "БРАТСТВО"	Нови Пазар, Гојка Бачанина бб	Нови Пазар	Гојка Бачанина бб	43.144383	20.517688	ulica
Нови Пазар	77	ОШ "БРАТСТВО"	Нови Пазар, Гојка Бачанина бб	Нови Пазар	Гојка Бачанина бб	43.144383	20.517688	ulica
Нови Пазар	78	ЗГРАДА ТЕХНИЧКОГ ПРЕГЛЕДА-ЛОКАЛ ЛАЂАР АДИСА	Нови Пазар, Саве Ковачевића бр. 46	Нови Пазар	Саве Ковачевића бр. 46	43.147330	20.528332	objekat
Нови Пазар	79	ОШ "ЈОВАН ЈОВАНОВИЋ ЗМАЈ"	Нови Пазар, Вука Караџића бб	Нови Пазар	Вука Караџића бб	43.138063	20.520303	ulica
Нови Пазар	80	ТЕХНИЧКА ШКОЛА	Нови Пазар, Вука Караџића бб	Нови Пазар	Вука Караџића бб	43.137740	20.521438	objekat
Нови Пазар	81	УКРАС - ПРОСТОРИЈА СЕЛЕК ФЕХИМА	Нови Пазар, Руђера Бошковића бр. 1	Нови Пазар	Руђера Бошковића бр. 1	43.131478	20.519442	objekat
Нови Пазар	82	ВРТИЋ "ДЕЧИЈА РАДОСТ"	Нови Пазар, Доситејева бб	Нови Пазар	Доситејева бб	43.130868	20.515394	ulica
Нови Пазар	83	ОШ "ЋАМИЛ СИЈАРИЋ"	Нови Пазар, Руђера Бошковића бб	Нови Пазар	Руђера Бошковића бб	43.128702	20.522938	ulica
Нови Пазар	84	ОШ "ЋАМИЛ СИЈАРИЋ"	Нови Пазар, Руђера Бошковића бб	Нови Пазар	Руђера Бошковића бб	43.128702	20.522938	ulica
Нови Пазар	85	ОШ "ЋАМИЛ СИЈАРИЋ"	Нови Пазар, Руђера Бошковића бб	Нови Пазар	Руђера Бошковића бб	43.128702	20.522938	ulica
Нови Пазар	86	МУЗИЧКА ШКОЛА	Нови Пазар, Ослобођења бб	Нови Пазар	Ослобођења бб	43.134056	20.516820	ulica
Нови Пазар	87	ОШ "РИФАТ БУРЏОВИЋ - ТРШО"	Нови Пазар, Ослобођења бб	Нови Пазар	Ослобођења бб	43.134056	20.516820	ulica
Нови Пазар	88	ОШ "РИФАТ БУРЏОВИЋ - ТРШО"	Нови Пазар, Ослобођења бб	Нови Пазар	Ослобођења бб	43.134056	20.516820	ulica
Нови Пазар	89	ЗАВОД ЗА ЈАВНО ЗДРАВЉЕ	Нови Пазар, Генерала Живковића бб	Нови Пазар	Генерала Живковића бб	43.125052	20.498706	ulica
Нови Пазар	90	ОШ "ВУК КАРАЏИЋ"	Нови Пазар, Генерала Живковића бб	Нови Пазар	Генерала Живковића бб	43.125052	20.498706	ulica
Нови Пазар	91	ОШ "ВУК КАРАЏИЋ"	Нови Пазар, Генерала Живковића бб	Нови Пазар	Генерала Живковића бб	43.125052	20.498706	ulica
Нови Пазар	92	ОШ "ВУК КАРАЏИЋ"	Нови Пазар, Генерала Живковића бб	Нови Пазар	Генерала Живковића бб	43.125052	20.498706	ulica
Нови Пазар	93	СПОРТСКА ХАЛА "DOGUŠ NOVI PAZAR SPORTS ACADEMY"	Нови Пазар, Генерала Живковића бб	Нови Пазар	Генерала Живковића бб	43.125052	20.498706	ulica
Нови Пазар	94	ЗГРАДА ИСЛАМОВИЋ - ДЕЧЈИ ВРТИЋ "ПЧЕЛИЦА"	Нови Пазар, Емина Реџепагића бр. 33	Нови Пазар	Емина Реџепагића бр. 33	43.132259	20.507921	objekat
Нови Пазар	95	ЛОКАЛ ГИЦИЋ НЕРМИНА	Нови Пазар, Козарачка бб	Нови Пазар	Козарачка бб	43.133527	20.507870	ulica
Нови Пазар	96	ОШ "ДЕСАНКА МАКСИМОВИЋ"	Нови Пазар, Цетињска бр. 10	Нови Пазар	Цетињска бр. 10	43.137461	20.508544	objekat
Нови Пазар	97	ОШ "ДЕСАНКА МАКСИМОВИЋ"	Нови Пазар, Цетињска бр. 10	Нови Пазар	Цетињска бр. 10	43.137461	20.508544	objekat
Нови Пазар	98	ОШ "ДЕСАНКА МАКСИМОВИЋ"	Нови Пазар, Цетињска бр. 10	Нови Пазар	Цетињска бр. 10	43.137461	20.508544	objekat
Нови Пазар	99	ЛОКАЛ ХАЛИЛОВИЋ ЗУКА	Нови Пазар, Прибојска бр. 75	Нови Пазар	Прибојска бр. 75	43.137149	20.494866	objekat
Нови Пазар	100	ОШ "СТЕФАН НЕМАЊА"	Нови Пазар, Исабега Исабеговића бб	Нови Пазар	Исабега Исабеговића бб	43.140699	20.513276	ulica
Нови Пазар	101	КУЛТУРНИ ЦЕНТАР	Нови Пазар, Стевана Немање бр. 4	Нови Пазар	Стевана Немање бр. 4	43.141023	20.518783	objekat
Нови Пазар	102	ОШ "БРАТСТВО"	Нови Пазар, Гојка Бачанина бб	Нови Пазар	Гојка Бачанина бб	43.144383	20.517688	ulica
Нови Пазар	103	ОШ "ДЕСАНКА МАКСИМОВИЋ"	Нови Пазар, Цетињска бр. 10	Нови Пазар	Цетињска бр. 10	43.137461	20.508544	objekat
Нови Сад	1	ОШ "ВЕЉКО ПЕТРОВИЋ"	Бегеч, Краља Петра I бр. 36	Бегеч	Краља Петра I бр. 36	45.237096	19.622840	objekat
Нови Сад	2	ДОМ ПЕНЗИОНЕРА (КЛУБ ПРОЛЕЋЕ)	Бегеч, Ђуре Јакшића бб	Бегеч	Ђуре Јакшића бб	45.236593	19.626780	ulica
Нови Сад	3	КУЛТУРНИ ЦЕНТАР "МЛАДОСТ"	Футог, Симе Шолаје бр. 52	Футог	Симе Шолаје бр. 52	45.241625	19.690284	objekat
Нови Сад	4	КУЛТУРНИ ЦЕНТАР "МЛАДОСТ"	Футог, Симе Шолаје бр. 52	Футог	Симе Шолаје бр. 52	45.241625	19.690284	objekat
Нови Сад	5	КУЛТУРНИ ЦЕНТАР "МЛАДОСТ"	Футог, Симе Шолаје бр. 52	Футог	Симе Шолаје бр. 52	45.241625	19.690284	objekat
Нови Сад	6	ВАТРОГАСНИ ДОМ	Футог, Цара Лазара бр. 13	Футог	Цара Лазара бр. 13	45.238200	19.703021	objekat
Нови Сад	7	КЛУБ ПЕНЗИОНЕРА	Футог, Цара Лазара бр. 22	Футог	Цара Лазара бр. 22	45.237606	19.703628	objekat
Нови Сад	8	ДОМ МЕСНЕ ЗАЈЕДНИЦЕ (КАНЦЕЛАРИЈА 1)	Футог, Цара Лазара бр. 141	Футог	Цара Лазара бр. 141	45.236129	19.719304	objekat
Нови Сад	9	ДОМ МЕСНЕ ЗАЈЕДНИЦЕ (КАНЦЕЛАРИЈА 2)	Футог, Цара Лазара бр. 141	Футог	Цара Лазара бр. 141	45.236129	19.719304	objekat
Нови Сад	10	ДОМ МЕСНЕ ЗАЈЕДНИЦЕ (КАНЦЕЛАРИЈА 3)	Футог, Цара Лазара бр. 141	Футог	Цара Лазара бр. 141	45.236129	19.719304	objekat
Нови Сад	11	ОШ "МИРОСЛАВ АНТИЋ"	Футог, Раде Кончара бр. 2	Футог	Раде Кончара бр. 2	45.239979	19.729086	objekat
Нови Сад	12	ОШ "МИРОСЛАВ АНТИЋ"	Футог, Раде Кончара бр. 2	Футог	Раде Кончара бр. 2	45.239979	19.729086	objekat
Нови Сад	13	ОШ "МИРОСЛАВ АНТИЋ"	Футог, Раде Кончара бр. 2	Футог	Раде Кончара бр. 2	45.239979	19.729086	objekat
Нови Сад	14	МЗ "СТЕПАНОВИЋЕВО"	Степановићево, Војводе Степе Степановића бр. 112	Степановићево	Војводе Степе Степановића бр. 112	45.413700	19.699566	objekat
Нови Сад	15	ОШ "МИХАЈЛО ПУПИН"	Ветерник, Краља Александра бр. 38	Ветерник	Краља Александра бр. 38	45.253417	19.755306	objekat
Нови Сад	16	ОШ "МИХАЈЛО ПУПИН"	Ветерник, Краља Александра бр. 38	Ветерник	Краља Александра бр. 38	45.253417	19.755306	objekat
Нови Сад	17	ОШ "МИХАЈЛО ПУПИН"	Ветерник, Краља Александра бр. 38	Ветерник	Краља Александра бр. 38	45.253417	19.755306	objekat
Нови Сад	18	ОШ "МИХАЈЛО ПУПИН"	Ветерник, Краља Александра бр. 38	Ветерник	Краља Александра бр. 38	45.253417	19.755306	objekat
Нови Сад	19	ОШ "МАРИЈА ТРАНДАФИЛ"	Ветерник, Паунова 14	Ветерник	Паунова 14	45.240587	19.765545	objekat
Нови Сад	20	МЗ "ВЕТЕРНИК" (ВЕЛИКА САЛА)	Ветерник, Иве Лоле Рибара бр. 1А	Ветерник	Иве Лоле Рибара бр. 1А	45.249150	19.755092	objekat
Нови Сад	21	ОШ "МИХАЈЛО ПУПИН"	Ветерник, Краља Александра бр. 38	Ветерник	Краља Александра бр. 38	45.253417	19.755306	objekat
Нови Сад	22	МЗ "АДИЦЕ" (ВЕЛИКА САЛА)	Нови Сад, Симе Шолаје бр. 2А	Нови Сад	Симе Шолаје бр. 2А	45.233833	19.786596	objekat
Нови Сад	23	СРЕДЊА МЕДИЦИНСКА ШКОЛА "ДОСИТЕЈ ОБРАДОВИЋ"	Нови Сад, Сувобоска 6	Нови Сад	Сувобоска 6	45.265530	19.829306	objekat
Нови Сад	24	ПУ "РАДОСНО ДЕТИЊСТВО" ВРТИЋ "ЧАРОБНИ ШЕШИР" (САЛА ЗА ФИЗИЧКО)	Нови Сад, Десанке Максимовић бр. 80	Нови Сад	Десанке Максимовић бр. 80	45.230802	19.800357	objekat
Нови Сад	25	ОШ "МИЛОШ ЦРЊАНСКИ"	Нови Сад, Анђе Ранковић бр. 2	Нови Сад	Анђе Ранковић бр. 2	45.247616	19.796559	objekat
Нови Сад	26	ОШ "МИЛОШ ЦРЊАНСКИ"	Нови Сад, Анђе Ранковић бр. 2	Нови Сад	Анђе Ранковић бр. 2	45.247616	19.796559	objekat
Нови Сад	27	ОШ "МИЛОШ ЦРЊАНСКИ"	Нови Сад, Анђе Ранковић бр. 2	Нови Сад	Анђе Ранковић бр. 2	45.247616	19.796559	objekat
Нови Сад	28	ОШ "МИЛОШ ЦРЊАНСКИ"	Нови Сад, Анђе Ранковић бр. 2	Нови Сад	Анђе Ранковић бр. 2	45.247616	19.796559	objekat
Нови Сад	29	ОШ "МИЛОШ ЦРЊАНСКИ"	Нови Сад, Анђе Ранковић бр. 2	Нови Сад	Анђе Ранковић бр. 2	45.247616	19.796559	objekat
Нови Сад	30	ОШ "МИЛОШ ЦРЊАНСКИ"	Нови Сад, Анђе Ранковић бр. 2	Нови Сад	Анђе Ранковић бр. 2	45.247616	19.796559	objekat
Нови Сад	31	ОШ "МИЛОШ ЦРЊАНСКИ"	Нови Сад, Анђе Ранковић бр. 2	Нови Сад	Анђе Ранковић бр. 2	45.247616	19.796559	objekat
Нови Сад	32	ОШ "МИЛОШ ЦРЊАНСКИ"	Нови Сад, Анђе Ранковић бр. 2	Нови Сад	Анђе Ранковић бр. 2	45.247616	19.796559	objekat
Нови Сад	33	МЗ "ЈУЖНИ ТЕЛЕП"	Нови Сад, Јаношикова бр. 1А	Нови Сад	Јаношикова бр. 1А	45.233588	19.815358	objekat
Нови Сад	34	МЗ "ЈУЖНИ ТЕЛЕП"	Нови Сад, Јаношикова бр. 1А	Нови Сад	Јаношикова бр. 1А	45.233588	19.815358	objekat
Нови Сад	35	ОШ "ЈОЖЕФ АТИЛА"	Нови Сад, Шарпланинска бр. 28	Нови Сад	Шарпланинска бр. 28	45.237575	19.807509	objekat
Нови Сад	36	МЗ "БРАТСТВО-ТЕЛЕП"	Нови Сад, Илариона Руварца бр. 18А	Нови Сад	Илариона Руварца бр. 18А	45.243227	19.802002	objekat
Нови Сад	37	ОШ "ЈОЖЕФ АТИЛА"	Нови Сад, Шарпланинска бр. 28	Нови Сад	Шарпланинска бр. 28	45.237575	19.807509	objekat
Нови Сад	38	ОШ "ЈОЖЕФ АТИЛА"	Нови Сад, Шарпланинска бр. 28	Нови Сад	Шарпланинска бр. 28	45.237575	19.807509	objekat
Нови Сад	39	МЗ "НИКОЛА ТЕСЛА - ТЕЛЕП"	Нови Сад, Гери Кароља бр. 5	Нови Сад	Гери Кароља бр. 5	45.245174	19.817233	objekat
Нови Сад	40	МЗ "НИКОЛА ТЕСЛА - ТЕЛЕП"	Нови Сад, Гери Кароља бр. 5	Нови Сад	Гери Кароља бр. 5	45.245174	19.817233	objekat
Нови Сад	41	МЗ "НИКОЛА ТЕСЛА - ТЕЛЕП"	Нови Сад, Гери Кароља бр. 5	Нови Сад	Гери Кароља бр. 5	45.245174	19.817233	objekat
Нови Сад	42	ОШ "ЈОВАН ДУЧИЋ"	Петроварадин, Прерадовићева бр. 6	Петроварадин	Прерадовићева бр. 6	45.251842	19.871470	objekat
Нови Сад	43	МЗ "ПЕТРОВАРАДИН" (ВЕЛИКА САЛА)	Петроварадин, Чајковског бр. 1А	Петроварадин	Чајковског бр. 1А	45.252886	19.872173	objekat
Нови Сад	44	МЗ "ПЕТРОВАРАДИН" (МАЛА САЛА)	Петроварадин, Чајковског бр. 1А	Петроварадин	Чајковског бр. 1А	45.252886	19.872173	objekat
Нови Сад	45	ОШ "ЈОВАН ДУЧИЋ"	Петроварадин, Прерадовићева бр. 6	Петроварадин	Прерадовићева бр. 6	45.251842	19.871470	objekat
Нови Сад	46	РТВ СТУДИО ДУНАВ	Петроварадин, Патријарха Рајачића бр. 30	Петроварадин	Патријарха Рајачића бр. 30	45.252868	19.873864	objekat
Нови Сад	47	ОШ "ЈОВАН ДУЧИЋ"	Петроварадин, Фрање Малина бр. 2	Петроварадин	Фрање Малина бр. 2	45.241624	19.881222	objekat
Нови Сад	48	ЛОВАЧКО ДРУШТВО "ЗЕЦ"	Петроварадин, Прерадовићева бр. 108	Петроварадин	Прерадовићева бр. 108	45.241950	19.882816	objekat
Нови Сад	49	ОШ "ЈОВАН ДУЧИЋ"	Петроварадин, Фрање Малина бр. 2	Петроварадин	Фрање Малина бр. 2	45.241624	19.881222	objekat
Нови Сад	50	ГИМНАЗИЈА "СВЕТОЗАР МАРКОВИЋ"	Нови Сад, Његошева бр. 22	Нови Сад	Његошева бр. 22	45.257144	19.843078	objekat
Нови Сад	51	МЗ "СТАРИ ГРАД"	Нови Сад, Краља Александра бр. 1	Нови Сад	Краља Александра бр. 1	45.254211	19.844914	objekat
Нови Сад	52	ОШ "I ВОЈВОЂАНСКА БРИГАДА"	Нови Сад, Сељачких буна бр. 51А	Нови Сад	Сељачких буна бр. 51А	45.254021	19.797913	objekat
Нови Сад	53	ОШ "I ВОЈВОЂАНСКА БРИГАДА"	Нови Сад, Сељачких буна бр. 51А	Нови Сад	Сељачких буна бр. 51А	45.254021	19.797913	objekat
Нови Сад	54	ОШ "I ВОЈВОЂАНСКА БРИГАДА"	Нови Сад, Сељачких буна бр. 51А	Нови Сад	Сељачких буна бр. 51А	45.254021	19.797913	objekat
Нови Сад	55	ОШ "I ВОЈВОЂАНСКА БРИГАДА"	Нови Сад, Сељачких буна бр. 51А	Нови Сад	Сељачких буна бр. 51А	45.254021	19.797913	objekat
Нови Сад	56	ОШ "I ВОЈВОЂАНСКА БРИГАДА"	Нови Сад, Сељачких буна бр. 51А	Нови Сад	Сељачких буна бр. 51А	45.254021	19.797913	objekat
Нови Сад	57	ОШ "I ВОЈВОЂАНСКА БРИГАДА"	Нови Сад, Сељачких буна бр. 51А	Нови Сад	Сељачких буна бр. 51А	45.254021	19.797913	objekat
Нови Сад	58	ОШ "I ВОЈВОЂАНСКА БРИГАДА"	Нови Сад, Сељачких буна бр. 51А	Нови Сад	Сељачких буна бр. 51А	45.254021	19.797913	objekat
Нови Сад	59	ОШ "I ВОЈВОЂАНСКА БРИГАДА"	Нови Сад, Сељачких буна бр. 51А	Нови Сад	Сељачких буна бр. 51А	45.254021	19.797913	objekat
Нови Сад	60	ОШ "I ВОЈВОЂАНСКА БРИГАДА"	Нови Сад, Сељачких буна бр. 51А	Нови Сад	Сељачких буна бр. 51А	45.254021	19.797913	objekat
Нови Сад	61	ОШ "I ВОЈВОЂАНСКА БРИГАДА"	Нови Сад, Сељачких буна бр. 51А	Нови Сад	Сељачких буна бр. 51А	45.254021	19.797913	objekat
Нови Сад	62	ОШ "I ВОЈВОЂАНСКА БРИГАДА"	Нови Сад, Сељачких буна бр. 51А	Нови Сад	Сељачких буна бр. 51А	45.254021	19.797913	objekat
Нови Сад	63	ОШ "I ВОЈВОЂАНСКА БРИГАДА"	Нови Сад, Сељачких буна бр. 51А	Нови Сад	Сељачких буна бр. 51А	45.254021	19.797913	objekat
Нови Сад	64	ШКОЛА ЗА ДИЗАЈН "БОГДАН ШУПУТ"	Нови Сад, Јанка Веселиновића бр. 22	Нови Сад	Јанка Веселиновића бр. 22	45.260937	19.814813	objekat
Нови Сад	65	ШКОЛА ЗА ДИЗАЈН "БОГДАН ШУПУТ"	Нови Сад, Јанка Веселиновића бр. 22	Нови Сад	Јанка Веселиновића бр. 22	45.260937	19.814813	objekat
Нови Сад	66	ШКОЛА ЗА ДИЗАЈН "БОГДАН ШУПУТ"	Нови Сад, Јанка Веселиновића бр. 22	Нови Сад	Јанка Веселиновића бр. 22	45.260937	19.814813	objekat
Нови Сад	67	ШКОЛА ЗА ДИЗАЈН "БОГДАН ШУПУТ"	Нови Сад, Јанка Веселиновића бр. 22	Нови Сад	Јанка Веселиновића бр. 22	45.260937	19.814813	objekat
Нови Сад	68	ШКОЛА ЗА ДИЗАЈН "БОГДАН ШУПУТ"	Нови Сад, Јанка Веселиновића бр. 22	Нови Сад	Јанка Веселиновића бр. 22	45.260937	19.814813	objekat
Нови Сад	69	ШКОЛА ЗА ДИЗАЈН "БОГДАН ШУПУТ"	Нови Сад, Јанка Веселиновића бр. 22	Нови Сад	Јанка Веселиновића бр. 22	45.260937	19.814813	objekat
Нови Сад	70	ОШ "СВЕТИ САВА"	Руменка, Јована Јовановића Змаја бр. 24	Руменка	Јована Јовановића Змаја бр. 24	45.295532	19.747590	objekat
Нови Сад	71	ОШ "СВЕТИ САВА"	Руменка, Јована Јовановића Змаја бр. 24	Руменка	Јована Јовановића Змаја бр. 24	45.295532	19.747590	objekat
Нови Сад	72	ОШ "СВЕТИ САВА"	Руменка, Јована Јовановића Змаја бр. 24	Руменка	Јована Јовановића Змаја бр. 24	45.295532	19.747590	objekat
Нови Сад	73	МЗ "РАДНИЧКИ" (КЛУБ ПЕНЗИОНЕРА)	Нови Сад, Браће Могин бр. 2/1	Нови Сад	Браће Могин бр. 2/1	45.263989	19.813679	ulica
Нови Сад	74	МЗ "РАДНИЧКИ" (ВЕЛИКА САЛА)	Нови Сад, Браће Могин бр. 2/1	Нови Сад	Браће Могин бр. 2/1	45.263989	19.813679	ulica
Нови Сад	75	ОШ "ДОСИТЕЈ ОБРАДОВИЋ"	Нови Сад, Филипа Филиповића бр. 3	Нови Сад	Филипа Филиповића бр. 3	45.266249	19.812398	objekat
Нови Сад	76	ОШ "ДОСИТЕЈ ОБРАДОВИЋ"	Нови Сад, Филипа Филиповића бр. 3	Нови Сад	Филипа Филиповића бр. 3	45.266249	19.812398	objekat
Нови Сад	77	ОШ "СВЕТОЗАР МАРКОВИЋ - ТОЗА"	Нови Сад, Јанка Чмелика бр. 89	Нови Сад	Јанка Чмелика бр. 89	45.263367	19.808287	objekat
Нови Сад	78	ОШ "СВЕТОЗАР МАРКОВИЋ - ТОЗА"	Нови Сад, Јанка Чмелика бр. 89	Нови Сад	Јанка Чмелика бр. 89	45.263367	19.808287	objekat
Нови Сад	79	МЗ "САЈЛОВО"	Нови Сад, Горње Сајлово бр. 37Б	Нови Сад	Горње Сајлово бр. 37Б	45.277193	19.782710	objekat
Нови Сад	80	МЗ "ЈУГОВИЋЕВО"	Нови Сад, Тараса Шевченка бр. 1	Нови Сад	Тараса Шевченка бр. 1	45.263395	19.810581	objekat
Нови Сад	81	ОШ "СВЕТОЗАР МАРКОВИЋ - ТОЗА"	Нови Сад, Јанка Чмелика бр. 89	Нови Сад	Јанка Чмелика бр. 89	45.263367	19.808287	objekat
Нови Сад	82	ОШ "ДУШАН РАДОВИЋ"	Нови Сад, Велебитска бб	Нови Сад	Велебитска бб	45.289266	19.826388	objekat
Нови Сад	83	МЗ "КЛИСА"	Нови Сад, Савска бр. 27	Нови Сад	Савска бр. 27	45.299666	19.826490	objekat
Нови Сад	84	ОШ "ДУШАН РАДОВИЋ"	Нови Сад, Велебитска бб	Нови Сад	Велебитска бб	45.289266	19.826388	objekat
Нови Сад	85	ОШ "ДУШАН РАДОВИЋ"	Нови Сад, Велебитска бб	Нови Сад	Велебитска бб	45.289266	19.826388	objekat
Нови Сад	86	ОШ "ДУШАН РАДОВИЋ"	Нови Сад, Велебитска бб	Нови Сад	Велебитска бб	45.289266	19.826388	objekat
Нови Сад	87	ОШ "ДУШАН РАДОВИЋ"	Нови Сад, Ченејска бр. 61	Нови Сад	Ченејска бр. 61	45.289361	19.826878	objekat
Нови Сад	88	ОШ "ДУШАН РАДОВИЋ"	Нови Сад, Ченејска бр. 61	Нови Сад	Ченејска бр. 61	45.289361	19.826878	objekat
Нови Сад	89	ОШ "ДУШАН РАДОВИЋ"	Нови Сад, Ченејска бр. 61	Нови Сад	Ченејска бр. 61	45.289361	19.826878	objekat
Нови Сад	90	ОШ "ДУШАН РАДОВИЋ"	Нови Сад, Ченејска бр. 61	Нови Сад	Ченејска бр. 61	45.289361	19.826878	objekat
Нови Сад	91	МЗ "ВИДОВДАНСКО НАСЕЉЕ" (ВЕЛИКА САЛА)	Нови Сад, Др Јована Андрејевића бр. 2А	Нови Сад	Др Јована Андрејевића бр. 2А	45.282770	19.833482	objekat
Нови Сад	92	МЗ "ВИДОВДАНСКО НАСЕЉЕ" (МАЛА САЛА)	Нови Сад, Др Јована Андрејевића бр. 2А	Нови Сад	Др Јована Андрејевића бр. 2А	45.282770	19.833482	objekat
Нови Сад	93	МЗ "ЧЕНЕЈ"	Ченеј, Вука Караџића бр. 289	Ченеј	Вука Караџића бр. 289	45.369355	19.800822	objekat
Нови Сад	94	МЗ "ПЕЈИЋЕВИ САЛАШИ-НЕМАНОФЦИ"	Ченеј, Пејићеви салаши бр. 33	Ченеј	Пејићеви салаши бр. 33	45.329306	19.871541	objekat
Нови Сад	95	ДОМ ПЕНЗИОНЕРА (ДВОРИШТЕ МЗ "КИСАЧ")	Кисач, Словачка бр. 10	Кисач	Словачка бр. 10	45.348477	19.724946	objekat
Нови Сад	96	Киц	Кисач, Словачка бр. 22	Кисач	Словачка бр. 22	45.347396	19.727369	objekat
Нови Сад	97	ОШ "ЉУДОВИТ ШТУР"	Кисач, Железничка бр. 1	Кисач	Железничка бр. 1	45.356433	19.731460	objekat
Нови Сад	98	ОШ "ЉУДОВИТ ШТУР"	Кисач, Железничка бр. 1	Кисач	Железничка бр. 1	45.356433	19.731460	objekat
Нови Сад	99	КУД "СВЕТОЗАР МАРКОВИЋ"	Нови Сад, Шумадијска бр. 6	Нови Сад	Шумадијска бр. 6	45.258512	19.850438	objekat
Нови Сад	100	ОШ "ЂУРА ДАНИЧИЋ"	Нови Сад, Душана Васиљева бр. 19	Нови Сад	Душана Васиљева бр. 19	45.260865	19.853149	objekat
Нови Сад	101	СШ "ПИНКИ"	Нови Сад, Шумадијска бр. 12	Нови Сад	Шумадијска бр. 12	45.259346	19.850718	objekat
Нови Сад	102	МЗ "ПОДБАРА"	Нови Сад, Косовска бр. 41	Нови Сад	Косовска бр. 41	45.263101	19.850097	objekat
Нови Сад	103	ОШ "ИВАН ГУНДУЛИЋ"	Нови Сад, Гундулићева бр. 9	Нови Сад	Гундулићева бр. 9	45.264767	19.845569	objekat
Нови Сад	104	ОШ "ИВАН ГУНДУЛИЋ"	Нови Сад, Гундулићева бр. 9	Нови Сад	Гундулићева бр. 9	45.264767	19.845569	objekat
Нови Сад	105	ОШ "ИВАН ГУНДУЛИЋ"	Нови Сад, Гундулићева бр. 9	Нови Сад	Гундулићева бр. 9	45.264767	19.845569	objekat
Нови Сад	106	ОШ "ВУК КАРАЏИЋ"	Нови Сад, Радоја Домановића бр. 24	Нови Сад	Радоја Домановића бр. 24	45.268267	19.838834	objekat
Нови Сад	107	МЗ "САЛАЈКА"	Нови Сад, Шајкашка бр. 26	Нови Сад	Шајкашка бр. 26	45.272720	19.838129	objekat
Нови Сад	108	ЈКП "ВОДОВОД И КАНАЛИЗАЦИЈА"	Нови Сад, Ђорђа Зличића бр. 27	Нови Сад	Ђорђа Зличића бр. 27	45.268342	19.836491	objekat
Нови Сад	109	МЗ "ШАНГАЈ"	Нови Сад, Улица VIII бр. 8	Нови Сад	Улица VIII бр. 8	45.272362	19.873458	objekat
Нови Сад	110	ОШ "ЂУРА ЈАКШИЋ"	Каћ, Виноградарска бр. 2	Каћ	Виноградарска бр. 2	45.299951	19.940719	objekat
Нови Сад	111	ОШ "ЂУРА ЈАКШИЋ"	Каћ, Виноградарска бр. 3	Каћ	Виноградарска бр. 3	45.304167	19.923975	objekat
Нови Сад	112	ОШ "ЂУРА ЈАКШИЋ"	Каћ, Војина Палексића бр. 3	Каћ	Војина Палексића бр. 3	45.299951	19.940719	objekat
Нови Сад	113	ОШ "ЂУРА ЈАКШИЋ"	Каћ, Краља Петра I бр. 9	Каћ	Краља Петра I бр. 9	45.299951	19.940719	objekat
Нови Сад	114	ОШ "ЂУРА ЈАКШИЋ"	Каћ, Краља Петра I бр. 9	Каћ	Краља Петра I бр. 9	45.299951	19.940719	objekat
Нови Сад	115	ОШ "ЂУРА ЈАКШИЋ"	Каћ, Краља Петра I бр. 9	Каћ	Краља Петра I бр. 9	45.299951	19.940719	objekat
Нови Сад	116	ОШ "ИВО АНДРИЋ"	Будисава, Школска бр. 3	Будисава	Школска бр. 3	45.279141	19.993987	objekat
Нови Сад	117	ОШ "ИВО АНДРИЋ"	Будисава, Школска бр. 3	Будисава	Школска бр. 3	45.279141	19.993987	objekat
Нови Сад	118	ОШ "ЛАЗА КОСТИЋ"	Ковиљ, Лазе Костића бр. 42	Ковиљ	Лазе Костића бр. 42	45.225208	20.022021	objekat
Нови Сад	119	ОШ "ЛАЗА КОСТИЋ"	Ковиљ, Лазе Костића бр. 42	Ковиљ	Лазе Костића бр. 42	45.225208	20.022021	objekat
Нови Сад	120	ОШ "ЛАЗА КОСТИЋ"	Ковиљ, Лазе Костића бр. 42	Ковиљ	Лазе Костића бр. 42	45.225208	20.022021	objekat
Нови Сад	121	ОШ "ЛАЗА КОСТИЋ"	Ковиљ, Лазе Костића бр. 42	Ковиљ	Лазе Костића бр. 42	45.225208	20.022021	objekat
Нови Сад	122	МЗ "ОМЛАДИНСКИ ПОКРЕТ"	Нови Сад, Омладинског покрета бр. 11	Нови Сад	Омладинског покрета бр. 11	45.262545	19.822905	objekat
Нови Сад	123	КЛУБ ПЕНЗИОНЕРА	Нови Сад, Париске комуне бр. 44	Нови Сад	Париске комуне бр. 44	45.261907	19.824564	objekat
Нови Сад	124	СШЦ "МИЛЕВА МАРИЋ АЈНШТАЈН"	Нови Сад, Гагаринова бр. 1	Нови Сад	Гагаринова бр. 1	45.261802	19.828222	objekat
Нови Сад	125	СШЦ "МИЛЕВА МАРИЋ АЈНШТАЈН"	Нови Сад, Гагаринова бр. 1	Нови Сад	Гагаринова бр. 1	45.261802	19.828222	objekat
Нови Сад	126	СРЕДЊА МАШИНСКА ШКОЛА	Нови Сад, Булевар краља Петра I бр. 38	Нови Сад	Булевар краља Петра I бр. 38	45.260044	19.828201	objekat
Нови Сад	127	СШЦ "МИЛЕВА МАРИЋ АЈНШТАЈН"	Нови Сад, Гагаринова бр. 1	Нови Сад	Гагаринова бр. 1	45.261802	19.828222	objekat
Нови Сад	128	МЗ "САВА КОВАЧЕВИЋ"	Нови Сад, Саве Ковачевића бр. 15	Нови Сад	Саве Ковачевића бр. 15	45.264162	19.832182	objekat
Нови Сад	129	ОШ "КОСТА ТРИФКОВИЋ"	Нови Сад, Берислава Берића бр. 2	Нови Сад	Берислава Берића бр. 2	45.264304	19.835946	objekat
Нови Сад	130	ОШ "КОСТА ТРИФКОВИЋ"	Нови Сад, Берислава Берића бр. 2	Нови Сад	Берислава Берића бр. 2	45.264304	19.835946	objekat
Нови Сад	131	МЗ "СОЊА МАРИНКОВИЋ"	Нови Сад, Кеј жртава рације бр. 4	Нови Сад	Кеј жртава рације бр. 4	45.253070	19.855124	objekat
Нови Сад	132	ОШ "ЂОРЂЕ НАТОШЕВИЋ"	Нови Сад, Максима Горког бр. 54	Нови Сад	Максима Горког бр. 54	45.251346	19.853646	objekat
Нови Сад	133	ОШ "ЂОРЂЕ НАТОШЕВИЋ"	Нови Сад, Максима Горког бр. 54	Нови Сад	Максима Горког бр. 54	45.251346	19.853646	objekat
Нови Сад	134	ОШ "ЈОВАН ПОПОВИЋ"	Нови Сад, Др Илије Ђуричића бр. 2	Нови Сад	Др Илије Ђуричића бр. 2	45.244119	19.849772	objekat
Нови Сад	135	ОШ "ЈОВАН ПОПОВИЋ"	Нови Сад, Др Илије Ђуричића бр. 2	Нови Сад	Др Илије Ђуричића бр. 2	45.244119	19.849772	objekat
Нови Сад	136	ОШ "ЈОВАН ПОПОВИЋ"	Нови Сад, Др Илије Ђуричића бр. 2	Нови Сад	Др Илије Ђуричића бр. 2	45.244119	19.849772	objekat
Нови Сад	137	ОШ "ЈОВАН ПОПОВИЋ"	Нови Сад, Раваничка бр. 2	Нови Сад	Раваничка бр. 2	45.241635	19.845524	objekat
Нови Сад	138	ОШ "ЈОВАН ПОПОВИЋ"	Нови Сад, Раваничка бр. 2	Нови Сад	Раваничка бр. 2	45.241635	19.845524	objekat
Нови Сад	139	ОШ "ЈОВАН ПОПОВИЋ"	Нови Сад, Раваничка бр. 2	Нови Сад	Раваничка бр. 2	45.241635	19.845524	objekat
Нови Сад	140	ОШ "ЈОВАН ПОПОВИЋ"	Нови Сад, Раваничка бр. 2	Нови Сад	Раваничка бр. 2	45.241635	19.845524	objekat
Нови Сад	141	МЗ "БОШКО БУХА"	Нови Сад, Фрушкогорска бр. 8	Нови Сад	Фрушкогорска бр. 8	45.243421	19.846678	objekat
Нови Сад	142	ОШ "ЖАРКО ЗРЕЊАНИН"	Нови Сад, Булевар деспота Стефана бр. 8	Нови Сад	Булевар деспота Стефана бр. 8	45.237520	19.836990	objekat
Нови Сад	143	ОШ "ЖАРКО ЗРЕЊАНИН"	Нови Сад, Булевар деспота Стефана бр. 8	Нови Сад	Булевар деспота Стефана бр. 8	45.237520	19.836990	objekat
Нови Сад	144	ОШ "ЖАРКО ЗРЕЊАНИН"	Нови Сад, Булевар деспота Стефана бр. 8	Нови Сад	Булевар деспота Стефана бр. 8	45.237520	19.836990	objekat
Нови Сад	145	ОШ "ЖАРКО ЗРЕЊАНИН"	Нови Сад, Булевар деспота Стефана бр. 8	Нови Сад	Булевар деспота Стефана бр. 8	45.237520	19.836990	objekat
Нови Сад	146	ОШ "ЖАРКО ЗРЕЊАНИН"	Нови Сад, Булевар деспота Стефана бр. 8	Нови Сад	Булевар деспота Стефана бр. 8	45.237520	19.836990	objekat
Нови Сад	147	ОШ "ЖАРКО ЗРЕЊАНИН"	Нови Сад, Булевар деспота Стефана бр. 8	Нови Сад	Булевар деспота Стефана бр. 8	45.237520	19.836990	objekat
Нови Сад	148	ДОМ ЗДРАВЉА "ЛИМАН" - УПРАВНА ЗГРАДА	Нови Сад, Булевар цара Лазара бр. 75	Нови Сад	Булевар цара Лазара бр. 75	45.240457	19.830188	objekat
Нови Сад	149	МЗ "ИВО АНДРИЋ"	Нови Сад, Бановић Страхиње бр. 20	Нови Сад	Бановић Страхиње бр. 20	45.238005	19.828744	objekat
Нови Сад	150	НАЦИОНАЛНИ ПАРК "ФРУШКА ГОРА"	Сремска Каменица, Трг Змај Јове бр. 1	Сремска Каменица	Трг Змај Јове бр. 1	45.223140	19.842264	objekat
Нови Сад	151	БОЦКЕ	Сремска Каменица, Лединачки пут бр. 78	Сремска Каменица	Лединачки пут бр. 78	45.218682	19.818808	objekat
Нови Сад	152	ПУ "РАДОСНО ДЕТИЊСТВО" - ОБЈЕКАТ "РАДОСНИЦА" (САЛА ЗА ФИЗИЧКО)	Нови Сад, Симе Шолаје бб	Нови Сад	Симе Шолаје бб	45.230992	19.787776	ulica
Нови Сад	153	МЗ "СРЕМСКА КАМЕНИЦА" (ВЕЛИКА САЛА)	Сремска Каменица, Марка Орешковића бр. 1А	Сремска Каменица	Марка Орешковића бр. 1А	45.220777	19.847822	objekat
Нови Сад	154	МЗ "СРЕМСКА КАМЕНИЦА" (ПРОСТОРИЈА ЈКП "ТРЖНИЦА")	Сремска Каменица, Марка Орешковића бр. 1А	Сремска Каменица	Марка Орешковића бр. 1А	45.220777	19.847822	objekat
Нови Сад	155	МОНТАЖНИ ОБЈЕКАТ НА ПАРАГОВУ	Сремска Каменица, Иришки пут бр. 17	Сремска Каменица	Иришки пут бр. 17	45.195749	19.842206	objekat
Нови Сад	156	ПУ "РАДОСНО ДЕТИЊСТВО" ОБЈЕКАТ "ПЛАВИ ЧУПЕРАК"	Сремска Каменица, Светозара Милетића бр. 1Б	Сремска Каменица	Светозара Милетића бр. 1Б	45.223665	19.853027	ulica
Нови Сад	157	ОШ "ЈОВАН ЈОВАНОВИЋ ЗМАЈ"	Сремска Каменица, Школска бр. 3	Сремска Каменица	Школска бр. 3	45.224417	19.842256	objekat
Нови Сад	158	ОШ "ЈОВАН ЈОВАНОВИЋ ЗМАЈ"	Лединци, Ђурђевданска бр. 3	Лединци	Ђурђевданска бр. 3	45.209282	19.803262	ulica
Нови Сад	159	МЗ "СТАРИ ЛЕДИНЦИ"	Стари Лединци, Вука Караџића бр. 98	Стари Лединци	Вука Караџића бр. 98	45.186523	19.803864	objekat
Нови Сад	160	ОШ "22. АВГУСТ"	Буковац, Трг жртава геноцида бр. 1	Буковац	Трг жртава геноцида бр. 1	45.196434	19.892501	objekat
Нови Сад	161	МК БУКОВАЦ	Буковац, Карађорђева бр. 76	Буковац	Карађорђева бр. 76	45.194491	19.894239	objekat
Нови Сад	162	МЗ "ОСТРВО"	Нови Сад, Народног фронта бр. 71	Нови Сад	Народног фронта бр. 71	45.237533	19.830810	objekat
Нови Сад	163	ПУ "РАДОСНО ДЕТИЊСТВО" ОБЈЕКАТ "НОВОСАЂАНЧЕ"	Нови Сад, Бановић Страхиње бб	Нови Сад	Бановић Страхиње бб	45.239128	19.828293	ulica
Нови Сад	164	КЛУБ ПЕНЗИОНЕРА "ОЛГА ПЕТРОВ"	Нови Сад, Футошка бр. 67	Нови Сад	Футошка бр. 67	45.248968	19.823089	objekat
Нови Сад	165	ОШ "ВАСА СТАЈИЋ"	Нови Сад, Војводе Книћанина бр. 12Б	Нови Сад	Војводе Книћанина бр. 12Б	45.246380	19.826345	objekat
Нови Сад	166	ОШ "ВАСА СТАЈИЋ"	Нови Сад, Војводе Книћанина бр. 12Б	Нови Сад	Војводе Книћанина бр. 12Б	45.246380	19.826345	objekat
Нови Сад	167	СРЕДЊА МЕДИЦИНСКА ШКОЛА "7. АПРИЛ"	Нови Сад, Војводе Книћанина бр. 1	Нови Сад	Војводе Книћанина бр. 1	45.243792	19.827296	objekat
Нови Сад	168	МЗ "7. ЈУЛИ"	Нови Сад, Цара Душана бр. 27	Нови Сад	Цара Душана бр. 27	45.245988	19.825391	objekat
Нови Сад	169	СРЕДЊА МЕДИЦИНСКА ШКОЛА "7. АПРИЛ"	Нови Сад, Војводе Книћанина бр. 1	Нови Сад	Војводе Книћанина бр. 1	45.243792	19.827296	objekat
Нови Сад	170	СРЕДЊА МЕДИЦИНСКА ШКОЛА "7. АПРИЛ"	Нови Сад, Војводе Книћанина бр. 1	Нови Сад	Војводе Книћанина бр. 1	45.243792	19.827296	objekat
Нови Сад	171	ВЕРА ПАВЛОВИЋ	Нови Сад, Гогољева бр. 1	Нови Сад	Гогољева бр. 1	45.245356	19.836363	objekat
Нови Сад	172	ОШ "СОЊА МАРИНКОВИЋ"	Нови Сад, Пушкинова бр. 28	Нови Сад	Пушкинова бр. 28	45.243840	19.833876	objekat
Нови Сад	173	ОШ "СОЊА МАРИНКОВИЋ"	Нови Сад, Пушкинова бр. 28	Нови Сад	Пушкинова бр. 28	45.243840	19.833876	objekat
Нови Сад	174	ОШ "СОЊА МАРИНКОВИЋ"	Нови Сад, Пушкинова бр. 28	Нови Сад	Пушкинова бр. 28	45.243840	19.833876	objekat
Нови Сад	175	ТЕХНИЧКА ШКОЛА "МИЛЕВА МАРИЋ-АЈНШТАЈН"	Нови Сад, Браће Рибникар бр. 40	Нови Сад	Браће Рибникар бр. 40	45.248748	19.835082	objekat
Нови Сад	176	ТЕХНИЧКА ШКОЛА "МИЛЕВА МАРИЋ-АЈНШТАЈН"	Нови Сад, Браће Рибникар бр. 40	Нови Сад	Браће Рибникар бр. 40	45.248748	19.835082	objekat
Нови Сад	177	СРЕДЊА ШКОЛА "СВЕТОЗАР МИЛЕТИЋ"	Нови Сад, Народних хероја бр. 7	Нови Сад	Народних хероја бр. 7	45.252514	19.843364	objekat
Нови Сад	178	СРЕДЊА ШКОЛА "СВЕТОЗАР МИЛЕТИЋ"	Нови Сад, Народних хероја бр. 7	Нови Сад	Народних хероја бр. 7	45.252514	19.843364	objekat
Нови Сад	179	ГРАДСКА УПРАВА ЗА ИНСПЕКЦИЈСКЕ ПОСЛОВЕ ГРАДА НОВОГ САДА	Нови Сад, Димитрија Туцовића бр. 3	Нови Сад	Димитрија Туцовића бр. 3	45.246299	19.840936	objekat
Нови Сад	180	АД "ЖЕЛЕЗНИЦЕ СРБИЈЕ"	Нови Сад, Васе Стајића бр. 2	Нови Сад	Васе Стајића бр. 2	45.252328	19.844970	objekat
Нови Сад	181	МЗ "ЖИТНИ ТРГ"	Нови Сад, Димитрија Аврамовића бр. 8	Нови Сад	Димитрија Аврамовића бр. 8	45.258085	19.834931	objekat
Нови Сад	182	ОШ "ИВО ЛОЛА РИБАР"	Нови Сад, Краљевића Марка бр. 2А	Нови Сад	Краљевића Марка бр. 2А	45.259676	19.836201	objekat
Нови Сад	183	ОШ "ИВО ЛОЛА РИБАР"	Нови Сад, Краљевића Марка бр. 2А	Нови Сад	Краљевића Марка бр. 2А	45.259676	19.836201	objekat
Нови Сад	184	ОШ "ИВО ЛОЛА РИБАР"	Нови Сад, Краљевића Марка бр. 2А	Нови Сад	Краљевића Марка бр. 2А	45.259676	19.836201	objekat
Нови Сад	185	ОШ "ИВО ЛОЛА РИБАР"	Нови Сад, Краљевића Марка бр. 2А	Нови Сад	Краљевића Марка бр. 2А	45.259676	19.836201	objekat
Нови Сад	186	ПУ "РАДОСНО ДЕТИЊСТВО" - ОБЈЕКАТ "ПАЛЧИЦА"	Нови Сад, Бранимира Ћосића бр. 40	Нови Сад	Бранимира Ћосића бр. 40	45.258046	19.831661	objekat
Нови Сад	187	МЗ "НАРОДНИ ХЕРОЈИ"	Нови Сад, Мајевичка бр. 2Б	Нови Сад	Мајевичка бр. 2Б	45.258871	19.829746	objekat
Нови Сад	188	МЗ "НАРОДНИ ХЕРОЈИ"	Нови Сад, Мајевичка бр. 2Б	Нови Сад	Мајевичка бр. 2Б	45.258871	19.829746	objekat
Нови Сад	189	ПРЕДУЗЕЋЕ "ДЕС"	Нови Сад, Богдана Гарабантина бр. 3	Нови Сад	Богдана Гарабантина бр. 3	45.257618	19.825924	objekat
Нови Сад	190	ОШ "ПЕТЕФИ ШАНДОР"	Нови Сад, Боре Продановића бр. 15А	Нови Сад	Боре Продановића бр. 15А	45.254105	19.829993	objekat
Нови Сад	191	ОШ "ПЕТЕФИ ШАНДОР"	Нови Сад, Боре Продановића бр. 15А	Нови Сад	Боре Продановића бр. 15А	45.254105	19.829993	objekat
Нови Сад	192	ОШ "ПЕТЕФИ ШАНДОР"	Нови Сад, Боре Продановића бр. 15А	Нови Сад	Боре Продановића бр. 15А	45.254105	19.829993	objekat
Нови Сад	193	ОШ "МИХАЈЛО ПУПИН"	Ветерник, Краља Александра бр. 38	Ветерник	Краља Александра бр. 38	45.253417	19.755306	objekat
Нови Сад	194	ШКОЛА ЗА ДИЗАЈН "БОГДАН ШУПУТ"	Нови Сад, Јанка Веселиновића бр. 22	Нови Сад	Јанка Веселиновића бр. 22	45.260937	19.814813	objekat
Нови Сад	195	ШКОЛА ЗА ДИЗАЈН "БОГДАН ШУПУТ"	Нови Сад, Јанка Веселиновића бр. 22	Нови Сад	Јанка Веселиновића бр. 22	45.260937	19.814813	objekat
Нови Сад	196	ОШ "ИВО ЛОЛА РИБАР"	Нови Сад, Краљевића Марка бр. 2А	Нови Сад	Краљевића Марка бр. 2А	45.259676	19.836201	objekat
Нови Сад	197	ПУ "РАДОСНО ДЕТИЊСТВО" - ОБЈЕКАТ "РАДОСНИЦА"	Нови Сад, Симе Шолаје бб	Нови Сад	Симе Шолаје бб	45.230992	19.787776	ulica
Нови Сад	198	ГИМНАЗИЈА "ЛАЗА КОСТИЋ"	Нови Сад, Лазе Лазаревића 1	Нови Сад	Лазе Лазаревића 1	45.238626	19.821041	objekat
Нови Сад	199	ОШ "ЈОЖЕФ АТИЛА"	Нови Сад, Шарпланинска бр. 28	Нови Сад	Шарпланинска бр. 28	45.237575	19.807509	objekat
Нови Сад	200	ПРАВНИ ФАКУЛТЕТ ЗА ПРИВРЕДУ И ПРАВОСУЂЕ	Нови Сад, Гери Кароља бр. 3Б	Нови Сад	Гери Кароља бр. 3Б	45.245050	19.817648	objekat
Нови Сад	201	МЗ "АДИЦЕ" (ВЕЛИКА САЛА)	Нови Сад, Симе Шолаје бр. 2А	Нови Сад	Симе Шолаје бр. 2А	45.233833	19.786596	objekat
Нови Сад	202	ШКОЛА ЗА ДИЗАЈН "БОГДАН ШУПУТ"	Нови Сад, Јанка Веселиновића бр. 22	Нови Сад	Јанка Веселиновића бр. 22	45.260937	19.814813	objekat
Нови Сад	203	ОШ "ПЕТЕФИ ШАНДОР"	Нови Сад, Боре Продановића бр. 15А	Нови Сад	Боре Продановића бр. 15А	45.254105	19.829993	objekat
Нови Сад	204	ЈКП ГРАДСКО ЗЕЛЕНИЛО	Нови Сад, Младена Лесковца	Нови Сад	Младена Лесковца	45.251099	19.827050	objekat
Нови Сад	205	МЗ "САЈЛОВО"	Нови Сад, Горње Сајлово бр. 37Б	Нови Сад	Горње Сајлово бр. 37Б	45.277193	19.782710	objekat
Нови Сад	206	СРЕДЊА МЕДИЦИНСКА ШКОЛА "ДОСИТЕЈ ОБРАДОВИЋ"	Нови Сад, Сувобоска 6	Нови Сад	Сувобоска 6	45.265530	19.829306	objekat
Нови Сад	207	ПУ "РАДОСНО ДЕТИЊСТВО" - ОБЈЕКАТ "ПЛАВИ ЧУПЕРАК" (ПРВИ СПРАТ)	Сремска Каменица, Светозара Милетића бр. 15	Сремска Каменица	Светозара Милетића бр. 15	45.224295	19.854793	objekat
Нови Сад	208	ОШ "МИХАЈЛО ПУПИН"	Ветерник, Краља Александра бр. 38	Ветерник	Краља Александра бр. 38	45.253417	19.755306	objekat
Нови Сад	209	ОШ "МИХАЈЛО ПУПИН"	Ветерник, Краља Александра бр. 38	Ветерник	Краља Александра бр. 38	45.253417	19.755306	objekat
Нови Сад	210	ОШ "МАРИЈА ТРАНДАФИЛ"	Ветерник, Паунова 14	Ветерник	Паунова 14	45.240587	19.765545	objekat
Нови Сад	211	ОШ "СВЕТОЗАР МАРКОВИЋ - ТОЗА"	Нови Сад, Јанка Чмелика бр. 89	Нови Сад	Јанка Чмелика бр. 89	45.263367	19.808287	objekat
Нови Сад	212	ОШ "ВУК КАРАЏИЋ" (ПАВИЉОН ШКОЛЕ)	Нови Сад, Радоја Домановића бр. 24	Нови Сад	Радоја Домановића бр. 24	45.268267	19.838834	objekat
Нови Сад	213	КС СВИЛАРА	Нови Сад, Ђорђа Рајковића бр. 6 Б	Нови Сад	Ђорђа Рајковића бр. 6 Б	45.262563	19.849652	objekat
Нови Сад	214	ОШ "КОСТА ТРИФКОВИЋ"	Нови Сад, Берислава БериЋа бр. 2	Нови Сад	Берислава БериЋа бр. 2	45.264304	19.835946	objekat
Нови Сад	215	ОШ "ИВО ЛОЛА РИБАР"	Нови Сад, Краљевића Марка бр. 2	Нови Сад	Краљевића Марка бр. 2	45.260080	19.836394	objekat
Нови Сад	216	ШКОЛА ЗА ДИЗАЈН "БОГДАН ШУПУТ"	Нови Сад, Јанка Веселиновића бр. 22	Нови Сад	Јанка Веселиновића бр. 22	45.260937	19.814813	objekat
Нови Сад	217	ОШ "ВАСА СТАЈИЋ"	Нови Сад, Војводе Книћанина бр. 12Б	Нови Сад	Војводе Книћанина бр. 12Б	45.246380	19.826345	objekat
Нови Сад	218	ЛОВАЧКО ДРУШТВО "ЗЕЦ"	Петроварадин, Прерадовићева бр. 108	Петроварадин	Прерадовићева бр. 108	45.241950	19.882816	objekat
Нови Сад	219	МК ПЕТРОВАРАДИН	Петроварадин, Патријарха Рајачића бр. 24	Петроварадин	Патријарха Рајачића бр. 24	45.253229	19.873668	objekat
Нови Сад	220	ГИМНАЗИЈА "ЛАЗА КОСТИЋ"	Нови Сад, Лазе Лазаревића бр. 1	Нови Сад	Лазе Лазаревића бр. 1	45.238626	19.821041	objekat
Нови Сад	221	ПУ "РАДОСНО ДЕТИЊСТВО" ВРТИЋ "ЧАРОБНИ ШЕШИР" (САЛА ЗА ФИЗИЧКО)	Нови Сад, Десанке Максимовић бр. 80	Нови Сад	Десанке Максимовић бр. 80	45.230802	19.800357	objekat
Ново Брдо	1	ОШ "ДОСИТЕЈ ОБРАДОВИЋ"	Прековце	Прековце				nije_nadjeno
Обреновац	1	ОШ "ЈОВАН ЈОВАНОВИЋ - ЗМАЈ"	Обреновац, Цара Лазара бр. 2	Обреновац	Цара Лазара бр. 2	44.651108	20.192778	objekat
Обреновац	2	ДОМ "14. ОКТОБАР"	Обреновац, Кожарска бр. 1А	Обреновац	Кожарска бр. 1А	44.652743	20.183320	objekat
Обреновац	3	ОШ "ЈОВАН ЈОВАНОВИЋ - ЗМАЈ"	Обреновац, Цара Лазара бр. 2	Обреновац	Цара Лазара бр. 2	44.651108	20.192778	objekat
Обреновац	4	ДЕЧИЈЕ ОБДАНИШТЕ "ВЕСЕЉКО"	Обреновац, Ђачког батаљона бр. 36А	Обреновац	Ђачког батаљона бр. 36А	44.648437	20.187579	ulica
Обреновац	5	ОШ "ЈОВАН ЈОВАНОВИЋ - ЗМАЈ"	Обреновац, Цара Лазара бр. 2	Обреновац	Цара Лазара бр. 2	44.651108	20.192778	objekat
Обреновац	6	ЈКП "ТОПЛОВОД" ОБРЕНОВАЦ	Обреновац, Краља Петра Првог бр. 27	Обреновац	Краља Петра Првог бр. 27	44.658759	20.204324	objekat
Обреновац	7	ГИМНАЗИЈА	Обреновац, Милоша Обреновића бр. 90	Обреновац	Милоша Обреновића бр. 90	44.651848	20.199642	objekat
Обреновац	8	ЦРВЕНИ КРСТ ОБРЕНОВАЦ	Обреновац, Војводе Мишића бр. 176	Обреновац	Војводе Мишића бр. 176	44.653785	20.200675	objekat
Обреновац	9	ПРВА ОБРЕНОВАЧКА ОСНОВНА ШКОЛА	Обреновац, Милоша Обреновића бр. 169	Обреновац	Милоша Обреновића бр. 169	44.655854	20.206065	objekat
Обреновац	10	ЦЕНТАР ЗА СОЦИЈАЛНИ РАД	Обреновац, Улица 6. број 10/Ц	Обреновац	Улица 6. број 10/Ц	44.664481	20.202687	objekat
Обреновац	11	ОПШТИНСКА ОРГАНИЗАЦИЈА ПЕНЗИОНЕРА	Обреновац, Вука Караџића бр. 99Б	Обреновац	Вука Караџића бр. 99Б	44.657541	20.202164	objekat
Обреновац	12	ОШ "ПОСАВСКИ ПАРТИЗАНИ"	Обреновац, Светог Саве бр. 2	Обреновац	Светог Саве бр. 2	44.662286	20.205742	objekat
Обреновац	13	ОШ "ПОСАВСКИ ПАРТИЗАНИ"	Обреновац, Светог Саве бр. 2	Обреновац	Светог Саве бр. 2	44.662286	20.205742	objekat
Обреновац	14	ДОМ КУЛТУРЕ И СПОРТОВА "ОБРЕНОВАЦ"	Обреновац, Краља Александра Првог бр. 63	Обреновац	Краља Александра Првог бр. 63	44.658053	20.199900	objekat
Обреновац	15	ОШ "ЈЕФИМИЈА" У РОЈКОВЦУ	Обреновац, Краља Милутина бр. 3	Обреновац	Краља Милутина бр. 3	44.669399	20.197225	objekat
Обреновац	16	ОШ "ПОСАВСКИ ПАРТИЗАНИ"	Обреновац, Светог Саве бр. 2	Обреновац	Светог Саве бр. 2	44.662286	20.205742	objekat
Обреновац	17	ОШ "ЈЕФИМИЈА" У РОЈКОВЦУ	Обреновац, Краља Милутина бр. 3	Обреновац	Краља Милутина бр. 3	44.669399	20.197225	objekat
Обреновац	18	ДОМ МЗ РВАТИ	Рвати, Влашка башта бр. 2А	Рвати	Влашка башта бр. 2А	44.658490	20.195813	objekat
Обреновац	19	ОШ "ЈЕФИМИЈА" У РОЈКОВЦУ	Обреновац, Краља Милутина бр. 3	Обреновац	Краља Милутина бр. 3	44.669399	20.197225	objekat
Обреновац	20	ФК "БЕЛО ПОЉЕ"	Бело Поље, Белопољска бб	Бело Поље	Белопољска бб	44.643963	20.197683	ulica
Обреновац	21	ОСНОВНА ШКОЛА У ЗАБРЕЖЈУ	Забрежје, Савска бр. 10	Забрежје	Савска бр. 10	44.682892	20.204008	objekat
Обреновац	22	ДОМ КУЛТУРЕ ЗАБРЕЖЈЕ	Забрежје, Александра Аце Симовића бр. 235	Забрежје	Александра Аце Симовића бр. 235	44.682684	20.201804	objekat
Обреновац	23	ЛОКАЛ ЖЕЉКА САВЧИЋА КАФИЋ "ДЕСЕТКА"	Звечка, Браће Лазића бр. 103 (стари бр. 83)	Звечка	Браће Лазића бр. 103 (стари бр. 83)	44.640248	20.164318	naselje
Обреновац	24	ДОМ МЕСНЕ ЗАЈЕДНИЦЕ ЗВЕЧКА	Звечка, Браће Лазића бр. 176	Звечка	Браће Лазића бр. 176	44.653680	20.160982	objekat
Обреновац	25	ЛОКАЛ АНТИЋ МИРЈАНЕ	Звечка, Браће Јоксића бр. 79	Звечка	Браће Јоксића бр. 79	44.639387	20.183576	objekat
Обреновац	26	ЛОКАЛ "КОД МИШЕ"	Звечка, Драга Вуковића Корчагина бр. 171	Звечка	Драга Вуковића Корчагина бр. 171	44.638886	20.165808	objekat
Обреновац	27	ДОМ МЕСНЕ ЗАЈЕДНИЦЕ ЗВЕЧКА	Звечка, Драга Вуковића Корчагина бр. 301	Звечка	Драга Вуковића Корчагина бр. 301	44.626826	20.164060	objekat
Обреновац	28	НОВА ОСНОВНА ШКОЛА У БАРИЧУ	Барич, Обреновачки пут бр. 226	Барич	Обреновачки пут бр. 226	44.651680	20.259191	objekat
Обреновац	29	ДЕЧИЈЕ ОБДАНИШТЕ "КОЛИБРИ", БАРИЧ	Барич, Радничка бр. 3	Барич	Радничка бр. 3	44.650022	20.246101	objekat
Обреновац	30	СТАРА ОСНОВНА ШКОЛА У БАРИЧУ	Барич, Обреновачки пут бр. 224	Барич	Обреновачки пут бр. 224	44.651773	20.258962	objekat
Обреновац	31	НОВА ОСНОВНА ШКОЛА У БАРИЧУ	Барич, Обреновачки пут бр. 226	Барич	Обреновачки пут бр. 226	44.651680	20.259191	objekat
Обреновац	32	ДОМ КУЛТУРЕ МАЛА МОШТАНИЦА	Мала Моштаница, Палих бораца Мале Моштанице бр. 2	Мала Моштаница	Палих бораца Мале Моштанице бр. 2	44.638343	20.308539	objekat
Обреновац	33	ДОМ МЕСНЕ ЗАЈЕДНИЦЕ ГРАБОВАЦ	Грабовац, Школска бр. 1	Грабовац	Школска бр. 1	44.602357	20.105102	objekat
Обреновац	34	СТР "ФАВОРИТ"-СТАРИ ГРАБОВАЦ	Грабовац, Дољанска 79	Грабовац	Дољанска 79	44.624579	20.098190	objekat
Обреновац	35	ЦЕНТРАЛНА ОСНОВНА ШКОЛА У ДРАЖЕВАЦУ	Дражевац, Дражевачка 146	Дражевац	Дражевачка 146	44.598205	20.223353	ulica
Обреновац	36	ДОМ КУЛТУРЕ БАЉЕВАЦ	Баљевац, Живковићева бр. 6	Баљевац	Живковићева бр. 6	44.568002	20.269001	objekat
Обреновац	37	ДОМ КУЛТУРЕ КОНАТИЦЕ	Конатице, Нишка бр. 3	Конатице	Нишка бр. 3	44.555528	20.247890	objekat
Обреновац	38	ДОМ МЕСНЕ ЗАЈЕДНИЦЕ ПОЉАНЕ	Пољане, Доњи крај бр. 1	Пољане	Доњи крај бр. 1	44.524883	20.222522	objekat
Обреновац	39	ДОМ МЕСНЕ ЗАЈЕДНИЦЕ МИСЛОЂИН	Мислођин, Мислођинска бр. 126	Мислођин	Мислођинска бр. 126	44.631562	20.218936	objekat
Обреновац	40	ОСНОВНА ШКОЛА У ЈАСЕНКУ	Јасенак, Тополска бр. 33	Јасенак	Тополска бр. 33	44.615509	20.250670	objekat
Обреновац	41	ДОМ КУЛТУРЕ ОРАШАЦ	Орашац, Домска бр. 1	Орашац	Домска бр. 1	44.580685	20.034990	objekat
Обреновац	42	ОСНОВНА ШКОЛА ЛУКЕ У ДРЕНУ	Дрен, Горњи крај бр. 9	Дрен	Горњи крај бр. 9	44.594939	20.030208	objekat
Обреновац	43	ОСНУВНА ШКОЛА У ЉУБИНИЋУ	Љубинић, Љубинићска бр. 10	Љубинић	Љубинићска бр. 10	44.541587	20.058507	naselje
Обреновац	44	ОСНОВНА ШКОЛА У ВУКИЋЕВИЦИ	Вукићевица, Драгоша Калајића бр. 6	Вукићевица	Драгоша Калајића бр. 6	44.552769	20.014952	objekat
Обреновац	45	ДОМ КУЛТУРЕ ПИРОМАН	Пироман, Ваљевски пут бр. 8	Пироман	Ваљевски пут бр. 8	44.549940	20.140575	ulica
Обреновац	46	ОСНОВНА ШКОЛА У БРОВИЋУ	Бровић, Ваљевски пут бр. 5	Бровић	Ваљевски пут бр. 5	44.544828	20.132362	ulica
Обреновац	47	ОСНОВНА ШКОЛА У ТРСТЕНИЦИ	Трстеница, Трстеничка бр. 2	Трстеница	Трстеничка бр. 2	44.560663	20.109306	objekat
Обреновац	48	ДОМ МЕСНЕ ЗАЈЕДНИЦЕ РАТАРИ И БРГУЛИЦЕ	Бргулице, Савска 84	Бргулице	Савска 84	44.655375	20.109250	objekat
Обреновац	49	ДОМ МЕСНЕ ЗАЈЕДНИЦЕ КРТИНСКА	Кртинска, Вишњица бр. 1	Кртинска	Вишњица бр. 1	44.675197	20.136535	objekat
Обреновац	50	ДОМ КУЛТУРЕ УРОВЦИ	Уровци, Школска бр. 1	Уровци	Школска бр. 1	44.662850	20.140741	objekat
Обреновац	51	ОСНОВНА ШКОЛА У СКЕЛИ	Скела, Мила Манића Албанте бр. 2	Скела	Мила Манића Албанте бр. 2	44.674218	20.062522	ulica
Обреновац	52	ДОМ КУЛТУРЕ УШЋЕ	Ушће, Доњи крај бр. 2	Ушће	Доњи крај бр. 2	44.627941	20.003721	objekat
Обреновац	53	ДОМ КУЛТУРЕ СТУБЛИНЕ	Стублине, Ваљевски пут бр. 285	Стублине	Ваљевски пут бр. 285	44.571515	20.151380	objekat
Обреновац	54	ОШ "ЖИВОЈИН ПЕРИЋ" СТУБЛИНЕ	Стублине, Ваљевски пут бр. 242	Стублине	Ваљевски пут бр. 242	44.574471	20.151827	objekat
Обреновац	55	ДОМ МЕСНЕ ЗАЈЕДНИЦЕ ВЕЛИКО ПОЉЕ	Велико Поље, Омладинска бр. 19	Велико Поље	Омладинска бр. 19	44.606230	20.170093	objekat
Обреновац	56	ПРВА ОБРЕНОВАЧКА ШКОЛА	Обреновац, Милоша Обреновића бр. 169	Обреновац	Милоша Обреновића бр. 169	44.655854	20.206065	objekat
Обреновац	57	ФК "СТРЕЛАЦ" МИСЛОЂИН	Мислођин, Стефана Немање бр. 21	Мислођин	Стефана Немање бр. 21	44.646930	20.231916	objekat
Опово	1	ОСНОВНА ШКОЛА	Баранда, Трг Маршала Тита бр. 4	Баранда	Трг Маршала Тита бр. 4	45.084043	20.443907	objekat
Опово	2	ОСНОВНА ШКОЛА	Баранда, Трг Маршала Тита бр. 4	Баранда	Трг Маршала Тита бр. 4	45.084043	20.443907	objekat
Опово	3	ОСНОВНА ШКОЛА	Баранда, Трг Маршала Тита бр. 4	Баранда	Трг Маршала Тита бр. 4	45.084043	20.443907	objekat
Опово	4	ОСНОВНА ШКОЛА	Баранда, Трг Маршала Тита бр. 4	Баранда	Трг Маршала Тита бр. 4	45.084043	20.443907	objekat
Опово	5	ОСНОВНА ШКОЛА	Опово, Братства јединства бр. 12	Опово	Братства јединства бр. 12	45.050632	20.423033	objekat
Опово	6	ОСНОВНА ШКОЛА	Опово, Братства јединства бр. 12	Опово	Братства јединства бр. 12	45.050632	20.423033	objekat
Опово	7	ОСНОВНА ШКОЛА - САЛА	Опово, Братства јединства бр. 12	Опово	Братства јединства бр. 12	45.050632	20.423033	objekat
Опово	8	ОСНОВНА ШКОЛА	Опово, Братства јединства бр. 12	Опово	Братства јединства бр. 12	45.050632	20.423033	objekat
Опово	9	ФИСКУЛТУРНА САЛА ОПОВО	Опово, Братства јединства бр. 12	Опово	Братства јединства бр. 12	45.050632	20.423033	objekat
Опово	10	АД "АГРОС" - АУТОБУСКА СТАНИЦА	Опово, Иве Лоле Рибара бр. 1Ј	Опово	Иве Лоле Рибара бр. 1Ј	45.054153	20.427605	objekat
Опово	11	ОСНОВНА ШКОЛА	Опово, Братства јединства бр. 12	Опово	Братства јединства бр. 12	45.050632	20.423033	objekat
Опово	12	ОСНОВНА ШКОЛА	Опово, Братства јединства бр. 12	Опово	Братства јединства бр. 12	45.050632	20.423033	objekat
Опово	13	ОСНОВНА ШКОЛА	Опово, Братства јединства бб	Опово	Братства јединства бб	45.057550	20.431514	ulica
Опово	14	ГАЛЕРИЈА "ЈОВАН ПОПОВИЋ"	Опово, ЈНА бр. 2	Опово	ЈНА бр. 2	45.051258	20.422418	objekat
Опово	15	ДОМ ЗДРАВЉА САКУЛЕ	Сакуле, Трг Маршала Тита бр. 1	Сакуле	Трг Маршала Тита бр. 1	45.143625	20.481864	objekat
Опово	16	ПОСЛОВНИ ПРОСТОР (Пензионерски клуб)	Сакуле, Трг Маршала Тита бр. 1	Сакуле	Трг Маршала Тита бр. 1	45.143625	20.481864	objekat
Опово	17	ПОСЛОВНИ ПРОСТОР (Удружење жена)	Сакуле, Трг Маршала Тита бр. 1	Сакуле	Трг Маршала Тита бр. 1	45.143625	20.481864	objekat
Опово	18	ПОСЛОВНИ ПРОСТОР (Удружење сточара)	Сакуле, Трг Маршала Тита бр. 1	Сакуле	Трг Маршала Тита бр. 1	45.143625	20.481864	objekat
Опово	19	ОБЈЕКАТ КУЛТУРЕ САКУЛЕ (Сала за приредбе)	Сакуле, Трг Маршала Тита бр. 1	Сакуле	Трг Маршала Тита бр. 1	45.143625	20.481864	objekat
Опово	20	ОСНОВНА ШКОЛА	Сефкерин, Парковска бр. 2	Сефкерин	Парковска бр. 2	45.003772	20.481863	objekat
Опово	21	ОСНОВНА ШКОЛА	Сефкерин, Парковска бр. 2	Сефкерин	Парковска бр. 2	45.003772	20.481863	objekat
Опово	22	ОСНОВНА ШКОЛА	Сефкерин, Парковска бр. 2	Сефкерин	Парковска бр. 2	45.003772	20.481863	objekat
Опово	23	ОСНОВНА ШКОЛА	Сефкерин, Парковска бр. 2	Сефкерин	Парковска бр. 2	45.003772	20.481863	objekat
Опово	24	ОСНОВНА ШКОЛА	Сефкерин, Парковска бр. 2	Сефкерин	Парковска бр. 2	45.003772	20.481863	objekat
Опово	25	ОСНОВНА ШКОЛА	Сефкерин, Парковска бр. 2	Сефкерин	Парковска бр. 2	45.003772	20.481863	objekat
Осечина	1	НАРОДНА БИБЛИОТЕКА ОСЕЧИНА	Осечина, БРАЋЕ НЕДИЋ БР. 18	Осечина	БРАЋЕ НЕДИЋ БР. 18	44.373362	19.601745	objekat
Осечина	2	САЛА ПРЕКРШАЈНОГ СУДА ВАЉЕВО	Осечина, КАРАЂОРЂЕВА БР. 78	Осечина	КАРАЂОРЂЕВА БР. 78	44.372466	19.601570	objekat
Осечина	3	ОВЦ "БРАЋА НЕДИЋ"	Осечина, БРАЋЕ НЕДИЋ БР. 19	Осечина	БРАЋЕ НЕДИЋ БР. 19	44.374154	19.602314	objekat
Осечина	4	ОВЦ "БРАЋА НЕДИЋ"	Плужац	Плужац		44.392714	19.583938	ulica
Осечина	5	МЕСНА ЗАЈЕДНИЦА	Горње Црниљево	Горње Црниљево		44.408179	19.634384	ulica
Осечина	6	ОВЦ "БРАЋА НЕДИЋ"	Сирдија	Сирдија		44.367164	19.644543	ulica
Осечина	7	МЕСНА ЗАЈЕДНИЦА	Туђин	Туђин		44.368717	19.678917	naselje
Осечина	8	ОВЦ "БРАЋА НЕДИЋ"	Драгијевица	Драгијевица		44.347947	19.630237	ulica
Осечина	9	ОВЦ "БРАЋА НЕДИЋ"	Лопатањ	Лопатањ		44.336708	19.600894	ulica
Осечина	10	ОВЦ "БРАЋА НЕДИЋ"	Остружањ	Остружањ		44.369284	19.573851	ulica
Осечина	11	МЕСНА ЗАЈЕДНИЦА	Братачић	Братачић		44.349801	19.531876	naselje
Осечина	12	ОВЦ "БРАЋА НЕДИЋ"	Комирић	Комирић		44.427448	19.545954	naselje
Осечина	13	"ПОДГОРИНА ФРУХТ" ЗГРАДА МАГАЦИНА	Коњуша	Коњуша		44.440624	19.603497	ulica
Осечина	14	ОВЦ "БРАЋА НЕДИЋ"	Белотић	Белотић		44.381673	19.536105	naselje
Осечина	15	ОВЦ "БРАЋА НЕДИЋ"	Бастав	Бастав		44.367021	19.500208	naselje
Осечина	16	ОШ "ВОЈВОДА МИШИЋ"	Гуњаци	Гуњаци		44.323365	19.524683	naselje
Осечина	17	ОШ "ВОЈВОДА МИШИЋ"	Царина	Царина		44.291079	19.508189	ulica
Осечина	18	ОШ "ВОЈВОДА МИШИЋ"	Пецка, КРАЉА ПЕТРА ПРВОГ БР. 50	Пецка	КРАЉА ПЕТРА ПРВОГ БР. 50	44.290401	19.538198	objekat
Осечина	19	ОШ "ВОЈВОДА МИШИЋ"	Драгодол	Драгодол		44.246189	19.589246	naselje
Осечина	20	НАРОДНА БИБЛИОТЕКА "ОСЕЧИНА" ИЗДВОЈЕНО ОДЕЉЕЊЕ ПЕЦКА	Пецка, ЦВЕТКА ТОМИЋА БР. 2	Пецка	ЦВЕТКА ТОМИЋА БР. 2	44.290506	19.539661	objekat
Осечина	21	ОШ "ВОЈВОДА МИШИЋ"	Пецка, КРАЉА ПЕТРА ПРВОГ БР. 50	Пецка	КРАЉА ПЕТРА ПРВОГ БР. 50	44.290401	19.538198	objekat
Оџаци	1	ОСНОВНА ШКОЛА "НИКОЛА ТЕСЛА"	Бачки Брестовац, Маршала Тита бр. 83	Бачки Брестовац	Маршала Тита бр. 83	45.615913	19.265235	objekat
Оџаци	2	ОСНОВНА ШКОЛА "НИКОЛА ТЕСЛА"	Бачки Брестовац, Маршала Тита бр. 83	Бачки Брестовац	Маршала Тита бр. 83	45.615913	19.265235	objekat
Оџаци	3	ОСНОВНА ШКОЛА "НИКОЛА ТЕСЛА"	Бачки Брестовац, Маршала Тита бр. 83	Бачки Брестовац	Маршала Тита бр. 83	45.615913	19.265235	objekat
Оџаци	4	ОСНОВНА ШКОЛА "МАРКО ОРЕШКОВИЋ"	Бачки Грачац, Личка бр. 16	Бачки Грачац	Личка бр. 16	45.553841	19.326164	objekat
Оџаци	5	ОСНОВНА ШКОЛА "МАРКО ОРЕШКОВИЋ"	Бачки Грачац, Личка бр. 16	Бачки Грачац	Личка бр. 16	45.553841	19.326164	objekat
Оџаци	6	ОСНОВНА ШКОЛА "ЈОЖЕФ АТИЛА"	Богојево, Маршала Тита бр. 13	Богојево	Маршала Тита бр. 13	45.528831	19.128220	objekat
Оџаци	7	ОСНОВНА ШКОЛА "ЈОЖЕФ АТИЛА"	Богојево, Маршала Тита бр. 13	Богојево	Маршала Тита бр. 13	45.528831	19.128220	objekat
Оџаци	8	ОСНОВНА ШКОЛА "БОРА СТАНКОВИЋ"	Каравуково, Жарка Зрењанина бр. 90	Каравуково	Жарка Зрењанина бр. 90	45.498282	19.196878	objekat
Оџаци	9	ОСНОВНА ШКОЛА "БОРА СТАНКОВИЋ"	Каравуково, Жарка Зрењанина бр. 90	Каравуково	Жарка Зрењанина бр. 90	45.498282	19.196878	objekat
Оџаци	10	ОСНОВНА ШКОЛА "БОРА СТАНКОВИЋ"	Каравуково, Жарка Зрењанина бр. 90	Каравуково	Жарка Зрењанина бр. 90	45.498282	19.196878	objekat
Оџаци	11	ОСНОВНА ШКОЛА "БОРА СТАНКОВИЋ"	Каравуково, Жарка Зрењанина бр. 90	Каравуково	Жарка Зрењанина бр. 90	45.498282	19.196878	objekat
Оџаци	12	ОСНОВНА ШКОЛА "КОСТА СТАМЕНКОВИЋ"	Српски Милетић, Светог Саве бб	Српски Милетић	Светог Саве бб	45.565877	19.213153	ulica
Оџаци	13	ОСНОВНА ШКОЛА "КОСТА СТАМЕНКОВИЋ"	Српски Милетић, Светог Саве бб	Српски Милетић	Светог Саве бб	45.565877	19.213153	ulica
Оџаци	14	ОСНОВНА ШКОЛА "КОСТА СТАМЕНКОВИЋ"	Српски МилетиЋ, Светог Саве бб	Српски МилетиЋ	Светог Саве бб	45.565877	19.213153	ulica
Оџаци	15	ОСНОВНА ШКОЛА "РАТКО ПАВЛОВИЋ ЋИЋКО"	Ратково, Ратка Павловића бб	Ратково	Ратка Павловића бб	45.454443	19.340585	ulica
Оџаци	16	ОСНОВНА ШКОЛА "РАТКО ПАВЛОВИЋ ЋИЋКО"	Ратково, Ратка Павловића бб	Ратково	Ратка Павловића бб	45.454443	19.340585	ulica
Оџаци	17	ОСНОВНА ШКОЛА "РАТКО ПАВЛОВИЋ ЋИЋКО"	Ратково, Ратка Павловића бб	Ратково	Ратка Павловића бб	45.454443	19.340585	ulica
Оџаци	18	ГИМНАЗИЈА И ЕКОНОМСКА ШКОЛА "ЈОВАН ЈОВАНОВИЋ ЗМАЈ"	Оџаци, Сомборска бр. 18	Оџаци	Сомборска бр. 18	45.504979	19.261187	objekat
Оџаци	19	ГИМНАЗИЈА И ЕКОНОМСКА ШКОЛА "ЈОВАН ЈОВАНОВИЋ ЗМАЈ"	Оџаци, Сомборска бр. 18	Оџаци	Сомборска бр. 18	45.504979	19.261187	objekat
Оџаци	20	ГИМНАЗИЈА И ЕКОНОМСКА ШКОЛА "ЈОВАН ЈОВАНОВИЋ ЗМАЈ"	Оџаци, Сомборска бр. 18	Оџаци	Сомборска бр. 18	45.504979	19.261187	objekat
Оџаци	21	ГИМНАЗИЈА И ЕКОНОМСКА ШКОЛА "ЈОВАН ЈОВАНОВИЋ ЗМАЈ"	Оџаци, Сомборска бр. 18	Оџаци	Сомборска бр. 18	45.504979	19.261187	objekat
Оџаци	22	ОСНОВНА ШКОЛА "БРАНКО РАДИЧЕВИЋ"	Оџаци, Васе Пелагића бр. 60	Оџаци	Васе Пелагића бр. 60	45.511911	19.267987	objekat
Оџаци	23	ОСНОВНА ШКОЛА "БРАНКО РАДИЧЕВИЋ"	Оџаци, Васе Пелагића бр. 60	Оџаци	Васе Пелагића бр. 60	45.511911	19.267987	objekat
Оџаци	24	ОСНОВНА ШКОЛА "БРАНКО РАДИЧЕВИЋ"	Оџаци, Васе Пелагића бр. 60	Оџаци	Васе Пелагића бр. 60	45.511911	19.267987	objekat
Оџаци	25	ОСНОВНА ШКОЛА "НЕСТОР ЖУЧНИ"	Лалић, Маршала Тита бр. 52	Лалић	Маршала Тита бр. 52	45.519707	19.364631	objekat
Оџаци	26	ОСНОВНА ШКОЛА "ВУК КАРАЏИЋ"	Дероње, Светозара Милетића бр. 25А	Дероње	Светозара Милетића бр. 25А	45.453217	19.215793	ulica
Оџаци	27	ОСНОВНА ШКОЛА "ВУК КАРАЏИЋ"	Дероње, Светозара Милетића бр. 25А	Дероње	Светозара Милетића бр. 25А	45.453217	19.215793	ulica
Палилула (БГ)	1	ПЕТА БЕОГРАДСКА ГИМНАЗИЈА	Палилула, ИЛИЈЕ ГАРАШАНИНА БР.24	Палилула	ИЛИЈЕ ГАРАШАНИНА БР.24	44.810586	20.472148	objekat
Палилула (БГ)	2	ПЕТА БЕОГРАДСКА ГИМНАЗИЈА	Палилула, ИЛИЈЕ ГАРАШАНИНА БР.24	Палилула	ИЛИЈЕ ГАРАШАНИНА БР.24	44.810586	20.472148	objekat
Палилула (БГ)	3	ПЕТА БЕОГРАДСКА ГИМНАЗИЈА	Палилула, ИЛИЈЕ ГАРАШАНИНА БР.24	Палилула	ИЛИЈЕ ГАРАШАНИНА БР.24	44.810586	20.472148	objekat
Палилула (БГ)	4	ПЕТА БЕОГРАДСКА ГИМНАЗИЈА	Палилула, ИЛИЈЕ ГАРАШАНИНА БР.24	Палилула	ИЛИЈЕ ГАРАШАНИНА БР.24	44.810586	20.472148	objekat
Палилула (БГ)	5	ОШ "СТАРИНА НОВАК"	Палилула, КНЕЗА ДАНИЛА БР. 33	Палилула	КНЕЗА ДАНИЛА БР. 33	44.809835	20.477451	objekat
Палилула (БГ)	6	ОШ "СТАРИНА НОВАК"	Палилула, КНЕЗА ДАНИЛА БР. 33	Палилула	КНЕЗА ДАНИЛА БР. 33	44.809835	20.477451	objekat
Палилула (БГ)	7	ОШ "СТАРИНА НОВАК"	Палилула, КНЕЗА ДАНИЛА БР. 33	Палилула	КНЕЗА ДАНИЛА БР. 33	44.809835	20.477451	objekat
Палилула (БГ)	8	ОШ "СТАРИНА НОВАК"	Палилула, КНЕЗА ДАНИЛА БР. 33	Палилула	КНЕЗА ДАНИЛА БР. 33	44.809835	20.477451	objekat
Палилула (БГ)	9	ЕТШ "РАДЕ КОНЧАР"	Палилула, БРАЋЕ ГРИМ БР. 32	Палилула	БРАЋЕ ГРИМ БР. 32	44.814799	20.481965	objekat
Палилула (БГ)	10	ЕТШ "РАДЕ КОНЧАР"	Палилула, БРАЋЕ ГРИМ БР. 32	Палилула	БРАЋЕ ГРИМ БР. 32	44.814799	20.481965	objekat
Палилула (БГ)	11	ЕТШ "РАДЕ КОНЧАР"	Палилула, БРАЋЕ ГРИМ БР. 32	Палилула	БРАЋЕ ГРИМ БР. 32	44.814799	20.481965	objekat
Палилула (БГ)	12	ЕТШ "РАДЕ КОНЧАР"	Палилула, БРАЋЕ ГРИМ БР. 32	Палилула	БРАЋЕ ГРИМ БР. 32	44.814799	20.481965	objekat
Палилула (БГ)	13	ОШ "ВЛАДА АКСЕНТИЈЕВИЋ"	Палилула, ПОЕНКАРЕОВА БР. 8	Палилула	ПОЕНКАРЕОВА БР. 8	44.818847	20.476171	objekat
Палилула (БГ)	14	ОШ "ВЛАДА АКСЕНТИЈЕВИЋ"	Палилула, ПОЕНКАРЕОВА БР. 8	Палилула	ПОЕНКАРЕОВА БР. 8	44.818847	20.476171	objekat
Палилула (БГ)	15	ОШ "ВЛАДА АКСЕНТИЈЕВИЋ"	Палилула, ПОЕНКАРЕОВА БР. 8	Палилула	ПОЕНКАРЕОВА БР. 8	44.818847	20.476171	objekat
Палилула (БГ)	16	ОШ "ОСЛОБОДИОЦИ БЕОГРАДА"	Палилула, ПРЕРАДОВИЋЕВА БР. 2	Палилула	ПРЕРАДОВИЋЕВА БР. 2	44.812561	20.483957	objekat
Палилула (БГ)	17	ОШ "ОСЛОБОДИОЦИ БЕОГРАДА"	Палилула, ПРЕРАДОВИЋЕВА БР. 2	Палилула	ПРЕРАДОВИЋЕВА БР. 2	44.812561	20.483957	objekat
Палилула (БГ)	18	ОШ "ЈОВАН ЦВИЈИЋ"	Палилула, ДАНИЛА ИЛИЋА БР. 1	Палилула	ДАНИЛА ИЛИЋА БР. 1	44.816651	20.500340	objekat
Палилула (БГ)	19	ОШ "ЈОВАН ЦВИЈИЋ"	Палилула, ДАНИЛА ИЛИЋА БР. 1	Палилула	ДАНИЛА ИЛИЋА БР. 1	44.816651	20.500340	objekat
Палилула (БГ)	20	ОШ "ЈОВАН ЦВИЈИЋ"	Палилула, ДАНИЛА ИЛИЋА БР. 1	Палилула	ДАНИЛА ИЛИЋА БР. 1	44.816651	20.500340	objekat
Палилула (БГ)	21	ОШ "ЈОВАН ЦВИЈИЋ"	Палилула, ДАНИЛА ИЛИЋА БР. 1	Палилула	ДАНИЛА ИЛИЋА БР. 1	44.816651	20.500340	objekat
Палилула (БГ)	22	ОШ "ДР АРЧИБАЛД РАЈС"	Палилула, ПАТРИСА ЛУМУМБЕ БР. 5	Палилула	ПАТРИСА ЛУМУМБЕ БР. 5	44.815542	20.506482	objekat
Палилула (БГ)	23	ОШ "ДР АРЧИБАЛД РАЈС"	Палилула, ПАТРИСА ЛУМУМБЕ БР. 5	Палилула	ПАТРИСА ЛУМУМБЕ БР. 5	44.815542	20.506482	objekat
Палилула (БГ)	24	ОШ "ДР АРЧИБАЛД РАЈС"	Палилула, ПАТРИСА ЛУМУМБЕ БР. 5	Палилула	ПАТРИСА ЛУМУМБЕ БР. 5	44.815542	20.506482	objekat
Палилула (БГ)	25	ШКОЛСКА ЗГРАДА СТРУЧНИХ ШКОЛА	Палилула, СВРЉИШКА БР. 1	Палилула	СВРЉИШКА БР. 1	44.815536	20.513774	objekat
Палилула (БГ)	26	ШКОЛСКА ЗГРАДА СТРУЧНИХ ШКОЛА	Палилула, СВРЉИШКА БР. 1	Палилула	СВРЉИШКА БР. 1	44.815536	20.513774	objekat
Палилула (БГ)	27	ОШ "СТЕВАН ДУКИЋ"	Палилула, ДАНТЕОВА БР. 52	Палилула	ДАНТЕОВА БР. 52	44.810595	20.514366	objekat
Палилула (БГ)	28	ОШ "СТЕВАН ДУКИЋ"	Палилула, ДАНТЕОВА БР. 52	Палилула	ДАНТЕОВА БР. 52	44.810595	20.514366	objekat
Палилула (БГ)	29	ОШ "СТЕВАН ДУКИЋ"	Палилула, ДАНТЕОВА БР. 52	Палилула	ДАНТЕОВА БР. 52	44.810595	20.514366	objekat
Палилула (БГ)	30	ОШ "СТЕВАН ДУКИЋ"	Палилула, ДАНТЕОВА БР. 52	Палилула	ДАНТЕОВА БР. 52	44.810595	20.514366	objekat
Палилула (БГ)	31	ОШ "ФИЛИП ВИШЊИЋ"	Палилула, САЛВАДОРА АЉЕНДЕА БР. 17	Палилула	САЛВАДОРА АЉЕНДЕА БР. 17	44.807884	20.523085	objekat
Палилула (БГ)	32	ОШ "ФИЛИП ВИШЊИЋ"	Палилула, САЛВАДОРА АЉЕНДЕА БР. 17	Палилула	САЛВАДОРА АЉЕНДЕА БР. 17	44.807884	20.523085	objekat
Палилула (БГ)	33	ОШ "ФИЛИП ВИШЊИЋ"	Палилула, САЛВАДОРА АЉЕНДЕА БР. 17	Палилула	САЛВАДОРА АЉЕНДЕА БР. 17	44.807884	20.523085	objekat
Палилула (БГ)	34	ОШ "ФИЛИП ВИШЊИЋ"	Палилула, САЛВАДОРА АЉЕНДЕА БР. 17	Палилула	САЛВАДОРА АЉЕНДЕА БР. 17	44.807884	20.523085	objekat
Палилула (БГ)	35	ОШ "ФИЛИП ВИШЊИЋ"	Палилула, САЛВАДОРА АЉЕНДЕА БР. 17	Палилула	САЛВАДОРА АЉЕНДЕА БР. 17	44.807884	20.523085	objekat
Палилула (БГ)	36	ОШ "ЈОВАН ПОПОВИЋ"	Палилула, МАРИЈАНЕ ГРЕГОРАН БР. 62	Палилула	МАРИЈАНЕ ГРЕГОРАН БР. 62	44.812374	20.515947	objekat
Палилула (БГ)	37	ОШ "ЈОВАН ПОПОВИЋ"	Палилула, МАРИЈАНЕ ГРЕГОРАН БР. 62	Палилула	МАРИЈАНЕ ГРЕГОРАН БР. 62	44.812374	20.515947	objekat
Палилула (БГ)	38	ОШ "ЈОВАН ПОПОВИЋ"	Палилула, МАРИЈАНЕ ГРЕГОРАН БР. 62	Палилула	МАРИЈАНЕ ГРЕГОРАН БР. 62	44.812374	20.515947	objekat
Палилула (БГ)	39	МЗ "РОСПИ ЋУПРИЈА"	Палилула, ВИШЊИЧКА БР. 1108	Палилула	ВИШЊИЧКА БР. 1108	44.823002	20.539031	ulica
Палилула (БГ)	40	МЗ "РОСПИ ЋУПРИЈА"	Палилула, ВИШЊИЧКА БР. 1108	Палилула	ВИШЊИЧКА БР. 1108	44.823002	20.539031	ulica
Палилула (БГ)	41	ОБДАНИШТЕ "СУНЦОКРЕТ"	Палилула, ВИШЊИЧКИ ВЕНАЦ БР. 47А	Палилула	ВИШЊИЧКИ ВЕНАЦ БР. 47А	44.815789	20.535008	objekat
Палилула (БГ)	42	ОБДАНИШТЕ "СУНЦОКРЕТ"	Палилула, ВИШЊИЧКИ ВЕНАЦ БР. 47А	Палилула	ВИШЊИЧКИ ВЕНАЦ БР. 47А	44.815789	20.535008	objekat
Палилула (БГ)	43	ОБДАНИШТЕ "СУНЦОКРЕТ"	Палилула, ВИШЊИЧКИ ВЕНАЦ БР. 47А	Палилула	ВИШЊИЧКИ ВЕНАЦ БР. 47А	44.815789	20.535008	objekat
Палилула (БГ)	44	ОБДАНИШТЕ "СУНЦОКРЕТ"	Палилула, ВИШЊИЧКИ ВЕНАЦ БР. 47А	Палилула	ВИШЊИЧКИ ВЕНАЦ БР. 47А	44.815789	20.535008	objekat
Палилула (БГ)	45	ОШ "МИЛЕНА ПАВЛОВИЋ БАРИЛИ"	Палилула, РОМАНА РОЛАНА БР. 67	Палилула	РОМАНА РОЛАНА БР. 67	44.818527	20.534899	objekat
Палилула (БГ)	46	ОШ "МИЛЕНА ПАВЛОВИЋ БАРИЛИ"	Палилула, РОМАНА РОЛАНА БР. 67	Палилула	РОМАНА РОЛАНА БР. 67	44.818527	20.534899	objekat
Палилула (БГ)	47	ОШ "МИЛЕНА ПАВЛОВИЋ БАРИЛИ"	Палилула, РОМАНА РОЛАНА БР. 67	Палилула	РОМАНА РОЛАНА БР. 67	44.818527	20.534899	objekat
Палилула (БГ)	48	ОШ "ИВАН МИЛУТИНОВИЋ"	Палилула, МАРШАЛА ТИТА БР. 101	Палилула	МАРШАЛА ТИТА БР. 101	44.830941	20.547745	objekat
Палилула (БГ)	49	ОШ "ИВАН МИЛУТИНОВИЋ"	Палилула, МАРШАЛА ТИТА БР. 101	Палилула	МАРШАЛА ТИТА БР. 101	44.830941	20.547745	objekat
Палилула (БГ)	50	ОШ "ИВАН МИЛУТИНОВИЋ"	Сланци, МАРШАЛА ТИТА БР. 44	Сланци	МАРШАЛА ТИТА БР. 44	44.807730	20.569909	objekat
Палилула (БГ)	51	ОШ "ИВАН МИЛУТИНОВИЋ"	Велико Село, ШКОЛСКА БР. 21	Велико Село	ШКОЛСКА БР. 21	44.812212	20.597437	objekat
Палилула (БГ)	52	ПОЉОПРИВРЕДНА ШКОЛА "ПК БЕОГРАД"	Палилула, ПАНЧЕВАЧКИ ПУТ БР. 39	Палилула	ПАНЧЕВАЧКИ ПУТ БР. 39	44.840897	20.499761	objekat
Палилула (БГ)	53	ПОЉОПРИВРЕДНА ШКОЛА "ПК БЕОГРАД"	Палилула, ПАНЧЕВАЧКИ ПУТ БР. 39	Палилула	ПАНЧЕВАЧКИ ПУТ БР. 39	44.840897	20.499761	objekat
Палилула (БГ)	54	ПОЉОПРИВРЕДНА ШКОЛА "ПК БЕОГРАД"	Палилула, ПАНЧЕВАЧКИ ПУТ БР. 39	Палилула	ПАНЧЕВАЧКИ ПУТ БР. 39	44.840897	20.499761	objekat
Палилула (БГ)	55	ПОЉОПРИВРЕДНА ШКОЛА "ПК БЕОГРАД"	Палилула, ПАНЧЕВАЧКИ ПУТ БР. 39	Палилула	ПАНЧЕВАЧКИ ПУТ БР. 39	44.840897	20.499761	objekat
Палилула (БГ)	56	МЗ "ДУНАВСКИ ВЕНАЦ"	Палилула, ЗРЕЊАНИНСКИ ПУТ БР. 44	Палилула	ЗРЕЊАНИНСКИ ПУТ БР. 44	44.856639	20.481392	ulica
Палилула (БГ)	57	МЗ "ДУНАВСКИ ВЕНАЦ"	Палилула, ЗРЕЊАНИНСКИ ПУТ БР. 44	Палилула	ЗРЕЊАНИНСКИ ПУТ БР. 44	44.843143	20.489910	ulica
Палилула (БГ)	58	ОШ "ЗАГА МАЛИВУК"	Палилула, ГРГЕ АНДРИЈАНОВИЋА БР. 18	Палилула	ГРГЕ АНДРИЈАНОВИЋА БР. 18	44.846163	20.496925	objekat
Палилула (БГ)	59	ОШ "ЗАГА МАЛИВУК"	Палилула, ГРГЕ АНДРИЈАНОВИЋА БР. 18	Палилула	ГРГЕ АНДРИЈАНОВИЋА БР. 18	44.846163	20.496925	objekat
Палилула (БГ)	60	ОШ "ЗАГА МАЛИВУК"	Палилула, ГРГЕ АНДРИЈАНОВИЋА БР. 18	Палилула	ГРГЕ АНДРИЈАНОВИЋА БР. 18	44.846163	20.496925	objekat
Палилула (БГ)	61	ОШ "ЗАГА МАЛИВУК"	Палилула, ГРГЕ АНДРИЈАНОВИЋА БР. 18	Палилула	ГРГЕ АНДРИЈАНОВИЋА БР. 18	44.846163	20.496925	objekat
Палилула (БГ)	62	ОШ "ЗАГА МАЛИВУК"	Палилула, ГРГЕ АНДРИЈАНОВИЋА БР. 18	Палилула	ГРГЕ АНДРИЈАНОВИЋА БР. 18	44.846163	20.496925	objekat
Палилула (БГ)	63	ОШ "ВАСА ПЕЛАГИЋ"	Палилула, МИЛАНА ЗЕЧАРА БР. 2	Палилула	МИЛАНА ЗЕЧАРА БР. 2	44.850439	20.470647	objekat
Палилула (БГ)	64	ОШ "ВАСА ПЕЛАГИЋ"	Палилула, МИЛАНА ЗЕЧАРА БР. 2	Палилула	МИЛАНА ЗЕЧАРА БР. 2	44.850439	20.470647	objekat
Палилула (БГ)	65	ОШ "ВАСА ПЕЛАГИЋ"	Палилула, МИЛАНА ЗЕЧАРА БР. 2	Палилула	МИЛАНА ЗЕЧАРА БР. 2	44.850439	20.470647	objekat
Палилула (БГ)	66	ОШ "ВАСА ПЕЛАГИЋ"	Палилула, МИЛАНА ЗЕЧАРА БР. 2	Палилула	МИЛАНА ЗЕЧАРА БР. 2	44.850439	20.470647	objekat
Палилула (БГ)	67	ОШ "ВАСА ПЕЛАГИЋ"	Палилула, МИЛАНА ЗЕЧАРА БР. 2	Палилула	МИЛАНА ЗЕЧАРА БР. 2	44.850439	20.470647	objekat
Палилула (БГ)	68	ОШ "СТЕВАН СРЕМАЦ"	Борча, ТРГ ОСЛОБОЂЕЊА БР. 3	Борча	ТРГ ОСЛОБОЂЕЊА БР. 3	44.873084	20.455166	objekat
Палилула (БГ)	69	ОШ "СТЕВАН СРЕМАЦ"	Борча, ТРГ ОСЛОБОЂЕЊА БР. 3	Борча	ТРГ ОСЛОБОЂЕЊА БР. 3	44.873084	20.455166	objekat
Палилула (БГ)	70	ОШ "СТЕВАН СРЕМАЦ"	Борча, ТРГ ОСЛОБОЂЕЊА БР. 3	Борча	ТРГ ОСЛОБОЂЕЊА БР. 3	44.873084	20.455166	objekat
Палилула (БГ)	71	ОШ "СТЕВАН СРЕМАЦ"	Борча, ТРГ ОСЛОБОЂЕЊА БР. 3	Борча	ТРГ ОСЛОБОЂЕЊА БР. 3	44.873084	20.455166	objekat
Палилула (БГ)	72	ОШ "СТЕВАН СРЕМАЦ"	Борча, ТРГ ОСЛОБОЂЕЊА БР. 3	Борча	ТРГ ОСЛОБОЂЕЊА БР. 3	44.873084	20.455166	objekat
Палилула (БГ)	73	ОШ "СТЕВАН СРЕМАЦ"	Борча, ТРГ ОСЛОБОЂЕЊА БР. 3	Борча	ТРГ ОСЛОБОЂЕЊА БР. 3	44.873084	20.455166	objekat
Палилула (БГ)	74	ОШ "СТЕВАН СРЕМАЦ"	Борча, ТРГ ОСЛОБОЂЕЊА БР. 3	Борча	ТРГ ОСЛОБОЂЕЊА БР. 3	44.873084	20.455166	objekat
Палилула (БГ)	75	ОШ "СТЕВАН СРЕМАЦ"	Борча, ТРГ ОСЛОБОЂЕЊА БР. 3	Борча	ТРГ ОСЛОБОЂЕЊА БР. 3	44.873084	20.455166	objekat
Палилула (БГ)	76	ОШ "СТЕВАН СРЕМАЦ"	Борча, ТРГ ОСЛОБОЂЕЊА БР. 3	Борча	ТРГ ОСЛОБОЂЕЊА БР. 3	44.873084	20.455166	objekat
Палилула (БГ)	77	ДОМ КУЛТУРЕ "ЦРВЕНКА"	Борча, ЦРВЕНКА 34	Борча	ЦРВЕНКА 34	44.877329	20.457008	naselje
Палилула (БГ)	78	ОШ "РАДЕ ДРАИНАЦ"	Борча, КОВИЛОВСКА БР. 1	Борча	КОВИЛОВСКА БР. 1	44.884073	20.453592	objekat
Палилула (БГ)	79	ОШ "РАДЕ ДРАИНАЦ"	Борча, КОВИЛОВСКА БР. 1	Борча	КОВИЛОВСКА БР. 1	44.884073	20.453592	objekat
Палилула (БГ)	80	ОШ "РАДЕ ДРАИНАЦ"	Борча, КОВИЛОВСКА БР. 1	Борча	КОВИЛОВСКА БР. 1	44.884073	20.453592	objekat
Палилула (БГ)	81	ОШ "РАДЕ ДРАИНАЦ"	Борча, КОВИЛОВСКА БР. 1	Борча	КОВИЛОВСКА БР. 1	44.884073	20.453592	objekat
Палилула (БГ)	82	ОШ "РАДЕ ДРАИНАЦ"	Борча, КОВИЛОВСКА БР. 1	Борча	КОВИЛОВСКА БР. 1	44.884073	20.453592	objekat
Палилула (БГ)	83	ОШ "РАДЕ ДРАИНАЦ"	Борча, КОВИЛОВСКА БР. 1	Борча	КОВИЛОВСКА БР. 1	44.884073	20.453592	objekat
Палилула (БГ)	84	ОШ "РАДЕ ДРАИНАЦ"	Борча, КОВИЛОВСКА БР. 1	Борча	КОВИЛОВСКА БР. 1	44.884073	20.453592	objekat
Палилула (БГ)	85	ОШ "РАДЕ ДРАИНАЦ"	Борча, КОВИЛОВСКА БР. 1	Борча	КОВИЛОВСКА БР. 1	44.884073	20.453592	objekat
Палилула (БГ)	86	ОШ "РАДЕ ДРАИНАЦ"	Борча, КОВИЛОВСКА БР. 1	Борча	КОВИЛОВСКА БР. 1	44.884073	20.453592	objekat
Палилула (БГ)	87	ОШ "РАДЕ ДРАИНАЦ"	Борча, КОВИЛОВСКА БР. 1	Борча	КОВИЛОВСКА БР. 1	44.884073	20.453592	objekat
Палилула (БГ)	88	ОШ "ЈОВАН РИСТИЋ"	Борча, БЕЛЕ БАРТОКА БР. 48А	Борча	БЕЛЕ БАРТОКА БР. 48А	44.876629	20.452368	objekat
Палилула (БГ)	89	ОШ "ЈОВАН РИСТИЋ"	Борча, БЕЛЕ БАРТОКА БР. 48А	Борча	БЕЛЕ БАРТОКА БР. 48А	44.876629	20.452368	objekat
Палилула (БГ)	90	ОШ "ЈОВАН РИСТИЋ"	Борча, БЕЛЕ БАРТОКА БР. 48А	Борча	БЕЛЕ БАРТОКА БР. 48А	44.876629	20.452368	objekat
Палилула (БГ)	91	ОШ "ЈОВАН РИСТИЋ"	Борча, БЕЛЕ БАРТОКА БР. 48А	Борча	БЕЛЕ БАРТОКА БР. 48А	44.876629	20.452368	objekat
Палилула (БГ)	92	ОШ "ЈОВАН РИСТИЋ"	Борча, БЕЛЕ БАРТОКА БР. 48А	Борча	БЕЛЕ БАРТОКА БР. 48А	44.876629	20.452368	objekat
Палилула (БГ)	93	ОШ "КРАЉИЦА МАРИЈА"	Овча, МИХАЈА ЕМИНЕСКУА БР. 65	Овча	МИХАЈА ЕМИНЕСКУА БР. 65	44.889427	20.536161	objekat
Палилула (БГ)	94	ОШ "КРАЉИЦА МАРИЈА"	Овча, МИХАЈА ЕМИНЕСКУА БР. 65	Овча	МИХАЈА ЕМИНЕСКУА БР. 65	44.889427	20.536161	objekat
Палилула (БГ)	95	ИСТУРЕНО ОДЕЉЕЊЕ ОШ "ОЛГА ПЕТРОВ"	Ковилово	Ковилово				nije_nadjeno
Палилула (БГ)	96	ИСТУРЕНО ОДЕЉЕЊЕ ОШ "ОЛГА ПЕТРОВ"	Падинска Скела, ГЛОГОЊСКИ РИТ ББ	Падинска Скела	ГЛОГОЊСКИ РИТ ББ			nije_nadjeno
Палилула (БГ)	97	ИСТУРЕНО ОДЕЉЕЊЕ ОШ "ОЛГА ПЕТРОВ"	Падинска Скела, ЈАБУЧКИ РИТ ББ	Падинска Скела	ЈАБУЧКИ РИТ ББ			nije_nadjeno
Палилула (БГ)	98	ИСТУРЕНО ОДЕЉЕЊЕ ОШ "ОЛГА ПЕТРОВ"	Падинска Скела, ТОВИЛИШТЕ ББ	Падинска Скела	ТОВИЛИШТЕ ББ			nije_nadjeno
Палилула (БГ)	99	ИСТУРЕНО ОДЕЉЕЊЕ ОШ "ОЛГА ПЕТРОВ"	Падинска Скела, ТОВИЛИШТЕ ББ	Падинска Скела	ТОВИЛИШТЕ ББ			nije_nadjeno
Палилула (БГ)	100	ОШ "ОЛГА ПЕТРОВ"	Падинска Скела, ПАДИНСКА СКЕЛА БР. 9	Падинска Скела	ПАДИНСКА СКЕЛА БР. 9			nije_nadjeno
Палилула (БГ)	101	ОШ "ОЛГА ПЕТРОВ"	Падинска Скела, ПАДИНСКА СКЕЛА БР. 9	Падинска Скела	ПАДИНСКА СКЕЛА БР. 9			nije_nadjeno
Палилула (БГ)	102	ИСТУРЕНО ОДЕЉЕЊЕ ОШ "ОЛГА ПЕТРОВ"	Падинска Скела, БЕСНИ ФОК ББ	Падинска Скела	БЕСНИ ФОК ББ			nije_nadjeno
Палилула (БГ)	103	ИСТУРЕНО ОДЕЉЕЊЕ ОШ "ОЛГА ПЕТРОВ"	Падинска Скела, ВРБОВСКИ ББ	Падинска Скела	ВРБОВСКИ ББ			nije_nadjeno
Палилула (БГ)	104	ИСТУРЕНО ОДЕЉЕЊЕ ОШ "ОЛГА ПЕТРОВ"	Падинска Скела, ДУНАВАЦ ББ	Падинска Скела	ДУНАВАЦ ББ			nije_nadjeno
Палилула (БГ)	105	ПЕТА БЕОГРАДСКА ГИМНАЗИЈА	Палилула, ИЛИЈЕ ГАРАШАНИНА БР.24	Палилула	ИЛИЈЕ ГАРАШАНИНА БР.24	44.810586	20.472148	objekat
Палилула (БГ)	106	ОШ "ОСЛОБОДИОЦИ БЕОГРАДА"	Палилула, ПРЕРАДОВИЋЕВА БР. 2	Палилула	ПРЕРАДОВИЋЕВА БР. 2	44.812561	20.483957	objekat
Палилула (БГ)	107	ОШ "ДР АРЧИБАЛД РАЈС"	Палилула, ПАТРИСА ЛУМУМБЕ БР. 5	Палилула	ПАТРИСА ЛУМУМБЕ БР. 5	44.815542	20.506482	objekat
Палилула (БГ)	108	ОШ "ФИЛИП ВИШЊИЋ"	Палилула, САЛВАДОРА АЉЕНДЕА БР. 17	Палилула	САЛВАДОРА АЉЕНДЕА БР. 17	44.807884	20.523085	objekat
Палилула (БГ)	109	ОШ "ЈОВАН ПОПОВИЋ"	Палилула, МАРИЈАНЕ ГРЕГОРАН БР. 62	Палилула	МАРИЈАНЕ ГРЕГОРАН БР. 62	44.812374	20.515947	objekat
Палилула (БГ)	110	ОШ "МИЛЕНА ПАВЛОВИЋ БАРИЛИ"	Палилула, РОМАНА РОЛАНА БР. 67	Палилула	РОМАНА РОЛАНА БР. 67	44.818527	20.534899	objekat
Палилула (БГ)	111	ОШ "МИЛЕНА ПАВЛОВИЋ БАРИЛИ"	Палилула, РОМАНА РОЛАНА БР. 67	Палилула	РОМАНА РОЛАНА БР. 67	44.818527	20.534899	objekat
Палилула (БГ)	112	ОШ "ИВАН МИЛУТИНОВИЋ"	Палилула, МАРШАЛА ТИТА БР. 101	Палилула	МАРШАЛА ТИТА БР. 101	44.830941	20.547745	objekat
Палилула (БГ)	113	ПОЉОПРИВРЕДНА ШКОЛА "ПК БЕОГРАД"	Палилула, ПАНЧЕВАЧКИ ПУТ БР. 39	Палилула	ПАНЧЕВАЧКИ ПУТ БР. 39	44.840897	20.499761	objekat
Палилула (БГ)	114	ПОЉОПРИВРЕДНА ШКОЛА "ПК БЕОГРАД"	Палилула, ПАНЧЕВАЧКИ ПУТ БР. 39	Палилула	ПАНЧЕВАЧКИ ПУТ БР. 39	44.840897	20.499761	objekat
Палилула (БГ)	115	ОШ "ЗАГА МАЛИВУК"	Палилула, ГРГЕ АНДРИЈАНОВИЋА БР. 18	Палилула	ГРГЕ АНДРИЈАНОВИЋА БР. 18	44.846163	20.496925	objekat
Палилула (БГ)	116	ОШ "ЗАГА МАЛИВУК"	Палилула, ГРГЕ АНДРИЈАНОВИЋА БР. 18	Палилула	ГРГЕ АНДРИЈАНОВИЋА БР. 18	44.846163	20.496925	objekat
Палилула (БГ)	117	ОШ "СТЕВАН СРЕМАЦ"	Борча, ТРГ ОСЛОБОЂЕЊА БР. 3	Борча	ТРГ ОСЛОБОЂЕЊА БР. 3	44.873084	20.455166	objekat
Палилула (БГ)	118	ОШ "СТЕВАН СРЕМАЦ"	Борча, ТРГ ОСЛОБОЂЕЊА БР. 3	Борча	ТРГ ОСЛОБОЂЕЊА БР. 3	44.873084	20.455166	objekat
Палилула (БГ)	119	ОШ "СТЕВАН СРЕМАЦ"	Борча, ТРГ ОСЛОБОЂЕЊА БР. 3	Борча	ТРГ ОСЛОБОЂЕЊА БР. 3	44.873084	20.455166	objekat
Палилула (БГ)	120	ОШ "РАДЕ ДРАИНАЦ"	Борча, КОВИЛОВСКА БР. 1	Борча	КОВИЛОВСКА БР. 1	44.884073	20.453592	objekat
Палилула (БГ)	121	ОШ "РАДЕ ДРАИНАЦ"	Борча, КОВИЛОВСКА БР. 1	Борча	КОВИЛОВСКА БР. 1	44.884073	20.453592	objekat
Палилула (БГ)	122	ОШ "РАДЕ ДРАИНАЦ"	Борча, КОВИЛОВСКА БР. 1	Борча	КОВИЛОВСКА БР. 1	44.884073	20.453592	objekat
Палилула (БГ)	123	ОШ "РАДЕ ДРАИНАЦ"	Борча, КОВИЛОВСКА БР. 1	Борча	КОВИЛОВСКА БР. 1	44.884073	20.453592	objekat
Панчево	1	ОШ "ОЛГА ПЕТРОВ"	Банатски Брестовац, Олге Петров бр. 1	Банатски Брестовац	Олге Петров бр. 1	44.728780	20.803040	objekat
Панчево	2	МЗ "БАНАТСКИ БРЕСТОВАЦ"	Банатски Брестовац, Маршала Тита бр. 4А	Банатски Брестовац	Маршала Тита бр. 4А	44.729774	20.804635	ulica
Панчево	3	ЗДРАВСТВЕНА СТАНИЦА	Банатско Ново Село, Вука Караџића бр. 46	Банатско Ново Село	Вука Караџића бр. 46	44.987523	20.781935	objekat
Панчево	4	КЛУБ ПЕНЗИОНЕРА	Банатско Ново Село, Маршала Тита бр. 67	Банатско Ново Село	Маршала Тита бр. 67	44.990133	20.782842	objekat
Панчево	5	ОШ "ЖАРКО ЗРЕЊАНИН"	Банатско Ново Село, Маршала Тита бр. 79	Банатско Ново Село	Маршала Тита бр. 79	44.992213	20.785344	objekat
Панчево	6	ОШ "ЖАРКО ЗРЕЊАНИН"	Банатско Ново Село, Маршала Тита бр. 79	Банатско Ново Село	Маршала Тита бр. 79	44.992213	20.785344	objekat
Панчево	7	ДОМ КУЛТУРЕ "25. МАЈ"	Долово, Краља Петра I бр. 36	Долово	Краља Петра I бр. 36	44.899656	20.876006	objekat
Панчево	8	ДОМ КУЛТУРЕ "25. МАЈ"	Долово, Краља Петра I бр. 36	Долово	Краља Петра I бр. 36	44.899656	20.876006	objekat
Панчево	9	ОШ "АКСЕНТИЈЕ МАКСИМОВИЋ"	Долово, Аксентија Максимовића бр. 1	Долово	Аксентија Максимовића бр. 1	44.904302	20.880409	objekat
Панчево	10	ОШ "АКСЕНТИЈЕ МАКСИМОВИЋ"	Долово, Аксентија Максимовића бр. 1	Долово	Аксентија Максимовића бр. 1	44.904302	20.880409	objekat
Панчево	11	КЛУБ ПЕНЗИОНЕРА	Глогоњ, Београдска бр. 13	Глогоњ	Београдска бр. 13	44.987136	20.524757	objekat
Панчево	12	ДОМ КУЛТУРЕ "МЛАДОСТ"	Глогоњ, Првог маја бр. 82	Глогоњ	Првог маја бр. 82	44.985099	20.527611	objekat
Панчево	13	ОШ "МОША ПИЈАДЕ"	Иваново, 29. новембра бр. 56	Иваново	29. новембра бр. 56	44.740386	20.696790	objekat
Панчево	14	ДОМ "СРЦЕ У ЈАБУЦИ"	Јабука, ЈНА бр. 45	Јабука	ЈНА бр. 45	44.947968	20.585263	objekat
Панчево	15	ДОМ КУЛТУРЕ "КОЧО РАЦИН"	Јабука, Лоле Рибара бр. 2	Јабука	Лоле Рибара бр. 2	44.945875	20.594734	objekat
Панчево	16	ОШ "ГОЦЕ ДЕЛЧЕВ"	Јабука, Трг Бориса Кидрича бр. 10	Јабука	Трг Бориса Кидрича бр. 10	44.948352	20.595648	objekat
Панчево	17	ОШ "ЖАРКО ЗРЕЊАНИН"	Качарево, Маршала Тита бр. 45	Качарево	Маршала Тита бр. 45	44.967287	20.699870	objekat
Панчево	18	ХАЛА СПОРТОВА	Качарево, Маршала Тита бр. 41	Качарево	Маршала Тита бр. 41	44.967066	20.698871	objekat
Панчево	19	ДОМ ИНВАЛИДА И ПЕНЗИОНЕРА	Качарево, Маршала Тита бр. 40	Качарево	Маршала Тита бр. 40	44.965614	20.697844	objekat
Панчево	20	ДОМ ОМЛАДИНЕ	Качарево, Маршала Тита бр. 13	Качарево	Маршала Тита бр. 13	44.964515	20.692982	objekat
Панчево	21	САЛА "ЈАНКОВИЋ"	Омољица, Вука Караџића бр. 63	Омољица	Вука Караџића бр. 63	44.765053	20.723692	objekat
Панчево	22	МК ОМОЉИЦА	Омољица, Цара Душана бр. 2	Омољица	Цара Душана бр. 2	44.758752	20.736176	objekat
Панчево	23	ДОМ КУЛТУРЕ "ВУК КАРАЏИЋ"	Омољица, Трг Светог Саве бр. 1	Омољица	Трг Светог Саве бр. 1	44.758608	20.736893	objekat
Панчево	24	ОШ "ДОСИТЕЈ ОБРАДОВИЋ"	Омољица, Трг Светог Саве бр. 3	Омољица	Трг Светог Саве бр. 3	44.758490	20.737900	objekat
Панчево	25	ПД "РАС"	Старчево, Панчевачки пут бр. 67	Старчево	Панчевачки пут бр. 67	44.813784	20.698215	objekat
Панчево	26	ДОМ КУЛТУРЕ "29. НОВЕМБАР"	Старчево, Панчевачки пут бр. 2	Старчево	Панчевачки пут бр. 2	44.806266	20.705711	objekat
Панчево	27	МЗ "СТАРЧЕВО"	Старчево, Трг Неолита бр. 1	Старчево	Трг Неолита бр. 1	44.806594	20.706573	ulica
Панчево	28	ОШ "ВУК СТЕФАНОВИЋ КАРАЏИЋ"	Старчево, Лоле Рибара бр. 2	Старчево	Лоле Рибара бр. 2	44.805158	20.706128	objekat
Панчево	29	ОШ "ВАСА ЖИВКОВИЋ"	Панчево, Карађорђева бр. 87	Панчево	Карађорђева бр. 87	44.877485	20.635207	objekat
Панчево	30	МЗ "ГОРЊИ ГРАД"	Панчево, Димитрија Туцовића бр. 74	Панчево	Димитрија Туцовића бр. 74	44.877572	20.632751	objekat
Панчево	31	ОШ "ВАСА ЖИВКОВИЋ"	Панчево, Карађорђева бр. 87	Панчево	Карађорђева бр. 87	44.877485	20.635207	objekat
Панчево	32	МЗ "ГОРЊИ ГРАД"	Панчево, Димитрија Туцовића бр. 74	Панчево	Димитрија Туцовића бр. 74	44.877572	20.632751	objekat
Панчево	33	ИНДУСТРИЈА СКРОБА "ЈАБУКА"	Панчево, Скробара - Трг маршала Тита бр. 65	Панчево	Скробара - Трг маршала Тита бр. 65	44.935600	20.666620	objekat
Панчево	34	УТВА АВИО ИНДУСТРИЈА	Панчево, Јабучки пут бб	Панчево	Јабучки пут бб	44.898668	20.633249	objekat
Панчево	35	МАШИНСКА ШКОЛА "ПАНЧЕВО"	Панчево, Браће Јовановић бр. 103А	Панчево	Браће Јовановић бр. 103А	44.877385	20.649262	objekat
Панчево	36	ОШ "СТЕВИЦА ЈОВАНОВИЋ"	Панчево, Браће Јовановић бр. 75	Панчево	Браће Јовановић бр. 75	44.875815	20.646644	objekat
Панчево	37	ШКОЛА "ПАЈА МАРГАНОВИЋ"	Панчево, Ослобођења бр. 25	Панчево	Ослобођења бр. 25	44.877749	20.654279	objekat
Панчево	38	МЗ "КОТЕЖ"	Панчево, Браће Јовановића бб	Панчево	Браће Јовановића бб	44.872932	20.642488	ulica
Панчево	39	ДОМ ОМЛАДИНЕ	Панчево, Светог Саве бр. 10	Панчево	Светог Саве бр. 10	44.873309	20.646672	objekat
Панчево	40	ВРТИЋ "БАЈКА"	Панчево, Кикиндска бр. 7А	Панчево	Кикиндска бр. 7А	44.882359	20.647390	objekat
Панчево	41	ЗДРАВСТВЕНА СТАНИЦА "СТРЕЛИШТЕ"	Панчево, Милутина Бојића бб	Панчево	Милутина Бојића бб	44.863485	20.666801	ulica
Панчево	42	ОШ "МИРОСЛАВ АНТИЋ"	Панчево, Душана Петровића Шанета бр. 11	Панчево	Душана Петровића Шанета бр. 11	44.861695	20.669060	objekat
Панчево	43	ЗДРАВСТВЕНА СТАНИЦА "СТРЕЛИШТЕ"	Панчево, Милутина Бојића бб	Панчево	Милутина Бојића бб	44.863485	20.666801	ulica
Панчево	44	ДЕЧЈА УСТАНОВА "ЧУПЕРАК"	Панчево, Вељка Влаховића бб	Панчево	Вељка Влаховића бб	44.866156	20.665633	ulica
Панчево	45	МЗ "СТРЕЛИШТЕ"	Панчево, Вељка Влаховића бр. 19	Панчево	Вељка Влаховића бр. 19	44.861744	20.670359	objekat
Панчево	46	ДЕЧЈА УСТАНОВА "ВЕВЕРИЦА"	Панчево, Јована Бјелића бб	Панчево	Јована Бјелића бб	44.870569	20.639964	naselje
Панчево	47	ОШ "МИРОСЛАВ АНТИЋ"	Панчево, Душана Петровића - Шанета бр. 11	Панчево	Душана Петровића - Шанета бр. 11	44.861695	20.669060	objekat
Панчево	48	ОШ "ИСИДОРА СЕКУЛИЋ"	Панчево, Сердар Јанка Вукотића бр. 7	Панчево	Сердар Јанка Вукотића бр. 7	44.874491	20.658858	objekat
Панчево	49	ВРТИЋ "БАМБИ"	Панчево, Краља Милана Обреновића бб	Панчево	Краља Милана Обреновића бб	44.872237	20.661887	objekat
Панчево	50	ОШ "ЂУРА ЈАКШИЋ"	Панчево, Лава Толстоја бр. 30	Панчево	Лава Толстоја бр. 30	44.872149	20.653650	objekat
Панчево	51	ОШ "ЂУРА ЈАКШИЋ"	Панчево, Лава Толстоја бр. 30	Панчево	Лава Толстоја бр. 30	44.872149	20.653650	objekat
Панчево	52	МЗ "ТЕСЛА"	Панчево, Лава Толстоја бр. 78Д	Панчево	Лава Толстоја бр. 78Д	44.872721	20.654443	ulica
Панчево	53	ОШ "ИСИДОРА СЕКУЛИЋ"	Панчево, Сердар Јанка Вукотића бр. 7	Панчево	Сердар Јанка Вукотића бр. 7	44.874491	20.658858	objekat
Панчево	54	ОШ "СВЕТИ САВА"	Панчево, Војвођанска бб	Панчево	Војвођанска бб	44.876683	20.669424	objekat
Панчево	55	ОШ "СВЕТИ САВА"	Панчево, Војвођанска бб	Панчево	Војвођанска бб	44.876683	20.669424	objekat
Панчево	56	ОШ "СВЕТИ САВА"	Панчево, Војвођанска бб	Панчево	Војвођанска бб	44.876683	20.669424	objekat
Панчево	57	ОШ "СВЕТИ САВА"	Панчево, Војвођанска бб	Панчево	Војвођанска бб	44.876683	20.669424	objekat
Панчево	58	ОШ "СВЕТИ САВА"	Панчево, Војвођанска бб	Панчево	Војвођанска бб	44.876683	20.669424	objekat
Панчево	59	ПОЉОПРИВРЕДНА ШКОЛА "ЈОСИФ ПАНЧИЋ"	Панчево, Новосељански пут бр. 31	Панчево	Новосељански пут бр. 31	44.883068	20.661378	objekat
Панчево	60	ПОЉОПРИВРЕДНА ШКОЛА "ЈОСИФ ПАНЧИЋ"	Панчево, Новосељански пут бр. 31	Панчево	Новосељански пут бр. 31	44.883068	20.661378	objekat
Панчево	61	ПОЉОПРИВРЕДНА ШКОЛА "ЈОСИФ ПАНЧИЋ"	Панчево, Новосељански пут бр. 31	Панчево	Новосељански пут бр. 31	44.883068	20.661378	objekat
Панчево	62	ПОЉОПРИВРЕДНА ШКОЛА "ЈОСИФ ПАНЧИЋ"	Панчево, Новосељански пут бр. 31	Панчево	Новосељански пут бр. 31	44.883068	20.661378	objekat
Панчево	63	ИНСТИТУТ "ЈОСИФ ПАНЧИЋ"	Панчево, Баваништански пут бр. 277	Панчево	Баваништански пут бр. 277	44.871308	20.693569	objekat
Панчево	64	САВЕЗ ПЕНЗИОНЕРА	Панчево, Др Светислава Касапиновића бр. 12Б	Панчево	Др Светислава Касапиновића бр. 12Б	44.867875	20.642228	objekat
Панчево	65	МЗ "ЦЕНТАР"	Панчево, Максима Горког бр. 25	Панчево	Максима Горког бр. 25	44.866526	20.645370	objekat
Панчево	66	ШОСО "МАРА МАНДИЋ"	Панчево, Цара Душана бр. 34	Панчево	Цара Душана бр. 34	44.867066	20.649414	objekat
Панчево	67	ГИМНАЗИЈА "УРОШ ПРЕДИЋ"	Панчево, Игњата Барајевца бр. 5	Панчево	Игњата Барајевца бр. 5	44.870569	20.637860	objekat
Панчево	68	ОШ "ЈОВАН ЈОВАНОВИЋ ЗМАЈ"	Панчево, Змај Јове Јовановића бр. 3	Панчево	Змај Јове Јовановића бр. 3	44.872085	20.642708	objekat
Панчево	69	ОШ "БРАНКО РАДИЧЕВИЋ"	Панчево, Владимира Жестића бр. 21	Панчево	Владимира Жестића бр. 21	44.864021	20.649167	objekat
Панчево	70	ОШ "БРАНКО РАДИЧЕВИЋ"	Панчево, Владимира Жестића бр. 21	Панчево	Владимира Жестића бр. 21	44.864021	20.649167	objekat
Панчево	71	ОШ "БРАЦА ПЕТРОВ"	Панчево, Жарка Зрењанина бр. 179	Панчево	Жарка Зрењанина бр. 179	44.852944	20.659912	objekat
Панчево	72	ВРТИЋ "ПУПОЉАК"	Панчево, Дринска бр. 19	Панчево	Дринска бр. 19	44.861805	20.643371	objekat
Панчево	73	ВРТИЋ "ПУПОЉАК"	Панчево, Дринска бр. 19	Панчево	Дринска бр. 19	44.861805	20.643371	objekat
Панчево	74	БИВША МЗ "ТАМИШ"	Панчево, Савска бр. 4	Панчево	Савска бр. 4	44.863236	20.641477	objekat
Панчево	75	ГИМНАЗИЈА "УРОШ ПРЕДИЋ"	Панчево, Игњата Барајевца бр. 5	Панчево	Игњата Барајевца бр. 5	44.870569	20.637860	objekat
Панчево	76	ОШ "БРАТСТВО ЈЕДИНСТВО"	Панчево, Шандора Петефија бр. 33	Панчево	Шандора Петефија бр. 33	44.853544	20.667673	objekat
Панчево	77	СПОМЕН ДОМ	Панчево, Трг 12. војвођанске бригаде бр. 5	Панчево	Трг 12. војвођанске бригаде бр. 5	44.843975	20.669683	objekat
Панчево	78	МКУД "ТАМАШИ АРОН"	Панчево, Гробљанска бр. 24	Панчево	Гробљанска бр. 24	44.845405	20.675141	objekat
Панчево	79	ЗДРАВСТВЕНА СТАНИЦА "СТАРИ ТАМИШ"	Панчево, Кестенова бр. 2	Панчево	Кестенова бр. 2	44.805651	20.707590	objekat
Параћин	1	МЗ "ВРАПЧАНЕ"	Параћин, Димитрија Марјановића 53	Параћин	Димитрија Марјановића 53	43.866145	21.401254	objekat
Параћин	2	МЗ "ВРАПЧАНЕ"	Параћин, Димитрија Марјановића 53	Параћин	Димитрија Марјановића 53	43.866145	21.401254	objekat
Параћин	3	МЗ "БРАНКО КРСМАНОВИЋ"	Параћин, Светолика Марјановића - Бејца 1Б	Параћин	Светолика Марјановића - Бејца 1Б	43.863630	21.409962	naselje
Параћин	4	МЗ "БРАНКО КРСМАНОВИЋ"	Параћин, Светолика Марјановића - Бејца 1Б	Параћин	Светолика Марјановића - Бејца 1Б	43.863630	21.409962	naselje
Параћин	5	СПОРТСКО РЕКРЕАТИВНИ ЦЕНТАР "7.ЈУЛИ"	Параћин, Томе Живановића бр 32	Параћин	Томе Живановића бр 32	43.868879	21.404231	objekat
Параћин	6	СПОРТСКО РЕКРЕАТИВНИ ЦЕНТАР "7.ЈУЛИ"	Параћин, Томе Живановића бр 32	Параћин	Томе Живановића бр 32	43.868879	21.404231	objekat
Параћин	7	МЗ "4. ЈУЛИ"	Параћин, Војводе Бојовића бр. 18	Параћин	Војводе Бојовића бр. 18	43.865486	21.414987	objekat
Параћин	8	МЗ "4. ЈУЛИ"	Параћин, Војводе Бојовића бр. 18	Параћин	Војводе Бојовића бр. 18	43.865486	21.414987	objekat
Параћин	9	МЗ "ЦЕНТАР"	Параћин, Боре Петровића бр. 4А	Параћин	Боре Петровића бр. 4А	43.858552	21.408705	objekat
Параћин	10	МЗ "ЦЕНТАР"	Параћин, Боре Петровића бр. 4А	Параћин	Боре Петровића бр. 4А	43.858552	21.408705	objekat
Параћин	11	КЛУБ ПЕНЗИОНЕРА	Параћин, Николе Пашића бр. 11	Параћин	Николе Пашића бр. 11	43.861344	21.413071	objekat
Параћин	12	МЗ "ЦЕНТАР"	Параћин, Боре Петровића бр. 4А	Параћин	Боре Петровића бр. 4А	43.858552	21.408705	objekat
Параћин	13	МЗ "ЦЕНТАР"	Параћин, Боре Петровића бр. 4А	Параћин	Боре Петровића бр. 4А	43.858552	21.408705	objekat
Параћин	14	МЗ "ГЛОЖДАК"	Краља Милутина бр 6	Краља Милутина бр 6				nije_nadjeno
Параћин	15	МЗ "ГЛОЖДАК"	Краља Милутина бр 6	Краља Милутина бр 6				nije_nadjeno
Параћин	16	МЗ "ГЛОЖДАК"	Краља Милутина бр 6	Краља Милутина бр 6				nije_nadjeno
Параћин	17	МЗ "11. КОНГРЕС"	Параћин, Француска бр. 4	Параћин	Француска бр. 4	43.852558	21.413528	objekat
Параћин	18	МЗ "11. КОНГРЕС"	Параћин, Француска бр. 4	Параћин	Француска бр. 4	43.852558	21.413528	objekat
Параћин	19	МЗ "11. КОНГРЕС"	Параћин, Француска бр. 4	Параћин	Француска бр. 4	43.852558	21.413528	objekat
Параћин	20	МЗ "11. КОНГРЕС"	Параћин, Француска бр. 4	Параћин	Француска бр. 4	43.852558	21.413528	objekat
Параћин	21	МЗ "ДАНКОВО"	Параћин, Драгослава Маринковића бр. 56	Параћин	Драгослава Маринковића бр. 56	43.854310	21.397982	objekat
Параћин	22	МЗ "ДАНКОВО"	Параћин, Драгослава Маринковића бр. 56	Параћин	Драгослава Маринковића бр. 56	43.854310	21.397982	objekat
Параћин	23	ДОМ КУЛТУРЕ	Бошњане	Бошњане		43.886100	21.479710	naselje
Параћин	24	ОСНОВНА ШКОЛА	Буљане	Буљане		43.898727	21.534650	naselje
Параћин	25	ОСНОВНА ШКОЛА	Бусиловац	Бусиловац		43.797972	21.480726	naselje
Параћин	26	ОСНОВНА ШКОЛА	Главица	Главица		43.855654	21.435270	ulica
Параћин	27	МЕСНА ЗАЈЕДНИЦА	Голубовац	Голубовац		43.807775	21.498141	naselje
Параћин	28	ДОМ КУЛТУРЕ	Горње Видово	Горње Видово		43.786198	21.408403	naselje
Параћин	29	ДОМ КУЛТУРЕ	Горња Мутница	Горња Мутница		43.878527	21.566241	naselje
Параћин	30	ОСНОВНА ШКОЛА	Давидовац	Давидовац		43.863309	21.473037	naselje
Параћин	31	ОСНОВНА ШКОЛА	Доње Видово	Доње Видово		43.800537	21.369470	naselje
Параћин	32	ОСНОВНА ШКОЛА	Доња Мутница	Доња Мутница		43.851901	21.560754	naselje
Параћин	33	ДОМ КУЛТУРЕ	Дреновац	Дреновац		43.761866	21.429201	naselje
Параћин	34	ОСНОВНА ШКОЛА	Забрега	Забрега		43.935792	21.520969	naselje
Параћин	35	ОСНОВНА ШКОЛА	Извор	Извор		43.854788	21.587602	ulica
Параћин	36	ОСНОВНА ШКОЛА	Клачевица	Клачевица		43.846243	21.585387	ulica
Параћин	37	ОСНОВНА ШКОЛА	Крежбинац	Крежбинац		43.793407	21.448430	naselje
Параћин	38	ОСНОВНА ШКОЛА	Лебина	Лебина		43.826795	21.457677	naselje
Параћин	39	ОСНОВНА ШКОЛА	Лешје	Лешје		43.856471	21.532975	ulica
Параћин	40	ДОМ КУЛТУРЕ	Мириловац	Мириловац		43.839404	21.476373	naselje
Параћин	41	ДОМ КУЛТУРЕ	Плана	Плана		43.822682	21.544576	naselje
Параћин	42	ОСНОВНА ШКОЛА	Поповац	Поповац		43.905956	21.501555	naselje
Параћин	43	ДОМ КУЛТУРЕ	Поточац	Поточац		43.814124	21.326903	naselje
Параћин	44	ДОМ КУЛТУРЕ	Ратаре	Ратаре		43.801608	21.414681	naselje
Параћин	45	ДОМ КУЛТУРЕ	Рашевица	Рашевица		43.839173	21.322522	naselje
Параћин	46	ОСНОВНА ШКОЛА	Сикирица	Сикирица		43.780274	21.418537	naselje
Параћин	47	МЕСНА ЗАЈЕДНИЦА	Сињи Вир	Сињи Вир		43.883010	21.317883	naselje
Параћин	48	ДОМ КУЛТУРЕ	Својново	Својново		43.798735	21.305883	naselje
Параћин	49	ДОМ КУЛТУРЕ	Стрижа	Стрижа		43.830368	21.407352	naselje
Параћин	50	ОСНОВНА ШКОЛА	Стубица	Стубица		43.941584	21.498208	naselje
Параћин	51	ДОМ КУЛТУРЕ	Текија	Текија		43.844707	21.426428	naselje
Параћин	52	ОСНОВНА ШКОЛА	Трешњевица	Трешњевица		43.867506	21.323009	naselje
Параћин	53	ОСНОВНА ШКОЛА	Чепуре	Чепуре		43.826938	21.356823	naselje
Параћин	54	ДОМ КУЛТУРЕ	Шавац	Шавац		43.842598	21.359629	naselje
Параћин	55	ДОМ КУЛТУРЕ	Шалудовац	Шалудовац		43.889875	21.548777	naselje
Петровац на Млави	1	ДОМ КУЛТУРЕ	Бистрица	Бистрица		44.335833	21.500529	naselje
Петровац на Млави	2	ДОМ КУЛТУРЕ	Бошњак	Бошњак		44.373280	21.312638	naselje
Петровац на Млави	3	ОСНОВНА ШКОЛА	Буровац	Буровац		44.272950	21.354561	naselje
Петровац на Млави	4	ОСНОВНА ШКОЛА	Бусур	Бусур		44.238459	21.397233	naselje
Петровац на Млави	5	ДОМ КУЛТУРЕ	Везичево	Везичево		44.238012	21.429618	naselje
Петровац на Млави	6	БИВША ЖИКИНА КАФАНА "ТИХА НОЋ"	Велико Лаоле	Велико Лаоле		44.317315	21.434890	naselje
Петровац на Млави	7	ОСНОВНА ШКОЛА	Велико Лаоле	Велико Лаоле		44.317315	21.434890	naselje
Петровац на Млави	8	ОСНОВНА ШКОЛА	Велико Лаоле	Велико Лаоле		44.317315	21.434890	naselje
Петровац на Млави	9	ОСНОВНА ШКОЛА	Велики Поповац	Велики Поповац		44.410716	21.324912	naselje
Петровац на Млави	10	МЕСНА ЗАЈЕДНИЦА	Велики Поповац	Велики Поповац		44.410716	21.324912	naselje
Петровац на Млави	11	ОСНОВНА ШКОЛА	Вошановац	Вошановац		44.334625	21.315967	naselje
Петровац на Млави	12	ДОМ КУЛТУРЕ	Витовница	Витовница		44.376615	21.535864	naselje
Петровац на Млави	13	ОСНОВНА ШКОЛА	Добрње	Добрње		44.339498	21.345790	naselje
Петровац на Млави	14	ДОМ КУЛТУРЕ	Дубочка	Дубочка		44.445873	21.371528	naselje
Петровац на Млави	15	ДОМ КУЛТУРЕ	Ждрело	Ждрело		44.294755	21.504561	naselje
Петровац на Млави	16	ДОМ КУЛТУРЕ	Забрђе	Забрђе		44.385342	21.370972	naselje
Петровац на Млави	17	ОСНОВНА ШКОЛА	Каменово	Каменово		44.405474	21.395567	naselje
Петровац на Млави	18	МЕСНА КАНЦЕЛАРИЈА	Кладурово	Кладурово		44.438481	21.540010	naselje
Петровац на Млави	19	ДОМ КУЛТУРЕ	Кнежица	Кнежица		44.396521	21.423864	naselje
Петровац на Млави	20	ОСНОВНА ШКОЛА	Крвије	Крвије		44.317501	21.379490	naselje
Петровац на Млави	21	ДОМ КУЛТУРЕ	Лесковац	Лесковац		44.360746	21.437025	naselje
Петровац на Млави	22	ДОМ КУЛТУРЕ	Лопушник	Лопушник		44.365371	21.345605	naselje
Петровац на Млави	23	МЕСНА ЗАЈЕДНИЦА	Мало Лаоле	Мало Лаоле		44.319435	21.466241	naselje
Петровац на Млави	24	ДОМ КУЛТУРЕ	Манастирица	Манастирица		44.500290	21.479547	naselje
Петровац на Млави	25	ОСНОВНА ШКОЛА	Мелница	Мелница		44.391803	21.532447	naselje
Петровац на Млави	26	ДОМ КУЛТУРЕ	Орешковица	Орешковица		44.316632	21.325644	naselje
Петровац на Млави	27	ДОМ КУЛТУРЕ	Орљево	Орљево		44.443634	21.309684	naselje
Петровац на Млави	28	ДОМ КУЛТУРЕ	Панково	Панково		44.385898	21.349860	naselje
Петровац на Млави	29	ЛОКАЛ КОД "БОРЦА"	Петровац на Млави, Српских владара бр. 297	Петровац на Млави	Српских владара бр. 297	44.372255	21.424772	objekat
Петровац на Млави	30	БИВШИ ЗАВОД ЗА ЗАПОШЉАВАЊЕ	Петровац на Млави, Даворјанке Пауновић бр. 20	Петровац на Млави	Даворјанке Пауновић бр. 20	44.377831	21.419711	ulica
Петровац на Млави	31	ОПШТИНА ПЕТРОВАЦ НА МЛАВИ - КАНЦЕЛАРИЈА БР. 7	Петровац на Млави, Српских владара бр. 165	Петровац на Млави	Српских владара бр. 165	44.377223	21.418608	objekat
Петровац на Млави	32	СТАРА ОСНОВНА ШКОЛА	Петровац на Млави, Српских владара бр. 119	Петровац на Млави	Српских владара бр. 119	44.379428	21.415515	objekat
Петровац на Млави	33	СТАРА ОСНОВНА ШКОЛА	Петровац на Млави, Српских владара бр. 119	Петровац на Млави	Српских владара бр. 119	44.379428	21.415515	objekat
Петровац на Млави	34	ДОМ ПЕНЗИОНЕРА	Петровац на Млави, 8. октобра бр. 2	Петровац на Млави	8. октобра бр. 2	44.367709	21.407670	naselje
Петровац на Млави	35	ГИМНАЗИЈА	Петровац на Млави, Млавска бр. 14	Петровац на Млави	Млавска бр. 14	44.373595	21.418371	objekat
Петровац на Млави	36	БИВША ЗГРАДА ЗЕМЉОРАДНИЧКЕ ЗАДРУГЕ	Рановац	Рановац		44.443630	21.474733	naselje
Петровац на Млави	37	ОСНОВНА ШКОЛА	Рановац	Рановац		44.443630	21.474733	naselje
Петровац на Млави	38	ДОМ КУЛТУРЕ	Рашанац	Рашанац		44.459702	21.363141	naselje
Петровац на Млави	39	МЕСНА ЗАЈЕДНИЦА	Стамница	Стамница		44.358470	21.514550	naselje
Петровац на Млави	40	ДОМ КУЛТУРЕ	Стамница	Стамница		44.358470	21.514550	naselje
Петровац на Млави	41	ДОМ КУЛТУРЕ - ЧИТАОНИЦА	Старчево	Старчево		44.464696	21.401917	naselje
Петровац на Млави	42	ОСНОВНА ШКОЛА	Табановац	Табановац		44.285846	21.383871	naselje
Петровац на Млави	43	ОСНОВНА ШКОЛА	Трновче	Трновче		44.426912	21.377588	naselje
Петровац на Млави	44	ОСНОВНА ШКОЛА	Ћовдин	Ћовдин		44.252877	21.449349	naselje
Петровац на Млави	45	ДОМ КУЛТУРЕ	Шетоње	Шетоње		44.272918	21.474352	naselje
Пећ	1	ДОМ КУЛТУРЕ	Гораждевац	Гораждевац				nije_nadjeno
Пећ	2	ДОМ КУЛТУРЕ	Гораждевац	Гораждевац				nije_nadjeno
Пећ	3	ДОМ КУЛТУРЕ	Гораждевац	Гораждевац				nije_nadjeno
Пећ	4	ДОМ КУЛТУРЕ	Гораждевац	Гораждевац				nije_nadjeno
Пећ	5	ДОМ КУЛТУРЕ	Гораждевац	Гораждевац				nije_nadjeno
Пећ	6	ДОМ КУЛТУРЕ	Гораждевац	Гораждевац				nije_nadjeno
Пећинци	1	МЕСНА КАНЦЕЛАРИЈА	Ашања, Карађорђева бр. 4	Ашања	Карађорђева бр. 4	44.755623	20.075363	objekat
Пећинци	2	ОСНОВНА ШКОЛА	Ашања, Карађорђева бр. 6	Ашања	Карађорђева бр. 6	44.755618	20.074801	objekat
Пећинци	3	ЛОВАЧКИ ДОМ	Брестач, Лазара Недељковића бр. 1	Брестач	Лазара Недељковића бр. 1	44.860707	19.904251	objekat
Пећинци	4	ОСНОВНА ШКОЛА	Брестач, Стевана Стојаковића бр. 2	Брестач	Стевана Стојаковића бр. 2	44.861531	19.903837	objekat
Пећинци	5	МЕСНА ЗАЈЕДНИЦА	Деч, Ивана Петровића бр. 3	Деч	Ивана Петровића бр. 3	44.835083	20.114581	objekat
Пећинци	6	ОСНОВНА ШКОЛА	Деч, Браће Нешковић бр. 2	Деч	Браће Нешковић бр. 2	44.835106	20.115312	objekat
Пећинци	7	ОСНОВНА ШКОЛА	Доњи Товарник, Јожефа Марчека Драгутина бр. 2	Доњи Товарник	Јожефа Марчека Драгутина бр. 2	44.812859	19.945726	objekat
Пећинци	8	ЛОВАЧКИ ДОМ	Доњи Товарник, Милорада Зоркића бр. 2	Доњи Товарник	Милорада Зоркића бр. 2	44.813050	19.944916	objekat
Пећинци	9	ЛОВАЧКИ ДОМ	Карловчић, Бели Ветар бр. 4	Карловчић	Бели Ветар бр. 4	44.821286	20.042215	objekat
Пећинци	10	ОСНОВНА ШКОЛА	Карловчић, Горњанска бр. 15	Карловчић	Горњанска бр. 15	44.822795	20.041419	objekat
Пећинци	11	ОСНОВНА ШКОЛА	Купиново, Маршала Тита бр. 1	Купиново	Маршала Тита бр. 1	44.705548	20.048418	objekat
Пећинци	12	ШУМСКА УПРАВА	Купиново, Бранка Маџаревића бр. 34	Купиново	Бранка Маџаревића бр. 34	44.703860	20.045860	objekat
Пећинци	13	МЕСНА КАНЦЕЛАРИЈА	Купиново, Ђорђа Марковића бр. 2	Купиново	Ђорђа Марковића бр. 2	44.705817	20.047746	objekat
Пећинци	14	ОСНОВНА ШКОЛА	Обреж, Маршала Тита бр. 1	Обреж	Маршала Тита бр. 1	44.735703	19.971636	objekat
Пећинци	15	МЕСНА КАНЦЕЛАРИЈА	Обреж, Иве Лоле Рибара бр. 1	Обреж	Иве Лоле Рибара бр. 1	44.735898	19.972000	objekat
Пећинци	16	ДОМ КУЛТУРЕ	Огар, Партизанска бр. 1	Огар	Партизанска бр. 1	44.792592	19.947703	objekat
Пећинци	17	ОСНОВНА ШКОЛА	Огар, Школска бр. 3	Огар	Школска бр. 3	44.792927	19.946831	objekat
Пећинци	18	ЛОВАЧКИ ДОМ	Пећинци, Браће Видаковић бр. 1	Пећинци	Браће Видаковић бр. 1	44.909107	19.965865	objekat
Пећинци	19	СРЕДЊА ШКОЛА	Пећинци, Школска бр. 8	Пећинци	Школска бр. 8	44.908814	19.967990	objekat
Пећинци	20	КУЛТУРНИ ЦЕНТАР	Пећинци, Слободана Бајића бр. 1	Пећинци	Слободана Бајића бр. 1	44.908761	19.966989	objekat
Пећинци	21	МАЛА САЛА	Попинци, Фрушкогорска бр. 2	Попинци	Фрушкогорска бр. 2	44.928478	20.007853	objekat
Пећинци	22	ОСНОВНА ШКОЛА	Попинци, ЈНА бр. 3	Попинци	ЈНА бр. 3	44.927678	20.006167	objekat
Пећинци	23	ОСНОВНА ШКОЛА	Прхово, Сремска бр. 2	Прхово	Сремска бр. 2	44.882628	20.008712	objekat
Пећинци	24	ОСНОВНА ШКОЛА	Сибач, Маршала Тита бр. 2	Сибач	Маршала Тита бр. 2	44.905924	19.932927	objekat
Пећинци	25	ОСНОВНА ШКОЛА	Сремски Михаљевци, Шимановачка бр. 2	Сремски Михаљевци	Шимановачка бр. 2	44.858605	20.038384	objekat
Пећинци	26	МЕСНА КАНЦЕЛАРИЈА	Суботиште, Каменова бр. 28	Суботиште	Каменова бр. 28	44.844886	19.960949	objekat
Пећинци	27	ОСНОВНА ШКОЛА	Суботиште, Партизанска бр. 13	Суботиште	Партизанска бр. 13	44.844612	19.956793	objekat
Пећинци	28	МЕСНА КАНЦЕЛАРИЈА	Шимановци, Прховачка бр. 2	Шимановци	Прховачка бр. 2	44.874853	20.088980	objekat
Пећинци	29	ДОМ КУЛТУРЕ	Шимановци, Светог Николаја бр. 7	Шимановци	Светог Николаја бр. 7	44.874532	20.090488	objekat
Пећинци	30	ОСНОВНА ШКОЛА	Шимановци, Светог Николаја бр. 18	Шимановци	Светог Николаја бр. 18	44.873436	20.091034	objekat
Пирот	1	ПРОСТОРИЈЕ МЗ НОВА МАЛА	Пирот, Зеленгорска бб	Пирот	Зеленгорска бб	43.143872	22.585298	ulica
Пирот	2	КЕТЕРИНГ ЂОРЂЕВИЋ	Пирот, Присјански пут бр 2	Пирот	Присјански пут бр 2	43.134326	22.579164	objekat
Пирот	3	ПОСЛОВНА ЗГРАДА ПОЛИГОНА ЗА ОБУКУ ВОЗАЧА	Пирот, Присјански пут бб	Пирот	Присјански пут бб	43.140087	22.581825	ulica
Пирот	4	РАЗВОЈНО-ОБРАЗОВНИ ЦЕНТАР "ПРАЛИЋЕ"	Пирот, Расдачничка бб	Пирот	Расдачничка бб	43.154734	22.586504	naselje
Пирот	5	ОШ "ВУК КАРАЏИЋ"	Пирот, Ћирила и Методија бр. 6	Пирот	Ћирила и Методија бр. 6	43.156690	22.586480	objekat
Пирот	6	ПРОСТОРИЈЕ МЗ БАРЈЕ	Пирот, Народних хероја бр. 114	Пирот	Народних хероја бр. 114	43.150215	22.584030	objekat
Пирот	7	ОШ "ВУК КАРАЏИЋ"	Пирот, Ћирила и Методија бр. 6	Пирот	Ћирила и Методија бр. 6	43.156690	22.586480	objekat
Пирот	8	ГИМНАЗИЈА	Пирот, Српских владара бр. 118	Пирот	Српских владара бр. 118	43.153751	22.587023	objekat
Пирот	9	ГИМНАЗИЈА	Пирот, Српских владара бр. 118	Пирот	Српских владара бр. 118	43.153751	22.587023	objekat
Пирот	10	МЗ "ТАНАСКО РАЈИЋ"	Пирот, Победе бр. 12	Пирот	Победе бр. 12	43.147007	22.591195	objekat
Пирот	11	ОШ "ВУК КАРАЏИЋ"	Пирот, Ћирила и Методија бр. 6	Пирот	Ћирила и Методија бр. 6	43.156690	22.586480	objekat
Пирот	12	ОШ "ВУК КАРАЏИЋ"	Пирот, Ћирила и Методија бр. 6	Пирот	Ћирила и Методија бр. 6	43.156690	22.586480	objekat
Пирот	13	ОШ "ВУК КАРАЏИЋ"	Пирот, Ћирила и Методија бр. 6	Пирот	Ћирила и Методија бр. 6	43.156690	22.586480	objekat
Пирот	14	ОШ "ВУК КАРАЏИЋ"	Пирот, Ћирила и Методија бр. 6	Пирот	Ћирила и Методија бр. 6	43.156690	22.586480	objekat
Пирот	15	ОШ "ВУК КАРАЏИЋ"	Пирот, Ћирила и Методија бр. 6	Пирот	Ћирила и Методија бр. 6	43.156690	22.586480	objekat
Пирот	16	САВЕЗ ПЕНЗИОНЕРА	Пирот, Књаза Милоша бр. 45б	Пирот	Књаза Милоша бр. 45б	43.158327	22.586824	objekat
Пирот	17	ОШ "ВУК КАРАЏИЋ"	Пирот, Ћирила и Методија бр. 6	Пирот	Ћирила и Методија бр. 6	43.156690	22.586480	objekat
Пирот	18	ОШ "СВЕТИ САВА"	Пирот, Саве Немањића бр. 2	Пирот	Саве Немањића бр. 2	43.162021	22.590881	objekat
Пирот	19	ОШ "СВЕТИ САВА"	Пирот, Саве НемаЊића бр. 2	Пирот	Саве НемаЊића бр. 2	43.162021	22.590881	objekat
Пирот	20	МЛЕКАРСКА ШКОЛА "ДР ОБРЕН ПЕЈИЋ"	Пирот, Николе Пашића бр. 173	Пирот	Николе Пашића бр. 173	43.166809	22.587779	objekat
Пирот	21	ОШ "ДУШАН РАДОВИЋ"	Пирот, Занатлијска бб	Пирот	Занатлијска бб	43.257209	22.543492	objekat
Пирот	22	ПОСЛОВНЕ ПРОСТОРИЈЕ	Пирот, Трговачка бр. 45	Пирот	Трговачка бр. 45	43.154734	22.586504	naselje
Пирот	23	ПОСЛОВНЕ ПРОСТОРИЈЕ	Пирот, Рузмарина бр. 162	Пирот	Рузмарина бр. 162	43.177209	22.583639	ulica
Пирот	24	ОШ "СВЕТИ САВА"	Пирот, Саве Немањића бр. 2	Пирот	Саве Немањића бр. 2	43.162021	22.590881	objekat
Пирот	25	ОШ "СВЕТИ САВА"	Пирот, Саве Немањића бр. 2	Пирот	Саве Немањића бр. 2	43.162021	22.590881	objekat
Пирот	26	ТШ "МИЛЕНТИЈЕ ПОПОВИЋ"	Пирот, Таковска бр. 22	Пирот	Таковска бр. 22	43.157670	22.592337	objekat
Пирот	27	ТШ "МИЛЕНТИЈЕ ПОПОВИЋ"	Пирот, Таковска бр. 22	Пирот	Таковска бр. 22	43.157670	22.592337	objekat
Пирот	28	ЕКОНОМСКА ШКОЛА	Пирот, Таковска бр. 24	Пирот	Таковска бр. 24	43.157216	22.593454	objekat
Пирот	29	ЕКОНОМСКА ШКОЛА	Пирот, Таковска бр. 24	Пирот	Таковска бр. 24	43.157216	22.593454	objekat
Пирот	30	ЕКОНОМСКА ШКОЛА	Пирот, Таковска бр. 24	Пирот	Таковска бр. 24	43.157216	22.593454	objekat
Пирот	31	ПОСЛОВНЕ ПРОСТОРИЈЕ	Патраска бр. 14	Патраска бр. 14				nije_nadjeno
Пирот	32	ОШ "СВЕТИ САВА"	Пирот, Саве Немањића бр. 2	Пирот	Саве Немањића бр. 2	43.162021	22.590881	objekat
Пирот	33	ОШ "СВЕТИ САВА"	Пирот, Саве Немањића бр. 2	Пирот	Саве Немањића бр. 2	43.162021	22.590881	objekat
Пирот	34	ДОМ КУЛТУРЕ	Пирот, Васе Пелагића бр. 2	Пирот	Васе Пелагића бр. 2	43.177777	22.600014	objekat
Пирот	35	ДОМ КУЛТУРЕ	Гњилан	Гњилан		43.167152	22.555831	naselje
Пирот	36	КЛУБ ПЕНЗИОНЕРА	Гњилан	Гњилан		43.167152	22.555831	naselje
Пирот	37	ОСНОВНА ШКОЛА	Барје Чифлик	Барје Чифлик		43.138324	22.542208	naselje
Пирот	38	ОСНОВНА ШКОЛА	Расница	Расница		43.114348	22.534135	naselje
Пирот	39	ОСНОВНА ШКОЛА	Сиња Глава	Сиња Глава		43.058353	22.514202	naselje
Пирот	40	ОСНОВНА ШКОЛА	Блато	Блато		43.147509	22.497546	naselje
Пирот	41	ДОМ ОМЛАДИНЕ	Костур	Костур		43.141689	22.496015	naselje
Пирот	42	ПРОСТОРИЈА МЕСНЕ ЗАЈЕДНИЦЕ	Велики Суводол	Велики Суводол		43.172830	22.505551	naselje
Пирот	43	ОСНОВНА ШКОЛА	Мали Суводол	Мали Суводол		43.175136	22.497067	naselje
Пирот	44	АМБУЛАНТА	Понор	Понор		43.163709	22.450770	naselje
Пирот	45	АМБУЛАНТА	Присјан	Присјан		43.078465	22.556064	naselje
Пирот	46	ОСНОВНА ШКОЛА	Камик	Камик		43.057512	22.569507	naselje
Пирот	47	МЕСНА КАНЦЕЛАРИЈА	Држина	Држина		43.100184	22.604780	naselje
Пирот	48	ЗАДРУЖНИ ДОМ	Петровац	Петровац		43.077901	22.617633	naselje
Пирот	49	ЗАДРУЖНИ ДОМ	Војнеговац	Војнеговац		43.075604	22.635164	naselje
Пирот	50	ОСНОВНА ШКОЛА	Суково	Суково		43.048063	22.650082	naselje
Пирот	51	ДЕЧИЈИ ВРТИЋ	Бело Поље	Бело Поље		43.070986	22.668782	naselje
Пирот	52	КЛУБ МЕСНЕ ЗАЈЕДНИЦЕ	Чиниглавци	Чиниглавци		43.055934	22.717109	naselje
Пирот	53	МЕСНА ЗАЈЕДНИЦА	Срећковац	Срећковац		43.034740	22.702956	naselje
Пирот	54	ДОМ КУЛТУРЕ	Крупац	Крупац		43.122175	22.672364	naselje
Пирот	55	ДОМ КУЛТУРЕ	Велико Село	Велико Село		43.106672	22.674809	naselje
Пирот	56	МЕСНА ЗАЈЕДНИЦА	Велики Јовановац	Велики Јовановац		43.111178	22.652309	naselje
Пирот	57	ДОМ КУЛТУРЕ	Мали Јовановац	Мали Јовановац		43.106220	22.668432	naselje
Пирот	58	ДОМ ОМЛАДИНЕ	Трњана	Трњана		43.121022	22.653628	naselje
Пирот	59	ОСНОВНА ШКОЛА	Пољска Ржана	Пољска Ржана		43.127730	22.627135	naselje
Пирот	60	ОСНОВНА ШКОЛА	Бериловац	Бериловац		43.158468	22.615677	naselje
Пирот	61	ЗАДРУЖНИ ДОМ	Извор	Извор		43.147616	22.635018	naselje
Пирот	62	ОСНОВНА ШКОЛА	Градашница	Градашница		43.184282	22.595142	naselje
Пирот	63	МЕСНА ЗАЈЕДНИЦА	Нишор	Нишор		43.217783	22.594003	naselje
Пирот	64	МЕСНА КАНЦЕЛАРИЈА	Добри До	Добри До		43.214254	22.633681	naselje
Пирот	65	МЕСНА ЗАЈЕДНИЦА	Покревеник	Покревеник		43.254577	22.617326	naselje
Пирот	66	СЕОСКИ ДОМ	Гостуша	Гостуша		43.256123	22.696158	naselje
Пирот	67	МЕСНА ЗАЈЕДНИЦА	Височка Ржана	Височка Ржана		43.155031	22.811625	naselje
Пирот	68	ОСНОВНА ШКОЛА	Росомач	Росомач		43.167578	22.862855	naselje
Пирот	69	ОСНОВНА ШКОЛА	Деловци	Деловци				nije_nadjeno
Пирот	70	ДОМ КУЛТУРЕ	Дојкинци	Дојкинци		43.226004	22.784642	naselje
Пирот	71	БИБЛИОТЕКА	Темска	Темска		43.262257	22.545029	naselje
Пирот	72	ЗЕМЉОРАДНИЧКИ ДОМ	Рудње	Рудње				nije_nadjeno
Пирот	73	ЗЗ "РАГОДЕШ"	Рагодеш	Рагодеш		43.271839	22.501542	naselje
Пирот	74	МЕСНА ЗАЈЕДНИЦА	Топли До	Топли До		43.340390	22.679765	naselje
Пирот	75	МЕСНА ЗАЈЕДНИЦА	ЦерОВА	ЦерОВА		43.312431	22.491581	naselje
Пирот	76	МЕСНА ЗАЈЕДНИЦА	Базовик	Базовик		43.304323	22.447478	naselje
Пирот	77	ДОМ КУЛТУРЕ	Црноклиште	Црноклиште		43.234167	22.467191	naselje
Пирот	78	ДОМ КУЛТУРЕ	Осмакова	Осмакова		43.282745	22.424815	ulica
Пирот	79	МЕСНА ЗАЈЕДНИЦА	Враниште	Враниште		43.256950	22.457205	naselje
Пирот	80	МЕСНА ЗАЈЕДНИЦА	Станичење	Станичење		43.204080	22.510129	naselje
Пирот	81	ДОМ ОМЛАДИНЕ	Сопот	Сопот		43.229843	22.565343	naselje
Пирот	82	МЕСНА ЗАЈЕДНИЦА	Ореовица	Ореовица		43.249759	22.569582	naselje
Пирот	83	МЕСНА ЗАЈЕДНИЦА	Црвенчево	Црвенчево		43.227860	22.494250	naselje
Пирот	84	ОСНОВНА ШКОЛА	Обреновац	Обреновац		43.037803	22.720934	naselje
Пландиште	1	ДОМ КУЛТУРЕ	Банатски Соколац, Школска бр. 16	Банатски Соколац	Школска бр. 16	45.265074	21.082079	objekat
Пландиште	2	ДОМ КУЛТУРЕ	Барице, Маршала Тита бр. 69	Барице	Маршала Тита бр. 69	45.181451	21.080298	objekat
Пландиште	3	МЕСНА ЗАЈЕДНИЦА	Велика Греда, Маршала Тита бр. 114	Велика Греда	Маршала Тита бр. 114			nije_nadjeno
Пландиште	4	ЧИТАОНИЦА	Велика Греда, Маршала Тита бр. 114	Велика Греда	Маршала Тита бр. 114			nije_nadjeno
Пландиште	5	ЛОВАЧКИ ДОМ ВЕЛИКИ ГАЈ	Велики Гај, Доситеја Обрадовића бр. 34	Велики Гај	Доситеја Обрадовића бр. 34	45.260244	21.140007	ulica
Пландиште	6	САЛА МЕСНЕ ЗАЈЕДНИЦЕ ДУЖИНЕ	Дужине, Братства Јединства бр. 34	Дужине	Братства Јединства бр. 34			nije_nadjeno
Пландиште	7	МЕСНА ЗАЈЕДНИЦА	Јерменовци, Маршала Тита бр. 64	Јерменовци	Маршала Тита бр. 64			nije_nadjeno
Пландиште	8	ЛОВАЧКИ ДОМ	Јерменовци, Петра Драпшина бр. 3	Јерменовци	Петра Драпшина бр. 3			nije_nadjeno
Пландиште	9	САЛА ДОМА КУЛТУРЕ	Купиник, Вука Караџића бр. 3	Купиник	Вука Караџића бр. 3			nije_nadjeno
Пландиште	10	ОШ "ДОСИТЕЈ ОБРАДОВИЋ"	Маргита, Анкуцит-Лукреције бр. 64	Маргита	Анкуцит-Лукреције бр. 64			nije_nadjeno
Пландиште	11	МЕСНА КАНЦЕЛАРИЈА	Маргита, Братства Јединства бр. 60	Маргита	Братства Јединства бр. 60			nije_nadjeno
Пландиште	12	ДОМ КУЛТУРЕ	Марковићево, Бегејска бр. 20	Марковићево	Бегејска бр. 20			nije_nadjeno
Пландиште	13	ОШ "ЈОВАН СТЕРИЈА ПОПОВИЋ"	Милетићево, Трг Светозара Милетића бб	Милетићево	Трг Светозара Милетића бб			nije_nadjeno
Пландиште	14	УСЛУЖНИ ЦЕНТАР	Пландиште, Војводе Путника бр. 38	Пландиште	Војводе Путника бр. 38	45.228575	21.120155	objekat
Пландиште	15	ОШ "ДОСИТЕЈ ОБРАДОВИЋ"	Пландиште, Војводе Путника бр. 60	Пландиште	Војводе Путника бр. 60	45.229460	21.123969	objekat
Пландиште	16	ДОМ КУЛТУРЕ - ДИСКОТЕКА	Пландиште, Војводе Путника бр. 58	Пландиште	Војводе Путника бр. 58	45.228094	21.116635	ulica
Пландиште	17	ДОМ КУЛТУРЕ - ДИСКОТЕКА	Пландиште, Војводе Путника бр. 58	Пландиште	Војводе Путника бр. 58	45.228094	21.116635	ulica
Пландиште	18	ОШ "ДОСИТЕЈ ОБРАДОВИЋ"	Пландиште, Војводе Путника бр. 60	Пландиште	Војводе Путника бр. 60	45.229460	21.123969	objekat
Пландиште	19	ОШ "ДОСИТЕЈ ОБРАДОВИЋ"	Пландиште, Војводе Путника бр. 60	Пландиште	Војводе Путника бр. 60	45.229460	21.123969	objekat
Пландиште	20	ДОМ КУЛТУРЕ - БИОСКОП	Пландиште, Војводе Путника бр. 58	Пландиште	Војводе Путника бр. 58	45.228094	21.116635	ulica
Пландиште	21	МЕСНА ЗАЈЕДНИЦА	Стари Лeц, Железничка бр. 23	Стари Лeц	Железничка бр. 23			nije_nadjeno
Пландиште	22	ОШ "ЈОВАН ЈОВАНОВИЋ ЗМАЈ"	Хајдучица, Валентова бр. 3	Хајдучица	Валентова бр. 3			nije_nadjeno
Пландиште	23	ОШ "ЈОВАН ЈОВАНОВИЋ ЗМАЈ"	Хајдучица, Валентова бр. 3	Хајдучица	Валентова бр. 3			nije_nadjeno
Пожаревац	1	ОСНУВНА ШКОЛА	Баре	Баре		44.646791	21.332003	naselje
Пожаревац	2	ОСНОВНА ШКОЛА	Батовац	Батовац		44.682640	21.063781	naselje
Пожаревац	3	ОСНОВНА ШКОЛА	Берање	Берање		44.660068	21.338017	naselje
Пожаревац	4	ОСНОВНА ШКОЛА	Брадарац	Брадарац		44.687177	21.230340	naselje
Пожаревац	5	ОСНОВНА ШКОЛА	Братинац	Братинац		44.643000	21.252779	naselje
Пожаревац	6	ДОМ КУЛТУРЕ	Брежане	Брежане		44.654693	21.076267	naselje
Пожаревац	7	ДОМ КУЛТУРЕ	Бубушинац	Бубушинац		44.666482	21.235872	naselje
Пожаревац	8	ОСНОВНА ШКОЛА	Драговац	Драговац		44.617751	21.104050	naselje
Пожаревац	9	МЕСНА ЗАЈЕДНИЦА	Дрмно	Дрмно		44.717164	21.219837	naselje
Пожаревац	10	ОСНОВНА ШКОЛА	Дубравица	Дубравица		44.695003	21.077664	naselje
Пожаревац	11	ОСНОВНА ШКОЛА	Живица	Живица		44.641715	21.105526	naselje
Пожаревац	12	ОСНОВНА ШКОЛА	Касидол	Касидол		44.634060	21.325013	naselje
Пожаревац	13	ОСНОВНА ШКОЛА	Кличевац	Кличевац		44.759028	21.290548	naselje
Пожаревац	14	ОСНОВНА ШКОЛА	Кличевац	Кличевац		44.759028	21.290548	naselje
Пожаревац	15	ДОМ КУЛТУРЕ	Лучица	Лучица		44.574065	21.179225	naselje
Пожаревац	16	ОСНОВНА ШКОЛА	Лучица	Лучица		44.574065	21.179225	naselje
Пожаревац	17	ОСНОВНА ШКОЛА	Маљуревац	Маљуревац		44.678867	21.228463	naselje
Пожаревац	18	ОСНОВНА ШКОЛА	Набрђе	Набрђе		44.626400	21.252331	naselje
Пожаревац	19	ВИШИ СУД	Пожаревац, Јована Шербановића бр. 4	Пожаревац	Јована Шербановића бр. 4	44.618055	21.188506	objekat
Пожаревац	20	МЗ "БРАЋА ВУЈОВИЋ"	Пожаревац, Светосавска бр. 11	Пожаревац	Светосавска бр. 11	44.731126	21.166817	objekat
Пожаревац	21	МЗ "БРАЋА ВУЈОВИЋ"	Пожаревац, Светосавска бр. 11	Пожаревац	Светосавска бр. 11	44.731126	21.166817	objekat
Пожаревац	22	ОГРАНАК ПОЖАРЕВАЦ АУТО-МОТО САВЕЗ ТЕХНИК ББ ДОО -	Пожаревац, Боже Димитријевића бр. 52	Пожаревац	Боже Димитријевића бр. 52	44.625893	21.190819	objekat
Пожаревац	23	МЗ "БУЛЕВАР"	Пожаревац, Воје Дулића бр. 41	Пожаревац	Воје Дулића бр. 41	44.622667	21.186641	objekat
Пожаревац	24	МЕЂУОПШТИНСКО УДРУЖЕЊЕ ГЛУВИХ И НАГЛУВИХ ПОЖАРЕВАЦ	Пожаревац, Воје Дулића бр. 19	Пожаревац	Воје Дулића бр. 19	44.621440	21.186373	objekat
Пожаревац	25	ОШ "ВУК КАРАЏИЋ"	Пожаревац, Моравска бр. 2	Пожаревац	Моравска бр. 2	44.623881	21.174872	objekat
Пожаревац	26	ОШ "ВУК КАРАЏИЋ"	Пожаревац, Моравска бр. 2	Пожаревац	Моравска бр. 2	44.623881	21.174872	objekat
Пожаревац	27	МЗ "БУРЈАН"	Пожаревац, Ратарска бр. 2	Пожаревац	Ратарска бр. 2	44.624144	21.175541	objekat
Пожаревац	28	ОШ "ВУК КАРАЏИЋ"	Пожаревац, Моравска бр. 2	Пожаревац	Моравска бр. 2	44.623881	21.174872	objekat
Пожаревац	29	ОШ "ВУК КАРАЏИЋ"	Пожаревац, Моравска бр. 2	Пожаревац	Моравска бр. 2	44.623881	21.174872	objekat
Пожаревац	30	САВЕТОДАВНА И ПОЉОПРИВРЕДНА СТРУЧНА СЛУЖБА	Пожаревац, Дунавска бр. 91	Пожаревац	Дунавска бр. 91	44.630238	21.171703	objekat
Пожаревац	31	ХАЛА СПОРТОВА	Пожаревац, Партизанска бр. 1	Пожаревац	Партизанска бр. 1	44.618722	21.173061	objekat
Пожаревац	32	МЕДИЦИНСКА ШКОЛА	Пожаревац, Лоле Рибара бр. 6-8	Пожаревац	Лоле Рибара бр. 6-8	44.619572	21.182339	objekat
Пожаревац	33	МЕДИЦИНСКА ШКОЛА	Пожаревац, Лоле Рибара бр. 6-8	Пожаревац	Лоле Рибара бр. 6-8	44.619572	21.182339	objekat
Пожаревац	34	МЗ "ВАСА ПЕЛАГИЋ"	Пожаревац, Ситничка бр. 2	Пожаревац	Ситничка бр. 2	44.617181	21.179434	objekat
Пожаревац	35	ОШ "КРАЉ АЛЕКСАНДАР ПРВИ"	Пожаревац, Симе Симића бр. 3	Пожаревац	Симе Симића бр. 3	44.614495	21.180432	objekat
Пожаревац	36	МЗ "ГОРЊА МАЛА"	Пожаревац, Косовска бр. 44	Пожаревац	Косовска бр. 44	44.613827	21.182330	objekat
Пожаревац	37	ОШ "КРАЉ АЛЕКСАНДАР ПРВИ"	Пожаревац, Симе Симића бр. 3	Пожаревац	Симе Симића бр. 3	44.614495	21.180432	objekat
Пожаревац	38	ПОСЛОВНИ ПРОСТОР БР. 4 СТАМБЕНИХ ЗГРАДА	Пожаревац, 27. априла бр. 2 А	Пожаревац	27. априла бр. 2 А	44.607424	21.180965	objekat
Пожаревац	39	ПОСЛОВНИ ПРОСТОР БР. 4 СТАМБЕНИХ ЗГРАДА	Пожаревац, 27. априла бр.2 А	Пожаревац	27. априла бр.2 А	44.607424	21.180965	objekat
Пожаревац	40	ПОСЛОВНИ ПРОСТОР	Пожаревац, 27. априла бр. 31/1	Пожаревац	27. априла бр. 31/1	44.601451	21.180552	ulica
Пожаревац	41	ОШ "ДЕСАНКА МАКСИМОВИЋ"	Пожаревац, Шесте личке дивизије бр. 32	Пожаревац	Шесте личке дивизије бр. 32	44.604804	21.192234	objekat
Пожаревац	42	МЗ "ЉУБИЧЕВО"	Пожаревац, Љубичево бб	Пожаревац	Љубичево бб	44.598881	21.135071	naselje
Пожаревац	43	ОШ "ВУК КАРАЏИЋ"	Пожаревац, Сопоћанска бр.7 А	Пожаревац	Сопоћанска бр.7 А	44.650407	21.147251	objekat
Пожаревац	44	ЦЕНТАР ЗА КУЛТУРУ	Пожаревац, Јована Шербановића бр. 1	Пожаревац	Јована Шербановића бр. 1	44.619085	21.187316	objekat
Пожаревац	45	ОШ "ДОСИТЕЈ ОБРАДОВИЋ"	Пожаревац, Јована Шербановића бр. 10	Пожаревац	Јована Шербановића бр. 10	44.620616	21.189580	objekat
Пожаревац	46	ОШ "ДОСИТЕЈ ОБРАДОВИЋ"	Пожаревац, Јована Шербановића бр. 10	Пожаревац	Јована Шербановића бр. 10	44.620616	21.189580	objekat
Пожаревац	47	МЗ "РАДНА МАЛА"	Пожаревац, Братства јединства бр. 69	Пожаревац	Братства јединства бр. 69	44.627728	21.183729	objekat
Пожаревац	48	МЗ "РАДНА МАЛА"	Пожаревац, Братства јединства бр. 69	Пожаревац	Братства јединства бр. 69	44.627728	21.183729	objekat
Пожаревац	49	МЗ "СОПОТ"	Пожаревац, Обилићева бр. 25	Пожаревац	Обилићева бр. 25	44.669717	21.192917	objekat
Пожаревац	50	ПОЉОПРИВРЕДНА ШКОЛА СА ДОМОМ УЧЕНИКА "СОЊА МАРИНКОВИЋ"	Пожаревац, Илије Бирчанина бр. 70	Пожаревац	Илије Бирчанина бр. 70	44.633787	21.191764	objekat
Пожаревац	51	ПОЉОПРИВРЕДНА ШКОЛА СА ДОМОМ УЧЕНИКА "СОЊА МАРИНКОВИЋ"	Пожаревац, Илије Бирчанина бр. 70	Пожаревац	Илије Бирчанина бр. 70	44.633787	21.191764	objekat
Пожаревац	52	ХОРСКА САЛА ШКОЛЕ "СТЕВАН МОКРАЊАЦ" ЗА ОСНОВНО И СРЕДЊЕ МУЗИЧКО ОБРАЗОВАЊЕ	Пожаревац, Синђелићева бр. 14	Пожаревац	Синђелићева бр. 14	44.621731	21.183177	objekat
Пожаревац	53	ШКОЛА ЗА ОСНОВНО И СРЕДЊЕ МУЗИЧКО ОБРАЗОВАЊЕ "СТЕВАН МОКРАЊАЦ"	Пожаревац, Кнеза Лазара бр. 1	Пожаревац	Кнеза Лазара бр. 1	44.621397	21.183113	objekat
Пожаревац	54	МЕСНА ЗАЈЕДНИЦА "ЧАЧАЛИЦА"	Пожаревац, Пожаревачки партизански одред бр.73	Пожаревац	Пожаревачки партизански одред бр.73	44.601364	21.203466	ulica
Пожаревац	55	МЕСНА ЗАЈЕДНИЦА "ЧАЧАЛИЦА"	Пожаревац, Пожаревачки партизански одред бр.73	Пожаревац	Пожаревачки партизански одред бр.73	44.601364	21.203466	ulica
Пожаревац	56	ОСНОВНА ШКОЛА	Пољана	Пољана		44.533933	21.200499	naselje
Пожаревац	57	ДОМ КУЛТУРЕ	Пољана	Пољана		44.533933	21.200499	naselje
Пожаревац	58	ОСНОВНА ШКОЛА	Пругово	Пругово		44.563132	21.191425	naselje
Пожаревац	59	ОСНОВНА ШКОЛА	Речица	Речица		44.772701	21.308036	naselje
Пожаревац	60	ОСНОВНА ШКОЛА	Трњане	Трњане		44.613562	21.262769	naselje
Пожаревац	61	ОСНОВНА ШКОЛА	Ћириковац	Ћириковац		44.653859	21.202565	ulica
Пожега	1	СКУПШТИНА ОПШТИНЕ ПОЖЕГА	Пожега, Трг слободе бр. 9	Пожега	Трг слободе бр. 9	43.845635	20.035108	objekat
Пожега	2	ОСНОВНИ СУД	Пожега, Уче Димитријевића бр. 6	Пожега	Уче Димитријевића бр. 6	43.846384	20.033480	objekat
Пожега	3	ОШ "ЕМИЛИЈА ОСТОЈИЋ"	Пожега, Књаза Милоша бр. 26	Пожега	Књаза Милоша бр. 26	43.846338	20.039113	objekat
Пожега	4	ПОШТА	Пожега, Краља Петра бр. 2	Пожега	Краља Петра бр. 2	43.846649	20.035564	objekat
Пожега	5	СПОРТСКО КУЛТУРНИ ЦЕНТАР - ПРОСТОРИЈЕ КУПАЛИШНОГ БАЗЕНА	Пожега, Момчила Тешића бр. 44	Пожега	Момчила Тешића бр. 44	43.853350	20.025995	objekat
Пожега	6	СТАРА ШКОЛА "ПЕТАР ЛЕКОВИЋ"	Пожега, Црквена бр. 6	Пожега	Црквена бр. 6	43.848518	20.036225	objekat
Пожега	7	НОВА ШКОЛА "ПЕТАР ЛЕКОВИЋ"	Пожега, Петра Лековића бр. 1	Пожега	Петра Лековића бр. 1	43.849222	20.038278	objekat
Пожега	8	ВАТРОГАСНИ ДОМ	Пожега, Књаза Милоша бр. 60	Пожега	Књаза Милоша бр. 60	43.847374	20.046146	objekat
Пожега	9	ЦРВЕНИ КРСТ	Пожега, Николе Пашића бб	Пожега	Николе Пашића бб	43.836679	20.036828	ulica
Пожега	10	АУТО-МОТО ДРУШТВО	Пожега, Николе Пашића бб	Пожега	Николе Пашића бб	43.836679	20.036828	ulica
Пожега	11	ПОЉОПРИВРЕДНА ШКОЛА "ЉУБО МИЋИЋ"	Пожега, Болничка бр. 2	Пожега	Болничка бр. 2	43.842078	20.021705	objekat
Пожега	12	Дом	Бакионица	Бакионица		43.863048	20.046266	naselje
Пожега	13	Школа	Висибаба	Висибаба		43.831183	20.004838	naselje
Пожега	14	ПРОСТОРИЈЕ ФК САВИНАЦ	Висибаба	Висибаба		43.831183	20.004838	naselje
Пожега	15	МЕСНА ЗАЈЕДНИЦА	Врањани	Врањани		43.876458	19.987017	naselje
Пожега	16	МЕСНА ЗАЈЕДНИЦА	Велика Јежевица	Велика Јежевица		43.963020	20.025187	naselje
Пожега	17	Дом	Глумач	Глумач		43.864362	20.019278	naselje
Пожега	18	Дом	Годовик	Годовик		43.806303	20.041852	naselje
Пожега	19	Школа	Горња Добриња	Горња Добриња		43.962488	20.078201	naselje
Пожега	20	МЕСНА ЗАЈЕДНИЦА КОД ПРОДАВНИЦЕ "МОРАВА-ПОЧЕЧА"	Горобиље	Горобиље		43.828500	20.084376	ulica
Пожега	21	МЕСНА ЗАЈЕДНИЦА	Горобиље	Горобиље		43.828500	20.084376	ulica
Пожега	22	Дом	Гугаљ	Гугаљ		43.867765	20.100260	naselje
Пожега	23	МЕСНА ЗАЈЕДНИЦА	Доња Добриња	Доња Добриња		43.929859	20.040822	naselje
Пожега	24	КУЋА МИЋА ЈОКОВИЋА	Дражиновићи	Дражиновићи		43.955136	20.009494	naselje
Пожега	25	Школа	Душковци	Душковци		44.006378	20.050415	naselje
Пожега	26	Дом	Засеље	Засеље		43.918391	19.987478	naselje
Пожега	27	Дом	Здравчићи	Здравчићи		43.849260	19.955764	naselje
Пожега	28	ПРОСТОРИЈЕ ПОШТЕ	Јелен До, Просторија поште бр. 1	Јелен До	Просторија поште бр. 1	43.893053	20.119185	naselje
Пожега	29	Дом	Каленићи	Каленићи		43.934557	19.988937	naselje
Пожега	30	Школа	Лопаш	Лопаш		43.805358	20.123992	naselje
Пожега	31	Школа	Лорет	Лорет		43.902005	20.053654	naselje
Пожега	32	МЕСНА ЗАЈЕДНИЦА	Љутице	Љутице		44.035838	20.031445	naselje
Пожега	33	КУЋА ЈЕВТОВИЋ ВОЈИСЛАВА	Мађер	Мађер		43.948231	20.042667	naselje
Пожега	34	КУЋА ПЕТРОВИЋ ЈОВАНА	Мала Јежевица	Мала Јежевица		43.973824	20.046380	naselje
Пожега	35	Дом	Милићево Село	Милићево Село		43.790056	20.085926	naselje
Пожега	36	МЕСНА ЗАЈЕДНИЦА	Мршељи	Мршељи		44.025802	20.064898	naselje
Пожега	37	Дом	Отањ	Отањ		43.898665	20.000739	naselje
Пожега	38	Нови дом	Папратиште	Папратиште		43.915980	20.098457	naselje
Пожега	39	МЕСНА ЗАЈЕДНИЦА	Пилатовићи	Пилатовићи		43.826323	20.105195	naselje
Пожега	40	Дом	Пријановићи	Пријановићи		43.857461	20.079403	naselje
Пожега	41	Школа	Прилипац	Прилипац		43.818334	20.114894	naselje
Пожега	42	Дом	Радовци	Радовци		43.838443	19.971964	naselje
Пожега	43	ПРОСТОРИЈЕ ФК "ПОЛЕТ"	Расна	Расна		43.814556	20.022798	naselje
Пожега	44	Дом	Речице	Речице		43.781815	20.028806	naselje
Пожега	45	МЕСНА ЗАЈЕДНИЦА	Роге	Роге		43.775642	19.981814	naselje
Пожега	46	Дом	Рупељево	Рупељево		43.791667	19.992885	naselje
Пожега	47	Школа	Сврачково	Сврачково		43.762354	20.010824	naselje
Пожега	48	МЕСНА ЗАЈЕДНИЦА	Средња Добриња	Средња Добриња		43.938868	20.057130	naselje
Пожега	49	Дом	Тврдићи	Тврдићи		43.863712	19.941602	naselje
Пожега	50	МЕСНА ЗАЈЕДНИЦА	Тометино Поље	Тометино Поље		44.070952	20.059357	naselje
Пожега	51	ПРОСТОРИЈЕ ПОШТЕ	Јелен До, Просторија поште бр. 2	Јелен До	Просторија поште бр. 2	43.893053	20.119185	naselje
Пожега	52	МЕСНА ЗАЈЕДНИЦА	Узићи	Узићи		43.811971	19.975462	naselje
Пожега	53	МЕСНА ЗАЈЕДНИЦА	Честобродица	Честобродица		43.907895	20.004365	naselje
Прешево	1	ДЕЧЈИ ВРТИЋ "8. МАРТ"	Прешево, Боре Вукмировића бб	Прешево	Боре Вукмировића бб	42.310135	21.647432	naselje
Прешево	2	ДЕЧЈИ ВРТИЋ "8. МАРТ"	Прешево, Боре Вукмировића бб	Прешево	Боре Вукмировића бб	42.310135	21.647432	naselje
Прешево	3	ЗГРАДА СКУПШТИНЕ ОПШТИНЕ	Прешево, Маршала Тита бр. 36	Прешево	Маршала Тита бр. 36	42.307896	21.649648	ulica
Прешево	4	ЗГРАДА СКУПШТИНЕ ОПШТИНЕ КАТАСТАР	Прешево, Маршала Тита бр. 36	Прешево	Маршала Тита бр. 36	42.307896	21.649648	ulica
Прешево	5	ЗГРАДА СКУПШТИНЕ ОПШТИНЕ	Прешево, Маршала Тита бр. 36	Прешево	Маршала Тита бр. 36	42.307896	21.649648	ulica
Прешево	6	СРЕДЊА ТЕХНИЧКА ШКОЛА	Прешево, 15. Новембра бб	Прешево	15. Новембра бб	42.310135	21.647432	naselje
Прешево	7	ОШ "ПРОФ ИБРАХИМ КЕЛМЕНДИ"	Прешево, 15. Новембра бб	Прешево	15. Новембра бб	42.310135	21.647432	naselje
Прешево	8	ДОМ КУЛТУРЕ "АБДУЛА КРАШНИЦИ"	Прешево, 15. Новембра бб	Прешево	15. Новембра бб	42.310135	21.647432	naselje
Прешево	9	ГИМНАЗИЈА "СКЕНДЕРБЕГ"	Прешево, 15. Новембра бб	Прешево	15. Новембра бб	42.310135	21.647432	naselje
Прешево	10	ДОМ ПЕНЗИОНЕРА - ЖЕЛЕЗНИЧКА СТАНИЦА	Прешево	Прешево		42.310135	21.647432	naselje
Прешево	11	ОШ "ВУК КАРАЏИЋ"	Прешево, Железничка бр. 14/6	Прешево	Железничка бр. 14/6	42.293877	21.688087	ulica
Прешево	12	ОСНОВНА ШКОЛА	Букаревац	Букаревац		42.332953	21.706311	ulica
Прешево	13	ОСНОВНА ШКОЛА	Жујинце	Жујинце		42.303458	21.709953	objekat
Прешево	14	ОСНОВНА ШКОЛА	Норча	Норча		42.298307	21.641711	naselje
Прешево	15	ОСНОВНА ШКОЛА	Трнава	Трнава		42.280893	21.646290	naselje
Прешево	16	ОСНОВНА ШКОЛА	Церевајка	Церевајка		42.336366	21.572635	naselje
Прешево	17	ОСНОВНА ШКОЛА	Буковац	Буковац		42.360476	21.648370	naselje
Прешево	18	ОСНОВНА ШКОЛА	Бујић	Бујић		42.337078	21.603404	naselje
Прешево	19	ОСНОВНА ШКОЛА	Цакановац	Цакановац		42.274909	21.680576	naselje
Прешево	20	ОСНОВНА ШКОЛА	Чукарка	Чукарка		42.293059	21.709539	ulica
Прешево	21	ОСНОВНА ШКОЛА	Славујевац	Славујевац		42.271710	21.764990	naselje
Прешево	22	ОСНОВНА ШКОЛА	Алиђерце	Алиђерце		42.291401	21.729113	naselje
Прешево	23	ОСНОВНА ШКОЛА	Рељан	Рељан		42.309820	21.736634	naselje
Прешево	24	ОСНОВНА ШКОЛА	Буштрање	Буштрање		42.330635	21.753916	naselje
Прешево	25	ОСНОВНА ШКОЛА	Стрезовце	Стрезовце		42.273913	21.732422	naselje
Прешево	26	ОСНОВНА ШКОЛА	Стрезовце	Стрезовце		42.273913	21.732422	naselje
Прешево	27	ОСНОВНА ШКОЛА	Рајинце	Рајинце		42.379167	21.695556	naselje
Прешево	28	МЕСНА КАНЦЕЛАРИЈА	Рајинце	Рајинце		42.379167	21.695556	naselje
Прешево	29	ОСНОВНА ШКОЛА	Црнотинце	Црнотинце		42.357392	21.700928	naselje
Прешево	30	ОСНОВНА ШКОЛА	Црнотинце	Црнотинце		42.357392	21.700928	naselje
Прешево	31	ОСНОВНА ШКОЛА	Миратовац	Миратовац		42.258460	21.664563	naselje
Прешево	32	МЕСНА КАНЦЕЛАРИЈА	Миратовац	Миратовац		42.258460	21.664563	naselje
Прешево	33	ДЕЧЈИ ВРТИЋ	Миратовац	Миратовац		42.258460	21.664563	naselje
Прешево	34	ОСНОВНА ШКОЛА	Ораовица	Ораовица		42.320771	21.660427	ulica
Прешево	35	ОСНОВНА ШКОЛА	Ораовица	Ораовица		42.320771	21.660427	ulica
Прешево	36	ОСНОВНА ШКОЛА	Ораовица	Ораовица		42.320771	21.660427	ulica
Прешево	37	АМБУЛАНТА	Ораовица	Ораовица		42.320771	21.660427	ulica
Прибој	1	ДОМ КУЛТУРЕ	Прибој, 12. ЈАНУАРА БР. 41	Прибој	12. ЈАНУАРА БР. 41	43.583111	19.524457	objekat
Прибој	2	ОШ "БРАНКО РАДИЧЕВИЋ" (НОВА ЗГРАДА)	Прибој, 12. ЈАНУАРА БР. 104	Прибој	12. ЈАНУАРА БР. 104	43.583633	19.524212	objekat
Прибој	3	ОШ "БРАНКО РАДИЧЕВИЋ" (СТАРА ЗГРАДА)	Прибој, 12. ЈАНУАРА БР. 104	Прибој	12. ЈАНУАРА БР. 104	43.583633	19.524212	objekat
Прибој	4	ОШ "БРАНКО РАДИЧЕВИЋ" (АДАПТИРАНИ ДЕО)	Прибој, 12. ЈАНУАРА БР. 104	Прибој	12. ЈАНУАРА БР. 104	43.583633	19.524212	objekat
Прибој	5	ОШ "БРАНКО РАДИЧЕВИЋ" (АДАПТИРАНИ ДЕО)	Прибој, 12. ЈАНУАРА БР. 104	Прибој	12. ЈАНУАРА БР. 104	43.583633	19.524212	objekat
Прибој	6	ЈКП "УСЛУГА" - САЛА	Прибој, САВЕ КОВАЧЕВИЋА ББ	Прибој	САВЕ КОВАЧЕВИЋА ББ	43.567772	19.526148	ulica
Прибој	7	СПОРТСКА ДВОРАНА-ШАХ САЛА	Прибој, ВУКА КАРАЏИЋА БР. 1	Прибој	ВУКА КАРАЏИЋА БР. 1	43.563254	19.534830	objekat
Прибој	8	ГИМНАЗИЈА	Прибој, НЕМАЊИНА БР. 37	Прибој	НЕМАЊИНА БР. 37	43.562439	19.538606	objekat
Прибој	9	ДЕЧИЈИ ВРТИЋ "НЕВЕН" (ВОДОВОД)	Прибој, ЛИМСКА БР. 59	Прибој	ЛИМСКА БР. 59	43.556017	19.542074	objekat
Прибој	10	ОШ "ДЕСАНКА МАКСИМОВИЋ"	Прибој, ЛИМСКА БР. 24	Прибој	ЛИМСКА БР. 24	43.562933	19.539629	objekat
Прибој	11	ЕЛЕКТРОДИСТРИБУЦИЈА	Прибој, ЛИМСКА БР. 25	Прибој	ЛИМСКА БР. 25	43.558260	19.542074	objekat
Прибој	12	ОШ "ВУК КАРАЏИЋ"	Прибој, НЕМАЊИНА БР. 35	Прибој	НЕМАЊИНА БР. 35	43.562747	19.538070	objekat
Прибој	13	ОШ "ДЕСАНКА МАКСИМОВИЋ" (САЛА)	Прибој, ЛИМСКА БР. 24	Прибој	ЛИМСКА БР. 24	43.562933	19.539629	objekat
Прибој	14	МАШИНСКО-ЕЛЕКТРОТЕХНИЧКА ШКОЛА	Прибој, ВУКА КАРАЏИЋА БР. 5	Прибој	ВУКА КАРАЏИЋА БР. 5	43.563132	19.535232	objekat
Прибој	15	ШУМСКА СЕКЦИЈА	Прибој, ДРАГОЉУБА САВИЋА БР. 3	Прибој	ДРАГОЉУБА САВИЋА БР. 3	43.561217	19.537012	objekat
Прибој	16	ОШ "ВУК КАРАЏИЋ"	Прибој, НЕМАЊИНА БР. 35	Прибој	НЕМАЊИНА БР. 35	43.562747	19.538070	objekat
Прибој	17	ОШ "ВУК КАРАЏИЋ"	Прибој, НЕМАЊИНА БР. 35	Прибој	НЕМАЊИНА БР. 35	43.562747	19.538070	objekat
Прибој	18	ОШ "ДЕСАНКА МАКСИМОВИЋ"	Прибој, ЛИМСКА БР. 24	Прибој	ЛИМСКА БР. 24	43.562933	19.539629	objekat
Прибој	19	МАШИНСКО-ЕЛЕКТРОТЕХНИЧКА ШКОЛА	Прибој, ВУКА КАРАЏИЋА БР. 5	Прибој	ВУКА КАРАЏИЋА БР. 5	43.563132	19.535232	objekat
Прибој	20	КУЋА ЉУБОМИРА ЈАНОШЕВИЋА	ЈАРМОВАЦ	ЈАРМОВАЦ		43.556320	19.556077	ulica
Прибој	21	ОШ "НИКОЛА ТЕСЛА"	БАЊА	БАЊА		43.549215	19.560173	naselje
Прибој	22	КУЋА СЛАВОЉУБА ТАБАКОВИЋА	САВО ДОРЂЕ	САВО ДОРЂЕ				nije_nadjeno
Прибој	23	ОМЛАДИНСКИ ДОМ	ХЕРЦЕГОВАЧКА ГОЛЕША	ХЕРЦЕГОВАЧКА ГОЛЕША		43.506615	19.419971	naselje
Прибој	24	ОСНОВНА ШКОЛА	РАТКОВИЋИ	РАТКОВИЋИ		43.490727	19.332959	naselje
Прибој	25	ОСНОВНА ШКОЛА	ЦРНУЂИЦЕ ГЕЏИЋИ	ЦРНУЂИЦЕ ГЕЏИЋИ				nije_nadjeno
Прибој	26	КУЋА МИЛУТИНА ВУЈОВИЋА	САСТАВЦИ	САСТАВЦИ		43.575046	19.424017	ulica
Прибој	27	КУЋА ВЕЉКА КРСТИЋА	УНАЦ	УНАЦ				nije_nadjeno
Прибој	28	РЕСТОРАН КОРЧАГИН	Прибој, 5. САНЏАЧКЕ БРИГАДЕ ББ	Прибој	5. САНЏАЧКЕ БРИГАДЕ ББ	43.554162	19.540902	ulica
Прибој	29	КУЋА ВЕЉКА РАДОЈИЧИЋА	ПЕПЕЉЕВИ	ПЕПЕЉЕВИ				nije_nadjeno
Прибој	30	ОСНОВНА ШКОЛА	АШАНИ	АШАНИ				nije_nadjeno
Прибој	31	КУЋА УРОША ЗОРКЕ	Заостро	Заостро		43.491406	19.264651	naselje
Прибој	32	ПОСЛОВНИ ПРОСТОР КОРЧАГ	КУКУРОВИЋИ	КУКУРОВИЋИ		43.514696	19.231665	naselje
Прибој	33	ОСНОВНА ШКОЛА	КРАТОВО	КРАТОВО		43.529341	19.641949	naselje
Прибој	34	ОСНОВНА ШКОЛА	КРАЂА	КРАЂА				nije_nadjeno
Прибој	35	ОСНОВНА ШКОЛА	ЈЕЛАЧИЋИ	ЈЕЛАЧИЋИ				nije_nadjeno
Прибој	36	КУЋА ВЕЛИМИРА ГРАЂЕВИЋА	БРЕЗНА	БРЕЗНА		43.539307	19.651980	ulica
Прибој	37	ОМЛАДИНСКИ ДОМ	МАЖИЋИ	МАЖИЋИ		43.506462	19.580440	naselje
Прибој	38	ОСНОВНА ШКОЛА	ПОТОЦИ	ПОТОЦИ				nije_nadjeno
Прибој	39	ОБЈЕКАТ МЗ НОВИ ПРИБОЈ	ПРИБОЈ	ПРИБОЈ		43.582850	19.525817	naselje
Прибој	40	ОСНОВНА ШКОЛА	СТРМАЦ	СТРМАЦ		43.542007	19.273255	naselje
Прибој	41	ОСНОВНА ШКОЛА	ЗАБРЂЕ	ЗАБРЂЕ		43.570315	19.318957	naselje
Прибој	42	ОСНОВНА ШКОЛА	СЈЕВЕРИН	СЈЕВЕРИН		43.600968	19.376098	naselje
Прибој	43	ОСНОВНА ШКОЛА	КУКУРОВИЋИ	КУКУРОВИЋИ		43.514696	19.231665	naselje
Прибој	44	ПЛАНИНАРСКИ ДОМ Б-5	БАЊА	БАЊА		43.549215	19.560173	naselje
Прибој	45	КУЋА РОДОЉУБА ЖЕРАЂА	КАЛУЂЕРОВИЋИ	КАЛУЂЕРОВИЋИ		43.463248	19.387320	naselje
Прибој	46	КУЋА ВЕЉКА ДРАГАШЕВИЋА	САВО ДОРЂЕ	САВО ДОРЂЕ				nije_nadjeno
Прибој	47	ОСНОВНА ШКОЛА	РАТКОВИЋИ	РАТКОВИЋИ		43.490727	19.332959	naselje
Прибој	48	ОСНОВНА ШКОЛА	Калафати	Калафати		43.522438	19.569654	naselje
Пријепоље	1	ОСНОВНА ШКОЛА	АЉИНОВИЋИ	АЉИНОВИЋИ		43.335333	19.846657	naselje
Пријепоље	2	ОСНОВНА ШКОЛА МИЛОШЕВ ДО	МИЛОШЕВ ДО	МИЛОШЕВ ДО		43.312287	19.811498	naselje
Пријепоље	3	ОСНОВНА ШКОЛА КАЋЕВО	КАЋЕВО	КАЋЕВО		43.329058	19.755930	naselje
Пријепоље	4	ОСНОВНА ШКОЛА ХИСАРЏИК	ХИСАРЏИК	ХИСАРЏИК		43.359403	19.723414	naselje
Пријепоље	5	ОСНОВНА ШКОЛА КОСАТИЦА	КОСАТИЦА	КОСАТИЦА		43.387349	19.734070	naselje
Пријепоље	6	КУЋА НЕСТОРОВИЋ СРЕБРЕНКА	ДОЊА ДРЕНОВА	ДОЊА ДРЕНОВА				nije_nadjeno
Пријепоље	7	МЕСНА ЗАЈЕДНИЦА РАСНО	РАСНО	РАСНО		43.405929	19.656486	naselje
Пријепоље	8	ОСНОВНА ШКОЛА ТАШЕВО	ТАШЕВО	ТАШЕВО		43.382301	19.676318	naselje
Пријепоље	9	ОСНОВНА ШКОЛА	СОПОТНИЦА	СОПОТНИЦА		43.305670	19.737644	naselje
Пријепоље	10	ОСНОВНА ШКОЛА ЛУЧИЦЕ	ЛУЧИЦЕ	ЛУЧИЦЕ		43.312827	19.692986	naselje
Пријепоље	11	ОСНОВНА ШКОЛА ДИВЦИ	Дивци	Дивци		43.332527	19.673726	naselje
Пријепоље	12	ОСНОВНА ШКОЛА ГОРЊИ СТРАЊАНИ	ГОРЊИ СТРАЊАНИ	ГОРЊИ СТРАЊАНИ		43.260916	19.777417	naselje
Пријепоље	13	КУЋА ГОЈАКОВИЋ СЛАВОЉУБА	ГРОБНИЦЕ	ГРОБНИЦЕ		43.239732	19.721048	naselje
Пријепоље	14	ОСНОВНА ШКОЛА ЏУРОВО	ЏУРОВО	ЏУРОВО		43.459653	19.625233	naselje
Пријепоље	15	ОСНОВНА ШКОЛА КУЧИН	КУЧИН	КУЧИН		43.479283	19.633063	naselje
Пријепоље	16	ОСНОВНА ШКОЛА ЦРКВЕНИ ТОЦИ	ЦРКВЕНИ ТОЦИ	ЦРКВЕНИ ТОЦИ		43.447553	19.553537	naselje
Пријепоље	17	ОСНОВНА ШКОЛА ГОРЊЕ БАБИНЕ	ГОРЊЕ БАБИНЕ	ГОРЊЕ БАБИНЕ		43.423390	19.488034	naselje
Пријепоље	18	КУЋА ЉУБОЈЕВИЋ ДРАГАНА	ВРБОВО	ВРБОВО		43.445514	19.477817	naselje
Пријепоље	19	ОСНОВНА ШКОЛА ДОЊЕ БАБИНЕ	ДОЊЕ БАБИНЕ	ДОЊЕ БАБИНЕ		43.415616	19.532381	naselje
Пријепоље	20	ОСНОВНА ШКОЛА ЈАБУКА	ЈАБУКА	ЈАБУКА		43.348849	19.514597	naselje
Пријепоље	21	ОСНОВНА ШКОЛА ЗВИЈЕЗД	ЗВИЈЕЗД	ЗВИЈЕЗД		43.363749	19.550299	naselje
Пријепоље	22	КУЋА БЕНДИЋ СТАНИМИРА	ОСОЈЕ	ОСОЈЕ		43.349694	19.570723	naselje
Пријепоље	23	ОСНОВНА ШКОЛА КАРОШЕВИНА	КАРОШЕВИНА	КАРОШЕВИНА		43.337694	19.572151	naselje
Пријепоље	24	ОСНОВНА ШКОЛА СЕЉАШНИЦА	СЕЉАШНИЦА	СЕЉАШНИЦА		43.371623	19.592211	naselje
Пријепоље	25	ОСНОВНА ШКОЛА КАМЕНА ГОРА	КАМЕНА ГОРА	КАМЕНА ГОРА		43.283497	19.565268	naselje
Пријепоље	26	ОСНОВНА ШКОЛА МИЈАНИ	МИЈАНИ	МИЈАНИ		43.306121	19.606581	naselje
Пријепоље	27	ОСНОВНА ШКОЛА ХРТА	ХРТА	ХРТА		43.287115	19.622388	naselje
Пријепоље	28	ОСНОВНА ШКОЛА ОРАШАЦ	ОРАШАЦ	ОРАШАЦ		43.263697	19.664112	naselje
Пријепоље	29	ОСНОВНА ШКОЛА МАТАРУГЕ	МАТАРУГЕ	МАТАРУГЕ		43.275648	19.633388	naselje
Пријепоље	30	ОСНОВНА ШКОЛА ГОЈАКОВИЋИ	ГОЈАКОВИЋИ	ГОЈАКОВИЋИ		43.243831	19.651658	naselje
Пријепоље	31	ОСНОВНА ШКОЛА ИВЕЗИЋИ	ИВЕЗИЋИ	ИВЕЗИЋИ		43.224372	19.651577	naselje
Пријепоље	32	КУЋА БРДАР СУТКА	БАЛИЋИ	БАЛИЋИ		43.233316	19.703803	naselje
Пријепоље	33	ОСНОВНА ШКОЛА СЛАТИНА	СЛАТИНА	СЛАТИНА		43.194237	19.692174	naselje
Пријепоље	34	ОСНОВНА ШКОЛА ГОСТУН	ГОСТУН	ГОСТУН		43.189137	19.756798	naselje
Пријепоље	35	ОСНОВНА ШКОЛА ЗАСТУП	ЗАСТУП	ЗАСТУП		43.196707	19.753433	naselje
Пријепоље	36	ОСНОВНА ШКОЛА ПОТОК	Поток	Поток		43.252853	19.678010	naselje
Пријепоље	37	ОСНОВНА ШКОЛА ЗАВИНОГРАЂЕ	ЗАВИНОГРАЂЕ	ЗАВИНОГРАЂЕ		43.249808	19.697773	naselje
Пријепоље	38	ОСНОВНА ШКОЛА (НОВА) БРОДАРЕВО	БРОДАРЕВО	БРОДАРЕВО		43.230478	19.718358	naselje
Пријепоље	39	ОСНОВНА ШКОЛА (СТАРА) БРОДАРЕВО	БРОДАРЕВО	БРОДАРЕВО		43.230478	19.718358	naselje
Пријепоље	40	ПОСЛОВНИ ПРОСТОР ТАХИРОВИЋ АИДА	ГРАЧАНИЦА	ГРАЧАНИЦА		43.311594	19.684927	naselje
Пријепоље	41	ПОСЛОВНИ ПРОСТОР СРЕДОЈЕВИЋ НИКОЛЕ - 1	КОВАЧЕВАЦ - ВЕЛИКА ЖУПА	КОВАЧЕВАЦ - ВЕЛИКА ЖУПА				nije_nadjeno
Пријепоље	42	ПОСЛОВНИ ПРОСТОР СРЕДОЈЕВИЋ НИКОЛЕ БР. 2	КОВАЧЕВАЦ - ВЕЛИКА ЖУПА	КОВАЧЕВАЦ - ВЕЛИКА ЖУПА				nije_nadjeno
Пријепоље	43	ОСНОВНА ШКОЛА ВИНИЦКА	ВИНИЦКА	ВИНИЦКА		43.317517	19.634547	naselje
Пријепоље	44	ОСНОВНА ШКОЛА ИВАЊЕ	ИВАЊЕ	ИВАЊЕ		43.348541	19.643976	naselje
Пријепоље	45	ОСНОВНА ШКОЛА "МИЛОСАВ СТИКОВИЋ" РАТАЈСКА	Пријепоље, Љубише Миодраговића бр. 61	Пријепоље	Љубише Миодраговића бр. 61	43.356727	19.635765	objekat
Пријепоље	46	ОСНОВНА ШКОЛА "МИЛОСАВ СТИКОВИЋ" РАТАЈСКА	Пријепоље, Љубише Миодраговића бр. 62	Пријепоље	Љубише Миодраговића бр. 62	43.364903	19.629048	objekat
Пријепоље	47	ДЕЧИЈИ ВРТИЋ КОЛОВРАТ	Пријепоље, Љубише Миодраговића бр. 15	Пријепоље	Љубише Миодраговића бр. 15	43.366516	19.629379	objekat
Пријепоље	48	МЕСНА ЗАЈЕДНИЦА КОЛОВРАТ	Пријепоље, Трг Димитрија Туцовића бр. 1	Пријепоље	Трг Димитрија Туцовића бр. 1	43.370214	19.627542	objekat
Пријепоље	49	ОСНОВНА ШКОЛА "МИЛОСАВ СТИКОВИЋ" КОЛОВРАТ	Пријепоље, Пионирска бр. 22	Пријепоље	Пионирска бр. 22	43.373098	19.628125	ulica
Пријепоље	50	ОСНОВНА ШКОЛА "МИЛОСАВ СТИКОВИЋ" КОЛОВРАТ	Пријепоље, Пионирска бр. 22	Пријепоље	Пионирска бр. 22	43.373098	19.628125	ulica
Пријепоље	51	ОСНОВНА ШКОЛА "СВЕТИ САВА" БОСТАНИ БР. 1	Пријепоље, Сјеничка бб	Пријепоље	Сјеничка бб	43.383837	19.675018	ulica
Пријепоље	52	ОСНОВНА ШКОЛА "СВЕТИ САВА" БОСТАНИ БР. 2	Пријепоље, Сјеничка бб	Пријепоље	Сјеничка бб	43.383837	19.675018	ulica
Пријепоље	53	ПОСЛОВНИ ПРОСТОР БАЈРАМОВИЋ СЕАДА-СЕЈО	Пријепоље, Пролетерских бригада бр. 24	Пријепоље	Пролетерских бригада бр. 24	43.391196	19.657828	objekat
Пријепоље	54	ПОСЛОВНИ ПРОСТОР БЈЕЛАК МИРСАДА - МИРЕ	Пријепоље, Изета Чавића бр. 16	Пријепоље	Изета Чавића бр. 16	43.391449	19.655622	objekat
Пријепоље	55	КУЋА ПЕТРИЋ САВА	Пријепоље, Ружина бр. 5	Пријепоље	Ружина бр. 5	43.401222	19.639489	objekat
Пријепоље	56	ОСНОВНА ШКОЛА "ВЛАДИМИР ПЕРИЋ - ВАЛТЕР"	Пријепоље, Санџачких бригада бр. 1	Пријепоље	Санџачких бригада бр. 1	43.390272	19.652228	objekat
Пријепоље	57	ДОМ КУЛТУРЕ	Пријепоље, Санџачких бригада бр. 2	Пријепоље	Санџачких бригада бр. 2	43.391342	19.648360	objekat
Пријепоље	58	ШАХ КЛУБ	Пријепоље, Валтерова бр. 3	Пријепоље	Валтерова бр. 3	43.389209	19.649352	naselje
Пријепоље	59	ЕКОНОМСКО-ТРГОВИНСКА ШКОЛА	Пријепоље, Валтерова бр. 4	Пријепоље	Валтерова бр. 4	43.389209	19.649352	naselje
Пријепоље	60	ЕЛЕКТРОДИСТРИБУЦИЈА	Пријепоље, 4. децембра бб	Пријепоље	4. децембра бб	43.387492	19.641649	ulica
Пријепоље	61	ОСНОВНА ШКОЛА ЗАЛУГ	ЗАЛУГ	ЗАЛУГ		43.397212	19.636663	ulica
Приштина	1	ОШ "КРАЉ МИЛУТИН"	ГРАЧАНИЦА	ГРАЧАНИЦА				nije_nadjeno
Приштина	2	ОШ "КРАЉ МИЛУТИН"	ГРАЧАНИЦА	ГРАЧАНИЦА				nije_nadjeno
Приштина	3	ОШ "КРАЉ МИЛУТИН"	ГРАЧАНИЦА	ГРАЧАНИЦА				nije_nadjeno
Приштина	4	ОШ "КРАЉ МИЛУТИН"	ГРАЧАНИЦА	ГРАЧАНИЦА				nije_nadjeno
Приштина	5	ОШ "КРАЉ МИЛУТИН"	ГРАЧАНИЦА	ГРАЧАНИЦА				nije_nadjeno
Приштина	6	ОШ "КРАЉ МИЛУТИН"	ГРАЧАНИЦА	ГРАЧАНИЦА				nije_nadjeno
Приштина	7	ОШ "КРАЉ МИЛУТИН"	ГРАЧАНИЦА	ГРАЧАНИЦА				nije_nadjeno
Приштина	8	ОШ "КРАЉ МИЛУТИН"	ГРАЧАНИЦА	ГРАЧАНИЦА				nije_nadjeno
Приштина	9	ОШ "КРАЉ МИЛУТИН"	ГРАЧАНИЦА	ГРАЧАНИЦА				nije_nadjeno
Приштина	10	ОШ "КРАЉ МИЛУТИН"	ГРАЧАНИЦА	ГРАЧАНИЦА				nije_nadjeno
Приштина	11	ОШ "КРАЉ МИЛУТИН"	ГРАЧАНИЦА	ГРАЧАНИЦА				nije_nadjeno
Приштина	12	ОШ "МИЛАДИН МИТИЋ"	ЛАПЉЕ СЕЛО	ЛАПЉЕ СЕЛО				nije_nadjeno
Приштина	13	ОШ "МИЛАДИН МИТИЋ"	ЛАПЉЕ СЕЛО	ЛАПЉЕ СЕЛО				nije_nadjeno
Приштина	14	ОШ "МИЛАДИН МИТИЋ"	ЛАПЉЕ СЕЛО	ЛАПЉЕ СЕЛО				nije_nadjeno
Прокупље	1	ОШ "РАТКО ПАВЛОВИЋ ЋИЋКО"	ПРОКУПЉЕ, НИКОДИЈА СТОЈАНОВИЋА ТАТКА БР. 19	ПРОКУПЉЕ	НИКОДИЈА СТОЈАНОВИЋА ТАТКА БР. 19	43.234622	21.590389	objekat
Прокупље	2	ОШ "РАТКО ПАВЛОВИЋ ЋИЋКО"	ПРОКУПЉЕ, НИКОДИЈА СТОЈАНОВИЋА ТАТКА БР. 19	ПРОКУПЉЕ	НИКОДИЈА СТОЈАНОВИЋА ТАТКА БР. 19	43.234622	21.590389	objekat
Прокупље	3	ТЕХНИЧКА ШКОЛА	ПРОКУПЉЕ, РАТКА ПАВЛОВИЋА ЋИЋКА БР. 194	ПРОКУПЉЕ	РАТКА ПАВЛОВИЋА ЋИЋКА БР. 194	43.237205	21.595901	objekat
Прокупље	4	ОШ "9. ОКТОБАР"	ПРОКУПЉЕ, ЗМАЈ ЈОВИНА БР. 1	ПРОКУПЉЕ	ЗМАЈ ЈОВИНА БР. 1	43.238584	21.604005	objekat
Прокупље	5	ОШ "9. ОКТОБАР"	ПРОКУПЉЕ, ЗМАЈ ЈОВИНА БР. 1	ПРОКУПЉЕ	ЗМАЈ ЈОВИНА БР. 1	43.238584	21.604005	objekat
Прокупље	6	ОШ "НИКОДИЈЕ СТОЈАНОВИЋ ТАТКО"	ПРОКУПЉЕ, РАТКА ПАВЛОВИЋА ЋИЋКА БР. 43	ПРОКУПЉЕ	РАТКА ПАВЛОВИЋА ЋИЋКА БР. 43	43.236246	21.590689	objekat
Прокупље	7	ТРЖИШТЕ РАДА	ПРОКУПЉЕ, ЦАРА ЛАЗАРА БР. 30	ПРОКУПЉЕ	ЦАРА ЛАЗАРА БР. 30	43.237319	21.592139	objekat
Прокупље	8	МЗ "НИКОДИЈЕ СТОЈАНОВИЋ ТАТКО"	ПРОКУПЉЕ, РАТКА ПАВЛОВИЋА ЋИЋКА БР. 133	ПРОКУПЉЕ	РАТКА ПАВЛОВИЋА ЋИЋКА БР. 133	43.237251	21.593101	objekat
Прокупље	9	ТЕХНИЧКА ШКОЛА	ПРОКУПЉЕ, РАТКА ПАВЛОВИЋА ЋИЋКА БР. 194	ПРОКУПЉЕ	РАТКА ПАВЛОВИЋА ЋИЋКА БР. 194	43.237205	21.595901	objekat
Прокупље	10	СПЕЦИЈАЛНА ШКОЛА	ПРОКУПЉЕ, МИЛОША ЦРЊАНСКОГ БР. 65	ПРОКУПЉЕ	МИЛОША ЦРЊАНСКОГ БР. 65	43.240129	21.591353	objekat
Прокупље	11	СПЕЦИЈАЛНА ШКОЛА	ПРОКУПЉЕ, МИЛОША ЦРЊАНСКОГ БР. 65	ПРОКУПЉЕ	МИЛОША ЦРЊАНСКОГ БР. 65	43.240129	21.591353	objekat
Прокупље	12	ДОМ КУЛТУРЕ	ПРОКУПЉЕ, ЈУГ БОГДАНОВА ББ	ПРОКУПЉЕ	ЈУГ БОГДАНОВА ББ	43.232504	21.584488	ulica
Прокупље	13	РАДНИЧКИ УНИВЕРЗИТЕТ	ПРОКУПЉЕ, КНЕЗ МИХАЈЛОВА БР. 55	ПРОКУПЉЕ	КНЕЗ МИХАЈЛОВА БР. 55	43.233104	21.588109	objekat
Прокупље	14	ДОМ КУЛТУРЕ	ПРОКУПЉЕ, ЈУГ БОГДАНОВА ББ	ПРОКУПЉЕ	ЈУГ БОГДАНОВА ББ	43.232504	21.584488	ulica
Прокупље	15	РАДНИЧКИ УНИВЕРЗИТЕТ	ПРОКУПЉЕ, КНЕЗ МИХАЈЛОВА БР. 55	ПРОКУПЉЕ	КНЕЗ МИХАЈЛОВА БР. 55	43.233104	21.588109	objekat
Прокупље	16	УДРУЖЕЊЕ ПЕНЗИОНЕРА	ПРОКУПЉЕ, 21. СРПСКЕ ДИВИЗИЈЕ БР. 19	ПРОКУПЉЕ	21. СРПСКЕ ДИВИЗИЈЕ БР. 19	43.235576	21.587162	objekat
Прокупље	17	РАДНИЧКИ УНИВЕРЗИТЕТ	ПРОКУПЉЕ, КНЕЗ МИХАЈЛОВА БР. 55	ПРОКУПЉЕ	КНЕЗ МИХАЈЛОВА БР. 55	43.233104	21.588109	objekat
Прокупље	18	ДОМ КУЛТУРЕ	ПРОКУПЉЕ, ЈУГ БОГДАНОВА ББ	ПРОКУПЉЕ	ЈУГ БОГДАНОВА ББ	43.232504	21.584488	ulica
Прокупље	19	ДОМ КУЛТУРЕ	ПРОКУПЉЕ, ЈУГ БОГДАНОВА ББ	ПРОКУПЉЕ	ЈУГ БОГДАНОВА ББ	43.232504	21.584488	ulica
Прокупље	20	Д.П. "ХИСАР"	ПРОКУПЉЕ, МАЛОПЛАНСКА БР. 24	ПРОКУПЉЕ	МАЛОПЛАНСКА БР. 24	43.232710	21.554973	objekat
Прокупље	21	ЛОКАЛ ДЕДИЋ ЗОРАНА	ПРОКУПЉЕ, ГОРЊА ДРАГАЊА ББ	ПРОКУПЉЕ	ГОРЊА ДРАГАЊА ББ	43.229566	21.569934	ulica
Прокупље	22	ОБЈЕКАТ ЂОРЂЕВИЋ ЗОРАНА	ПРОКУПЉЕ, ВОДИЧКА БР. 6	ПРОКУПЉЕ	ВОДИЧКА БР. 6	43.229641	21.572565	objekat
Прокупље	23	УПРАВНА ЗГРАДА БИЗНИС ИНКУБАТОР ЦЕНТРА	ПРОКУПЉЕ, ВАСИЛИЈЕ ЂУРОВИЋ-ЖАРКИ БР. 13	ПРОКУПЉЕ	ВАСИЛИЈЕ ЂУРОВИЋ-ЖАРКИ БР. 13	43.234348	21.588442	naselje
Прокупље	24	МЗ "СТРАХИЊА"	ПРОКУПЉЕ, ПАРТИЗАНСКА ББ	ПРОКУПЉЕ	ПАРТИЗАНСКА ББ	43.228930	21.589055	ulica
Прокупље	25	ТОПЛИЧКА АКАДЕМИЈА	ПРОКУПЉЕ, ЋИРИЛА И МЕТОДИЈА БР. 1	ПРОКУПЉЕ	ЋИРИЛА И МЕТОДИЈА БР. 1	43.244163	21.598573	objekat
Прокупље	26	ТОПЛИЧКА АКАДЕМИЈА	ПРОКУПЉЕ, ЋИРИЛА И МЕТОДИЈА БР. 1	ПРОКУПЉЕ	ЋИРИЛА И МЕТОДИЈА БР. 1	43.244163	21.598573	objekat
Прокупље	27	ОШ "9. ОКТОБАР"	ПРОКУПЉЕ, ЗМАЈ ЈОВИНА БР. 1	ПРОКУПЉЕ	ЗМАЈ ЈОВИНА БР. 1	43.238584	21.604005	objekat
Прокупље	28	ОШ "9. ОКТОБАР"	ПРОКУПЉЕ, ЗМАЈ ЈОВИНА БР. 1	ПРОКУПЉЕ	ЗМАЈ ЈОВИНА БР. 1	43.238584	21.604005	objekat
Прокупље	29	ПОЉОПРИВРЕДНА ШКОЛА	ПРОКУПЉЕ, ВУКА КАРАЏИЋА БР. 1	ПРОКУПЉЕ	ВУКА КАРАЏИЋА БР. 1	43.241602	21.605177	objekat
Прокупље	30	ОСНОВНА ШКОЛА	БЕРИЉЕ	БЕРИЉЕ		43.215551	21.624497	naselje
Прокупље	31	ОСНОВНА ШКОЛА	ДОЊА СТРАЖАВА	ДОЊА СТРАЖАВА		43.256797	21.597492	naselje
Прокупље	32	ОБЈЕКАТ ЉУБИШЕ СТЕВАНОВИЋА	ГОРЊА СТРАЖАВА	ГОРЊА СТРАЖАВА		43.264237	21.588419	naselje
Прокупље	33	ОСНОВНА ШКОЛА	ЋУКОВАЦ	ЋУКОВАЦ		43.227354	21.532606	ulica
Прокупље	34	ОСНОВНА ШКОЛА	БЕЛА ВОДА	БЕЛА ВОДА		43.226759	21.557085	ulica
Прокупље	35	ДНЕВНИ БОРАВАК „СУНЦЕ"	ВОДИЦЕ	ВОДИЦЕ		43.222924	21.561215	ulica
Прокупље	36	ОСНОВНА ШКОЛА	БЕЛИ КАМЕН	БЕЛИ КАМЕН		43.153511	21.570337	naselje
Прокупље	37	МЕСНА ЗАЈЕДНИЦА	ДОЊА ТРНАВА	ДОЊА ТРНАВА		43.247095	21.543780	ulica
Прокупље	38	ОСНОВНА ШКОЛА	ДОЊА ТРНАВА	ДОЊА ТРНАВА		43.247095	21.543780	ulica
Прокупље	39	ЛОКАЛ ДРАГОСЛАВА АРСЕНИЈЕВИЋА	БУМБУРЕК	БУМБУРЕК				nije_nadjeno
Прокупље	40	ОСНОВНА ШКОЛА	БАБИН ПОТОК	БАБИН ПОТОК		43.230007	21.630452	naselje
Прокупље	41	ОБЈЕКАТ ДИНЧИЋ ВЛАДИЦЕ	НОВО СЕЛО	НОВО СЕЛО		43.234120	21.621871	naselje
Прокупље	42	МЕСНА ЗАЈЕДНИЦА	НОВА БОЖУРНА	НОВА БОЖУРНА		43.251602	21.624061	ulica
Прокупље	43	ЗАДРУЖНИ ДОМ	БЕЛОЉИН	БЕЛОЉИН		43.231621	21.402907	naselje
Прокупље	44	ОСНОВНА ШКОЛА	ДОЊА КОЊУША	ДОЊА КОЊУША		43.222877	21.413258	naselje
Прокупље	45	ОСНОВНА ШКОЛА	МАЂЕРЕ	МАЂЕРЕ		43.261378	21.410682	naselje
Прокупље	46	ОСНОВНА ШКОЛА	КОНЏЕЉ	КОНЏЕЉ		43.241779	21.428282	naselje
Прокупље	47	ОСНОВНА ШКОЛА	ПРЕКАДИН	ПРЕКАДИН		43.226979	21.442782	naselje
Прокупље	48	КУЋА ПЕТРА ДРАМИЋАНИНА	ГОРЊА КОЊУША	ГОРЊА КОЊУША		43.197579	21.417224	naselje
Прокупље	49	КУЋА МИЛЕНА ПОПОВИЋА	ДОЊА БЕЈАШНИЦА	ДОЊА БЕЈАШНИЦА		43.195692	21.453133	naselje
Прокупље	50	ОСНОВНА ШКОЛА	ТУЛАРЕ	ТУЛАРЕ		43.224566	21.375226	naselje
Прокупље	51	ОБЈЕКАТ СТЕВЧИЋ СЛАВИШЕ	ПЛОЧНИК	ПЛОЧНИК		43.204135	21.357472	naselje
Прокупље	52	ОСНОВНА ШКОЛА	БАЦЕ	БАЦЕ		43.220712	21.344850	naselje
Прокупље	53	ОСНОВНА ШКОЛА	ВЕЛИКА ПЛАНА	ВЕЛИКА ПЛАНА		43.320107	21.439824	naselje
Прокупље	54	ОБЈЕКАТ МЕСНЕ ЗАЈЕДНИЦЕ	МРШЕЉ	МРШЕЉ		43.294579	21.450379	naselje
Прокупље	55	ОСНОВНА ШКОЛА	ДОЊА БРЕСНИЦА	ДОЊА БРЕСНИЦА		43.327888	21.413353	naselje
Прокупље	56	ЛОКАЛ ДРАГАНА ЈАНКОВИЋА	ГОРЊА БРЕСНИЦА	ГОРЊА БРЕСНИЦА		43.336924	21.412505	naselje
Прокупље	57	ОСНОВНА ШКОЛА	ЗДРАВИЊЕ	ЗДРАВИЊЕ		43.309717	21.392635	naselje
Прокупље	58	ОСНОВНА ШКОЛА	ПРЕКОПУЦЕ	ПРЕКОПУЦЕ		43.282017	21.417310	naselje
Прокупље	59	ОСНОВНА ШКОЛА	ДОЊА РЕЧИЦА	ДОЊА РЕЧИЦА		43.293790	21.492642	naselje
Прокупље	60	ОСНОВНА ШКОЛА	ГОРЊА РЕЧИЦА	ГОРЊА РЕЧИЦА		43.317566	21.471212	naselje
Прокупље	61	ЛОКАЛ ДРАГАНА СТОЈАНОВИЋА	ПАШИНАЦ	ПАШИНАЦ		43.278016	21.508387	naselje
Прокупље	62	ОСНОВНА ШКОЛА	БАБОТИНАЦ	БАБОТИНАЦ		43.324543	21.514463	naselje
Прокупље	63	КУЋА РАДОЈКА ЈЕРЕМИЋА	ЈУГОВАЦ	ЈУГОВАЦ		43.295897	21.537337	naselje
Прокупље	64	ОСНОВНА ШКОЛА	РЕЉИНАЦ	РЕЉИНАЦ		43.298445	21.516442	naselje
Прокупље	65	ЛОКАЛ МИЛОША ЈОЧИЋА	ГОРЊА ТРНАВА	ГОРЊА ТРНАВА		43.277303	21.527397	naselje
Прокупље	66	ОСНОВНА ШКОЛА	ЖИТНИ ПОТОК	ЖИТНИ ПОТОК		43.090207	21.575209	naselje
Прокупље	67	ОСНОВНА ШКОЛА	ЖИТНИ ПОТОК	ЖИТНИ ПОТОК		43.090207	21.575209	naselje
Прокупље	68	КУЋА ДУШАНА РАДОВАНОВИЋА	ДРАГИ ДЕО	ДРАГИ ДЕО		43.043630	21.552716	naselje
Прокупље	69	КУЋА ЗОРАНА МИЛОВАНОВИЋА	РАНКОВА РЕКА	РАНКОВА РЕКА		43.074066	21.533992	naselje
Прокупље	70	ОСНОВНА ШКОЛА	ЗЛАТА	ЗЛАТА		43.073146	21.652451	naselje
Прокупље	71	ОСНОВНА ШКОЛА	КОЖИНЦЕ	КОЖИНЦЕ		43.107178	21.621980	naselje
Прокупље	72	ОСНОВНА ШКОЛА	БУБЛИЦА	БУБЛИЦА		43.059213	21.598207	naselje
Прокупље	73	ОСНОВНА ШКОЛА	КРУШЕВИЦА	КРУШЕВИЦА		43.122935	21.451425	naselje
Прокупље	74	ОСНОВНА ШКОЛА	ТОВРЉАНЕ	ТОВРЉАНЕ		43.100732	21.420808	naselje
Прокупље	75	ДОМ ЗДРАВЉА	МАЛА ПЛАНА	МАЛА ПЛАНА		43.252082	21.476282	naselje
Прокупље	76	МЕСНА ЗАЈЕДНИЦА	ДОЊА ТОПОНИЦА	ДОЊА ТОПОНИЦА		43.225958	21.488647	naselje
Прокупље	77	КУЋА НЕБОЈШЕ МИХАЈЛОВИЋА	Поточић	Поточић		43.241703	21.492616	naselje
Прокупље	78	ЛОКАЛ ДРАГАНА БОГДАНОВИЋА	МЕРОВАЦ	МЕРОВАЦ		43.282229	21.454625	naselje
Прокупље	79	ОСНОВНА ШКОЛА	РЕСИНАЦ	РЕСИНАЦ		43.263340	21.466299	naselje
Прокупље	80	ДОМ МЕСНЕ ЗАЈЕДНИЦЕ	ГУБЕТИН	ГУБЕТИН		43.219584	21.512637	naselje
Прокупље	81	ОСНОВНА ШКОЛА	БРЕСНИЧИЋ	БРЕСНИЧИЋ		43.248756	21.444218	naselje
Прокупље	82	СЕОСКИ ДОМ	Кончић	Кончић		43.269397	21.422758	naselje
Прокупље	83	ОСНОВНА ШКОЛА	Џигољ	Џигољ		43.333137	21.564644	naselje
Прокупље	84	МЕСНА ЗАЈЕДНИЦА	КЛИСУРИЦА	КЛИСУРИЦА		43.344203	21.576556	naselje
Прокупље	85	ЛОКАЛ СЛАВИЦЕ ТОНИЋ	КОСТЕНИЦА	КОСТЕНИЦА		43.335985	21.545996	ulica
Прокупље	86	СЕОСКИ ДОМ	ГОРЊЕ КОРДИНЦЕ	ГОРЊЕ КОРДИНЦЕ		43.310067	21.558589	naselje
Прокупље	87	ОСНОВНА ШКОЛА	БАЈЧИНЦЕ	БАЈЧИНЦЕ		43.320653	21.543074	naselje
Прокупље	88	ОСНОВНА ШКОЛА	МИКУЛОВАЦ	МИКУЛОВАЦ		43.339867	21.529825	naselje
Прокупље	89	СЕОСКИ ДОМ	ПЕТРОВАЦ	ПЕТРОВАЦ		43.320722	21.580812	naselje
Прокупље	90	ОСНОВНА ШКОЛА	БАЛИНОВАЦ	БАЛИНОВАЦ		43.285931	21.607339	naselje
Прокупље	91	ОСНОВНА ШКОЛА	ДОЊЕ КОРДИНЦЕ	ДОЊЕ КОРДИНЦЕ		43.296364	21.584539	naselje
Ражањ	1	САЛА ОПШТИНСКОГ СУДА	Ражањ, Трг Светог Саве 33	Ражањ	Трг Светог Саве 33	43.672565	21.548790	objekat
Ражањ	2	ДОМ КУЛТУРЕ	Витошевац, ул. Цара Душана бр. 54	Витошевац	ул. Цара Душана бр. 54	43.746805	21.579752	objekat
Ражањ	3	МЕСНА ЗАЈЕДНИЦА	Скорица, ул. Николе Тесле 8	Скорица	ул. Николе Тесле 8	43.788573	21.563938	objekat
Ражањ	4	ДОМ КУЛТУРЕ	Смиловац, ул. Цара Душана бр. 6	Смиловац	ул. Цара Душана бр. 6	43.773923	21.583625	objekat
Ражањ	5	ДОМ КУЛТУРЕ	Подгорац, ул. Кнеза Милоша бр. 45	Подгорац	ул. Кнеза Милоша бр. 45	43.736326	21.599214	objekat
Ражањ	6	МЕСНА ЗАЈЕДНИЦА	Пардик, ул. Михајла Пупина бр. 2	Пардик	ул. Михајла Пупина бр. 2	43.715845	21.589297	objekat
Ражањ	7	ОШ "ВУК КАРАЏИЋ"	Грабово, ул. Цара Душана бр. 11	Грабово	ул. Цара Душана бр. 11	43.731625	21.631144	objekat
Ражањ	8	ДОМ КУЛТУРЕ	Чубура, ул. Степе Степановића бр. 29	Чубура	ул. Степе Степановића бр. 29	43.666935	21.534362	objekat
Ражањ	9	ДОМ КУЛТУРЕ	Варош, ул. Палих бораца бр. 44	Варош	ул. Палих бораца бр. 44	43.684032	21.557859	objekat
Ражањ	10	ОШ "ИВАН ВУШОВИЋ"	Шетка, ул. Цара Душана бр. 57	Шетка	ул. Цара Душана бр. 57	43.718878	21.552412	objekat
Ражањ	11	ОШ "ВУК КАРАЏИЋ"	Нови Брачин, ул. Цара Лазара бр. 25	Нови Брачин	ул. Цара Лазара бр. 25	43.753138	21.504190	objekat
Ражањ	12	ДОМ КУЛТУРЕ	Стари Брачин, ул. Светог Саве бр. 19	Стари Брачин	ул. Светог Саве бр. 19	43.769569	21.501138	objekat
Ражањ	13	ОШ "ВУК КАРАЏИЋ"	Претрковац, ул. Топличка бр. 31	Претрковац	ул. Топличка бр. 31	43.759529	21.531581	objekat
Ражањ	14	ДОМ КУЛТУРЕ	Црни Као, ул. Нушићева бр. 25 А	Црни Као	ул. Нушићева бр. 25 А	43.664984	21.619969	objekat
Ражањ	15	МЕСНА КАНЦЕЛАРИЈА	Рујиште, ул. Гаврила Принципа бр. 37	Рујиште	ул. Гаврила Принципа бр. 37	43.656704	21.582070	objekat
Ражањ	16	ОШ "ИВАН ВУШОВИЋ"	Липовац, ул. Браће Југовића бр. 39	Липовац	ул. Браће Југовића бр. 39	43.652613	21.569739	objekat
Ражањ	17	ДОМ КУЛТУРЕ	Послон, ул. Краља Петра бр. 113	Послон	ул. Краља Петра бр. 113	43.648703	21.539310	ulica
Ражањ	18	ДОМ КУЛТУРЕ	Прасковче, ул. Кнеза Милоша бр. 19	Прасковче	ул. Кнеза Милоша бр. 19	43.622096	21.536687	objekat
Ражањ	19	ДОМ КУЛТУРЕ	Малетина, ул. Кнеза Милоша бр. 16	Малетина	ул. Кнеза Милоша бр. 16	43.616800	21.500388	objekat
Ражањ	20	ОШ "ИВАН ВУШОВИЋ"	Мађере, ул. Цара Душана бр. 17	Мађере	ул. Цара Душана бр. 17	43.697321	21.512644	ulica
Ражањ	21	ДОМ КУЛТУРЕ	Браљина, ул. Браће Југовића бр. 52	Браљина	ул. Браће Југовића бр. 52	43.663704	21.481508	objekat
Раковица	1	Пета економска школа	Раковица, Ул. Хасанагинице 8	Раковица	Ул. Хасанагинице 8	44.756893	20.455999	objekat
Раковица	2	МЗ "Кошутњак"	Раковица, Ул. Пере Велимировића 48	Раковица	Ул. Пере Велимировића 48	44.757525	20.455076	objekat
Раковица	3	Пета економска школа	Раковица, Ул. Хасанагинице 8	Раковица	Ул. Хасанагинице 8	44.756893	20.455999	objekat
Раковица	4	Пета економска школа	Раковица, Ул. Хасанагинице 8	Раковица	Ул. Хасанагинице 8	44.756893	20.455999	objekat
Раковица	5	ШОЦ "Петар Лековић"	Раковица, Ул. Вукасовићева 21А	Раковица	Ул. Вукасовићева 21А	44.753804	20.454540	objekat
Раковица	6	ШОЦ "Петар Лековић"	Раковица, Ул. Вукасовићева 21А	Раковица	Ул. Вукасовићева 21А	44.753804	20.454540	objekat
Раковица	7	ДУ "Канаринац"	Раковица, Ул. Ивана Мичурина 27	Раковица	Ул. Ивана Мичурина 27	44.751083	20.457153	objekat
Раковица	8	ОШ "Иво Андрић"	Раковица, Ул. Ивана Мичурина 38	Раковица	Ул. Ивана Мичурина 38	44.751176	20.455174	objekat
Раковица	9	ОШ "Ђура Јакшић"	Раковица, Ул. Канарево брдо 2	Раковица	Ул. Канарево брдо 2	44.753375	20.449912	objekat
Раковица	10	ОШ "Ђура Јакшић"	Раковица, Ул. Канарево брдо 2	Раковица	Ул. Канарево брдо 2	44.753375	20.449912	objekat
Раковица	11	ОШ "Ђура Јакшић"	Раковица, Ул. Канарево брдо 2	Раковица	Ул. Канарево брдо 2	44.753375	20.449912	objekat
Раковица	12	ОШ "Иво Андрић"	Раковица, Ул. Ивана Мичурина 38	Раковица	Ул. Ивана Мичурина 38	44.751176	20.455174	objekat
Раковица	13	МЗ "Миљаковачки извори"	Раковица, Ул. Славољуба Вуксановића 1	Раковица	Ул. Славољуба Вуксановића 1	44.748256	20.457587	ulica
Раковица	14	ДУ "Изворчић"	Раковица, Ул. Славољуба Вуксановића 22	Раковица	Ул. Славољуба Вуксановића 22	44.746293	20.458715	objekat
Раковица	15	Алфа- Р компани	Раковица, Ул. Миљаковачке стазе 101	Раковица	Ул. Миљаковачке стазе 101	44.730609	20.471680	objekat
Раковица	16	Алфа- Р компани	Раковица, Ул. Миљаковачке стазе 101	Раковица	Ул. Миљаковачке стазе 101	44.730609	20.471680	objekat
Раковица	17	ОШ "Франце Прешерн"	Раковица, Ул. Станка Пауновића Вељка 45	Раковица	Ул. Станка Пауновића Вељка 45	44.746444	20.453007	objekat
Раковица	18	ОШ "Франце Прешерн"	Раковица, Ул. Станка Пауновића Вељка 45	Раковица	Ул. Станка Пауновића Вељка 45	44.746444	20.453007	objekat
Раковица	19	ОШ "Франце Прешерн"	Раковица, Ул. Станка Пауновића Вељка 45	Раковица	Ул. Станка Пауновића Вељка 45	44.746444	20.453007	objekat
Раковица	20	ОШ "Франце Прешерн"	Раковица, Ул. Станка Пауновића Вељка 45	Раковица	Ул. Станка Пауновића Вељка 45	44.746444	20.453007	objekat
Раковица	21	ОШ "Франце Прешерн"	Раковица, Ул. Станка Пауновића Вељка 45	Раковица	Ул. Станка Пауновића Вељка 45	44.746444	20.453007	objekat
Раковица	22	ОШ "Франце Прешерн"	Раковица, Ул. Станка Пауновића Вељка 45	Раковица	Ул. Станка Пауновића Вељка 45	44.746444	20.453007	objekat
Раковица	23	ОШ "Франце Прешерн"	Раковица, Ул. Станка Пауновића Вељка 45	Раковица	Ул. Станка Пауновића Вељка 45	44.746444	20.453007	objekat
Раковица	24	Центар за културу "Раковица"	Раковица, Ул. Мишка Крањца 7	Раковица	Ул. Мишка Крањца 7	44.744622	20.446550	objekat
Раковица	25	ОШ "Никола Тесла"	Раковица, Ул. Др. Миливоја Петровића 6	Раковица	Ул. Др. Миливоја Петровића 6	44.746797	20.439135	objekat
Раковица	26	ОШ "Никола Тесла"	Раковица, Ул. Др. Миливоја Петровића 6	Раковица	Ул. Др. Миливоја Петровића 6	44.746797	20.439135	objekat
Раковица	27	ОШ "Никола Тесла"	Раковица, Ул. Др. Миливоја Петровића 6	Раковица	Ул. Др. Миливоја Петровића 6	44.746797	20.439135	objekat
Раковица	28	МЗ "МИТАР БАКИЋ"	Раковица, Ул. Пилота Михаила Петровића 12	Раковица	Ул. Пилота Михаила Петровића 12	44.745434	20.435693	objekat
Раковица	29	ДЗ "Раковица"	Раковица, Ул. Краљице Јелене 22	Раковица	Ул. Краљице Јелене 22	44.745383	20.441374	objekat
Раковица	30	Ватрогасни дом	Раковица, Ул. Маричка 1А	Раковица	Ул. Маричка 1А	44.745110	20.439355	objekat
Раковица	31	МЗ "МИТАР БАКИЋ"	Раковица, Ул. Пилота Михаила Петровића 12	Раковица	Ул. Пилота Михаила Петровића 12	44.745434	20.435693	objekat
Раковица	32	ПУ "ВРТИЋ ВРАПЧИЋ"	Раковица, Ул. Луке Војводића 27Г	Раковица	Ул. Луке Војводића 27Г	44.747608	20.433132	objekat
Раковица	33	МЗ "СКОЈЕВСКА"	Раковица, Ул. Луке Војводића 93	Раковица	Ул. Луке Војводића 93	44.752030	20.438429	objekat
Раковица	34	МЗ "СКОЈЕВСКА"	Раковица, Ул. Луке Војводића 93	Раковица	Ул. Луке Војводића 93	44.752030	20.438429	objekat
Раковица	35	ОШ "Бранко Ћопић"	Раковица, Ул. Видиковачки венац 73	Раковица	Ул. Видиковачки венац 73	44.740776	20.420570	objekat
Раковица	36	ОШ "Бранко Ћопић"	Раковица, Ул. Видиковачки венац 73	Раковица	Ул. Видиковачки венац 73	44.740776	20.420570	objekat
Раковица	37	Дечије обданиште	Раковица, Ул. Видиковачки венац 73А	Раковица	Ул. Видиковачки венац 73А	44.739639	20.420932	objekat
Раковица	38	МЗ "ВИДИКОВАЦ"	Раковица, Ул. Видиковачки венац 1А	Раковица	Ул. Видиковачки венац 1А	44.738663	20.421597	objekat
Раковица	39	ОШ "Бранко Ћопић"	Раковица, Ул. Видиковачки венац 73	Раковица	Ул. Видиковачки венац 73	44.740776	20.420570	objekat
Раковица	40	ОШ "Бранко Ћопић"	Раковица, Ул. Видиковачки венац 73	Раковица	Ул. Видиковачки венац 73	44.740776	20.420570	objekat
Раковица	41	ОШ "Бранко Ћопић"	Раковица, Ул. Видиковачки венац 73	Раковица	Ул. Видиковачки венац 73	44.740776	20.420570	objekat
Раковица	42	ОШ "Бранко Ћопић"	Раковица, Ул. Видиковачки венац 73	Раковица	Ул. Видиковачки венац 73	44.740776	20.420570	objekat
Раковица	43	ОШ "Бранко Ћопић"	Раковица, Ул. Видиковачки венац 73	Раковица	Ул. Видиковачки венац 73	44.740776	20.420570	objekat
Раковица	44	ОШ "14. октобар"	Раковица, Ул. 17. октобра 18	Раковица	Ул. 17. октобра 18	44.728747	20.422308	objekat
Раковица	45	ОШ "14. октобар"	Раковица, Ул. 17. октобра 18	Раковица	Ул. 17. октобра 18	44.728747	20.422308	objekat
Раковица	46	Ударник промет	Раковица, Ул. Ослобођења 22	Раковица	Ул. Ослобођења 22	44.733612	20.432423	objekat
Раковица	47	Гимназија "Патријарх Павле"	Раковица, Ул. Гочка 40	Раковица	Ул. Гочка 40	44.727938	20.422288	objekat
Раковица	48	ОШ "14. октобар"	Раковица, Ул. Гочка 40	Раковица	Ул. Гочка 40	44.728747	20.422308	objekat
Раковица	49	Гимназија "Патријарх Павле"	Раковица, Ул. Гочка 40	Раковица	Ул. Гочка 40	44.727938	20.422288	objekat
Раковица	50	Гимназија "Патријарх Павле"	Раковица, Ул. Гочка 40	Раковица	Ул. Гочка 40	44.727938	20.422288	objekat
Раковица	51	Гимназија "Патријарх Павле"	Раковица, Ул. Гочка 40	Раковица	Ул. Гочка 40	44.727938	20.422288	objekat
Раковица	52	ОШ "14. октобар"	Раковица, Ул. Гочка 40	Раковица	Ул. Гочка 40	44.728747	20.422308	objekat
Раковица	53	ОШ "Владимир Роловић" стара школа	Раковица, Ул. 17. октобра 108	Раковица	Ул. 17. октобра 108	44.728263	20.430642	ulica
Раковица	54	ОШ "14. октобар"	Раковица, Ул. Гочка 40	Раковица	Ул. Гочка 40	44.728747	20.422308	objekat
Раковица	55	ОШ "Владимир Роловић" стара школа	Раковица, Ул. 17. октобра 108	Раковица	Ул. 17. октобра 108	44.728263	20.430642	ulica
Раковица	56	ОШ "14. октобар"	Раковица, Ул. Гочка 40	Раковица	Ул. Гочка 40	44.728747	20.422308	objekat
Раковица	57	ОШ "Владимир Роловић" стара школа	Раковица, Ул. 17. октобра 108	Раковица	Ул. 17. октобра 108	44.728263	20.430642	ulica
Раковица	58	ОШ "Владимир Роловић" нова школа	Раковица, Ул. Омладинско шеталиште 10	Раковица	Ул. Омладинско шеталиште 10	44.719920	20.422339	objekat
Раковица	59	ОШ "Владимир Роловић" - нова школа	Раковица, Ул. Омладинско шеталиште 10	Раковица	Ул. Омладинско шеталиште 10	44.719920	20.422339	objekat
Раковица	60	ОШ "Владимир Роловић" нова школа	Раковица, Ул. Омладинско шеталиште 10	Раковица	Ул. Омладинско шеталиште 10	44.719920	20.422339	objekat
Раковица	61	ДЗ "Ресник"	Раковица, Ул. Едварда Грига 18	Раковица	Ул. Едварда Грига 18	44.711531	20.461444	objekat
Раковица	62	МЗ "АВАЛА ГРАД"	Раковица, Ул. Милене Павловић-Барили 68	Раковица	Ул. Милене Павловић-Барили 68	44.712696	20.462185	objekat
Раковица	63	ДЗ "Ресник"	Раковица, Ул. Едварда Грига 18	Раковица	Ул. Едварда Грига 18	44.711531	20.461444	objekat
Раковица	64	ДЗ "Ресник"	Раковица, Ул. Едварда Грига 18	Раковица	Ул. Едварда Грига 18	44.711531	20.461444	objekat
Раковица	65	ОШ "Коста Абрашевић"	Раковица, Ул. Милорада Јанковића Доце 34	Раковица	Ул. Милорада Јанковића Доце 34	44.709206	20.451591	objekat
Раковица	66	Дом културе "Ресник"	Раковица, Ул. 13. октобра 23	Раковица	Ул. 13. октобра 23	44.713731	20.453337	objekat
Раковица	67	Школица	Раковица, Ул. Јосипа Теларевића 1	Раковица	Ул. Јосипа Теларевића 1	44.714532	20.451543	objekat
Раковица	68	Дом културе "Ресник" (мала сала)	Раковица, Ул. 13. октобра 23	Раковица	Ул. 13. октобра 23	44.713731	20.453337	objekat
Раковица	69	ОШ "Коста Абрашевић" (нови део школе)	Раковица, Ул. Милорада Јанковића-Доце 34	Раковица	Ул. Милорада Јанковића-Доце 34	44.709206	20.451591	objekat
Раковица	70	Гасоп доо	Раковица, Ул. Љубише Јеленковића 61	Раковица	Ул. Љубише Јеленковића 61	44.701975	20.449240	ulica
Раковица	71	БЕОРОЛ	Раковица, Ул. Аце Симића 4 (бивша Патријарха Димитрија 121 А)	Раковица	Ул. Аце Симића 4 (бивша Патријарха Димитрија 121 А)	44.724762	20.451639	drugo:landuse
Раковица	72	ОШ "14. октобар"	Раковица, Ул. 17. октобра 18	Раковица	Ул. 17. октобра 18	44.728747	20.422308	objekat
Раковица	73	Алфа- Р компани	Раковица, Ул. Миљаковачке стазе 101	Раковица	Ул. Миљаковачке стазе 101	44.730609	20.471680	objekat
Раковица	74	ОШ "14. октобар"-фискултурна сала	Раковица, Ул. 17. октобра 18	Раковица	Ул. 17. октобра 18	44.728263	20.430642	ulica
Раковица	75	ОШ "Владимир Роловић" - нова школа	Раковица, Ул. Омладинско шеталиште 10	Раковица	Ул. Омладинско шеталиште 10	44.719920	20.422339	objekat
Раковица	76	Кафе „КУБА"	Раковица, Ул. Кнеза Вишеслава 63	Раковица	Ул. Кнеза Вишеслава 63	44.761877	20.436796	ulica
Рача	1	ОШ „Карађорђе"	Борци, улица. БОРАЧКА број 38	Борци	улица. БОРАЧКА број 38	44.205497	20.880718	naselje
Рача	2	Месна канцеларија	Бошњане, улица ДЕСПОТА СТЕФАНА ВИСОКОГ број 172	Бошњане	улица ДЕСПОТА СТЕФАНА ВИСОКОГ број 172	44.260817	20.973245	objekat
Рача	3	ОШ „Карађорђе"	Велико Крчмаре, улица Војводе Павла Цукића број 30	Велико Крчмаре	улица Војводе Павла Цукића број 30	44.154991	20.894402	objekat
Рача	4	ОШ „Карађорђе"	Велико Крчмаре, улица Војводе Павла Цукића број 30	Велико Крчмаре	улица Војводе Павла Цукића број 30	44.154991	20.894402	objekat
Рача	5	ОШ „Карађорђе"	Вишевац, улица ВОЖДА КАРАЂОРЂА број 88а	Вишевац	улица ВОЖДА КАРАЂОРЂА број 88а	44.248239	20.933444	objekat
Рача	6	ОШ „Карађорђе"	Вишевац, ВОЖДА КАРАЂОРЂА број 88а	Вишевац	ВОЖДА КАРАЂОРЂА број 88а	44.248239	20.933444	objekat
Рача	7	ОШ „Карађорђе"	Вучић, улица: СВЕТОГ МАРКА број. 1	Вучић	улица: СВЕТОГ МАРКА број. 1	44.203823	20.972404	naselje
Рача	8	ОШ „Карађорђе"	Вучић, улица: СВЕТОГ МАРКА број. 1	Вучић	улица: СВЕТОГ МАРКА број. 1	44.203823	20.972404	naselje
Рача	9	ОШ „Карађорђе"	Доња Рача, улица СТАРО СЕЛО број 34	Доња Рача	улица СТАРО СЕЛО број 34	44.219632	21.014979	objekat
Рача	10	ОШ „Карађорђе"	Доња Рача, улица СТАРО СЕЛО број 34	Доња Рача	улица СТАРО СЕЛО број 34	44.219632	21.014979	objekat
Рача	11	ОШ „Карађорђе"	Доње Јарушице, улица ГЛАВНА број 23	Доње Јарушице	улица ГЛАВНА број 23	44.190452	20.864178	objekat
Рача	12	Брђанска школа (стара школа)	Ђурђево, улица Брђанска број 10	Ђурђево	улица Брђанска број 10	44.225696	20.907558	objekat
Рача	13	Дом здравља	Ђурђево, улица БАРАНСКА број 1	Ђурђево	улица БАРАНСКА број 1	44.229554	20.874626	objekat
Рача	14	Просторије Месне Заједнице	Мало Крчмаре, улица МАЛОКРЧМАРСКА број 3	Мало Крчмаре	улица МАЛОКРЧМАРСКА број 3	44.153280	20.921114	objekat
Рача	15	Месна канцеларија	Мирашевац, улица КАРАЂОРЂЕВА број 73	Мирашевац	улица КАРАЂОРЂЕВА број 73	44.210432	20.948638	objekat
Рача	16	ОШ „Карађорђе"	Поповић, улица РАДОМИРА ПУТНИКА број 66	Поповић	улица РАДОМИРА ПУТНИКА број 66	44.224778	20.947088	objekat
Рача	17	ОШ „Карађорђе“, Рача	Рача, улица Карађорђева број 102	Рача	улица Карађорђева број 102	44.231098	20.974174	objekat
Рача	18	Зграда Општинске управе просторије суда	Рача, улица Карађорђева број 48	Рача	улица Карађорђева број 48	44.226678	20.980395	objekat
Рача	19	ОШ „Карађорђе“, Рача	Рача, улица Карађорђева број 102	Рача	улица Карађорђева број 102	44.231098	20.974174	objekat
Рача	20	Дом културе (фоаје)	Рача, улица Карађорђева број 50	Рача	улица Карађорђева број 50	44.226792	20.979631	objekat
Рача	21	СШ „Ђура Јакшић"	Рача, Карађорђева број 94	Рача	Карађорђева број 94	44.229904	20.975100	objekat
Рача	22	Дом културе	Сараново, улица Перице Ивановића број 19	Сараново	улица Перице Ивановића број 19	44.238886	20.834735	objekat
Рача	23	Ловачки дом	Сараново, улица Перице Ивановића број 11	Сараново	улица Перице Ивановића број 11	44.241047	20.833486	objekat
Рача	24	Дом културе	Сепци, улица ТРНОВЕ ПЕТКЕ број.466	Сепци	улица ТРНОВЕ ПЕТКЕ број.466	44.274110	20.848691	naselje
Рача	25	ОШ „Карађорђе"	Сепци, улица ПОЉАНСКА број 130	Сепци	улица ПОЉАНСКА број 130	44.269800	20.845272	objekat
Рача	26	ОШ „Карађорђе"	Сипић, улица РАДОСЛАВА ЂОРЂЕВИЋА број 2	Сипић	улица РАДОСЛАВА ЂОРЂЕВИЋА број 2	44.165915	20.956968	objekat
Рача	27	Дом културе	Трска, улица КАРАЂОРЂЕВА број 151	Трска	улица КАРАЂОРЂЕВА број 151	44.177556	20.994850	objekat
Рашка	1	"ЕЛЕКТРОДИСТРИБУЦИЈА"	Рашка, Милуна Ивановића бб	Рашка	Милуна Ивановића бб	43.287302	20.614034	ulica
Рашка	2	ЖТО - САЛА	Рашка, Железничка бб	Рашка	Железничка бб	43.290166	20.616659	ulica
Рашка	3	СРЕДЊА ШКОЛА КРАЉИЦА ЈЕЛЕНА	Рашка, Омладински центар бб	Рашка	Омладински центар бб	43.285755	20.616371	objekat
Рашка	4	ОПШТИНСКА УПРАВА РАШКА	Рашка, Предрага Вилимоновића бр. 1	Рашка	Предрага Вилимоновића бр. 1	43.288184	20.614989	objekat
Рашка	5	КЛУБ ПРИВРЕДЕ - САЛА	Рашка, Ибарска 8	Рашка	Ибарска 8	43.288585	20.614092	objekat
Рашка	6	СУПЊЕ І	Супње, ОШ Сутјеска 27. новембра бб	Супње	ОШ Сутјеска 27. новембра бб	43.279881	20.619693	naselje
Рашка	7	СУПЊЕ ІІ	Супње, ОШ Сутјеска 27. новембра бб	Супње	ОШ Сутјеска 27. новембра бб	43.279881	20.619693	naselje
Рашка	8	СУПЊЕ ІІІ	Супње, Локал Мирка-Мира Јовановића	Супње	Локал Мирка-Мира Јовановића	43.279881	20.619693	naselje
Рашка	9	КУЋАНИ	Кућане, Кућа Ђуровић Росе	Кућане	Кућа Ђуровић Росе	43.249901	20.604391	naselje
Рашка	10	МИЛАТКОВИЋЕ	Милатковиће, Основна школа	Милатковиће	Основна школа	43.249219	20.563418	naselje
Рашка	11	ДРАГАНИЋИ	Драганићи, Кућа Белобрковић Веселе	Драганићи	Кућа Белобрковић Веселе	43.277942	20.585754	naselje
Рашка	12	ВАРЕВО	Варево, Локал Будимир Симовића Ибарска бр. 66	Варево	Локал Будимир Симовића Ибарска бр. 66	43.322890	20.599519	naselje
Рашка	13	ВЛАСОВО	Власово, Локал Милана Б. Кијевчанина	Власово	Локал Милана Б. Кијевчанина			nije_nadjeno
Рашка	14	КОРЛАЋЕ	Корлаће, Корлаће	Корлаће	Корлаће	43.373532	20.650566	ulica
Рашка	15	БРВЕНИК І	Брвеник, Основна школа Брвеник	Брвеник	Основна школа Брвеник	43.351557	20.633030	naselje
Рашка	16	БРВЕНИК ІІ	Брвеник, Основна школа Брвеник	Брвеник	Основна школа Брвеник	43.351557	20.633030	naselje
Рашка	17	ГРАДАЦ І	Градац, Основна школа	Градац	Основна школа	43.367731	20.544863	naselje
Рашка	18	ДОЊИ ГРАДАЦ	Доњи Градац, Кућа Николић Родољуба	Доњи Градац	Кућа Николић Родољуба			nije_nadjeno
Рашка	19	БИНИЋЕ	Биниће, Основна школа Биниће	Биниће	Основна школа Биниће	43.371389	20.491762	naselje
Рашка	20	ГРАДАЦ ІІ	Градац, Основна школа	Градац	Основна школа	43.367731	20.544863	naselje
Рашка	21	ЈОШАНИЧКА БАЊА	Јошаничка Бања, Основна школа Јошаничка Бања	Јошаничка Бања	Основна школа Јошаничка Бања	43.389317	20.749702	naselje
Рашка	22	ДРЕЊЕ - РАКОВАЦ	Дрење, Основна школа Дрење	Дрење	Основна школа Дрење			nije_nadjeno
Рашка	23	ЦРНА ГЛАВА	Црна Глава, Основна школа Црна Глава	Црна Глава	Основна школа Црна Глава	43.372133	20.831094	naselje
Рашка	24	РАДОШИЋЕ	Радошиће, Основна школа Радошиће	Радошиће	Основна школа Радошиће	43.298229	20.679617	naselje
Рашка	25	СЕМЕТЕШ	Семетеш, Локал Зорана Лештанина	Семетеш	Локал Зорана Лештанина	43.295769	20.718952	naselje
Рашка	26	БЕОЦИ	Беоци, Основна школа Беоци	Беоци	Основна школа Беоци	43.341944	20.626389	naselje
Рашка	27	НОВО СЕЛО	Ново Село, Локал продавница Ибар	Ново Село	Локал продавница Ибар	43.243446	20.705561	naselje
Рашка	28	ШИПАЧИНА	Шипачина, Основна школа Шипачина	Шипачина	Основна школа Шипачина	43.258352	20.740369	naselje
Рашка	29	РУДНИЦА	Рудница, Месна канцеларија Рудница	Рудница	Месна канцеларија Рудница	43.269831	20.695281	naselje
Рашка	30	ГОРЊА РУДНИЦА	Горња Рудница, Кућа Цвејовић Богдана	Горња Рудница	Кућа Цвејовић Богдана			nije_nadjeno
Рашка	31	КАЗНОВИЋЕ	Казновиће, Основна школа Казновиће	Казновиће	Основна школа Казновиће	43.269463	20.667114	naselje
Рашка	32	ТРНАВА	Трнава, Основна школа Трнава	Трнава	Основна школа Трнава	43.291482	20.528255	naselje
Рашка	33	БОРОВИЋЕ	Боровиће, Кућа Славка Нићифоровића	Боровиће	Кућа Славка Нићифоровића	43.338437	20.507347	naselje
Рашка	34	ПЛЕШИН	Плешин, Основна школа Плешин	Плешин	Основна школа Плешин	43.307599	20.436283	naselje
Рашка	35	НИКОЉАЧА	Никољача, Локал Тамаре Кућеровић	Никољача	Локал Тамаре Кућеровић	43.422410	20.500027	objekat
Рашка	36	КРАВИЋЕ	Кравиће, Кућа Мартаћ Данке	Кравиће	Кућа Мартаћ Данке	43.245511	20.652382	naselje
Рашка	37	РВАТИ	Рвати, Дом културе Рвати	Рвати	Дом културе Рвати	43.311690	20.633496	naselje
Рашка	38	КНЕЖЕВИЋИ	Кнежевићи, Кућа Кнежевић Ратка	Кнежевићи	Кућа Кнежевић Ратка			nije_nadjeno
Рашка	39	БАЉЕВАЦ І	Баљевац, Мотел "Рудар"	Баљевац	Мотел "Рудар"	43.392787	20.636395	naselje
Рашка	40	БАЉЕВАЦ ІІ	Баљевац, Основна школа Јосиф Панчић Баљевац	Баљевац	Основна школа Јосиф Панчић Баљевац	43.392787	20.636395	naselje
Рашка	41	ПОБРЂЕ	Побрђе, Кућа Јована Маричића	Побрђе	Кућа Јована Маричића	43.397542	20.611949	naselje
Рашка	42	ЛУЧИЦЕ	Лучице, Локал Мирка Пешовића	Лучице	Локал Мирка Пешовића			nije_nadjeno
Рашка	43	ПИСКАЊА	Пискања, Железничка станица локал Миодрага Бабића	Пискања	Железничка станица локал Миодрага Бабића	43.390810	20.653806	naselje
Рашка	44	КОВАЧИ	Ковачи, Основна школа Ковачи	Ковачи	Основна школа Ковачи	43.419282	20.746392	naselje
Рашка	45	БИЉАНОВАЦ	Биљановац, Месна канцеларија Биљановац	Биљановац	Месна канцеларија Биљановац	43.409991	20.655382	naselje
Рашка	46	ПРИБОЈ	Прибој, Кућа Милана М. Радуловића	Прибој	Кућа Милана М. Радуловића			nije_nadjeno
Рашка	47	БРВЕНИЦА	Брвеница, Дом културе Брвеница	Брвеница	Дом културе Брвеница	43.354745	20.600251	naselje
Рековац	1	ОСНОВНА ШКОЛА	БЕЛУШИЋ	БЕЛУШИЋ		43.785728	21.146389	naselje
Рековац	2	МЕСНА ЗАЈЕДНИЦА	БЕЛУШИЋ	БЕЛУШИЋ		43.785728	21.146389	naselje
Рековац	3	ОСНОВНА ШКОЛА	БЕОЧИЋ	БЕОЧИЋ		43.842639	21.196061	naselje
Рековац	4	ОСНОВНА ШКОЛА	БОГАЛИНАЦ	БОГАЛИНАЦ		43.821841	21.033135	naselje
Рековац	5	СЕОСКИ ДОМ	БРАЈНОВАЦ	БРАЈНОВАЦ		43.780189	21.130013	naselje
Рековац	6	ОСНОВНА ШКОЛА	ВЕЛИКА КРУШЕВИЦА	ВЕЛИКА КРУШЕВИЦА		43.848868	21.083316	naselje
Рековац	7	МЕСНА ЗАЈЕДНИЦА	ВУКМАНОВАЦ	ВУКМАНОВАЦ		43.836153	21.160172	naselje
Рековац	8	ОСНОВНА ШКОЛА	ДРАГОВО	ДРАГОВО		43.786576	21.103024	naselje
Рековац	9	ПРИВАТНИ ЛОКАЛ МОЈСИЛОВИЋ МИРОСЛАВА	ДРАГОВО	ДРАГОВО		43.786576	21.103024	naselje
Рековац	10	СТАРА ШКОЛА	ЖУПАЊЕВАЦ	ЖУПАЊЕВАЦ		43.809338	21.019120	naselje
Рековац	11	ОСНОВНА ШКОЛА	КАВАДАР	КАВАДАР		43.837455	21.132143	naselje
Рековац	12	ОСНОВНА ШКОЛА	КАЛЕНИЋКИ ПРЊАВОР	КАЛЕНИЋКИ ПРЊАВОР		43.772117	20.994959	naselje
Рековац	13	ОСНОВНА ШКОЛА	КАЛУДРА	КАЛУДРА		43.771916	21.060342	naselje
Рековац	14	МЕСНА ЗАЈЕДНИЦА	КОМАРАНЕ	КОМАРАНЕ		43.830936	21.078182	naselje
Рековац	15	ОСНОВНА ШКОЛА	ЛЕПОЈЕВИЋ	ЛЕПОЈЕВИЋ		43.747263	21.068820	naselje
Рековац	16	МЕСНА ЗАЈЕДНИЦА	ЛОМНИЦА	ЛОМНИЦА		43.874107	21.097956	naselje
Рековац	17	ОСНОВНА ШКОЛА	ЛОЋИКА	ЛОЋИКА		43.857895	21.186747	naselje
Рековац	18	ПРИВАТНИ ЛОКАЛ ВЕСКОВИЋ МИЛОША	МАЛЕШЕВО	МАЛЕШЕВО		43.807550	21.058923	naselje
Рековац	19	ОСНОВНА ШКОЛА	МОТРИЋ	МОТРИЋ		43.818814	21.074846	naselje
Рековац	20	ОСНОВНА ШКОЛА	НАДРЉЕ	НАДРЉЕ		43.804187	20.960670	naselje
Рековац	21	МЕСНА КАНЦЕЛАРИЈА	ОПАРИЋ	ОПАРИЋ		43.749583	21.116978	naselje
Рековац	22	ОСНОВНА ШКОЛА	ОПАРИЋ	ОПАРИЋ		43.749583	21.116978	naselje
Рековац	23	ОСНОВНА ШКОЛА	ПРЕВЕШТ	ПРЕВЕШТ		43.756834	21.039912	naselje
Рековац	24	ОСНОВНА ШКОЛА	РАТКОВИЋ	РАТКОВИЋ		43.897848	21.044788	naselje
Рековац	25	ПРОДАВНИЦА ВУЧКОВАЦ	РАТКОВИЋ	РАТКОВИЋ		43.897848	21.044788	naselje
Рековац	26	ОСНОВНА ШКОЛА	РЕКОВАЦ	РЕКОВАЦ		43.862557	21.094599	naselje
Рековац	27	ДОМ КУЛТУРЕ	РЕКОВАЦ	РЕКОВАЦ		43.862557	21.094599	naselje
Рековац	28	НАРОДНА БИБЛИОТЕКА "ДР МИЛОВАН СПАСИЋ" ГАЛЕРИЈА	РЕКОВАЦ	РЕКОВАЦ		43.862557	21.094599	naselje
Рековац	29	ПРИВАТНИ ОБЈЕКАТ МИЈАЈЛОВИЋ ЧАСЛАВА (БИВША ЗАДРУЖНА ПРОДАВНИЦА)	СЕКУРИЧ	СЕКУРИЧ		43.803243	21.171172	naselje
Рековац	30	СТАРА МЕСНА КАНЦЕЛАРИЈА	СЕКУРИЧ	СЕКУРИЧ		43.803243	21.171172	naselje
Рековац	31	ОСНОВНА ШКОЛА	СИБНИЦА	СИБНИЦА		43.788508	21.041222	naselje
Рековац	32	СЕОСКИ ДОМ ЧИТАОНИЦА	СИЉЕВИЦА	СИЉЕВИЦА		43.850684	21.032209	naselje
Рековац	33	ЗГРАДА СЕОСКОГ ДОМА	ТЕЧИЋ	ТЕЧИЋ		43.834810	21.124067	naselje
Рековац	34	ОСНОВНА ШКОЛА	УРСУЛЕ	УРСУЛЕ		43.876984	21.138167	naselje
Рековац	35	ОСНОВНА ШКОЛА	ЦИКОТ	ЦИКОТ		43.895820	21.089029	naselje
Рековац	36	ОСНОВНА ШКОЛА	ШЉИВИЦА	ШЉИВИЦА		43.757395	20.998521	naselje
Рума	1	ОШ „ЗМАЈ ЈОВА ЈОВАНОВИЋ"	Рума, ГЛАВНА БР. 177	Рума	ГЛАВНА БР. 177	45.007869	19.826996	objekat
Рума	2	ОШ „ИВО ЛОЛА РИБАР"	Рума, ГЛАВНА БР. 270	Рума	ГЛАВНА БР. 270	45.006234	19.834960	objekat
Рума	3	ОШ „ИВО ЛОЛА РИБАР"	Рума, ГЛАВНА БР. 270	Рума	ГЛАВНА БР. 270	45.006234	19.834960	objekat
Рума	4	ОШ „ЗМАЈ ЈОВА ЈОВАНОВИЋ"	Рума, ГЛАВНА БР. 177	Рума	ГЛАВНА БР. 177	45.007869	19.826996	objekat
Рума	5	ДОМ ПЕНЗИОНЕРА	Рума, ВЕЉКА ДУГОШЕВИЋА БР. 142	Рума	ВЕЉКА ДУГОШЕВИЋА БР. 142	45.008894	19.825049	objekat
Рума	6	ГЕРОНТОЛОШКИ ЦЕНТАР "СРЕМ"	Рума, ПАВЛОВАЧКА БР. 126	Рума	ПАВЛОВАЧКА БР. 126	45.019859	19.817587	objekat
Рума	7	ТРЕЋА МЕСНА ЗАЈЕДНИЦА	Рума, 27. ОКТОБРА БР. 38	Рума	27. ОКТОБРА БР. 38	45.014721	19.819681	objekat
Рума	8	ДОМ ЗДРАВЉА	Рума, ОРЛОВИЋЕВА ББ	Рума	ОРЛОВИЋЕВА ББ	44.788838	19.704152	objekat
Рума	9	КУЛТУРНИ ЦЕНТАР "БРАНА ЦРНЧЕВИЋ"	Рума, ВЕЉКА ДУГОШЕВИЋА БР. 102	Рума	ВЕЉКА ДУГОШЕВИЋА БР. 102	45.008971	19.821418	objekat
Рума	10	ОШ „ВЕЉКО ДУГОШЕВИЋ"	Рума, ГЛАВНА БР. 71	Рума	ГЛАВНА БР. 71	45.008485	19.812286	objekat
Рума	11	ПУ „ПОЛЕТАРАЦ"	Рума, ПРВОМАЈСКА ББ	Рума	ПРВОМАЈСКА ББ	45.016464	19.813956	ulica
Рума	12	ПУ „ПОЛЕТАРАЦ"	Рума, ПРВОМАЈСКА ББ	Рума	ПРВОМАЈСКА ББ	45.016464	19.813956	ulica
Рума	13	ТРЕЋА МЕСНА ЗАЈЕДНИЦА	Рума, ГЛАВНА БР. 39	Рума	ГЛАВНА БР. 39	45.008386	19.807336	objekat
Рума	14	ССШ „СТЕВАН ПЕТРОВИЋ - БРИЛЕ"	Рума, ВУКА КАРАЏИЋА БР. 70	Рума	ВУКА КАРАЏИЋА БР. 70	45.007557	19.793224	objekat
Рума	15	СТШ „МИЛЕНКО БРЗАК - УЧА"	Рума, ВУКА КАРАЏИЋА БР. 70	Рума	ВУКА КАРАЏИЋА БР. 70	45.007557	19.793224	objekat
Рума	16	ОШ „ДУШАН ЈЕРКОВИЋ"	Рума, ГЛАВНА БР. 69	Рума	ГЛАВНА БР. 69	45.008592	19.811377	objekat
Рума	17	ГРАДСКА БИБЛИОТЕКА "АТАНАСИЈЕ СТОЈКОВИЋ"	Рума, ГЛАВНА БР. 114	Рума	ГЛАВНА БР. 114	45.007831	19.815818	objekat
Рума	18	ЧЕТВРТА МЕСНА ЗАЈЕДНИЦА	Рума, ПАРТИЗАНСКА БР. ББ	Рума	ПАРТИЗАНСКА БР. ББ	45.003188	19.817958	ulica
Рума	19	ССШ „БРАНКО РАДИЧЕВИЋ"	Рума, ПАРТИЗАНСКА БР. ББ	Рума	ПАРТИЗАНСКА БР. ББ	45.003188	19.817958	ulica
Рума	20	ССШ „БРАНКО РАДИЧЕВИЋ"	Рума, ПАРТИЗАНСКА БР. 41А	Рума	ПАРТИЗАНСКА БР. 41А	45.003188	19.817958	ulica
Рума	21	ПУ ПОЛЕТАРАЦ - „КОЦКИЦА"	Рума, АЛЕКСЕ ШАНТИЋА ББ	Рума	АЛЕКСЕ ШАНТИЋА ББ	45.002308	19.801885	ulica
Рума	22	ГИМНАЗИЈА „СТЕВАН ПУЗИЋ"	Рума, ПАРТИЗАНСКА ББ	Рума	ПАРТИЗАНСКА ББ	45.001109	19.818155	objekat
Рума	23	ОШ „МИЛОШ ЦРЊАНСКИ"	Хртковци, ШКОЛСКА БР. 5	Хртковци	ШКОЛСКА БР. 5	44.877761	19.770339	objekat
Рума	24	ОШ „МИЛОШ ЦРЊАНСКИ"	Хртковци, ШКОЛСКА БР. 5	Хртковци	ШКОЛСКА БР. 5	44.877761	19.770339	objekat
Рума	25	ДОМ ОМЛАДИНЕ	Никинци, ВОЈВОДЕ МИШИЋА БР. 1-А	Никинци	ВОЈВОДЕ МИШИЋА БР. 1-А	44.848966	19.821763	objekat
Рума	26	МЕСНА КАНЦЕЛАРИЈА	Никинци, ТРГ БРАНКА РАДИЧЕВИЋА БР. 3	Никинци	ТРГ БРАНКА РАДИЧЕВИЋА БР. 3	44.849742	19.823020	objekat
Рума	27	ОШ „МИЛИВОЈ ПЕТКОВИЋ ФЕЋКО"	Платичево, ЛАЛЕ ЈАНИЋА БР. 3	Платичево	ЛАЛЕ ЈАНИЋА БР. 3	44.821416	19.796051	objekat
Рума	28	ОШ „МИЛИВОЈ ПЕТКОВИЋ ФЕЋКО"	Платичево, ЛАЛЕ ЈАНИЋА БР. 3	Платичево	ЛАЛЕ ЈАНИЋА БР. 3	44.821416	19.796051	objekat
Рума	29	ОШ „23. ОКТОБАР"	Кленак, МАЧВАНСКА БР. 2	Кленак	МАЧВАНСКА БР. 2	44.788770	19.704980	objekat
Рума	30	ОШ „23. ОКТОБАР"	Кленак, МАЧВАНСКА БР. 2	Кленак	МАЧВАНСКА БР. 2	44.788770	19.704980	objekat
Рума	31	ДОМ КУЛТУРЕ	Грабовци, ГЛАВНА БР. 51	Грабовци	ГЛАВНА БР. 51	44.765582	19.841972	objekat
Рума	32	ОШ „НЕБОЈША ЈЕРКОВИЋ"	Буђановци, НЕБОЈШЕ ЈЕРКОВИЋА БР. 1	Буђановци	НЕБОЈШЕ ЈЕРКОВИЋА БР. 1	44.892748	19.870680	ulica
Рума	33	ОШ „ИВО ЛОЛА РИБАР"	Краљевци, ЖЕЛЕЗНИЧКА БР. 4	Краљевци	ЖЕЛЕЗНИЧКА БР. 4	44.978541	19.884763	objekat
Рума	34	ОШ „ИВО ЛОЛА РИБАР"	Добринци, БОРКОВАЧКА 2	Добринци	БОРКОВАЧКА 2	44.953408	19.927583	objekat
Рума	35	ЦЕНТАР МЕСНЕ ЗАЈЕДНИЦЕ	Жарковац, ДОСИТЕЈА ОБРАДОВИЋА БР. 2	Жарковац	ДОСИТЕЈА ОБРАДОВИЋА БР. 2	45.003892	19.935147	objekat
Рума	36	ДОМ КУЛТУРЕ	Путинци, ИВЕ ЛОЛЕ РИБАРА БР. 6	Путинци	ИВЕ ЛОЛЕ РИБАРА БР. 6	44.992980	19.971616	objekat
Рума	37	ОШ „ДОСИТЕЈ ОБРАДОВИЋ"	Путинци, ЛЕЊИНОВА 3	Путинци	ЛЕЊИНОВА 3	44.986730	19.966164	ulica
Рума	38	ЦЕНТАР МЕСНЕ ЗАЈЕДНИЦЕ	Доњи Петровци, ОПАРУШИЋ РАДИШЕ СТАНКА БР. 48-А	Доњи Петровци	ОПАРУШИЋ РАДИШЕ СТАНКА БР. 48-А	44.966003	19.972600	objekat
Рума	39	ОШ „ВЕЉКО ДУГОШЕВИЋ"	Вогањ, РУМСКА БР. 6	Вогањ	РУМСКА БР. 6	45.003692	19.755938	objekat
Рума	40	ДОМ КУЛТУРЕ	Стејановци, ФРУШКОГОРСКА БР. 17	Стејановци	ФРУШКОГОРСКА БР. 17	45.057361	19.723057	objekat
Рума	41	ОШ „МИЛИВОЈ ПЕТКОВИЋ ФЕЋКО"	Витојевци, ДОСИТЕЈА ОБРАДОВИЋА БР. 133	Витојевци	ДОСИТЕЈА ОБРАДОВИЋА БР. 133	44.789167	19.818547	objekat
Рума	42	ДОМ КУЛТУРЕ	Мали Радинци, ИРИШКА БР. 2	Мали Радинци	ИРИШКА БР. 2	45.021397	19.904083	objekat
Рума	43	ОШ „ЗМАЈ ЈОВА ЈОВАНОВИЋ"	Павловци, ФРУШКОГОРСКА БР. 1	Павловци	ФРУШКОГОРСКА БР. 1	45.052596	19.786372	objekat
Савски Венац	1	УГОСТИТЕЉСКА ШКОЛА	Савски венац, ЈУГ-БОГДАНОВА БР. 28	Савски венац	ЈУГ-БОГДАНОВА БР. 28	44.814399	20.453706	objekat
Савски Венац	2	ПРЕДУЗЕЋЕ "ИВАН МИЛУТИНОВИЋ"	Савски венац, ГАВРИЛА ПРИНЦИПА БР. 22	Савски венац	ГАВРИЛА ПРИНЦИПА БР. 22	44.812574	20.455113	objekat
Савски Венац	3	УГОСТИТЕЉСКА ШКОЛА	Савски венац, ЈУГ-БОГДАНОВА БР. 28	Савски венац	ЈУГ-БОГДАНОВА БР. 28	44.814399	20.453706	objekat
Савски Венац	4	ОСНОВНА ШКОЛА У УЛ. ГАВРИЛА ПРИНЦИПА	Савски венац, ГАВРИЛА ПРИНЦИПА БР. 42	Савски венац	ГАВРИЛА ПРИНЦИПА БР. 42	44.810688	20.456331	objekat
Савски Венац	5	ГРАДСКИ ЦЕНТАР ЗА СОЦИЈАЛНИ РАД ОДЕЉЕЊЕ САВСКИ ВЕНАЦ	Савски венац, ЛОМИНА БР. 17	Савски венац	ЛОМИНА БР. 17	44.812017	20.457580	objekat
Савски Венац	6	ОСНОВНА ШКОЛА У УЛ. ГАВРИЛА ПРИНЦИПА	Савски венац, ГАВРИЛА ПРИНЦИПА БР. 42	Савски венац	ГАВРИЛА ПРИНЦИПА БР. 42	44.810688	20.456331	objekat
Савски Венац	7	ДЕЧИЈИ ВРТИЋ "ПРИНЦЕЗА ОЛИВЕРА"	Савски венац, ГАВРИЛА ПРИНЦИПА БР. 65	Савски венац	ГАВРИЛА ПРИНЦИПА БР. 65	44.809989	20.458207	objekat
Савски Венац	8	ОШ "РАДОЈКА ЛАКИЋ"	Савски венац, ДР АЛЕКСАНДРА КОСТИЋА БР. 1	Савски венац	ДР АЛЕКСАНДРА КОСТИЋА БР. 1	44.806302	20.456266	objekat
Савски Венац	9	МЗ "СЛОБОДАН ПЕНЕЗИЋ КРЦУН"	Савски венац, ДР АЛЕКСАНДРА КОСТИЋА БР. 15	Савски венац	ДР АЛЕКСАНДРА КОСТИЋА БР. 15	44.804605	20.455133	objekat
Савски Венац	10	ЦЕНТАР ДЕЧИЈИХ ЛЕТОВАЛИШТА	Савски венац, РИСАНСКА БР. 12	Савски венац	РИСАНСКА БР. 12	44.806297	20.455315	objekat
Савски Венац	11	ШКОЛА ЗА БРОДАРСТВО, БРОДОГРАДЊУ И ХИДРОГРАДЊУ	Савски венац, МИЛОША ПОЦЕРЦА БР. 2	Савски венац	МИЛОША ПОЦЕРЦА БР. 2	44.804121	20.454202	objekat
Савски Венац	12	ЈУГОСЛОВЕНСКО РЕЧНО БРОДАРСТВО	Савски венац, КНЕЗА МИЛОША БР. 82	Савски венац	КНЕЗА МИЛОША БР. 82	44.800873	20.453868	objekat
Савски Венац	13	ШКОЛА ЗА БРОДАРСТВО, БРОДОГРАДЊУ И ХИДРОГРАДЊУ	Савски венац, МИЛОША ПОЦЕРЦА БР. 2	Савски венац	МИЛОША ПОЦЕРЦА БР. 2	44.804121	20.454202	objekat
Савски Венац	14	ОШ „ПЕТАР ПЕТРОВИЋ ЊЕГОШ"	Савски венац, РЕСАВСКА БР. 61 (УЛАЗ ИЗ УЛ. ВОЈВОДЕ МИЛЕНКА)	Савски венац	РЕСАВСКА БР. 61 (УЛАЗ ИЗ УЛ. ВОЈВОДЕ МИЛЕНКА)	44.804219	20.459673	objekat
Савски Венац	15	АД "ЂУРО САЛАЈ"	Савски венац, НЕМАЊИНА БР. 28	Савски венац	НЕМАЊИНА БР. 28	44.803498	20.463513	objekat
Савски Венац	16	ОШ „ПЕТАР ПЕТРОВИЋ ЊЕГОШ"	Савски венац, РЕСАВСКА БР. 61	Савски венац	РЕСАВСКА БР. 61	44.802706	20.460212	objekat
Савски Венац	17	ЈП "БЕОГРАДСКИ ВОДОВОД И КАНАЛИЗАЦИЈА"	Савски венац, ДЕЛИГРАДСКА БР. 28	Савски венац	ДЕЛИГРАДСКА БР. 28	44.800620	20.463432	objekat
Савски Венац	18	ГРАДСКА УПРАВА ГРАДА БЕОГРАДА	Савски венац, ТИРШОВА БР. 1	Савски венац	ТИРШОВА БР. 1	44.801397	20.461874	objekat
Савски Венац	19	ГО САВСКИ ВЕНАЦ	Савски венац, КНЕЗА МИЛОША БР. 69	Савски венац	КНЕЗА МИЛОША БР. 69	44.802163	20.456593	objekat
Савски Венац	20	МЗ "СТЕВАН ФИЛИПОВИЋ"	Савски венац, СТЈЕПАНА ФИЛИПОВИЋА БР. 28А	Савски венац	СТЈЕПАНА ФИЛИПОВИЋА БР. 28А	44.792711	20.453229	objekat
Савски Венац	21	МЗ "СТЕВАН ФИЛИПОВИЋ"	Савски венац, СТЈЕПАНА ФИЛИПОВИЋА БР. 28А	Савски венац	СТЈЕПАНА ФИЛИПОВИЋА БР. 28А	44.792711	20.453229	objekat
Савски Венац	22	МЗ "ВОЈВОДА МИШИЋ"	Савски венац, ДИНАРСКА БР. 14	Савски венац	ДИНАРСКА БР. 14	44.789524	20.463380	objekat
Савски Венац	23	ЈП "СЛУЖБЕНИ ГЛАСНИК РС"	Савски венац, ЈОВАНА РИСТИЋА БР. 1	Савски венац	ЈОВАНА РИСТИЋА БР. 1	44.796546	20.446202	objekat
Савски Венац	24	ДКЦ "МАЈДАН"	Савски венац, КОЗЈАЧКА БР. 3	Савски венац	КОЗЈАЧКА БР. 3	44.794046	20.446672	objekat
Савски Венац	25	ПЕТА ЗДРАВСТВЕНА СТАНИЦА ДОМА ЗДРАВЉА САВСКИ ВЕНАЦ	Савски венац, КОСТЕ ГЛАВИНИЋА БР. 3А	Савски венац	КОСТЕ ГЛАВИНИЋА БР. 3А	44.795077	20.441989	objekat
Савски Венац	26	Спик	Савски венац, БУЛЕВАР ВОЈВОДЕ МИШИЋА БР. 37	Савски венац	БУЛЕВАР ВОЈВОДЕ МИШИЋА БР. 37	44.795833	20.441372	objekat
Савски Венац	27	МЗ "ТОПЧИДЕРСКО БРДО - СЕЊАК"	Савски венац, ВАСЕ ПЕЛАГИЋА БР. 54	Савски венац	ВАСЕ ПЕЛАГИЋА БР. 54	44.787997	20.439531	objekat
Савски Венац	28	МЗ "4. ЈУЛ"	Савски венац, МИЛЕНКА ВЕСНИЋА БР. 3	Савски венац	МИЛЕНКА ВЕСНИЋА БР. 3	44.783985	20.450180	objekat
Савски Венац	29	ОШ "ВОЈВОДА МИШИЋ"	Савски венац, ДР МИЛУТИНА ИВКОВИЋА БР. 4	Савски венац	ДР МИЛУТИНА ИВКОВИЋА БР. 4	44.788311	20.463980	objekat
Савски Венац	30	ОШ "ВОЈВОДА РАДОМИР ПУТНИК"	Савски венац, БОШКА ПЕТРОВИЋА БР. 6	Савски венац	БОШКА ПЕТРОВИЋА БР. 6	44.775591	20.464416	objekat
Савски Венац	31	ОШ "ВОЈВОДА РАДОМИР ПУТНИК"	Савски венац, БОШКА ПЕТРОВИЋА БР. 6	Савски венац	БОШКА ПЕТРОВИЋА БР. 6	44.775591	20.464416	objekat
Савски Венац	32	МЗ "ДЕДИЊЕ"	Савски венац, БУЛЕВАР КНЕЗА АЛЕКСАНДРА КАРАЂОРЂЕВИЋА БР. 29	Савски венац	БУЛЕВАР КНЕЗА АЛЕКСАНДРА КАРАЂОРЂЕВИЋА БР. 29	44.775515	20.457254	objekat
Савски Венац	33	ШКОЛА ЗА ДИЗАЈН	Савски венац, КРУПАЊСКА БР. 3	Савски венац	КРУПАЊСКА БР. 3	44.772232	20.458749	objekat
Савски Венац	34	ШКОЛА ЗА ДИЗАЈН	Савски венац, КРУПАЊСКА БР. 3	Савски венац	КРУПАЊСКА БР. 3	44.772232	20.458749	objekat
Савски Венац	35	МЗ "ДЕДИЊЕ"	Савски венац, БУЛЕВАР КНЕЗА АЛЕКСАНДРА КАРАЂОРЂЕВИЋА 29	Савски венац	БУЛЕВАР КНЕЗА АЛЕКСАНДРА КАРАЂОРЂЕВИЋА 29	44.775515	20.457254	objekat
Савски Венац	36	ЛОЖИОНИЦА	Савски венац, УЛИЦА ИДЕЈА БР. 2	Савски венац	УЛИЦА ИДЕЈА БР. 2	44.800462	20.447954	objekat
Савски Венац	37	МЗ "ТОПЧИДЕРСКО БРДО - СЕЊАК"	Савски венац, ВАСЕ ПЕЛАГИЋА БР. 54	Савски венац	ВАСЕ ПЕЛАГИЋА БР. 54	44.787997	20.439531	objekat
Савски Венац	38	ОШ "ИСИДОРА СЕКУЛИЋ" - БЕОГРАД НА ВОДИ	Савски венац, ЛУКЕ ЋЕЛОВИЋА ТРЕБИЊЦА БР. 5	Савски венац	ЛУКЕ ЋЕЛОВИЋА ТРЕБИЊЦА БР. 5	44.808127	20.454435	objekat
Савски Венац	39	ОШ "ИСИДОРА СЕКУЛИЋ" - БЕОГРАД НА ВОДИ	Савски венац, ЛУКЕ ЋЕЛОВИЋА ТРЕБИЊЦА БР. 5	Савски венац	ЛУКЕ ЋЕЛОВИЋА ТРЕБИЊЦА БР. 5	44.808127	20.454435	objekat
Свилајнац	1	ЗГРАДА ОПШТИНЕ	Свилајнац, Светог Саве бр. 102	Свилајнац	Светог Саве бр. 102	44.230446	21.197118	objekat
Свилајнац	2	ВАТРОГАСНИ ДОМ	Свилајнац, Врачарска бр. 2	Свилајнац	Врачарска бр. 2	44.229431	21.199056	objekat
Свилајнац	3	ДЕЧЈИ ВРТИЋ	Свилајнац, Радничка бр. 4	Свилајнац	Радничка бр. 4	44.233179	21.201379	objekat
Свилајнац	4	ЦЕНТАР ЗА КУЛТУРУ	Свилајнац, Светог Саве бр. 58	Свилајнац	Светог Саве бр. 58	44.231673	21.195843	objekat
Свилајнац	5	СРЕДЊА ШКОЛА (ГИМНАЗИЈА)	Свилајнац, Браће Југовића бр. 10	Свилајнац	Браће Југовића бр. 10	44.232743	21.197087	objekat
Свилајнац	6	МЕСНА ЗАЈЕДНИЦА	Свилајнац, 27. марта бр. 1	Свилајнац	27. марта бр. 1	44.234987	21.194959	objekat
Свилајнац	7	ОСНОВНА ШКОЛА „ЈОВАН ЈОВАНОВИЋ ЗМАЈ“	Свилајнац, Алеја Зорана Ђинђића бр. 6	Свилајнац	Алеја Зорана Ђинђића бр. 6	44.231359	21.193435	objekat
Свилајнац	8	ОСНОВНА ШКОЛА	Кушиљево	Кушиљево		44.286794	21.209720	naselje
Свилајнац	9	ЧИТАОНИЦА	Кушиљево	Кушиљево		44.286794	21.209720	naselje
Свилајнац	10	АМБУЛАНТА	Бобово	Бобово		44.236300	21.273744	naselje
Свилајнац	11	ОСНОВНА ШКОЛА	Бобово	Бобово		44.236300	21.273744	naselje
Свилајнац	12	ОСНОВНА ШКОЛА	Црквенац	Црквенац		44.198800	21.187428	naselje
Свилајнац	13	ОСНОВНА ШКОЛА	Грабовац	Грабовац		44.199134	21.243413	naselje
Свилајнац	14	МЕСНА ЗАЈЕДНИЦА	Дубље	Дубље		44.223101	21.202317	objekat
Свилајнац	15	ОСНОВНА ШКОЛА	Тропоње	Тропоње		44.162055	21.286968	naselje
Свилајнац	16	ОСНОВНА ШКОЛА	Гложане	Гложане		44.167994	21.182903	naselje
Свилајнац	17	ОСНОВНА ШКОЛА	Војска	Војска		44.090543	21.210966	naselje
Свилајнац	18	ДОМ КУЛТУРЕ	Суботица	Суботица		44.170467	21.339673	naselje
Свилајнац	19	ДОМ КУЛТУРЕ	Луковица	Луковица		44.226408	21.236174	naselje
Свилајнац	20	ОСНОВНА ШКОЛА	Седларе	Седларе		44.198510	21.293858	naselje
Свилајнац	21	ДОМ КУЛТУРЕ	Роанда	Роанда		44.174100	21.378121	naselje
Свилајнац	22	ОСНОВНА ШКОЛА	Дубница	Дубница		44.275283	21.319265	naselje
Свилајнац	23	ОСНОВНА ШКОЛА	Радошин	Радошин		44.123136	21.196054	naselje
Свилајнац	24	ДОМ КУЛТУРЕ	Роћевац	Роћевац		44.217607	21.313428	naselje
Свилајнац	25	ОСНОВНА ШКОЛА	Купиновац	Купиновац		44.208059	21.329548	naselje
Свилајнац	26	ДОМ КУЛТУРЕ	Проштинац	Проштинац		44.244155	21.320207	naselje
Свилајнац	27	ОСНОВНА ШКОЛА	Ђуринац	Ђуринац		44.234033	21.359344	naselje
Свилајнац	28	ОСНОВНА ШКОЛА	Врлане	Врлане		44.170367	21.250907	naselje
Свилајнац	29	ДОМ КУЛТУРЕ	Мачевац	Мачевац		44.099082	21.244919	naselje
Свилајнац	30	ДОМ КУЛТУРЕ	Бресје	Бресје		44.139277	21.219665	naselje
Сврљиг	1	ОСНОВНА ШКОЛА	Белоиње	Белоиње		43.392653	22.166309	naselje
Сврљиг	2	ОСНОВНА ШКОЛА	Рибаре	Рибаре		43.392449	22.145052	naselje
Сврљиг	3	ОСНОВНА ШКОЛА	Бурдимо	Бурдимо		43.412359	22.236418	naselje
Сврљиг	4	СЕОСКА ПРОСТОРИЈА	Бучум	Бучум		43.444809	22.254618	naselje
Сврљиг	5	СЕОСКА ПРОСТОРИЈА	Околиште	Околиште		43.422006	22.273107	naselje
Сврљиг	6	СЕОСКА ПРОСТОРИЈА	Луково	Луково		43.437168	22.302970	naselje
Сврљиг	7	ОСНОВНА ШКОЛА	Влахово	Влахово		43.422302	22.327431	naselje
Сврљиг	8	СЕОСКА ПРОСТОРИЈА	Варош	Варош		43.474060	22.094507	objekat
Сврљиг	9	АМБУЛАНТА ДОМА ЗДРАВЉА	Галибабинац	Галибабинац		43.522949	22.009816	naselje
Сврљиг	10	ОСНОВНА ШКОЛА	Грбавче	Грбавче		43.415162	22.019643	naselje
Сврљиг	11	МЕСНА КАНЦЕЛАРИЈА	Гулијан	Гулијан		43.363550	22.252443	naselje
Сврљиг	12	ОСНОВНА ШКОЛА	Лозан	Лозан		43.367091	22.275789	naselje
Сврљиг	13	ОСНОВНА ШКОЛА	Гушевац	Гушевац		43.392099	22.276390	naselje
Сврљиг	14	ОСНОВНА ШКОЛА	Давидовац	Давидовац		43.510560	21.986410	naselje
Сврљиг	15	СЕОСКА ПРОСТОРИЈА	Радмировац	Радмировац		43.505580	21.994379	naselje
Сврљиг	16	ОСНОВНА ШКОЛА	Драјинац	Драјинац		43.455752	22.149225	naselje
Сврљиг	17	ОСНОВНА ШКОЛА	Лабуково	Лабуково		43.505750	21.937856	naselje
Сврљиг	18	МЕСНА КАНЦЕЛАРИЈА	Попшица	Попшица		43.470493	21.950717	naselje
Сврљиг	19	СЕОСКА ПРОСТОРИЈА	Лалинац	Лалинац		43.444248	22.021326	naselje
Сврљиг	20	МОНТАЖНИ ОБЈЕКАТ МИЛОЈКОВИЋ МИЛЕНКА	Сливје	Сливје		43.450126	21.998292	naselje
Сврљиг	21	ОСНОВНА ШКОЛА	Нишевац	Нишевац		43.459074	22.100294	naselje
Сврљиг	22	ОСНОВНА ШКОЛА	Округлица	Округлица		43.381955	22.225664	naselje
Сврљиг	23	СЕОСКА ПРОСТОРИЈА	Црнољевица	Црнољевица		43.386476	22.190864	naselje
Сврљиг	24	ОСНОВНА ШКОЛА	Манојлица	Манојлица		43.398141	22.299693	naselje
Сврљиг	25	ОСНОВНА ШКОЛА	Периш	Периш		43.373172	22.316483	naselje
Сврљиг	26	МЕСНА КАНЦЕЛАРИЈА	Плужина	Плужина		43.455325	22.070936	naselje
Сврљиг	27	ОСНОВНА ШКОЛА	Преконога	Преконога		43.395080	22.101618	naselje
Сврљиг	28	ОСНОВНА ШКОЛА	Извор	Извор		43.421644	22.195944	naselje
Сврљиг	29	МЕСНА ЗАЈЕДНИЦА	Извор	Извор		43.421644	22.195944	naselje
Сврљиг	30	КУЋА РУСОМИРА Д. АРСИЋА	Извор	Извор		43.421644	22.195944	naselje
Сврљиг	31	ОСНОВНА ШКОЛА	Сврљиг, Радослава Голубовића Грује бр. 25	Сврљиг	Радослава Голубовића Грује бр. 25	43.414042	22.123047	naselje
Сврљиг	32	ПРОСТОРИЈЕ ЦРВЕНОГ КРСТА	Сврљиг, Радослава Голубовића Грује /Радетова/	Сврљиг	Радослава Голубовића Грује /Радетова/	43.414042	22.123047	naselje
Сврљиг	33	СКУПШТИНА ОПШТИНЕ	Сврљиг, Душана Трифунца	Сврљиг	Душана Трифунца	43.409673	22.115217	ulica
Сврљиг	34	ПРОСТОРИЈЕ ШАХ КЛУБА	Сврљиг, Радослава Голубовића Грује бр. 29/2	Сврљиг	Радослава Голубовића Грује бр. 29/2	43.414042	22.123047	naselje
Сврљиг	35	ПРОСТОРИЈЕ „АГРО ЦЕНТРА“	Сврљиг, Др. Миленка Хаџића бр. 5	Сврљиг	Др. Миленка Хаџића бр. 5	43.414042	22.123047	naselje
Сврљиг	36	ФОНД ЗДРАВСТВА	Сврљиг, Др. Миленка Хаџића бр. 40	Сврљиг	Др. Миленка Хаџића бр. 40	43.414042	22.123047	naselje
Сврљиг	37	ПРОСТОРИЈЕ ДРАГАНА МИЛУТИНОВИЋА	Мерџелат	Мерџелат		43.424421	22.089993	naselje
Сврљиг	38	КУЛТУРНИ ЦЕНТАР	Сврљиг, Данила Прице Боре бр. 2	Сврљиг	Данила Прице Боре бр. 2	43.414042	22.123047	naselje
Сврљиг	39	ПОСЛОВНИ ПРОСТОР ТОПЛИЦЕ ТОДОРОВИЋА	Сврљиг, Милентија Мицића Крсте бр. 2	Сврљиг	Милентија Мицића Крсте бр. 2	43.414042	22.123047	naselje
Сврљиг	40	СЕОСКА ПРОСТОРИЈА	Ђуринац	Ђуринац		43.399404	22.133117	naselje
Сврљиг	41	„МИН-ДИВ“	Сврљиг, Душана Трифунца бр. 33	Сврљиг	Душана Трифунца бр. 33	43.410916	22.121765	objekat
Сврљиг	42	„МИН-ДИВ“	Сврљиг, Душана Трифунца бр. 33	Сврљиг	Душана Трифунца бр. 33	43.410916	22.121765	objekat
Сента	1	Дечји вртић "Снежана-Hófehérke"	Сента, Златна греда 7.	Сента	Златна греда 7.	45.932925	20.089725	objekat
Сента	2	Сенћанска Гимназија	Сента, Главни трг 12.	Сента	Главни трг 12.	45.930641	20.092418	objekat
Сента	3	Сенћанска Гимназија	Сента, Главни трг 12.	Сента	Главни трг 12.	45.930641	20.092418	objekat
Сента	4	Удружење самосталних привредника	Сента, Бошка Југовића 24.	Сента	Бошка Југовића 24.	45.927338	20.085147	objekat
Сента	5	Месна заједница "Центар-Топарт"	Сента, Радноти Миклош 15.	Сента	Радноти Миклош 15.	45.932654	20.074446	objekat
Сента	6	Месна заједница "Центар-Топарт"	Сента, Радноти Миклош 15.	Сента	Радноти Миклош 15.	45.932654	20.074446	objekat
Сента	7	Месна заједница "Центар-Топарт"	Сента, Радноти Миклош 15.	Сента	Радноти Миклош 15.	45.932654	20.074446	objekat
Сента	8	Дечји вртић "Маслачак"	Сента, Костолањи Деже 32.	Сента	Костолањи Деже 32.	45.936006	20.072613	objekat
Сента	9	Месна заједница "Кертек"	Сента, Јожеф Атиле 54.	Сента	Јожеф Атиле 54.	45.931241	20.090160	naselje
Сента	10	Месна заједница "Кертек"	Сента, Јожеф Атиле 54.	Сента	Јожеф Атиле 54.	45.931241	20.090160	naselje
Сента	11	Месна заједница "Кертек"	Сента, Јожеф Атиле 54.	Сента	Јожеф Атиле 54.	45.931241	20.090160	naselje
Сента	12	ОШ "Турзо Лајош"	Сента, Железничка 44.	Сента	Железничка 44.	45.922863	20.076860	objekat
Сента	13	Дечји вртић "Бела рада"	Сента, Охридска 41.	Сента	Охридска 41.	45.927893	20.068577	ulica
Сента	14	Дечји вртић "Бела рада"	Сента, Охридска 41.	Сента	Охридска 41.	45.927893	20.068577	ulica
Сента	15	Дечји вртић "Красуљак"	Сента, Јожеф Атила 46/а.	Сента	Јожеф Атила 46/а.	45.920449	20.073413	objekat
Сента	16	"Стеван Мокрањац" основна музичка школа	Сента, Главна 36.	Сента	Главна 36.	45.930338	20.083889	objekat
Сента	17	Бивша IV МЗ "Алвег"	Сента, Мадач Имре 20.	Сента	Мадач Имре 20.	45.923806	20.085718	objekat
Сента	18	Дечји вртић "Перјаница"	Сента, Максима Горког 40.	Сента	Максима Горког 40.	45.922575	20.088354	objekat
Сента	19	Месна заједница "Тисапарт - Алвег"	Сента, Карађорђева 39.	Сента	Карађорђева 39.	45.924049	20.093536	objekat
Сента	20	Месна заједница "Тисапарт - Алвег"	Сента, Карађорђева 39.	Сента	Карађорђева 39.	45.924049	20.093536	objekat
Сента	21	Месна заједница "Тисапарт - Алвег"	Сента, Карађорђева 39.	Сента	Карађорђева 39.	45.924049	20.093536	objekat
Сента	22	Дечји вртић "Бамби"	Сента, Кеј др. Зорана Ђинђића 66.	Сента	Кеј др. Зорана Ђинђића 66.	45.930164	20.095537	ulica
Сента	23	Кајакашки клуб "Тисин цвет"	Сента, Кеј Тисин цвет бб.	Сента	Кеј Тисин цвет бб.	45.929623	20.095957	ulica
Сента	24	ОШ "Чоконаи Витез Михаљ"	Горњи Брег, Велики сокак 39.	Горњи Брег	Велики сокак 39.	45.920047	20.015364	objekat
Сента	25	ОШ "Чоконаи Витез Михаљ"	Горњи Брег, Велики сокак 39.	Горњи Брег	Велики сокак 39.	45.920047	20.015364	objekat
Сента	26	ОШ "Темеркењ Иштван"	Торњош, Радноти Миклош 12.	Торњош	Радноти Миклош 12.	45.878028	19.835765	objekat
Сента	27	Дом културе	Торњош, Светог Стевана 3.	Торњош	Светог Стевана 3.	45.878969	19.832480	objekat
Сента	28	Дом пензионера	Кеви, 8. Октобар бб.	Кеви	8. Октобар бб.	45.851210	19.878224	naselje
Сента	29	Дом културе	Кеви, Арањ Јанош 2.	Кеви	Арањ Јанош 2.	45.850659	19.878005	objekat
Сента	30	Месна заједница Богараш	Богараш, Маршала Тита 21.	Богараш	Маршала Тита 21.	45.921506	19.947272	objekat
Сента	31	ОШ "Темеркењ Иштван"	Богараш, Маршала Тита 25.	Богараш	Маршала Тита 25.	45.921919	19.947082	objekat
Сечањ	1	ОШ „ВЕЉКО ЂУРИЧИН"	Банатска Дубица, Лењинова бр. 17	Банатска Дубица	Лењинова бр. 17	45.274723	20.821096	objekat
Сечањ	2	ОШ „ЖАРКО ЗРЕЊАНИН"-ТРПЕЗАРИЈА	Бока, Маршала Тита бр. 33	Бока	Маршала Тита бр. 33	45.354802	20.834156	objekat
Сечањ	3	ОМЛАДИНСКА САЛА	Бока, Иве Лоле Рибара бр. 46	Бока	Иве Лоле Рибара бр. 46	45.357468	20.830405	objekat
Сечањ	4	ЗЗ „МОДОШ" - КООПЕРАЦИЈА	Јаша Томић, Маршала Тита бр. 61	Јаша Томић	Маршала Тита бр. 61	45.448286	20.860275	objekat
Сечањ	5	ОШ „СТЕВАН АЛЕКСИЋ"	Јаша Томић, Маршала Тита бр. 99	Јаша Томић	Маршала Тита бр. 99	45.446080	20.860778	objekat
Сечањ	6	МЗ „ЈАША ТОМИЋ"	Јаша Томић, Маршала Тита бр. 80	Јаша Томић	Маршала Тита бр. 80	45.445689	20.858504	objekat
Сечањ	7	ОШ „ВЕЉКО ЂУРИЧИН"	Јарковац, Трг др Станислава Букурова бр. 12	Јарковац	Трг др Станислава Букурова бр. 12	45.269676	20.762778	objekat
Сечањ	8	ДОМ ПЕНЗИОНЕРА	Јарковац, Михајла Пупина бр. 1	Јарковац	Михајла Пупина бр. 1	45.214653	20.767458	objekat
Сечањ	9	МЗ „КОНАК - САЛА"	Конак, Маршала Тита бр. 28	Конак	Маршала Тита бр. 28	45.313496	20.909720	objekat
Сечањ	10	ДОМ КУЛТУРЕ - УЛАЗ У БИСКОПСКУ САЛУ	Крајишник, Жарка Зрењанина бр. 15	Крајишник	Жарка Зрењанина бр. 15	45.453526	20.728528	objekat
Сечањ	11	ДОМ ПЕНЗИОНЕРА	Крајишник, Жарка Зрењанина бр. 12	Крајишник	Жарка Зрењанина бр. 12	45.452154	20.727454	objekat
Сечањ	12	ОШ „БРАЋА СТЕФАНОВИЋ"	Неузина, Ђуре Рашкова бр. 70А	Неузина	Ђуре Рашкова бр. 70А	45.345263	20.712532	ulica
Сечањ	13	ОШ „АЛЕКСА ШАНТИЋ"	Сечањ, Партизански пут бр. 56	Сечањ	Партизански пут бр. 56	45.366467	20.771471	objekat
Сечањ	14	СШ „ВУК КАРАЏИЋ"	Сечањ, Гимназијска бр. 2	Сечањ	Гимназијска бр. 2	45.364920	20.776629	objekat
Сечањ	15	ОШ „ИВО ЛОЛА РИБАР" - ХОЛ	Сутјеска, Бориса Кидрича бр. 10	Сутјеска	Бориса Кидрича бр. 10	45.385399	20.697214	objekat
Сечањ	16	ДОМ КУЛТУРЕ САЛА ЗА САСТАНКЕ	Сутјеска, Бориса Кидрича бр. 28/2	Сутјеска	Бориса Кидрича бр. 28/2	45.375179	20.698605	ulica
Сечањ	17	ОСНОВНА ШКОЛА	Шурјан, Иве Лоле Рибара бр. 6	Шурјан	Иве Лоле Рибара бр. 6	45.398361	20.874992	objekat
Сјеница	1	Основна школа	Трешњевица	Трешњевица		43.132386	19.872607	naselje
Сјеница	2	Основна школа	Трешњевица	Трешњевица		43.132386	19.872607	naselje
Сјеница	3	Основна школа	Црвско	Црвско		43.108676	19.914664	naselje
Сјеница	4	Основна школа	Врбница	Врбница		43.158726	19.794047	naselje
Сјеница	5	Основна школа	Крајиновиће	Крајиновиће		43.177873	19.875890	naselje
Сјеница	6	Основна школа	Вапа	Вапа		43.293863	20.044613	naselje
Сјеница	7	Основна школа	Дунишиће	Дунишиће		43.316248	20.063996	naselje
Сјеница	8	Основна школа	Вапа	Вапа		43.293863	20.044613	naselje
Сјеница	9	Основна школа	Фијуљ	Фијуљ		43.342627	20.084896	naselje
Сјеница	10	Основна школа	Чипаље	Чипаље		43.294247	20.055284	naselje
Сјеница	11	Амбуланта	Гоње	Гоње				nije_nadjeno
Сјеница	12	Приватна кућа Ремза Машовића	Машовиће	Машовиће		43.295695	19.914981	naselje
Сјеница	13	Основна школа	Брњица	Брњица		43.284543	20.192586	naselje
Сјеница	14	Основна школа	Шаре	Шаре		43.275393	20.238318	naselje
Сјеница	15	Основна школа	Дуга Пољана	Дуга Пољана		43.250996	20.227058	naselje
Сјеница	16	Основна школа	Жабрен	Жабрен		43.192315	20.265545	naselje
Сјеница	17	Основна школа	Дражевиће	Дражевиће		43.235214	20.201304	naselje
Сјеница	18	Основна школа	Камешница	Камешница		43.205674	20.186450	naselje
Сјеница	19	Основна школа	Житниће	Житниће		43.224129	20.169911	naselje
Сјеница	20	Основна школа	Долиће	Долиће		43.078449	20.039191	naselje
Сјеница	21	Основна школа	Карајукиће Бунари	Карајукиће Бунари				nije_nadjeno
Сјеница	22	Основна школа	Угао	Угао		43.053242	20.057178	naselje
Сјеница	23	Основна школа	Буђево	Буђево		43.145077	20.051911	naselje
Сјеница	24	Основна школа	Тузиње	Тузиње		43.133028	20.119245	naselje
Сјеница	25	Основна школа	Тузиње	Тузиње		43.133028	20.119245	naselje
Сјеница	26	Основна школа	Урсуле	Урсуле		43.391577	19.973702	naselje
Сјеница	27	Основна школа	Урсуле	Урсуле		43.391577	19.973702	naselje
Сјеница	28	Основна школа	Кладница	Кладница		43.398468	20.029613	naselje
Сјеница	29	Основна школа	Сугубине	Сугубине		43.367185	20.055435	naselje
Сјеница	30	Основна школа	Сугубине	Сугубине		43.367185	20.055435	naselje
Сјеница	31	Приватна кућа Радована Васојевића	Доње Горачиће	Доње Горачиће		43.327363	19.897227	naselje
Сјеница	32	Основна школа	Доње Лопиже	Доње Лопиже		43.315717	19.950700	naselje
Сјеница	33	Основна школа	Раждагиња	Раждагиња		43.216411	20.028278	naselje
Сјеница	34	Основна школа "12. децембар"	Сјеница, Ћамила Сијарића бр. 5	Сјеница	Ћамила Сијарића бр. 5	43.273261	20.005968	objekat
Сјеница	35	Основна школа	Зајечиће	Зајечиће		43.237121	20.044019	naselje
Сјеница	36	Основна школа	Дујке	Дујке		43.210970	19.994930	naselje
Сјеница	37	Основна школа	Раждагиња	Раждагиња		43.216411	20.028278	naselje
Сјеница	38	Приватна кућа Мерсад Куртановић	Врсјенице	Врсјенице		43.213512	20.056168	naselje
Сјеница	39	Основна школа	Кијевци	Кијевци		43.192302	20.095689	naselje
Сјеница	40	Приватна кућа Мустафе Хамидовића	Крће	Крће		43.220861	20.050092	naselje
Сјеница	41	Основна школа	Расно	Расно		43.151650	20.142883	naselje
Сјеница	42	Основна школа	Расно	Расно		43.151650	20.142883	naselje
Сјеница	43	Основна школа	Цетановиће	Цетановиће		43.164981	20.104037	naselje
Сјеница	44	Основна школа	Тријебине	Тријебине		43.226959	19.935218	naselje
Сјеница	45	Основна школа	Тријебине	Тријебине		43.226959	19.935218	naselje
Сјеница	46	Основна школа	Тријебине	Тријебине		43.226959	19.935218	naselje
Сјеница	47	Основна школа	Штаваљ	Штаваљ		43.274050	20.122705	naselje
Сјеница	48	Основна школа	Ступ	Ступ		43.287519	20.151080	naselje
Сјеница	49	Основна школа	Штаваљ	Штаваљ		43.274050	20.122705	naselje
Сјеница	50	Приватна кућа Милорада Ракоњца	Вишњице	Вишњице		43.278580	20.102448	naselje
Сјеница	51	Зграда сеоског водовода	Градац	Градац		43.239058	20.104873	naselje
Сјеница	52	Основна школа	Драгојловиће	Драгојловиће		43.231848	20.089649	naselje
Сјеница	53	Основна школа	Кнежевац	Кнежевац		43.258247	20.120285	naselje
Сјеница	54	Основна школа "12. децембар"	Сјеница, Ћамила Сијарића бр. 5	Сјеница	Ћамила Сијарића бр. 5	43.273261	20.005968	objekat
Сјеница	55	Основна школа "12. децембар"	Сјеница, Ћамила Сијарића бр. 5 (Нова бб)	Сјеница	Ћамила Сијарића бр. 5 (Нова бб)	43.273292	20.005468	objekat
Сјеница	56	Основна школа "12. децембар"	Сјеница, Ћамила Сијарића бр. 5	Сјеница	Ћамила Сијарића бр. 5	43.273261	20.005968	objekat
Сјеница	57	Основна школа "12. децембар"	Сјеница, Ћамила Сијарића бр. 5	Сјеница	Ћамила Сијарића бр. 5	43.273261	20.005968	objekat
Сјеница	58	Основна школа "12. децембар"	Сјеница, Ћамила Сијарића бр. 5	Сјеница	Ћамила Сијарића бр. 5	43.273261	20.005968	objekat
Сјеница	59	Основна школа "12. децембар"	Сјеница, Ћамила Сијарића бр. 5	Сјеница	Ћамила Сијарића бр. 5	43.273261	20.005968	objekat
Сјеница	60	Основна школа "12. децембар"	Сјеница, Ћамила Сијарића бр. 5	Сјеница	Ћамила Сијарића бр. 5	43.273261	20.005968	objekat
Сјеница	61	Основна школа "12. децембар"	Сјеница, Ћамила Сијарића бр. 5	Сјеница	Ћамила Сијарића бр. 5	43.273261	20.005968	objekat
Сјеница	62	Скупштина општине Сјеница - скупштинска сала	Сјеница, Змаја од Босне бр. 1	Сјеница	Змаја од Босне бр. 1	43.271875	19.998820	objekat
Сјеница	63	Основна школа "Светозар Марковић"	Сјеница, Султана Мурата IV бр. 1	Сјеница	Султана Мурата IV бр. 1	43.274467	19.999492	objekat
Сјеница	64	Основна школа "Светозар Марковић"	Сјеница, Султана Мурата IV бр. 1	Сјеница	Султана Мурата IV бр. 1	43.274467	19.999492	objekat
Сјеница	65	Основна школа "Светозар Марковић"	Сјеница, Султана Мурата IV бр. 1	Сјеница	Султана Мурата IV бр. 1	43.274467	19.999492	objekat
Сјеница	66	Основна школа "Светозар Марковић"	Сјеница, Султана Мурата IV бр. 1	Сјеница	Султана Мурата IV бр. 1	43.274467	19.999492	objekat
Сјеница	67	Основна школа "Светозар Марковић"	Сјеница, Султана Мурата IV бр. 1	Сјеница	Султана Мурата IV бр. 1	43.274467	19.999492	objekat
Сјеница	68	Основна школа "Светозар Марковић"	Сјеница, Султана Мурата IV бр. 1	Сјеница	Султана Мурата IV бр. 1	43.274467	19.999492	objekat
Смедерево	1	ОСНОВНИ СУД	Смедерево, Трг Републике бр. 4	Смедерево	Трг Републике бр. 4	44.665704	20.926199	objekat
Смедерево	2	УЧИОНИЦА БР.1 ОШ "ДИМИТРИЈЕ ДАВИДОВИЋ"	Смедерево, Анте Протића бр. 3	Смедерево	Анте Протића бр. 3	44.663351	20.923959	objekat
Смедерево	3	УЧИОНИЦА БР.2 ОШ "ДИМИТРИЈЕ ДАВИДОВИЋ"	Смедерево, Анте Протића бр. 3	Смедерево	Анте Протића бр. 3	44.663351	20.923959	objekat
Смедерево	4	"ЧЕЛИК" ПЛАНИНАРСКО ДРУШТВО	Смедерево, Карађорђева бр. 43	Смедерево	Карађорђева бр. 43	44.663989	20.919346	objekat
Смедерево	5	ДОМ КУЛТУРЕ	Смедерево, Карађорђева бр. 5-7	Смедерево	Карађорђева бр. 5-7	44.663910	20.925201	objekat
Смедерево	6	ТЕХНИЧКА ШКОЛА	Смедерево, Вука Караџића бр. 13	Смедерево	Вука Караџића бр. 13	44.666021	20.930094	objekat
Смедерево	7	ГИМНАЗИЈА	Смедерево, Улица слободе бр. 3	Смедерево	Улица слободе бр. 3	44.664639	20.928597	objekat
Смедерево	8	МЗ "КАРАЂОРЂЕВ ДУД"	Смедерево, Кнеза Михаила бр. 5	Смедерево	Кнеза Михаила бр. 5	44.663747	20.927574	objekat
Смедерево	9	МЗ "ПЛАВИНАЦ"	Смедерево, Горанска бр. 50	Смедерево	Горанска бр. 50	44.658246	20.877472	objekat
Смедерево	10	"ГОДОМИН БИКОВАЦ" ПК РЕСТОРАН	Смедерево, Удовички пут бб	Смедерево	Удовички пут бб	44.646671	20.871268	ulica
Смедерево	11	ОСНОВНА ШКОЛА	Сеоне	Сеоне		44.634776	20.818800	naselje
Смедерево	12	ОШ "ДР ЈОВАН ЦВИЈИЋ" УЧИОНИЦА БР. 7	Смедерево, Др Јована Цвијића бр. 9	Смедерево	Др Јована Цвијића бр. 9	44.661778	20.928778	objekat
Смедерево	13	ОШ "ДР ЈОВАН ЦВИЈИЋ" УЧИОНИЦА БР. 10	Смедерево, Др Јована Цвијића бр. 9	Смедерево	Др Јована Цвијића бр. 9	44.661778	20.928778	objekat
Смедерево	14	УЧИОНИЦА БР. 16 ОШ "БРАНИСЛАВ НУШИЋ"	Смедерево, Балканска бр. 31	Смедерево	Балканска бр. 31	44.653336	20.913614	objekat
Смедерево	15	ОШ "БРАНИСЛАВ НУШИЋ" УЧИОНИЦА БР. 18	Смедерево, Балканска бр. 31	Смедерево	Балканска бр. 31	44.653336	20.913614	objekat
Смедерево	16	МЗ "ЛЕШТАР" - АНЕКС	Смедерево, Петријевска бр. 2	Смедерево	Петријевска бр. 2	44.658910	20.917313	objekat
Смедерево	17	МЗ "ЛЕШТАР"	Смедерево, Петријевска бр. 4	Смедерево	Петријевска бр. 4	44.658963	20.917038	objekat
Смедерево	18	ДЕЧЈИ ВРТИЋ	Смедерево, Горичка бб	Смедерево	Горичка бб	44.654574	20.901973	ulica
Смедерево	19	МЗ "ЗЛАТНО БРДО"	Смедерево, Петријевска бр. 4	Смедерево	Петријевска бр. 4	44.658963	20.917038	objekat
Смедерево	20	ОШ "БРАНИСЛАВ НУШИЋ" - УЧИОНИЦА БР. 15	Смедерево, Балканска бр. 31	Смедерево	Балканска бр. 31	44.653336	20.913614	objekat
Смедерево	21	КЛУБ ПЕНЗИОНЕРА	Смедерево, Ивана Гундулића бр. 1	Смедерево	Ивана Гундулића бр. 1	44.661901	20.931404	objekat
Смедерево	22	ОШ "ЈОВАН ЈОВАНОВИЋ ЗМАЈ"	Смедерево, 17. октобра бр. 26	Смедерево	17. октобра бр. 26	44.661649	20.933178	objekat
Смедерево	23	ДОМ МЗ "СЛАВИЈА"	Смедерево, 16. октобра бр. 39	Смедерево	16. октобра бр. 39	44.659549	20.936279	objekat
Смедерево	24	ШКОЛА ЕКОНОМСКО-ТРГОВИНСКА	Смедерево, 16. октобра бб	Смедерево	16. октобра бб	44.657015	20.936988	ulica
Смедерево	25	РЕСТОРАН ФК "ЖЕЛЕЗНИЧАР"	Смедерево, Барска бб	Смедерево	Барска бб	44.667509	20.939084	ulica
Смедерево	26	МЗ "ПАПАЗОВАЦ" НОВЕ ПРОСТОРИЈЕ	Смедерево, Доситеја Обрадовића бр. 78	Смедерево	Доситеја Обрадовића бр. 78	44.644608	20.943229	objekat
Смедерево	27	ДЕЧЈИ ВРТИЋ	Смедерево, Спасеније Цане Бабовић бб	Смедерево	Спасеније Цане Бабовић бб	44.646646	20.946175	ulica
Смедерево	28	ОШ "БРАНКО РАДИЧЕВИЋ" УЧИОНИЦА БР. 27	Смедерево, Црвене армије бр. 142	Смедерево	Црвене армије бр. 142	44.644673	20.947957	objekat
Смедерево	29	ОШ "БРАНКО РАДИЧЕВИЋ" УЧИОНИЦА БР. 28	Смедерево, Црвене армије бр. 142	Смедерево	Црвене армије бр. 142	44.644673	20.947957	objekat
Смедерево	30	УЧИОНИЦА БР. 5 ОШ "ДОСИТЕЈ ОБРАДОВИЋ"	Смедерево, Ђуре Даничића бр. 84	Смедерево	Ђуре Даничића бр. 84	44.653410	20.931714	objekat
Смедерево	31	ДОМ МЗ "ЦАРИНА" - МАЛА САЛА	Смедерево, Пролетерска бр. 16	Смедерево	Пролетерска бр. 16	44.652560	20.931466	objekat
Смедерево	32	ОШ "ДОСИТЕЈ ОБРАДОВИЋ" УЧИОНИЦА БР. 10	Смедерево, Ђуре Даничића бр. 84	Смедерево	Ђуре Даничића бр. 84	44.653410	20.931714	objekat
Смедерево	33	ОШ "ДОСИТЕЈ ОБРАДОВИЋ" УЧИОНИЦА БР. 14	Смедерево, Ђуре Даничића бр. 84	Смедерево	Ђуре Даничића бр. 84	44.653410	20.931714	objekat
Смедерево	34	ДОМ МЗ - ПРОСТОРИЈА БР. 5	Смедерево, Пролетерска бр. 16	Смедерево	Пролетерска бр. 16	44.652560	20.931466	objekat
Смедерево	35	МЗ "СВЕТИ САВА" - ВЕЛИКА САЛА (ЛЕВО)	Смедерево, Коларска бр. 101	Смедерево	Коларска бр. 101	44.641456	20.921383	objekat
Смедерево	36	МЗ "СВЕТИ САВА" ВЕЛИКА САЛА (ДЕСНО)	Смедерево, Коларска бр. 101	Смедерево	Коларска бр. 101	44.641456	20.921383	objekat
Смедерево	37	ОШ "СВЕТИ САВА"	Смедерево, Металуршка бб	Смедерево	Металуршка бб	44.641061	20.922839	ulica
Смедерево	38	ТТПШ "ДЕСПОТ ЂУРАЂ"	Смедерево, Црвене армије бр. 156	Смедерево	Црвене армије бр. 156	44.642912	20.952054	objekat
Смедерево	39	МЗ "25. МАЈ" - ВЕЛИКА САЛА	Смедерево, Црвене армије бр. 242	Смедерево	Црвене армије бр. 242	44.636587	20.957353	objekat
Смедерево	40	МЗ "25. МАЈ" - МАЛА САЛА	Смедерево, Црвене армије бр. 242	Смедерево	Црвене армије бр. 242	44.636587	20.957353	objekat
Смедерево	41	МЕСНА ЗАЈЕДНИЦА	Удовице	Удовице		44.639048	20.854912	naselje
Смедерево	42	ОШ "ВУК КАРАЏИЋ"	Липе	Липе		44.640995	20.999293	naselje
Смедерево	43	ДОМ КУЛТУРЕ ЛИПЕ	Липе	Липе		44.640995	20.999293	naselje
Смедерево	44	МЕСНА ЗАЈЕДНИЦА	Михајловац	Михајловац		44.540469	20.970834	naselje
Смедерево	45	ДОМ КУЛТУРЕ	Михајловац	Михајловац		44.540469	20.970834	naselje
Смедерево	46	УЧИОНИЦА БР. 1 ОШ "ДОСИТЕЈ ОБРАДОВИЋ"	Враново	Враново		44.599800	20.995067	naselje
Смедерево	47	УЧИОНИЦА БР. 2 ОШ "ДОСИТЕЈ ОБРАДОВИЋ"	Враново	Враново		44.599800	20.995067	naselje
Смедерево	48	ОШ "ИВО АНДРИЋ" - ВЕЛИКИ ХОЛ (ДЕСНО)	Радинац	Радинац		44.626697	20.967014	naselje
Смедерево	49	ОШ "ИВО АНДРИЋ" - ВЕЛИКИ ХОЛ (ЛЕВО)	Радинац	Радинац		44.626697	20.967014	naselje
Смедерево	50	МАЛИ ХОЛ ОШ "ИВО АНДРИЋ"	Радинац	Радинац		44.626697	20.967014	naselje
Смедерево	51	ОШ "ЂУРА ЈАКШИЋ"	Мала Крсна	Мала Крсна		44.585417	21.007921	naselje
Смедерево	52	ОШ "ИВО ЛОЛА РИБАР" - УЧИОНИЦА БР.3	Скобаљ, Цара Лазара бр. 103	Скобаљ	Цара Лазара бр. 103	44.565252	21.031419	objekat
Смедерево	53	УЧИОНИЦА V/1 ОШ "ХЕРОЈ СРБА"	Осипаоница	Осипаоница		44.543562	21.052003	naselje
Смедерево	54	УЧИОНИЦА V/2 ОШ "ХЕРОЈ СРБА"	Осипаоница	Осипаоница		44.543562	21.052003	naselje
Смедерево	55	ЗДРАВСТВЕНА АМБУЛАНТА	Осипаоница	Осипаоница		44.543562	21.052003	naselje
Смедерево	56	РЕСТОРАН РАТНИХ ДРУГОВАЦ	Друговац	Друговац		44.546994	20.833689	naselje
Смедерево	57	ОШ "СВЕТИТЕЉ САВА"	Друговац	Друговац		44.546994	20.833689	naselje
Смедерево	58	ОСНОВНА ШКОЛА	Бадљевица	Бадљевица		44.529404	20.785104	naselje
Смедерево	59	МЕСНА ЗАЈЕДНИЦА	Шалинац	Шалинац		44.688949	21.013030	naselje
Смедерево	60	АМБУЛАНТА	Кулич	Кулич		44.697343	21.019889	naselje
Смедерево	61	ОСНОВНА ШКОЛА	Суводол	Суводол		44.560450	20.873083	naselje
Смедерево	62	ОСНОВНА ШКОЛА	Луњевац	Луњевац		44.540371	20.910091	naselje
Смедерево	63	ОСНОВНА ШКОЛА	Ландол	Ландол		44.599967	20.885713	naselje
Смедерево	64	ОШ "БРАНИСЛАВ НУШИЋ"	Петријево	Петријево		44.624810	20.880383	naselje
Смедерево	65	ДОМ КУЛТУРЕ	Колари	Колари		44.584444	20.901389	naselje
Смедерево	66	ОШ "ИЛИЈА МИЛОСАВЉЕВИЋ КОЛАРАЦ" - ПОДРУЧНО ОДЕЉЕЊЕ У БИНОВЦУ	Биновац	Биновац		44.572619	20.866987	naselje
Смедерево	67	ОШ "БРАНКО РАДИЧЕВИЋ"	Лугавчина	Лугавчина		44.525073	21.073464	naselje
Смедерево	68	ДОМ КУЛТУРЕ	Лугавчина	Лугавчина		44.525073	21.073464	naselje
Смедерево	69	ДОМ КУЛТУРЕ ЛОВАЧКА САЛА	Лугавчина	Лугавчина		44.525073	21.073464	naselje
Смедерево	70	ДОМ КУЛТУРЕ	Сараорци	Сараорци		44.489074	21.082976	naselje
Смедерево	71	МЕСНА ЗАЈЕДНИЦА	Сараорци	Сараорци		44.489074	21.082976	naselje
Смедерево	72	ОСНОВНА ШКОЛА	Вучак	Вучак		44.622418	20.901084	objekat
Смедерево	73	ОСНОВНА ШКОЛА	Врбовац	Врбовац		44.584304	20.965634	ulica
Смедерево	74	ДОМ КУЛТУРЕ	Раља	Раља		44.592937	20.968757	naselje
Смедерево	75	ДОМ КУЛТУРЕ	Добри До	Добри До		44.485789	20.957356	naselje
Смедерево	76	ОШ "САВА КОВАЧЕВИЋ" ДОЊА ШКОЛА	Добри До	Добри До		44.485789	20.957356	naselje
Смедерево	77	ОШ "ВОЖД КАРАЂОРЂЕ"	Водањ	Водањ		44.609444	20.852222	naselje
Смедерево	78	ОСНОВНА ШКОЛА	Мало Орашје	Мало Орашје		44.564481	20.785197	naselje
Смедеревска Паланка	1	ОШ «РАДОМИР ЛАЗИЋ»	Азања, улица Милије Батинића број 5	Азања	улица Милије Батинића број 5	44.433475	20.879437	objekat
Смедеревска Паланка	2	ОШ «РАДОМИР ЛАЗИЋ»	Азања, улица Милије Батинића број 5	Азања	улица Милије Батинића број 5	44.433475	20.879437	objekat
Смедеревска Паланка	3	ОШ «РАДОМИР ЛАЗИЋ»	Азања, улица Милије Батинића број 5	Азања	улица Милије Батинића број 5	44.433475	20.879437	objekat
Смедеревска Паланка	4	ОШ «РАДОМИР ЛАЗИЋ»	Азања, улица Милије Батинића број 5	Азања	улица Милије Батинића број 5	44.433475	20.879437	objekat
Смедеревска Паланка	5	ДОМ КУЛТУРЕ	Баничина	Баничина		44.287478	20.937335	naselje
Смедеревска Паланка	6	МЕСНА ЗАЈЕДНИЦА	Бачинац	Бачинац		44.507923	20.922989	naselje
Смедеревска Паланка	7	ОШ «МИЛИЈА РАКИЋ»	Башин	Башин		44.296682	20.852475	naselje
Смедеревска Паланка	8	МЕСНА ЗАЈЕДНИЦА	Влашки До	Влашки До		44.463244	20.928580	naselje
Смедеревска Паланка	9	МЕСНА ЗАЈЕДНИЦА	Водице	Водице		44.333833	20.947506	naselje
Смедеревска Паланка	10	ОШ «СТАНОЈЕ ГЛАВАШ»	Глибовац	Глибовац		44.373126	20.912264	naselje
Смедеревска Паланка	11	ФК «ОМЛАДИНАЦ»	Глибовац	Глибовац		44.373126	20.912264	naselje
Смедеревска Паланка	12	МЕСНА ЗАЈЕДНИЦА	Голобок	Голобок		44.451650	21.005978	naselje
Смедеревска Паланка	13	ОШ «НИКОЛА ТЕСЛА»	Голобок	Голобок		44.451650	21.005978	naselje
Смедеревска Паланка	14	МЕСНА ЗАЈЕДНИЦА	Грчац	Грчац		44.421438	20.951081	naselje
Смедеревска Паланка	15	ОШ „БРАНА ЈЕВТИЋ“ - ЦЕНТАР	Кусадак	Кусадак		44.399722	20.803333	naselje
Смедеревска Паланка	16	ОШ „БРАНА ЈЕВТИЋ“ - ЦЕНТАР	Кусадак	Кусадак		44.399722	20.803333	naselje
Смедеревска Паланка	17	ОШ „БРАНА ЈЕВТИЋ“ - ПОЧЕВИЦА	Кусадак	Кусадак		44.399722	20.803333	naselje
Смедеревска Паланка	18	ОШ „БРАНА ЈЕВТИЋ“ - ЦЕНТАР	Кусадак	Кусадак		44.399722	20.803333	naselje
Смедеревска Паланка	19	ОШ „БРАНА ЈЕВТИЋ“ - КОСОВАЦ	Кусадак	Кусадак		44.399722	20.803333	naselje
Смедеревска Паланка	20	ДОМ КУЛТУРЕ	Мала Плана	Мала Плана		44.369916	21.016793	naselje
Смедеревска Паланка	21	ОШ „МИЛИЈА РАКИЋ“	Мраморац	Мраморац		44.284889	20.885001	naselje
Смедеревска Паланка	22	МЕСНА ЗАЈЕДНИЦА	Придворице	Придворице		44.341545	20.902241	naselje
Смедеревска Паланка	23	ОШ „ЛАЗАР СТАНОЈЕВИЋ“	Ратари	Ратари		44.355669	20.830626	naselje
Смедеревска Паланка	24	ОШ „ЛАЗАР СТАНОЈЕВИЋ“	Ратари	Ратари		44.355669	20.830626	naselje
Смедеревска Паланка	25	ОШ „ЂОРЂЕ ЈОВАНОВИЋ“	Селевац	Селевац		44.496274	20.871918	naselje
Смедеревска Паланка	26	ОШ „ЂОРЂЕ ЈОВАНОВИЋ“	Селевац	Селевац		44.496274	20.871918	naselje
Смедеревска Паланка	27	ОШ „ЂОРЂЕ ЈОВАНОВИЋ“	Селевац	Селевац		44.496274	20.871918	naselje
Смедеревска Паланка	28	ОШ „ЂОРЂЕ ЈОВАНОВИЋ“	Селевац	Селевац		44.496274	20.871918	naselje
Смедеревска Паланка	29	МЕСНА ЗАЈЕДНИЦА	Стојачак	Стојачак		44.317995	20.965176	naselje
Смедеревска Паланка	30	ОШ „МИЛИЈА РАКИЋ“	Церовац	Церовац		44.328061	20.864680	naselje
Смедеревска Паланка	31	ОШ „ВУК КАРАЏИЋ“	Смедеревска Паланка, Жарка Симића број 2	Смедеревска Паланка	Жарка Симића број 2	44.378348	20.950578	objekat
Смедеревска Паланка	32	ОШ „ВУК КАРАЏИЋ“	Смедеревска Паланка, Жарка Симића број 2	Смедеревска Паланка	Жарка Симића број 2	44.378348	20.950578	objekat
Смедеревска Паланка	33	МЗ „КОЛОНИЈА“	Смедеревска Паланка, Паланачке чете број 2	Смедеревска Паланка	Паланачке чете број 2	44.374539	20.957882	objekat
Смедеревска Паланка	34	МЗ „КОЛОНИЈА“	Смедеревска Паланка, Паланачке чете број 2	Смедеревска Паланка	Паланачке чете број 2	44.374539	20.957882	objekat
Смедеревска Паланка	35	АРХИВ „ВЕРОСЛАВА ВЕЉАШЕВИЋ“	Смедеревска Паланка, Омладинска број 13	Смедеревска Паланка	Омладинска број 13	44.358513	21.009788	objekat
Смедеревска Паланка	36	АРХИВ „ВЕРОСЛАВА ВЕЉАШЕВИЋ“	Смедеревска Паланка, Омладинска број 13	Смедеревска Паланка	Омладинска број 13	44.358513	21.009788	objekat
Смедеревска Паланка	37	ПАЛАНАЧКА ГИМНАЗИЈА	Смедеревска Паланка, Вука Караџића број 18	Смедеревска Паланка	Вука Караџића број 18	44.367155	20.959093	objekat
Смедеревска Паланка	38	ПАЛАНАЧКА ГИМНАЗИЈА	Смедеревска Паланка, Вука Караџића број 18	Смедеревска Паланка	Вука Караџића број 18	44.367155	20.959093	objekat
Смедеревска Паланка	39	ОШ „ХЕРОЈ РАДМИЛА ШИШКОВИЋ“	Смедеревска Паланка, Змај Јовина број 27	Смедеревска Паланка	Змај Јовина број 27	44.372428	20.958033	objekat
Смедеревска Паланка	40	ОШ „ХЕРОЈ РАДМИЛА ШИШКОВИЋ“	Смедеревска Паланка, Змај Јовина број 27	Смедеревска Паланка	Змај Јовина број 27	44.372428	20.958033	objekat
Смедеревска Паланка	41	ДОМ ГЛУВИХ	Смедеревска Паланка, 20. јула број 12	Смедеревска Паланка	20. јула број 12	44.362480	20.967842	objekat
Смедеревска Паланка	42	МЗ „ДОЊИ ГРАД“	Смедеревска Паланка, Златиборска број 1	Смедеревска Паланка	Златиборска број 1	44.363015	20.968724	objekat
Смедеревска Паланка	43	МЗ „ДОЊИ ГРАД“	Смедеревска Паланка, Златиборска број 1	Смедеревска Паланка	Златиборска број 1	44.363015	20.968724	objekat
Смедеревска Паланка	44	ОШ „ХЕРОЈ ИВАН МУКЕР“	Смедеревска Паланка, Војводе Степе број 20	Смедеревска Паланка	Војводе Степе број 20	44.364606	20.964413	objekat
Смедеревска Паланка	45	ОШ „ХЕРОЈ ИВАН МУКЕР“	Смедеревска Паланка, Војводе Степе број 20	Смедеревска Паланка	Војводе Степе број 20	44.364606	20.964413	objekat
Смедеревска Паланка	46	ОШ „ХЕРОЈ ИВАН МУКЕР“	Смедеревска Паланка, Војводе Степе број 20	Смедеревска Паланка	Војводе Степе број 20	44.364606	20.964413	objekat
Смедеревска Паланка	47	ОШ „ОЛГА МИЛОШЕВИЋ“	Смедеревска Паланка, Француска број 4	Смедеревска Паланка	Француска број 4	44.364490	20.957622	objekat
Смедеревска Паланка	48	ЈКП „ВОДОВОД“ – УПРАВНА ЗГРАДА	Смедеревска Паланка, Карађорђева број 81	Смедеревска Паланка	Карађорђева број 81	44.354572	20.942108	objekat
Смедеревска Паланка	49	МЗ „СТАРА ЧАРШИЈА“	Смедеревска Паланка, Карађорђева број 12	Смедеревска Паланка	Карађорђева број 12	44.364588	20.955982	objekat
Сокобања	1	СКУПШТИНА ОПШТИНЕ	Сокобања, Светог Саве бр. 23	Сокобања	Светог Саве бр. 23	43.644567	21.876817	objekat
Сокобања	2	ЕЛЕКТРОДИСТРИБУЦИЈА	Сокобања, Кнеза Милоша бр. 28	Сокобања	Кнеза Милоша бр. 28	43.648500	21.876632	objekat
Сокобања	3	ЗГРАДА ЛЕГАТА	Сокобања, Трг ослобођења бр. 11	Сокобања	Трг ослобођења бр. 11	43.644450	21.871596	objekat
Сокобања	4	ВИЛА "БОТА"	Сокобања, Војводе Мишића бр. 41А	Сокобања	Војводе Мишића бр. 41А	43.641236	21.871523	objekat
Сокобања	5	ДОМ ЗДРАВЉА	Сокобања, Митрополита Михаила бр. 31	Сокобања	Митрополита Михаила бр. 31	43.643170	21.868845	objekat
Сокобања	6	УДРУЖЕЊЕ ПЕНЗИОНЕРА - РЕСТОРАН	Сокобања, Немањина бр. 10	Сокобања	Немањина бр. 10	43.644538	21.869249	objekat
Сокобања	7	БИОСКОП "МОРАВИЦА"	Сокобања, Алексе Маркишића бр. 38	Сокобања	Алексе Маркишића бр. 38	43.645777	21.866428	objekat
Сокобања	8	СПОРТСКО РЕКРЕАТИВНИ ЦЕНТАР "ПОДИНА"	Сокобања, Ратарска бр. 15	Сокобања	Ратарска бр. 15	43.646288	21.859542	objekat
Сокобања	9	МЕСНА КАНЦЕЛАРИЈА	Јошаница, Озренског партизанског одреда бр. 78	Јошаница	Озренског партизанског одреда бр. 78	43.727038	21.773024	objekat
Сокобања	10	ДОМ КУЛТУРЕ	Језеро, Дракче Миловановић бр. 2А	Језеро	Дракче Миловановић бр. 2А	43.567950	21.903488	objekat
Сокобања	11	МЕСНА ЗАЈЕДНИЦА	Раденковац, Озренска бб	Раденковац	Озренска бб	43.547362	21.928324	ulica
Сокобања	12	ОСНОВНА ШКОЛА "Митрополит Михаило" издвојено одељење у Врелу	Врело, Врелска бр. 73	Врело	Врелска бр. 73	43.640475	21.873072	objekat
Сокобања	13	ОСНОВНА ШКОЛА "Митрополит Михаило" издвојено одељење у Левовику	Левовик, Књажевачка бр. 16	Левовик	Књажевачка бр. 16	43.618743	22.041458	objekat
Сокобања	14	ДОМ КУЛТУРЕ	Читлук, Читлук бб	Читлук	Читлук бб	43.635699	22.007290	drugo:information
Сокобања	15	ОСНОВНА ШКОЛА "Митрополит Михаило" издвојено одељење у Богдинцу	Богдинац, Добривоја Миловановића бр. 10	Богдинац	Добривоја Миловановића бр. 10	43.661927	21.984098	objekat
Сокобања	16	ДОМ КУЛТУРЕ	Блендија, ЈНА бр. 8	Блендија	ЈНА бр. 8	43.649463	21.918933	objekat
Сокобања	17	МЕСНА КАНЦЕЛАРИЈА	Сесалац, Милића Мијајловића бр. 16	Сесалац	Милића Мијајловића бр. 16	43.680631	21.977831	objekat
Сокобања	18	ДОМ КУЛТУРЕ	Милушинац, Маршала Тита бр. 8	Милушинац	Маршала Тита бр. 8	43.670053	22.010721	objekat
Сокобања	19	ОСНОВНА ШКОЛА "Митрополит Михаило" издвојено одељење у Дугом Пољу	Дуго Поље, Спасовданска бб	Дуго Поље	Спасовданска бб	43.628034	21.954956	ulica
Сокобања	20	ДОМ КУЛТУРЕ	Николинац, Јасенска бр. 6	Николинац	Јасенска бр. 6	43.679762	21.922346	objekat
Сокобања	21	МЕСНА ЗАЈЕДНИЦА	Шарбановац, ЈНА бр. 30	Шарбановац	ЈНА бр. 30	43.705650	21.882109	objekat
Сокобања	22	ОСНОВНА ШКОЛА "Митрополит Михаило" издвојено одељење у Мужинцу	Мужинац, Ртањска бр. 3	Мужинац	Ртањска бр. 3	43.710382	21.850492	objekat
Сокобања	23	ОСНОВНА ШКОЛА "Митрополит Михаило" издвојено одељење у Трговишту	Трговиште, 9. Септембар бр. 6А	Трговиште	9. Септембар бр. 6А	43.686632	21.832862	objekat
Сокобања	24	ДОМ КУЛТУРЕ	Бели Поток, Бели Поток бр. 9	Бели Поток	Бели Поток бр. 9	43.670793	21.848019	objekat
Сокобања	25	ЗГРАДА СТАРЕ ШКОЛА-ВЛАШКА МАЛА	Врмџа, Адама Радосављевића бб	Врмџа	Адама Радосављевића бб	43.729045	21.800856	ulica
Сокобања	26	МЕСНА ЗАЈЕДНИЦА	Врмџа, Николе Цакића бр. 38	Врмџа	Николе Цакића бр. 38	43.715371	21.822457	objekat
Сокобања	27	ОСНОВНА ШКОЛА "Митрополит Михаило" издвојено одељење у Жучковцу	Жучковац, 22. Децембар бр. 6	Жучковац	22. Децембар бр. 6	43.685947	21.800119	objekat
Сокобања	28	ДОМ КУЛТУРЕ	Врбовац, Маршала Тита бр. 47	Врбовац	Маршала Тита бр. 47	43.684540	21.750417	objekat
Сокобања	29	ОСНОВНА ШКОЛА "Митрополит Михаило" издвојено одељење у Трубаревцу	Трубаревац, Пантелејска бб	Трубаревац	Пантелејска бб	43.665623	21.763334	ulica
Сокобања	30	ОСНОВНА ШКОЛА "Митрополит Михаило" издвојено одељење у Поружници	Поружница, Маршала Тита бр. 7	Поружница	Маршала Тита бр. 7	43.639259	21.797238	objekat
Сокобања	31	ОСНОВНА ШКОЛА "Митрополит Михаило" издвојено одељење у Рујевици	Рујевица, Живановић Вукашина бб	Рујевица	Живановић Вукашина бб	43.703335	21.756529	ulica
Сокобања	32	МЕСНА КАНЦЕЛАРИЈА	Ресник, Маршала Тита бр. 74	Ресник	Маршала Тита бр. 74	43.637061	21.817462	objekat
Сомбор	1	ОШ "НИКОЛА ВУКИЧЕВИЋ" - УЧИОНИЦА БРОЈ 7	Сомбор, Вељка Петровића бр. 4	Сомбор	Вељка Петровића бр. 4	45.773768	19.115821	objekat
Сомбор	2	МЗ "ЦРВЕНКА" - ВЕЛИКА САЛА	Сомбор, Коњовићева бр. 1	Сомбор	Коњовићева бр. 1	45.776006	19.116398	objekat
Сомбор	3	ДОМ "МИЛЧИЋ"	Сомбор, Милчић бб	Сомбор	Милчић бб	45.834629	19.175669	naselje
Сомбор	4	МЗ "ЦРВЕНКА" - ВЕЛИКА САЛА	Сомбор, Коњовићева бр. 1	Сомбор	Коњовићева бр. 1	45.776006	19.116398	objekat
Сомбор	5	МЗ В "ЦРВЕНКА" - МАЛА САЛА	Сомбор, Коњовићева бр. 1	Сомбор	Коњовићева бр. 1	45.776006	19.116398	objekat
Сомбор	6	"ЧЕТИРИ БРАТА 025" (ЕКОНОМИЈА)	Сомбор, Обзир-Павловић 2	Сомбор	Обзир-Павловић 2	45.803436	19.124353	objekat
Сомбор	7	ШОСО "ВУК КАРАЏИЋ" ТРПЕЗАРИЈА	Сомбор, Радоја Домановића бр. 98	Сомбор	Радоја Домановића бр. 98	45.788095	19.107348	objekat
Сомбор	8	ШОСО "ВУК КАРАЏИЋ"	Сомбор, Радоја Домановића бр. 98	Сомбор	Радоја Домановића бр. 98	45.788095	19.107348	objekat
Сомбор	9	Дом	Сомбор, Билић бб	Сомбор	Билић бб	45.743980	18.981651	objekat
Сомбор	10	ОСНОВНА ШКОЛА У РАНЧЕВУ	Сомбор, Ранчево бб	Сомбор	Ранчево бб	45.877418	19.116850	naselje
Сомбор	11	ЗГРАДА ЖЕЛЕЗНИЧКЕ СТАНИЦЕ	Сомбор, Железничка бб	Сомбор	Железничка бб	45.901762	19.068886	ulica
Сомбор	12	СШ "СВЕТИ САВА" - БИВША ЗГРАДА РАДНИЧКОГ УНИВЕРЗИТЕТА	Сомбор, Подгоричка бр. 7	Сомбор	Подгоричка бр. 7	45.768521	19.120912	objekat
Сомбор	13	ЗГРАДА ОСНОВНОГ ОБРАЗОВАЊА ГРАДИНА	Сомбор, Градина б.б.	Сомбор	Градина б.б.	45.754150	19.179636	naselje
Сомбор	14	КАФАНА "СТОПЕР 025 СОМБОР"	Сомбор, Филипа Кљајића бр. 49	Сомбор	Филипа Кљајића бр. 49	45.766999	19.132726	objekat
Сомбор	15	ДОМ МЗ "МЛАКЕ" - МАЛА САЛА	Сомбор, Београдска бр. 31	Сомбор	Београдска бр. 31	45.772483	19.123594	objekat
Сомбор	16	ДОМ "ЛЕНИЈА"	Сомбор, Ленија бб	Сомбор	Ленија бб	45.771712	19.179683	ulica
Сомбор	17	ДОМ МЗ "МЛАКЕ" - ВЕЛИКА САЛА - ДЕСНО	Сомбор, Београдска бр. 31	Сомбор	Београдска бр. 31	45.772483	19.123594	objekat
Сомбор	18	МЗ "СЕЛЕНЧА" - ВЕЛИКА САЛА	Сомбор, Сонћански пут бр. 24	Сомбор	Сонћански пут бр. 24	45.765717	19.114420	objekat
Сомбор	19	МЗ "СЕЛЕНЧА" - МАЛА САЛА	Сомбор, Сонћански пут бр. 24	Сомбор	Сонћански пут бр. 24	45.765717	19.114420	objekat
Сомбор	20	ОСНОВНА ШКОЛА У ЖАРКОВЦУ	Сомбор - Жарковац, Партизанска 6А	Сомбор - Жарковац	Партизанска 6А			nije_nadjeno
Сомбор	21	ОСНОВНА ШКОЛА У ЛУГОВУ	Сомбор, Лугово бб	Сомбор	Лугово бб	45.714028	19.160718	ulica
Сомбор	22	дом	Сомбор, Чичови бб	Сомбор	Чичови бб	45.743980	18.981651	objekat
Сомбор	23	ОШ "ДОСИТЕЈ ОБРАДОВИЋ" - УЧИОНИЦА БРОЈ 3 ЦЕНТАР ЗДРАВКА	Сомбор, Славише Вајнера Чиче 2	Сомбор	Славише Вајнера Чиче 2	45.759551	19.114697	objekat
Сомбор	24	ДЕЧИЈИ ВРТИЋ "ВЕРА ГУЦУЊА" - ОБЈЕКАТ ЂУРЂЕВАК	Сомбор, Стапарски пут Ц-11	Сомбор	Стапарски пут Ц-11	45.769254	19.117706	ulica
Сомбор	25	ДЕЧИЈИ ВРТИЋ "ВЕРА ГУЦУЊА" - ОБЈЕКАТ БУБАМАРА	Сомбор, Спортска бб	Сомбор	Спортска бб	45.763966	19.116892	ulica
Сомбор	26	ОШ "ДОСИТЕЈ ОБРАДОВИЋ" - УЧИОНИЦА БРОЈ 1	Сомбор, Славише Вајнера Чиче 2	Сомбор	Славише Вајнера Чиче 2	45.759551	19.114697	objekat
Сомбор	27	ОШ "ДОСИТЕЈ ОБРАДОВИЋ" - УЧИОНИЦА БРОЈ 2	Сомбор, Славише Вајнера Чиче 2	Сомбор	Славише Вајнера Чиче 2	45.759551	19.114697	objekat
Сомбор	28	МЗ "СТАРА СЕЛЕНЧА"	Сомбор, Далматинска бр. 10	Сомбор	Далматинска бр. 10	45.763096	19.105761	objekat
Сомбор	29	ГРАДСКО КУПАЛИШТЕ „ШТРАНД“	Сомбор, Штрандова бр. 5	Сомбор	Штрандова бр. 5	45.754551	19.089592	objekat
Сомбор	30	ОШ ДОМ	Сомбор, Јована Поповића бр. 46Б	Сомбор	Јована Поповића бр. 46Б	45.760014	19.106907	objekat
Сомбор	31	БИВША ПРОДАВНИЦА „ПЕР СУ“	Сомбор, Јована Поповића бр. 46Б	Сомбор	Јована Поповића бр. 46Б	45.760014	19.106907	objekat
Сомбор	32	ОШ "БРАТСТВО-ЈЕДИНСТВО" - БУКОВАЦ	Сомбор, Буковац бб	Сомбор	Буковац бб	45.728437	19.096960	ulica
Сомбор	33	БИВША ПРОДАВНИЦА „ПЕР СУ“	Сомбор, Јована Поповића бр. 46Б	Сомбор	Јована Поповића бр. 46Б	45.760014	19.106907	objekat
Сомбор	34	ПОЉОПРИВРЕДНО-ПРЕХРАМБЕНА ШКОЛА	Сомбор, Хаџића Светића бр. 18	Сомбор	Хаџића Светића бр. 18	45.785058	19.103279	objekat
Сомбор	35	ДОМ КУЛТУРЕ У САЛАШИМА НЕНАДИЋ	Сомбор, Ненадић бб	Сомбор	Ненадић бб	45.822252	19.093920	naselje
Сомбор	36	КУЛТУРНИ ЦЕНТАР "ЛАЗА КОСТИЋ" МАЛА САЛА	Сомбор, Венац војводе Радомира Путника бр. 2	Сомбор	Венац војводе Радомира Путника бр. 2	45.773012	19.109671	objekat
Сомбор	37	КУЛТУРНИ ЦЕНТАР У САЛАШИМА КОЗАРА	Сомбор, Козара бб	Сомбор	Козара бб	45.839663	18.977059	ulica
Сомбор	38	МЗ "ГОРЊА ВАРОШ" (ПРОСТОРИЈЕ ЏУДО КЛУБА «БАЧКА» И БОКСЕРСКОГ КЛУБА)	Сомбор, XII војвођанске ударне бригаде бр. 57	Сомбор	XII војвођанске ударне бригаде бр. 57	45.772740	19.114704	naselje
Сомбор	39	СРЕДЊА ЕКОНОМСКА ШКОЛА	Сомбор, Апатински пут бр. 90	Сомбор	Апатински пут бр. 90	45.763331	19.101938	objekat
Сомбор	40	ПУ "ВЕРА ГУЦУЊА" (ЛОГОР)	Сомбор, Јанка Веселиновића бр. 2	Сомбор	Јанка Веселиновића бр. 2	45.776287	19.100452	objekat
Сомбор	41	ЈКП "ЧИСТОЋА" - БИВША СИНАГОГА	Сомбор, Раде Дракулића бр. 12	Сомбор	Раде Дракулића бр. 12	45.771031	19.108889	ulica
Сомбор	42	ОШ "ИВО ЛОЛА РИБАР" - хол	Сомбор, Моношторска бр. 4	Сомбор	Моношторска бр. 4	45.776218	19.105830	objekat
Сомбор	43	ДЕЧИЈА УСТАНОВА "ВЕРА ГУЦУЊА" (КОД ВЕЛИКОГ КАТОЛИЧКОГ ГРОБЉА)	Сомбор, Георги Димитрова бб	Сомбор	Георги Димитрова бб	45.770703	19.103055	ulica
Сомбор	44	ДЕЧИЈА УСТАНОВА „ВЕРА ГУЦУЊА“	Сомбор, Шикарски пут бр. 34	Сомбор	Шикарски пут бр. 34	45.778662	19.081977	ulica
Сомбор	45	ОШ "ИВО ЛОЛА РИБАР" - САЛА ТРПЕЗАРИЈЕ	Сомбор, Моношторска бр. 4	Сомбор	Моношторска бр. 4	45.776218	19.105830	objekat
Сомбор	46	МЗ "АЛЕКСА ШАНТИЋ"	Алекса Шантић, Солунских добровољаца бр. 29	Алекса Шантић	Солунских добровољаца бр. 29	45.929538	19.331211	objekat
Сомбор	47	БИВША ЗГРАДА ВРТИЋА	Алекса Шантић, Школска бр. 4	Алекса Шантић	Школска бр. 4	45.924163	19.332071	objekat
Сомбор	48	МК "БАЧКИ БРЕГ" - МАЛА САЛА	Бачки Брег, Југословенска бр. 20	Бачки Брег	Југословенска бр. 20	45.919633	18.924011	objekat
Сомбор	49	ВЕЛИКА ШКОЛА УЧИОНИЦА 1	Бачки Моноштор, Ивана Горана Ковачића бр. 27	Бачки Моноштор	Ивана Горана Ковачића бр. 27	45.792813	18.933852	objekat
Сомбор	50	ВЕЛИКА ШКОЛА УЧИОНИЦА 2	Бачки Моноштор, Ивана Горана Ковачића бр. 27	Бачки Моноштор	Ивана Горана Ковачића бр. 27	45.792813	18.933852	objekat
Сомбор	51	ВЕЛИКА ШКОЛА УЧИОНИЦА 5	Бачки Моноштор, Ивана Горана Ковачића бр. 27	Бачки Моноштор	Ивана Горана Ковачића бр. 27	45.792813	18.933852	objekat
Сомбор	52	МЗ "БЕЗДАН"	Бездан, Жртава фашизма бр. 3	Бездан	Жртава фашизма бр. 3	45.855064	18.921098	objekat
Сомбор	53	ОШ „БРАТСТВО-ЈЕДИНСТВО" - ХОЛ	Бездан, Жртава фашизма бр. 25	Бездан	Жртава фашизма бр. 25	45.852387	18.924223	objekat
Сомбор	54	ОШ „БРАТСТВО ЈЕДИНСТВО" - УЧИОНИЦА ЗА 1 РАЗРЕД	Бездан, Жртава фашизма бр. 25	Бездан	Жртава фашизма бр. 25	45.852387	18.924223	objekat
Сомбор	55	ЗГРАДА ДВД	Бездан, Родина бр. 19	Бездан	Родина бр. 19	45.853857	18.928856	objekat
Сомбор	56	ДОМ ОМЛАДИНЕ	Растина, Солунских бораца бр. 4	Растина	Солунских бораца бр. 4	45.957925	19.034925	ulica
Сомбор	57	ДОМ КУЛТУРЕ	Гаково, Краља Петра I бр. 58	Гаково	Краља Петра I бр. 58	45.901137	19.061198	objekat
Сомбор	58	МЗ "ДОРОСЛОВО"	Дорослово, Николе Тесле бр. 61	Дорослово	Николе Тесле бр. 61	45.607158	19.184282	objekat
Сомбор	59	ЗГРАДА УДРУЖЕЊА БОРАЦА	Кљајићево, ЈНА бр. 43	Кљајићево	ЈНА бр. 43	45.768148	19.275111	objekat
Сомбор	60	ОШ "НИКОЛА ТЕСЛА"- УЧИОНИЦА ЗА 1 РАЗРЕД	Кљајићево, Иве Лоле Рибара бр. 51	Кљајићево	Иве Лоле Рибара бр. 51	45.769093	19.278359	objekat
Сомбор	61	ДОМ КУЛТУРЕ УЛАЗ ИЗ УЛИЦЕ КРАЉА ПЕТРА I	Кљајићево, Моше Пијаде бр. 45	Кљајићево	Моше Пијаде бр. 45	45.770971	19.279359	objekat
Сомбор	62	ДОМ КУЛТУРЕ	Кљајићево, Моше Пијаде бр. 45	Кљајићево	Моше Пијаде бр. 45	45.770971	19.279359	objekat
Сомбор	63	ДОМ КУЛТУРЕ - МАЛА САЛА	Колут, Трг бораца бб	Колут	Трг бораца бб	45.891805	18.925030	ulica
Сомбор	64	ДОМ КУЛТУРЕ ШАХ САЛА	Риђица, Светог Саве бр. 52	Риђица	Светог Саве бр. 52	45.991738	19.106003	objekat
Сомбор	65	ДОМ КУЛТУРЕ – ЛАЗАРЕВ КОНАК	Риђица, Светог Саве бр. 52	Риђица	Светог Саве бр. 52	45.991738	19.106003	objekat
Сомбор	66	МЗ "СВЕТОЗАР МИЛЕТИЋ"	Светозар Милетић, Доситеја Обрадовића бр. 3	Светозар Милетић	Доситеја Обрадовића бр. 3	45.851802	19.204339	objekat
Сомбор	67	ОШ "БРАТСТВО ЈЕДИНСТВО" - УЧИОНИЦА ЗА 1 РАЗРЕД	Светозар Милетић, Трг слободе бр. 1	Светозар Милетић	Трг слободе бр. 1	45.852820	19.202778	objekat
Сомбор	68	ДОМ КУЛТУРЕ	Станишић, Ослобођења бр. 92	Станишић	Ослобођења бр. 92	45.938278	19.163583	objekat
Сомбор	69	ЗГРАДА МКУД "АДИ ЕНДРЕ"	Станишић, Далматинска бр. 114	Станишић	Далматинска бр. 114	45.937315	19.162324	objekat
Сомбор	70	ОШ "ИВАН ГОРАН КОВАЧИЋ" УЧИОНИЦА У ПРИЗЕМЉУ	Станишић, Његошева бр. 12	Станишић	Његошева бр. 12	45.938759	19.169184	objekat
Сомбор	71	ОШ "БРАНКО РАДИЧЕВИЋ" УЛАЗ ИЗ УЛИЦЕ КАРАЂОРЂЕВ ПЛАЦ - ЛЕВО	Стапар, Вука Караџића бр. 20	Стапар	Вука Караџића бр. 20	45.663461	19.199934	objekat
Сомбор	72	ОШ "БРАНКО РАДИЧЕВИЋ" - УЛАЗ ЛЕВО	Стапар, Вука Караџића бр. 20	Стапар	Вука Караџића бр. 20	45.663461	19.199934	objekat
Сомбор	73	МЗ „ТЕЛЕЧКА“	Телечка, Трг ослобођења бр. 1	Телечка	Трг ослобођења бр. 1	45.795696	19.380394	objekat
Сомбор	74	МЗ "ЧОНОПЉА"	Чонопља, Николе Тесле бр. 21	Чонопља	Николе Тесле бр. 21	45.811768	19.248789	objekat
Сомбор	75	ДОМ КУЛТУРЕ	Чонопља, Николе Тесле бр. 19	Чонопља	Николе Тесле бр. 19	45.812213	19.248768	objekat
Сомбор	76	ОШ "МИРОСЛАВ АНТИЋ" - Хол	Чонопља, Николе Тесле бр. 34	Чонопља	Николе Тесле бр. 34	45.805273	19.249719	ulica
Сопот	1	МЕСНА ЗАЈЕДНИЦА	Бабе, Селимира Пешића бр. 4	Бабе	Селимира Пешића бр. 4			nije_nadjeno
Сопот	2	МЕСНА ЗАЈЕДНИЦА	Дрлупа, Седмог јула бр. 48	Дрлупа	Седмог јула бр. 48			nije_nadjeno
Сопот	3	МЕСНА ЗАЈЕДНИЦА	Дучина, Љубомира Живановића-Брке бр. 1	Дучина	Љубомира Живановића-Брке бр. 1			nije_nadjeno
Сопот	4	МЕСНА ЗАЈЕДНИЦА	Ђуринци, Карађорђева бр. 123	Ђуринци	Карађорђева бр. 123			nije_nadjeno
Сопот	5	ОСНОВНА ШКОЛА	Ђуринци, Карађорђева бр. 148	Ђуринци	Карађорђева бр. 148			nije_nadjeno
Сопот	6	МЕСНА ЗАЈЕДНИЦА	Губеревац, Космајска бр. 15	Губеревац	Космајска бр. 15			nije_nadjeno
Сопот	7	ОСНОВНА ШКОЛА	Мала Иванча, Братства и јединства бр. 8	Мала Иванча	Братства и јединства бр. 8			nije_nadjeno
Сопот	8	ОСНОВНА ШКОЛА	Мала Иванча, Трг братства и јединства бр. 8	Мала Иванча	Трг братства и јединства бр. 8			nije_nadjeno
Сопот	9	ОСНОВНА ШКОЛА	Мала Иванча, Трг братства и јединства бр. 8	Мала Иванча	Трг братства и јединства бр. 8			nije_nadjeno
Сопот	10	ОСНОВНА ШКОЛА	Мали Пожаревац, Срећка Јовановића бр. 7	Мали Пожаревац	Срећка Јовановића бр. 7			nije_nadjeno
Сопот	11	ОСНОВНА ШКОЛА	Мали Пожаревац, Срећка Јовановића бр. 7	Мали Пожаревац	Срећка Јовановића бр. 7			nije_nadjeno
Сопот	12	МЕСНА ЗАЈЕДНИЦА	Неменикуће, Космајског одреда бр. 1	Неменикуће	Космајског одреда бр. 1			nije_nadjeno
Сопот	13	ОСНОВНА ШКОЛА	Неменикуће, Космајска бр. 58	Неменикуће	Космајска бр. 58			nije_nadjeno
Сопот	14	ОСНОВНА ШКОЛА	Неменикуће, Партизански пут бр. 263	Неменикуће	Партизански пут бр. 263			nije_nadjeno
Сопот	15	МЕСНА ЗАЈЕДНИЦА	Парцани, Трг народних хероја бр. 2	Парцани	Трг народних хероја бр. 2			nije_nadjeno
Сопот	16	МЕСНА ЗАЈЕДНИЦА	Поповић, Милорада Марковића-Миће бр. 92	Поповић	Милорада Марковића-Миће бр. 92			nije_nadjeno
Сопот	17	ОСНОВНА ШКОЛА	Поповић, Ђачка бр. 1	Поповић	Ђачка бр. 1			nije_nadjeno
Сопот	18	ОСНОВНА ШКОЛА	Раља, Бате Мирковића бр. 23	Раља	Бате Мирковића бр. 23			nije_nadjeno
Сопот	19	ОСНОВНА ШКОЛА	Раља, Бате Мирковић бр. 23	Раља	Бате Мирковић бр. 23			nije_nadjeno
Сопот	20	ОСНОВНА ШКОЛА	Раља, Бате Мирковића бр. 23	Раља	Бате Мирковића бр. 23			nije_nadjeno
Сопот	21	ОСНОВНА ШКОЛА	Раља, Бате Мирковић бр. 23	Раља	Бате Мирковић бр. 23			nije_nadjeno
Сопот	22	ОСНОВНА ШКОЛА	Рогача, Космајска бр. 153	Рогача	Космајска бр. 153			nije_nadjeno
Сопот	23	ОСНОВНА ШКОЛА	Рогача, Космајска бр. 153	Рогача	Космајска бр. 153			nije_nadjeno
Сопот	24	МЕСНА ЗАЈЕДНИЦА	Сибница, Чеде Павловића бр. 8	Сибница	Чеде Павловића бр. 8			nije_nadjeno
Сопот	25	МЕСНА ЗАЈЕДНИЦА	Слатина, Карађорђева бр. 1	Слатина	Карађорђева бр. 1			nije_nadjeno
Сопот	26	СКУПШТИНА ОПШТИНЕ	Сопот, Космајски трг бр. 5	Сопот	Космајски трг бр. 5	43.229843	22.565343	naselje
Сопот	27	СКУПШТИНА ОПШТИНЕ	Сопот, Космајски трг бр. 5	Сопот	Космајски трг бр. 5	43.229843	22.565343	naselje
Сопот	28	СКУПШТИНА ОПШТИНЕ	Сопот, Космајски трг бр. 5	Сопот	Космајски трг бр. 5	43.229843	22.565343	naselje
Сопот	29	ОСНОВНА ШКОЛА	Сопот, Кнеза Милоша бр. 12	Сопот	Кнеза Милоша бр. 12	43.229843	22.565343	naselje
Сопот	30	ОСНОВНА ШКОЛА	Сопот, Кнеза Милоша бр. 12	Сопот	Кнеза Милоша бр. 12	43.229843	22.565343	naselje
Сопот	31	ОСНОВНА ШКОЛА	Сопот, Кнеза Милоша бр. 12	Сопот	Кнеза Милоша бр. 12	43.229843	22.565343	naselje
Сопот	32	ОСНОВНА ШКОЛА	Сопот, Кнеза Милоша бр. 12	Сопот	Кнеза Милоша бр. 12	43.229843	22.565343	naselje
Сопот	33	ОСНОВНА ШКОЛА	Сопот, Кнеза Милоша бр. 12	Сопот	Кнеза Милоша бр. 12	43.229843	22.565343	naselje
Србобран	1	УГОСТИТЕЉСКИ ОБЈЕКАТ	Србобран, Новосадска бр. 5	Србобран	Новосадска бр. 5	45.538867	19.790767	objekat
Србобран	2	ВРТИЋ "ЧУПЕРАК" "ВАШАРИШТЕ"	Србобран, Ратарска бб	Србобран	Ратарска бб	45.540061	19.778412	ulica
Србобран	3	ДОМ ЗДРАВЉА	Србобран, Јована Поповића бр. 25	Србобран	Јована Поповића бр. 25	45.548710	19.785005	objekat
Србобран	4	ОШ "ВУК КАРАЏИЋ"	Србобран, Хајдук Вељка бб	Србобран	Хајдук Вељка бб	45.542485	19.788396	objekat
Србобран	5	ВРТИЋ "СНЕЖАНА"	Србобран, Јована Поповића бр. 9	Србобран	Јована Поповића бр. 9	45.546392	19.786199	objekat
Србобран	6	БИВША ПРОДАВНИЦА „УНА“	Србобран, Његошева бр. 66	Србобран	Његошева бр. 66	45.552088	19.791992	ulica
Србобран	7	"ПЛАВИ КРУГ"	Србобран, Соње Маринковић бр. 18А	Србобран	Соње Маринковић бр. 18А	45.548209	19.794565	objekat
Србобран	8	ВРТИЋ "БАМБИ" - "ПЕШТИЦА"	Србобран, Лазе Костића бр. 26	Србобран	Лазе Костића бр. 26	45.550698	19.793163	objekat
Србобран	9	ЛОКАЛ "ТАМБУРАШЕВ"	Србобран, Хајдук Вељка бр. 85	Србобран	Хајдук Вељка бр. 85	45.546108	19.780048	objekat
Србобран	10	ЛОКАЛ "ТАМБУРАШЕВ"	Србобран, Хајдук Вељка бр. 85	Србобран	Хајдук Вељка бр. 85	45.546108	19.780048	objekat
Србобран	11	"КАЋ" ВРТИЋ "ПАЛЧИЋ"	Србобран, Николе Тесле бр. 38	Србобран	Николе Тесле бр. 38	45.549605	19.773981	objekat
Србобран	12	"КАЋ" ВРТИЋ "ПАЛЧИЋ"	Србобран, Николе Тесле бр. 38	Србобран	Николе Тесле бр. 38	45.549605	19.773981	objekat
Србобран	13	ВРТИЋ "ПЧЕЛИЦА" - "ТУК"	Србобран, Милоша Обилића бр. 70	Србобран	Милоша Обилића бр. 70	45.547026	19.799931	objekat
Србобран	14	ВРТИЋ "ПЧЕЛИЦА" - "ТУК"	Србобран, Обилића бр. 70	Србобран	Обилића бр. 70	45.547026	19.799931	objekat
Србобран	15	ОШ "ЈОВАН ЈОВАНОВИЋ ЗМАЈ"	Србобран, Дожа Ђерђа бр. 1	Србобран	Дожа Ђерђа бр. 1	45.549641	19.796549	objekat
Србобран	16	ВРТИЋ "БАРБИ" - "ТУК"	Србобран, Скопљанска бр. 11	Србобран	Скопљанска бр. 11	45.548095	19.807242	objekat
Србобран	17	ВРТИЋ "БАРБИ" "ТУК"	Србобран, Скопљанска бр. 11	Србобран	Скопљанска бр. 11	45.548095	19.807242	objekat
Србобран	18	БИВША ИГРАОНИЦА "РЕД ДРАГОН"	Србобран, Пере Сегединца бр. 9	Србобран	Пере Сегединца бр. 9	45.556531	19.801834	objekat
Србобран	19	ПОШТА "БЕГЛУК"	Србобран, 19. октобра бр. 68А	Србобран	19. октобра бр. 68А	45.555858	19.803909	objekat
Србобран	20	ВРТИЋ "ЦРВЕНКАПА" - "БЕГЛУК"	Србобран, 19. октобра бр. 68	Србобран	19. октобра бр. 68	45.555705	19.803919	objekat
Србобран	21	ВРТИЋ "ЦРВЕНКАПА" - "БЕГЛУК"	Србобран, 19. октобра бр. 68	Србобран	19. октобра бр. 68	45.555705	19.803919	objekat
Србобран	22	ЛОВАЧКИ КЛУБ	Турија, Светог Саве бр. 30	Турија	Светог Саве бр. 30	45.539174	19.857353	objekat
Србобран	23	ОШ "ПЕТАР ДРАПШИН"	Турија, Доситеја Обрадовића бр. 2	Турија	Доситеја Обрадовића бр. 2	45.538220	19.856304	objekat
Србобран	24	МЕСНА ЗАЈЕДНИЦА "ТУРИЈА"	Турија, Светог Саве бр. 30	Турија	Светог Саве бр. 30	45.539174	19.857353	objekat
Србобран	25	ВРТИЋ "ПЕПЕЉУГА" - "ТУРИЈА"	Турија, Вука Караџића бр. 8	Турија	Вука Караџића бр. 8	45.537228	19.857382	objekat
Србобран	26	МЕСНА ЗАЈЕДНИЦА НАДАЉ	Надаљ, Др Лазара Ракића бр. 33	Надаљ	Др Лазара Ракића бр. 33	45.507629	19.923752	naselje
Србобран	27	ОШ "МОМЧИЛО ТАПАВИЦА"	Надаљ, Светог Саве бр. 31	Надаљ	Светог Саве бр. 31	45.507878	19.922133	objekat
Србобран	28	ОШ "МОМЧИЛО ТАПАВИЦА"	Надаљ, Светог Саве бр. 31	Надаљ	Светог Саве бр. 31	45.507878	19.922133	objekat
Сремска Митровица	1	МЗ "БЕШЕНОВО"	Бешеново, Драгиње Никшић бр. 10	Бешеново	Драгиње Никшић бр. 10	45.082294	19.703736	objekat
Сремска Митровица	2	ДОМ КУЛТУРЕ	Босут, 10. марта бр. 75	Босут	10. марта бр. 75	44.924879	19.354263	ulica
Сремска Митровица	3	ОШ "ЈОВАН ПОПОВИЋ"	Велики Радинци, Румска бр. 6	Велики Радинци	Румска бр. 6	45.045291	19.677900	objekat
Сремска Митровица	4	ОШ "БОШКО ПАЛКОВЉЕВИЋ ПИНКИ"	Гргуревци, Маршала Тита бр. 58	Гргуревци	Маршала Тита бр. 58	45.103836	19.646021	objekat
Сремска Митровица	5	ОШ "СВЕТИ САВА"	Дивош, Пинкијева бр. 72	Дивош	Пинкијева бр. 72	45.109480	19.509851	objekat
Сремска Митровица	6	ОШ "ДОБРОСАВ РАДОСАВЉЕВИЋ - НАРОД"	Засавица I, Пеке Дапчевића бр. 95	Засавица I	Пеке Дапчевића бр. 95	44.951957	19.501810	objekat
Сремска Митровица	7	ОШ "ДОБРОСАВ РАДОСАВЉЕВИЋ - НАРОД"	Засавица II, Александра Марковића бр. 133	Засавица II	Александра Марковића бр. 133	44.972344	19.534437	objekat
Сремска Митровица	8	ОШ "ЈОВАН ЈОВАНОВИЋ ЗМАЈ"	Јарак, Школска бр. 13	Јарак	Школска бр. 13	44.917914	19.755498	objekat
Сремска Митровица	9	ОШ "БРАНКО РАДИЧЕВИЋ"	Кузмин, Николе Радојчића бр. 15	Кузмин	Николе Радојчића бр. 15	45.021456	19.410435	objekat
Сремска Митровица	10	ОШ "БРАНКО РАДИЧЕВИЋ"	Кузмин, Николе Радојчића бр. 15	Кузмин	Николе Радојчића бр. 15	45.021456	19.410435	objekat
Сремска Митровица	11	ОШ "ТРИВЕ ВИТАСОВИЋ - ЛЕБАРНИК"	Лаћарак, 1. новембра бр. 221	Лаћарак	1. новембра бр. 221	44.996140	19.564793	objekat
Сремска Митровица	12	ОШ "ТРИВЕ ВИТАСОВИЋ - ЛЕБАРНИК"	Лаћарак, 1. новембра бр. 221	Лаћарак	1. новембра бр. 221	44.996140	19.564793	objekat
Сремска Митровица	13	ОШ "ТРИВЕ ВИТАСОВИЋ - ЛЕБАРНИК"	Лаћарак, 1. новембра бр. 221	Лаћарак	1. новембра бр. 221	44.996140	19.564793	objekat
Сремска Митровица	14	ОШ "ТРИВЕ ВИТАСОВИЋ - ЛЕБАРНИК"	Лаћарак, 1. новембра бр. 221	Лаћарак	1. новембра бр. 221	44.996140	19.564793	objekat
Сремска Митровица	15	ОШ "ТРИВЕ ВИТАСОВИЋ - ЛЕБАРНИК"	Лаћарак, 1. новембра бр. 221	Лаћарак	1. новембра бр. 221	44.996140	19.564793	objekat
Сремска Митровица	16	ОШ "ТРИВЕ ВИТАСОВИЋ - ЛЕБАРНИК"	Лаћарак, 1. новембра бр. 221	Лаћарак	1. новембра бр. 221	44.996140	19.564793	objekat
Сремска Митровица	17	ОШ "ТРИВЕ ВИТАСОВИЋ - ЛЕБАРНИК"	Лаћарак, 1. новембра бр. 221	Лаћарак	1. новембра бр. 221	44.996140	19.564793	objekat
Сремска Митровица	18	ОШ "СЛОБОДАН БАЈИЋ - ПАЈА"	Лежимир, Маршала Тита бр. 35	Лежимир	Маршала Тита бр. 35	45.123931	19.570860	objekat
Сремска Митровица	19	ОШ "СЛОБОДАН БАЈИЋ - ПАЈА"	Манђелос, Пинкијева бр. 40	Манђелос	Пинкијева бр. 40	45.084242	19.594914	objekat
Сремска Митровица	20	ОШ "ЈОВАН ЈОВАНОВИЋ ЗМАЈ"	Мартинци, Железничка бр. 2	Мартинци	Железничка бр. 2	45.010959	19.463638	objekat
Сремска Митровица	21	ОШ "ЈОВАН ЈОВАНОВИЋ ЗМАЈ"	Мартинци, Железничка бр. 2	Мартинци	Железничка бр. 2	45.010959	19.463638	objekat
Сремска Митровица	22	ОШ "ДОБРОСАВ РАДОСАВЉЕВИЋ - НАРОД"	Ноћај, Стојана Пандуровића бр. 1	Ноћај	Стојана Пандуровића бр. 1	44.928254	19.557031	naselje
Сремска Митровица	23	МЗ "РАВЊЕ"	Равње, Краља Петра I бр. 1	Равње	Краља Петра I бр. 1	44.943543	19.432990	objekat
Сремска Митровица	24	МЗ "РАДЕНКОВИЋ"	Раденковић, Борачка бр. 83	Раденковић	Борачка бр. 83	44.921272	19.496449	objekat
Сремска Митровица	25	ОШ "ДОБРОСАВ РАДОСАВЉЕВИЋ - НАРОД"	Салаш Ноћајски, Стојана Чупића бр. 108	Салаш Ноћајски	Стојана Чупића бр. 108	44.949046	19.590487	objekat
Сремска Митровица	26	ОШ "БРАНКО РАДИЧЕВИЋ"	Сремска Рача, Трг 10. марта бр. 3	Сремска Рача	Трг 10. марта бр. 3	44.919491	19.286191	objekat
Сремска Митровица	27	ОШ "СВЕТИ САВА"	Стара Бингула, Школска бр. 10А	Стара Бингула	Школска бр. 10А	45.140981	19.482632	objekat
Сремска Митровица	28	ОШ "ЈОВАН ЈОВАНОВИЋ ЗМАЈ"	Шашинци, Змај Јовина бр. 3	Шашинци	Змај Јовина бр. 3	44.969049	19.743297	objekat
Сремска Митровица	29	ОШ "СЛОБОДАН БАЈИЋ - ПАЈА"	Шишатовац, Школска бр. 29	Шишатовац	Школска бр. 29	45.123176	19.551333	objekat
Сремска Митровица	30	ОШ "БОШКО ПАЛКОВЉЕВИЋ - ПИНКИ"	Шуљам, Школска бр. 1	Шуљам	Школска бр. 1	45.088925	19.671133	objekat
Сремска Митровица	31	ОШ "СВЕТИ САВА"	Чалма, Победа бр. 5	Чалма	Победа бр. 5	45.079350	19.507075	objekat
Сремска Митровица	32	ОШ "ДОБРОСАВ РАДОСАВЉЕВИЋ - НАРОД"	Мачванска Митровица, Мачвански кеј бр. 29	Мачванска Митровица	Мачвански кеј бр. 29	44.962789	19.600531	objekat
Сремска Митровица	33	ОШ "ДОБРОСАВ РАДОСАВЉЕВИЋ - НАРОД"	Мачванска Митровица, Мачвански кеј бр. 29	Мачванска Митровица	Мачвански кеј бр. 29	44.962789	19.600531	objekat
Сремска Митровица	34	ОШ "ДОБРОСАВ РАДОСАВЉЕВИЋ - НАРОД"	Мачванска Митровица, Мачвански кеј бр. 29	Мачванска Митровица	Мачвански кеј бр. 29	44.962789	19.600531	objekat
Сремска Митровица	35	МЗ "29. НОВЕМБАР"	Сремска Митровица, Ђуре Даничића бр. 2	Сремска Митровица	Ђуре Даничића бр. 2	44.979140	19.588591	objekat
Сремска Митровица	36	СШ "9. МАЈ"	Сремска Митровица, Ђуре Даничића бр. 2	Сремска Митровица	Ђуре Даничића бр. 2	44.979140	19.588591	objekat
Сремска Митровица	37	ОШ "СЛОБОДАН БАЈИЋ - ПАЈА"	Сремска Митровица, Фрушкогорска бб	Сремска Митровица	Фрушкогорска бб	44.977681	19.610629	ulica
Сремска Митровица	38	МЗ "22. АВГУСТ"	Сремска Митровица, Кувеждинска бр. 2	Сремска Митровица	Кувеждинска бр. 2	44.985856	19.606487	objekat
Сремска Митровица	39	ОШ "ЈОВАН ПОПОВИЋ"	Сремска Митровица, Петра Прерадовића бр. 49	Сремска Митровица	Петра Прерадовића бр. 49	44.975078	19.619456	objekat
Сремска Митровица	40	МЗ "БЛОК Б"	Сремска Митровица, Вељка Петровића бб	Сремска Митровица	Вељка Петровића бб	44.980324	19.628086	ulica
Сремска Митровица	41	ОШ "ЈОВАН ПОПОВИЋ"	Сремска Митровица, Петра Прерадовића бр. 49	Сремска Митровица	Петра Прерадовића бр. 49	44.975078	19.619456	objekat
Сремска Митровица	42	ОШ "ЈОВАН ПОПОВИЋ"	Сремска Митровица, Петра Прерадовића бр. 49	Сремска Митровица	Петра Прерадовића бр. 49	44.975078	19.619456	objekat
Сремска Митровица	43	ОШ "ЈОВАН ЈОВАНОВИЋ - ЗМАЈ"	Сремска Митровица, Ратарска бр. 5	Сремска Митровица	Ратарска бр. 5	44.973232	19.613310	objekat
Сремска Митровица	44	ОШ "ЈОВАН ЈОВАНОВИЋ - ЗМАЈ"	Сремска Митровица, Ратарска бр. 5	Сремска Митровица	Ратарска бр. 5	44.973232	19.613310	objekat
Сремска Митровица	45	ОШ "ЈОВАН ЈОВАНОВИЋ - ЗМАЈ"	Сремска Митровица, Ратарска бр. 5	Сремска Митровица	Ратарска бр. 5	44.973232	19.613310	objekat
Сремска Митровица	46	МЗ "НИКОЛА ТЕСЛА"	Сремска Митровица, Милоша Обилића бр. 151	Сремска Митровица	Милоша Обилића бр. 151	44.979919	19.596050	objekat
Сремска Митровица	47	ОШ "СВЕТИ САВА"	Сремска Митровица, Деспота Бранковића бр. 27	Сремска Митровица	Деспота Бранковића бр. 27	45.109307	19.510079	objekat
Сремска Митровица	48	ПОСЛОВНО-СПОРТСКИ ЦЕНТАР "ПИНКИ"	Сремска Митровица, Светог Димитрија бр. 36	Сремска Митровица	Светог Димитрија бр. 36	44.970343	19.615196	objekat
Сремска Митровица	49	ПОСЛОВНО-СПОРТСКИ ЦЕНТАР "ПИНКИ"	Сремска Митровица, Светог Димитрија бр. 36	Сремска Митровица	Светог Димитрија бр. 36	44.970343	19.615196	objekat
Сремска Митровица	50	ПУ "ПЧЕЛИЦА" ОБЈЕКАТ "МАЈА" У НАСЕЉУ МАРКО ПЕРИЧИН КАМЕЊАР	Сремска Митровица, Марка Перичина Камењара бр. 16	Сремска Митровица	Марка Перичина Камењара бр. 16	44.999007	19.645693	ulica
Сремска Митровица	51	МЗ "САВА"	Сремска Митровица, Јовице Трајковића бр. 4	Сремска Митровица	Јовице Трајковића бр. 4	44.963527	19.619532	objekat
Сремска Митровица	52	МЗ "СЛОБОДАН БАЈИЋ - ПАЈА"	Сремска Митровица, Раднички пут бр. 66	Сремска Митровица	Раднички пут бр. 66	44.999007	19.645693	ulica
Сремска Митровица	53	МЗ "СЛОБОДАН БАЈИЋ - ПАЈА"	Сремска Митровица, Раднички пут бр. 66	Сремска Митровица	Раднички пут бр. 66	44.999007	19.645693	ulica
Сремска Митровица	54	МЗ "СЛОБОДАН БАЈИЋ - ПАЈА" - монтажни објекат	Сремска Митровица, Раднички пут бр. 66	Сремска Митровица	Раднички пут бр. 66	44.999007	19.645693	ulica
Сремска Митровица	55	МЗ "СУТЈЕСКА" - ВЕЛИКА САЛА	Сремска Митровица, Фрушкогорска бр. 43	Сремска Митровица	Фрушкогорска бр. 43	44.979948	19.609717	objekat
Сремска Митровица	56	МЗ "СУТЈЕСКА" - МАЛА САЛА	Сремска Митровица, Фрушкогорска бр. 43	Сремска Митровица	Фрушкогорска бр. 43	44.979948	19.609717	objekat
Сремска Митровица	57	БИБЛИОТЕКА "ТРИГОРИЈЕ ВОЗАРОВИЋ" СРЕМСКА МИТРОВИЦА	Сремска Митровица, Трг Ћире Милекића бр. 3	Сремска Митровица	Трг Ћире Милекића бр. 3	44.968080	19.607450	objekat
Сремска Митровица	58	ПУ "ПЧЕЛИЦА" ОБЈЕКАТ "МАЈА" У НАСЕЉУ ДЕКАНСКЕ БАШТЕ	Сремска Митровица, Деканске баште 14	Сремска Митровица	Деканске баште 14	44.962947	19.610858	objekat
Сремска Митровица	59	ПОЗОРИШТЕ "ДОБРИЦА МИЛУТИНОВИЋ"	Сремска Митровица, Градски парк бр. 2	Сремска Митровица	Градски парк бр. 2	44.967589	19.608091	objekat
Сремска Митровица	60	МУЗИЧКА ШКОЛА "ПЕТАР КРАНЧЕВИЋ" СРЕМСКА МИТРОВИЦА	Сремска Митровица, Житни трг бр. 28	Сремска Митровица	Житни трг бр. 28	44.967902	19.603502	objekat
Сремски Карловци	1	КАРЛОВАЧКА ГИМНАЗИЈА	Сремски Карловци, Трг Бранка Радичевића бр. 2	Сремски Карловци	Трг Бранка Радичевића бр. 2	45.201863	19.933718	objekat
Сремски Карловци	2	ОШ "23. ОКТОБАР"	Сремски Карловци, Прерадовићева бр. 1	Сремски Карловци	Прерадовићева бр. 1	45.204174	19.936173	objekat
Сремски Карловци	3	ФАКУЛТЕТ ЗА МЕНАЏМЕНТ	Сремски Карловци, Његошева бр. 1А	Сремски Карловци	Његошева бр. 1А	45.206821	19.928261	objekat
Сремски Карловци	4	КАРЛОВАЧКА ГИМНАЗИЈА	Сремски Карловци, Трг Бранка Радичевића бр. 2	Сремски Карловци	Трг Бранка Радичевића бр. 2	45.201863	19.933718	objekat
Сремски Карловци	5	КАРЛОВАЧКА ГИМНАЗИЈА	Сремски Карловци, Трг Бранка Радичевића бр. 2	Сремски Карловци	Трг Бранка Радичевића бр. 2	45.201863	19.933718	objekat
Сремски Карловци	6	КЛУБ ПЕНЗИОНЕРА "БРАТСТВО - ЈЕДИНСТВО"	Сремски Карловци, Доситеја Обрадовића бр. 32	Сремски Карловци	Доситеја Обрадовића бр. 32	45.193138	19.931191	objekat
Сремски Карловци	7	ВАТРОГАСНИ ДОМ	Сремски Карловци, Карловачког мира бр. 4	Сремски Карловци	Карловачког мира бр. 4	45.199147	19.938205	objekat
Сремски Карловци	8	ОШ "23. ОКТОБАР"	Сремски Карловци, Прерадовићева бр. 1	Сремски Карловци	Прерадовићева бр. 1	45.204174	19.936173	objekat
Стара Пазова	1	ОШ "ВЕРА МИШЧЕВИЋ"	Белегиш, Краља Петра Првог бр. 33	Белегиш	Краља Петра Првог бр. 33	45.018699	20.333048	objekat
Стара Пазова	2	ОШ "ВЕРА МИШЧЕВИЋ"	Белегиш, Краља Петра Првог бр. 33	Белегиш	Краља Петра Првог бр. 33	45.018699	20.333048	objekat
Стара Пазова	3	ОШ "МИЛАН ХАЏИЋ"	Војка, Карађорђева бр. 1	Војка	Карађорђева бр. 1	44.930612	20.150467	ulica
Стара Пазова	4	ОШ "МИЛАН ХАЏИЋ"	Војка, Карађорђева бр. 1	Војка	Карађорђева бр. 1	44.930612	20.150467	ulica
Стара Пазова	5	ОШ "МИЛАН ХАЏИЋ"	Војка, Карађорђева бр. 1	Војка	Карађорђева бр. 1	44.930612	20.150467	ulica
Стара Пазова	6	ОШ "МИЛАН ХАЏИЋ"	Војка, Карађорђева бр. 1	Војка	Карађорђева бр. 1	44.930612	20.150467	ulica
Стара Пазова	7	ОШ "23. ОКТОБАР"	Голубинци, Путиначка бр. 1	Голубинци	Путиначка бр. 1	44.983532	20.065342	objekat
Стара Пазова	8	ОШ "23. ОКТОБАР"	Голубинци, Путиначка бр. 1	Голубинци	Путиначка бр. 1	44.983532	20.065342	objekat
Стара Пазова	9	ОШ "23. ОКТОБАР"	Голубинци, Путиначка бр. 1	Голубинци	Путиначка бр. 1	44.983532	20.065342	objekat
Стара Пазова	10	ОШ "23. ОКТОБАР"	Голубинци, Путиначка бр. 1	Голубинци	Путиначка бр. 1	44.983532	20.065342	objekat
Стара Пазова	11	ОШ "МИЛАН ХАЏИЋ"	Крњешевци, Угриновачка бр. 3	Крњешевци	Угриновачка бр. 3	44.889269	20.139039	objekat
Стара Пазова	12	ОШ "СВЕТИ САВА"	Нова Пазова, Његошева бр. 4	Нова Пазова	Његошева бр. 4	44.943939	20.217557	objekat
Стара Пазова	13	ОШ "СВЕТИ САВА"	Нова Пазова, Његошева бр. 4	Нова Пазова	Његошева бр. 4	44.943939	20.217557	objekat
Стара Пазова	14	ОШ "СВЕТИ САВА"	Нова Пазова, Његошева бр. 4	Нова Пазова	Његошева бр. 4	44.943939	20.217557	objekat
Стара Пазова	15	ОШ "СВЕТИ САВА"	Нова Пазова, Његошева бр. 4	Нова Пазова	Његошева бр. 4	44.943939	20.217557	objekat
Стара Пазова	16	ОШ "СВЕТИ САВА"	Нова Пазова, Његошева бр. 4	Нова Пазова	Његошева бр. 4	44.943939	20.217557	objekat
Стара Пазова	17	ОШ "СВЕТИ САВА"	Нова Пазова, Његошева бр. 4	Нова Пазова	Његошева бр. 4	44.943939	20.217557	objekat
Стара Пазова	18	ОШ "СВЕТИ САВА"	Нова Пазова, Његошева бр. 4	Нова Пазова	Његошева бр. 4	44.943939	20.217557	objekat
Стара Пазова	19	ОШ "СВЕТИ САВА"	Нова Пазова, Његошева бр. 4	Нова Пазова	Његошева бр. 4	44.943939	20.217557	objekat
Стара Пазова	20	ОШ "СВЕТИ САВА"	Нова Пазова, Његошева бр. 4	Нова Пазова	Његошева бр. 4	44.943939	20.217557	objekat
Стара Пазова	21	ОШ "СВЕТИ САВА"	Нова Пазова, Његошева бр. 4	Нова Пазова	Његошева бр. 4	44.943939	20.217557	objekat
Стара Пазова	22	ОШ "СВЕТИ САВА"	Нова Пазова, Његошева бр. 4	Нова Пазова	Његошева бр. 4	44.943939	20.217557	objekat
Стара Пазова	23	ОШ "СВЕТИ САВА"	Нова Пазова, Његошева бр. 4	Нова Пазова	Његошева бр. 4	44.943939	20.217557	objekat
Стара Пазова	24	ОШ "СВЕТИ САВА"	Нова Пазова, Његошева бр. 4	Нова Пазова	Његошева бр. 4	44.943939	20.217557	objekat
Стара Пазова	25	ОШ "СВЕТИ САВА"	Нова Пазова, Његошева бр. 4	Нова Пазова	Његошева бр. 4	44.943939	20.217557	objekat
Стара Пазова	26	ОШ "НИКОЛА ТЕСЛА"	Нови Бановци, Школска бр. 2	Нови Бановци	Школска бр. 2	44.956638	20.281222	objekat
Стара Пазова	27	ОШ "НИКОЛА ТЕСЛА"	Нови Бановци, Школска бр. 2	Нови Бановци	Школска бр. 2	44.956638	20.281222	objekat
Стара Пазова	28	ОШ "НИКОЛА ТЕСЛА"	Нови Бановци, Школска бр. 2	Нови Бановци	Школска бр. 2	44.956638	20.281222	objekat
Стара Пазова	29	ОШ "НИКОЛА ТЕСЛА"	Нови Бановци, Школска бр. 2	Нови Бановци	Школска бр. 2	44.956638	20.281222	objekat
Стара Пазова	30	ОШ "НИКОЛА ТЕСЛА"	Нови Бановци, Школска бр. 2	Нови Бановци	Школска бр. 2	44.956638	20.281222	objekat
Стара Пазова	31	ОШ "НИКОЛА ТЕСЛА"	Нови Бановци, Школска бр. 2	Нови Бановци	Школска бр. 2	44.956638	20.281222	objekat
Стара Пазова	32	ЦЕНТАР МЕСНЕ ЗАЈЕДНИЦЕ	Нови Бановци, Видовдански трг бр. 1Х	Нови Бановци	Видовдански трг бр. 1Х	44.953215	20.282428	naselje
Стара Пазова	33	ОШ "ХЕРОЈ ЈАНКО ЧМЕЛИК"	Стара Пазова, Карађорђева бр. 2	Стара Пазова	Карађорђева бр. 2	44.983595	20.158839	objekat
Стара Пазова	34	ОШ "ХЕРОЈ ЈАНКО ЧМЕЛИК"	Стара Пазова, Карађорђева бр. 2	Стара Пазова	Карађорђева бр. 2	44.983595	20.158839	objekat
Стара Пазова	35	ОШ "ХЕРОЈ ЈАНКО ЧМЕЛИК"	Стара Пазова, Карађорђева бр. 2	Стара Пазова	Карађорђева бр. 2	44.983595	20.158839	objekat
Стара Пазова	36	ЕТШ "ВУК КАРАЏИЋ"	Стара Пазова, Светосавска бр. 5	Стара Пазова	Светосавска бр. 5	44.985042	20.159842	objekat
Стара Пазова	37	ЕТШ "ВУК КАРАЏИЋ"	Стара Пазова, Светосавска бр. 5	Стара Пазова	Светосавска бр. 5	44.985042	20.159842	objekat
Стара Пазова	38	ГИМНАЗИЈА "БРАНКО РАДИЧЕВИЋ"	Стара Пазова, Светосавска бр. 5	Стара Пазова	Светосавска бр. 5	44.985042	20.159842	objekat
Стара Пазова	39	ГИМНАЗИЈА "БРАНКО РАДИЧЕВИЋ"	Стара Пазова, Светосавска бр. 5	Стара Пазова	Светосавска бр. 5	44.985042	20.159842	objekat
Стара Пазова	40	ГИМНАЗИЈА "БРАНКО РАДИЧЕВИЋ"	Стара Пазова, Светосавска бр. 5	Стара Пазова	Светосавска бр. 5	44.985042	20.159842	objekat
Стара Пазова	41	ОД "СВЕТИ САВА"	Стара Пазова, Вука Караџића бр. 1	Стара Пазова	Вука Караџића бр. 1	44.986081	20.170003	objekat
Стара Пазова	42	ОД "СВЕТИ САВА"	Стара Пазова, Вука Караџића бр. 1	Стара Пазова	Вука Караџића бр. 1	44.986081	20.170003	objekat
Стара Пазова	43	ОД "СВЕТИ САВА"	Стара Пазова, Вука Караџића бр. 1	Стара Пазова	Вука Караџића бр. 1	44.986081	20.170003	objekat
Стара Пазова	44	ОД "СВЕТИ САВА"	Стара Пазова, Вука Караџића бр. 1	Стара Пазова	Вука Караџића бр. 1	44.986081	20.170003	objekat
Стара Пазова	45	ОШ "СИМЕОН АРАНИЦКИ"	Стара Пазова, Бошка Бухе бр. 2А	Стара Пазова	Бошка Бухе бр. 2А	44.990238	20.139570	objekat
Стара Пазова	46	ОШ "СИМЕОН АРАНИЦКИ"	Стара Пазова, Бошка Бухе бр. 2А	Стара Пазова	Бошка Бухе бр. 2А	44.990238	20.139570	objekat
Стара Пазова	47	ОШ "СИМЕОН АРАНИЦКИ"	Стара Пазова, Бошка Бухе бр. 2А	Стара Пазова	Бошка Бухе бр. 2А	44.990238	20.139570	objekat
Стара Пазова	48	ОШ "СЛОБОДАН САВКОВИЋ"	Стари Бановци, Грчка бр. 31	Стари Бановци	Грчка бр. 31	44.985227	20.284912	objekat
Стара Пазова	49	ОШ "СЛОБОДАН САВКОВИЋ"	Стари Бановци, Грчка бр. 31	Стари Бановци	Грчка бр. 31	44.985227	20.284912	objekat
Стара Пазова	50	ОШ "СЛОБОДАН САВКОВИЋ"	Стари Бановци, Грчка бр. 31	Стари Бановци	Грчка бр. 31	44.985227	20.284912	objekat
Стара Пазова	51	ОШ "СЛОБОДАН САВКОВИЋ"	Стари Бановци, Грчка бр. 31	Стари Бановци	Грчка бр. 31	44.985227	20.284912	objekat
Стара Пазова	52	ОШ "СЛОБОДАН САВКОВИЋ"	Стари Бановци, Грчка бр. 31	Стари Бановци	Грчка бр. 31	44.985227	20.284912	objekat
Стара Пазова	53	ОШ "ВЕРА МИШЧЕВИЋ"	Сурдук, Цара Лазара бр. 1	Сурдук	Цара Лазара бр. 1	45.071188	20.324620	objekat
Суботица	1	ОШ "КИЗУР ИШТВАН"	Суботица, Ивана Зајца бр. 9	Суботица	Ивана Зајца бр. 9	46.104943	19.665282	objekat
Суботица	2	ОШ "КИЗУР ИШТВАН"	Суботица, Ивана Зајца бр. 9	Суботица	Ивана Зајца бр. 9	46.104943	19.665282	objekat
Суботица	3	ОШ "ЈОВАН ЈОВАНОВИЋ ЗМАЈ"	Суботица, Трг Јакаба и Комора бр. 22	Суботица	Трг Јакаба и Комора бр. 22	46.102985	19.659452	objekat
Суботица	4	ГИМНАЗИЈА „СВЕТОЗАР МАРКОВИЋ“	Суботица, Петефи Шандора бр. 1	Суботица	Петефи Шандора бр. 1	46.100270	19.660685	objekat
Суботица	5	ОШ "ИВАН ГОРАН КОВАЧИЋ"	Суботица, Максима Горког бр. 29	Суботица	Максима Горког бр. 29	46.096943	19.664885	objekat
Суботица	6	ТЕХНИЧКА ШКОЛА	Суботица, Трг Лазара Нешића бр. 9	Суботица	Трг Лазара Нешића бр. 9	46.097675	19.671938	objekat
Суботица	7	ОСНОВНА И СРЕДЊА ШКОЛА "ДР СВЕТОМИР БОЈАНИН"	Суботица, Ивана Горана Ковачића бр. 14	Суботица	Ивана Горана Ковачића бр. 14	46.096108	19.669514	objekat
Суботица	8	ОШ "ИВАН ГОРАН КОВАЧИЋ"	Суботица, Максима Горког бр. 29	Суботица	Максима Горког бр. 29	46.096943	19.664885	objekat
Суботица	9	ОШ "ИВАН ГОРАН КОВАЧИЋ"	Суботица, Максима Горког бр. 29	Суботица	Максима Горког бр. 29	46.096943	19.664885	objekat
Суботица	10	БИВШИ "СУБОЗАН"	Суботица, Милоша Обилића бр. 6	Суботица	Милоша Обилића бр. 6	46.104352	19.660745	objekat
Суботица	11	ДЕЧИЈИ ВРТИЋ "МАНДАРИНА"	Суботица, Арсенија Чарнојевића бб	Суботица	Арсенија Чарнојевића бб	46.107984	19.659913	ulica
Суботица	12	А.Д. "ЖЕЉЕЗНИЧАР"	Суботица, Косовска бр. 2-4	Суботица	Косовска бр. 2-4	46.127667	19.659020	ulica
Суботица	13	МЗ „ДУДОВА ШУМА“	Суботица, Браће Југовића бр. 17	Суботица	Браће Југовића бр. 17	46.106338	19.656505	objekat
Суботица	14	ОШ "СЕЧЕЊИ ИШТВАН"	Суботица, Карађорђев пут бр. 94	Суботица	Карађорђев пут бр. 94	46.106683	19.644606	objekat
Суботица	15	ОШ "СЕЧЕЊИ ИШТВАН" (САЛАИ ШКОЛА)	Суботица, Пут Едварда Кардеља бр. 114	Суботица	Пут Едварда Кардеља бр. 114	46.124609	19.611217	objekat
Суботица	16	МУЛТИФУНКЦИОНАЛНА ЗГРАДА МЗ "ЗОРКА"	Суботица, Сутјеска бр. 82	Суботица	Сутјеска бр. 82	46.126430	19.643259	objekat
Суботица	17	МУЛТИФУНКЦИОНАЛНА ЗГРАДА МЗ "ЗОРКА" - ЗДРАВСТВЕНА АМБУЛАНТА "ЗОРКА"	Суботица, Сутјеска бр. 82	Суботица	Сутјеска бр. 82	46.126430	19.643259	objekat
Суботица	18	ОШ "СЕЧЕЊИ ИШТВАН"	Суботица, Шабачка бр. 1	Суботица	Шабачка бр. 1	46.109461	19.630139	objekat
Суботица	19	ОШ "СЕЧЕЊИ ИШТВАН"	Суботица, Шабачка бр. 1	Суботица	Шабачка бр. 1	46.109461	19.630139	objekat
Суботица	20	ЗДРАВСТВЕНА АМБУЛАНТА - ПЕШЧАРА	Суботица, Шабачка бб	Суботица	Шабачка бб	46.110338	19.629902	ulica
Суботица	21	ОШ "СЕЧЕЊИ ИШТВАН"	Суботица, Пут Едварда Кардеља бр. 114	Суботица	Пут Едварда Кардеља бр. 114	46.124609	19.611217	objekat
Суботица	22	ОШ "ЂУРО САЛАЈ"	Суботица, Бајски пут бр. 25	Суботица	Бајски пут бр. 25	46.100158	19.647860	objekat
Суботица	23	МЗ "НОВО СЕЛО"	Суботица, Гајева бр. 50	Суботица	Гајева бр. 50	46.097600	19.647412	objekat
Суботица	24	ОШ "ЂУРО САЛАЈ"	Суботица, Бајски пут бр. 25	Суботица	Бајски пут бр. 25	46.100158	19.647860	objekat
Суботица	25	ДОМ ПЕНЗИОНЕРА	Суботица, Саве Шумановића бр. 2	Суботица	Саве Шумановића бр. 2	46.099141	19.653746	objekat
Суботица	26	МЗ "НОВО СЕЛО" (УЛАЗ ИЗ УЛИЦЕ ХАНИБАЛА ЛУЦИЋА)	Суботица, Гајева бр. 50	Суботица	Гајева бр. 50	46.097600	19.647412	objekat
Суботица	27	ОШ "МАТКО ВУКОВИЋ"	Суботица, Ивана Сарића бб	Суботица	Ивана Сарића бб	46.084650	19.646723	objekat
Суботица	28	ДОМ МЗ "МАЛИ БАЈМОК"	Суботица, Фрање Клуза бр. 2	Суботица	Фрање Клуза бр. 2	46.088891	19.644296	objekat
Суботица	29	ОШ "МАТКО ВУКОВИЋ"	Суботица, Ивана Сарића бб	Суботица	Ивана Сарића бб	46.084650	19.646723	objekat
Суботица	30	ОШ "МАТКО ВУКОВИЋ"	Суботица, Руђера Бошковића бр. 1	Суботица	Руђера Бошковића бр. 1	46.093667	19.657318	objekat
Суботица	31	ОШ "МАТКО ВУКОВИЋ" МАЛА ШКОЛА	Суботица, Руђера Бошковића бр. 20	Суботица	Руђера Бошковића бр. 20	46.092864	19.655451	objekat
Суботица	32	МЗ "КЕР" - ВЕЛИКА САЛА	Суботица, Београдски пут бр. 62	Суботица	Београдски пут бр. 62	46.088277	19.667115	objekat
Суботица	33	МЗ "КЕР" - МАЛА САЛА	Суботица, Београдски пут бр. 62	Суботица	Београдски пут бр. 62	46.088277	19.667115	objekat
Суботица	34	СРЕДЊА МЕДИЦИНСКА ШКОЛА	Суботица, Београдски пут бр. 126	Суботица	Београдски пут бр. 126	46.078964	19.674696	objekat
Суботица	35	ЗДРАВСТВЕНА АМБУЛАНТА 2. ДОМ ЗДРАВЉА СУБОТИЦА - (УЛАЗ ИЗ УЛИЦЕ НАДЕ ДИМИЋ)	Суботица, Београдски пут бр. 45	Суботица	Београдски пут бр. 45	46.089883	19.665585	objekat
Суботица	36	ОШ "СОЊА МАРИНКОВИЋ"	Суботица, Јо Лајоша бр. 78	Суботица	Јо Лајоша бр. 78	46.092621	19.667558	objekat
Суботица	37	ОБДАНИШТЕ "НАША РАДОСТ"	Суботица, Пазинска бр. 4	Суботица	Пазинска бр. 4	46.085790	19.674156	objekat
Суботица	38	ОШ "СОЊА МАРИНКОВИЋ"	Суботица, Јо Лајоша бр. 78	Суботица	Јо Лајоша бр. 78	46.092621	19.667558	objekat
Суботица	39	ОШ "СОЊА МАРИНКОВИЋ"	Суботица, Јо Лајоша бр. 78	Суботица	Јо Лајоша бр. 78	46.092621	19.667558	objekat
Суботица	40	МЗ "БАЈНАТ" - МАЛА САЛА	Суботица, Браће Радића бр. 83	Суботица	Браће Радића бр. 83	46.090130	19.674066	objekat
Суботица	41	МЗ "БАЈНАТ" - ВЕЛИКА САЛА	Суботица, Браће Радића бр. 83	Суботица	Браће Радића бр. 83	46.090130	19.674066	objekat
Суботица	42	АД "МЛАДОСТ"	Суботица, Сенћански пут бр. 71	Суботица	Сенћански пут бр. 71	46.092316	19.678678	objekat
Суботица	43	ТАТРАВАГОНКА „БРАТСТВО“ Д.О.О.	Суботица, Биковачки пут бр. 2	Суботица	Биковачки пут бр. 2	46.062573	19.690625	objekat
Суботица	44	КАФАНА "БАЧВАНКА"	Суботица, Илинденска бр. 44	Суботица	Илинденска бр. 44	46.066408	19.687170	objekat
Суботица	45	ОШ "СВЕТИ САВА"	Суботица, Аксентија Мародића бб	Суботица	Аксентија Мародића бб	46.073255	19.680580	objekat
Суботица	46	ЗДРАВСТВЕНА АМБУЛАНТА 8. ДОМ ЗДРАВЉА СУБОТИЦА -	Суботица, Аксентија Мародића бб	Суботица	Аксентија Мародића бб	46.071654	19.676744	ulica
Суботица	47	САЛАШ СТИПАНА БАБИЧКОВИЋА	Суботица, Сенћански пут бр. 263	Суботица	Сенћански пут бр. 263	46.066619	19.731556	objekat
Суботица	48	МЗ "АЛЕКСАНДРОВО"	Суботица, Аксентија Мародића бр. 28	Суботица	Аксентија Мародића бр. 28	46.072631	19.677984	objekat
Суботица	49	МЗ "ВЕРУШИЋ"	Биково, Биково салаши бр. 18/6	Биково	Биково салаши бр. 18/6	46.006537	19.696429	ulica
Суботица	50	ДЕС Д.О.О. (БИВШИ "АГРОКОМБИНАТ")	Суботица, Горњи Верушић бр. 58	Суботица	Горњи Верушић бр. 58	46.031805	19.663466	objekat
Суботица	51	ОШ "10. ОКТОБАР"	Суботица, Бозе Шарчевића бр. 21	Суботица	Бозе Шарчевића бр. 21	46.097148	19.684099	objekat
Суботица	52	ОШ "10. ОКТОБАР"	Суботица, Бозе Шарчевића бр. 21	Суботица	Бозе Шарчевића бр. 21	46.097148	19.684099	objekat
Суботица	53	ЕКОНОМСКИ ФАКУЛТЕТ	Суботица, Сегедински пут бр. 9-11	Суботица	Сегедински пут бр. 9-11	46.100771	19.676310	objekat
Суботица	54	ОШ "ЈОВАН МИКИЋ"	Суботица, Саве Ковачевића бр. 16	Суботица	Саве Ковачевића бр. 16	46.103999	19.681712	objekat
Суботица	55	ВИСОКА ШКОЛА СТРУКОВНИХ СТУДИЈА ЗА ОБРАЗОВАЊЕ ВАСПИТАЧА И ТРЕНЕРА	Суботица, Банијска бр. 67	Суботица	Банијска бр. 67	46.104577	19.682274	objekat
Суботица	56	ВИСОКА ШКОЛА СТРУКОВНИХ СТУДИЈА ЗА ОБРАЗОВАЊЕ ВАСПИТАЧА И ТРЕНЕРА	Суботица, Банијска бр. 67	Суботица	Банијска бр. 67	46.104577	19.682274	objekat
Суботица	57	ОШ "МАЈШАНСКИ ПУТ"	Суботица, Мајшански пут бр. 87	Суботица	Мајшански пут бр. 87	46.115368	19.672263	objekat
Суботица	58	ОШ "МАЈШАНСКИ ПУТ"	Суботица, Мајшански пут бр. 87	Суботица	Мајшански пут бр. 87	46.115368	19.672263	objekat
Суботица	59	ОШ "МАЈШАНСКИ ПУТ"	Суботица, Мајшански пут бр. 87	Суботица	Мајшански пут бр. 87	46.115368	19.672263	objekat
Суботица	60	МЗ "МАКОВА СЕДМИЦА"	Суботица, Мајшански пут бр. 362	Суботица	Мајшански пут бр. 362	46.139934	19.682304	objekat
Суботица	61	МЗ "МАКОВА СЕДМИЦА"	Суботица, Мајшански пут бр. 362	Суботица	Мајшански пут бр. 362	46.139934	19.682304	objekat
Суботица	62	ОБДАНИШТЕ "НАШ БИСЕР"	Суботица, Едуарда Русијана бб	Суботица	Едуарда Русијана бб	46.106130	19.696867	ulica
Суботица	63	МЗ "МАЛИ РАДАНОВАЦ"	Суботица, Лифке Шандора бр. 4	Суботица	Лифке Шандора бр. 4	46.106053	19.690369	objekat
Суботица	64	МЗ "МАЛИ РАДАНОВАЦ" - ПОДРУМ	Суботица, Лифке Шандора бр. 4	Суботица	Лифке Шандора бр. 4	46.106053	19.690369	objekat
Суботица	65	МЗ "РАДАНОВАЦ"	Суботица, Венац братства и јединства бр. 21	Суботица	Венац братства и јединства бр. 21	46.107399	19.727766	objekat
Суботица	66	ДОМ МЗ "РАДАНОВАЦ"	Суботица, Пешчарина бр. 121/А	Суботица	Пешчарина бр. 121/А	46.125465	19.725701	objekat
Суботица	67	ОШ "МИРОСЛАВ АНТИЋ"	Палић, Трогирска бр. 20	Палић	Трогирска бр. 20	46.107054	19.750380	objekat
Суботица	68	ОШ "МИРОСЛАВ АНТИЋ"	Палић, Трогирска бр. 20	Палић	Трогирска бр. 20	46.107054	19.750380	objekat
Суботица	69	МЗ "ПАЛИЋ"	Палић, Сплитска алеја бр. 1	Палић	Сплитска алеја бр. 1	46.102893	19.761740	objekat
Суботица	70	ОШ "МИРОСЛАВ АНТИЋ"	Палић, Трогирска бр. 20	Палић	Трогирска бр. 20	46.107054	19.750380	objekat
Суботица	71	ЗГРАДА МЕСНЕ ЗАЈЕДНИЦЕ „ПАЛИЋ“ (Бивша пољопривредна апотека)	Палић, Сплитска алеја бр. 1	Палић	Сплитска алеја бр. 1	46.102893	19.761740	objekat
Суботица	72	МЗ "ХАЈДУКОВО"	Хајдуково, Бориса Кидрича бр. 30	Хајдуково	Бориса Кидрича бр. 30	46.109106	19.815347	objekat
Суботица	73	ОШ "ПЕТЕФИ ШАНДОР"	Хајдуково, Носа бр. 622	Хајдуково	Носа бр. 622	46.093665	19.852290	objekat
Суботица	74	ОШ "ПЕТЕФИ ШАНДОР"	Хајдуково, Омладинских бригада бр. 29-31	Хајдуково	Омладинских бригада бр. 29-31	46.111141	19.812829	objekat
Суботица	75	МЗ "БАЧКИ ВИНОГРАДИ"	Бачки Виногради, Београдска бр. 23	Бачки Виногради	Београдска бр. 23	46.120603	19.859380	objekat
Суботица	76	ОШ "ПЕТЕФИ ШАНДОР"	Бачки Виногради, Београдска бр. 2	Бачки Виногради	Београдска бр. 2	46.126390	19.855273	objekat
Суботица	77	ДОМ "ШУПЉАК"	Шупљак, Костолањи Арпада бр. 108	Шупљак	Костолањи Арпада бр. 108	46.078526	19.801706	objekat
Суботица	78	ОШ "ПЕТЕФИ ШАНДОР"	Шупљак, Лудашки шор бр. 134	Шупљак	Лудашки шор бр. 134	46.089106	19.819859	objekat
Суботица	79	ОШ "МИРОСЛАВ АНТИЋ"	Шупљак, Халомски шор бр. 3	Шупљак	Халомски шор бр. 3	46.066024	19.828826	objekat
Суботица	80	МЗ "БИКОВО"	Биково, Биковачки пут бр. 197	Биково	Биковачки пут бр. 197	46.013298	19.752928	objekat
Суботица	81	ОШ "ХУЊАДИ ЈАНОШ"	Чантавир, Трг слободе бр. 2	Чантавир	Трг слободе бр. 2	45.916230	19.766663	objekat
Суботица	82	МЕСНА КАНЦЕЛАРИЈА "ЧАНТАВИР" - САЛА ЗА ВЕНЧАЊА	Чантавир, Маршала Тита бр. 38	Чантавир	Маршала Тита бр. 38	45.921315	19.764781	objekat
Суботица	83	КЛУБ ПЕНЗИОНЕРА „ЧАНТАВИР“	Чантавир, Болманска бр. 47	Чантавир	Болманска бр. 47	45.919950	19.761751	objekat
Суботица	84	ОСНОВНА ШКОЛА „ХУЊАДИ ЈАНОШ“ - ВИШЊЕВАЦ	Вишњевац, Марка Орешковића бр. 2	Вишњевац	Марка Орешковића бр. 2	45.948784	19.744042	objekat
Суботица	85	ДОМ МЕСНЕ ЗАЈЕДНИЦЕ	Бачко Душаново, Иве Лоле Рибара бр. 48	Бачко Душаново	Иве Лоле Рибара бр. 48	45.905796	19.785444	objekat
Суботица	86	ОШ "БОСА МИЛИЋЕВИЋ"	Нови Жедник, Николе Тесле бр. 1	Нови Жедник	Николе Тесле бр. 1	45.938190	19.672495	objekat
Суботица	87	МЗ "НОВИ ЖЕДНИК"	Нови Жедник, Илије Лубарде бр. 4	Нови Жедник	Илије Лубарде бр. 4	45.940068	19.671135	objekat
Суботица	88	ОШ "ПИОНИР"	Стари Жедник, Владимира Назора бр. 15	Стари Жедник	Владимира Назора бр. 15	45.948172	19.625331	objekat
Суботица	89	ОШ "ВЛАДИМИР НАЗОР"	Ђурђин, Владимира Назора бр. 43	Ђурђин	Владимира Назора бр. 43	45.942441	19.539880	objekat
Суботица	90	ОШ "ВУК КАРАЏИЋ"	Бајмок, Трг Маршала Тита бр. 1	Бајмок	Трг Маршала Тита бр. 1	45.967585	19.423924	objekat
Суботица	91	ПУ "НАША РАДОСТ" (ОБДАНИШТЕ)	Бајмок, ЈНА бр. 27	Бајмок	ЈНА бр. 27	45.971593	19.418931	ulica
Суботица	92	МЕСНА КАНЦЕЛАРИЈА "БАЈМОК"	Бајмок, Трг Маршала Тита бр. 2	Бајмок	Трг Маршала Тита бр. 2	45.967066	19.423280	objekat
Суботица	93	ПУ "НАША РАДОСТ" (ЗАБАВИШТЕ)	Бајмок, Мије Мандића бр. 1	Бајмок	Мије Мандића бр. 1	45.970072	19.422381	ulica
Суботица	94	ОШ "ВУК КАРАЏИЋ" НА РАТИ	Бајмок, Баје Пивљанина бр. 23	Бајмок	Баје Пивљанина бр. 23	45.984526	19.410968	objekat
Суботица	95	ДОМ КУЛТУРЕ "МИШИЋЕВО"	Мишићево, Владе Ћетковића бр. 23	Мишићево	Владе Ћетковића бр. 23	45.995331	19.490091	objekat
Суботица	96	МЗ "МАЛА БОСНА"	Мала Босна, Суботичка бр. 12	Мала Босна	Суботичка бр. 12	46.041237	19.571498	objekat
Суботица	97	ОШ "МАТИЈА ГУБЕЦ"	Доњи Таванкут, Марка Орешковића бр. 11/А	Доњи Таванкут	Марка Орешковића бр. 11/А	46.047690	19.490514	objekat
Суботица	98	ОШ "МАТИЈА ГУБЕЦ"	Доњи Таванкут, Марка Орешковића бр. 11/А	Доњи Таванкут	Марка Орешковића бр. 11/А	46.047690	19.490514	objekat
Суботица	99	ОШ "МАТИЈА ГУБЕЦ"	Горњи Таванкут, Таванкут бр. 1488	Горњи Таванкут	Таванкут бр. 1488	46.038416	19.459048	objekat
Суботица	100	ДОМ КУЛТУРЕ МЗ "ЉУТОВО"	Љутово, Слободана Принципа Сеље бр. 3	Љутово	Слободана Принципа Сеље бр. 3	46.066826	19.526778	objekat
Суботица	101	МЗ "КЕЛЕБИЈА"	Келебија, Пут Едварда Кардеља бр. 383	Келебија	Пут Едварда Кардеља бр. 383	46.152537	19.577296	objekat
Суботица	102	МЗ "КЕЛЕБИЈА"	Келебија, Пут Едварда Кардеља бр. 383	Келебија	Пут Едварда Кардеља бр. 383	46.152537	19.577296	objekat
Сурдулица	1	КЛУБ ВЛАСИНСКЕ ХИДРОЕЛЕКТРАНЕ	Сурдулица, Кеј Раде Цветковића бр. 13	Сурдулица	Кеј Раде Цветковића бр. 13	42.692183	22.173258	objekat
Сурдулица	2	ОСНОВНИ СУД	Сурдулица, Српских владара бр. 9	Сурдулица	Српских владара бр. 9	42.692438	22.172317	objekat
Сурдулица	3	ДОМ ОМЛАДИНЕ КОД АУТОБУСКЕ СТАНИЦЕ	Сурдулица, Сурдуличких мученика бр. 65	Сурдулица	Сурдуличких мученика бр. 65	42.695172	22.165311	objekat
Сурдулица	4	ВЕТЕРИНАРСКА СТАНИЦА	Сурдулица, Васе Смајевића бр. 30	Сурдулица	Васе Смајевића бр. 30	42.691544	22.161792	objekat
Сурдулица	5	БАЛОН ХАЛА СУРДУЛИЦА	Сурдулица, Омладинска бр. 11	Сурдулица	Омладинска бр. 11	42.692155	22.169872	objekat
Сурдулица	6	ПОСЛОВНИ ПРОСТОР „ЗВЕЗДА“ СУРДУЛИЦА	Сурдулица, Васе Смајевића бр. 23	Сурдулица	Васе Смајевића бр. 23	42.691567	22.164837	objekat
Сурдулица	7	ЗДРАВСТВЕНИ ЦЕНТАР	Сурдулица, Српских владара бр. 115	Сурдулица	Српских владара бр. 115	42.679701	22.167257	objekat
Сурдулица	8	ЈКП „ВОДОВОД“	Сурдулица, Српских владара бр. 67	Сурдулица	Српских владара бр. 67	42.689289	22.170793	objekat
Сурдулица	9	ЗДРАВСТВЕНИ ЦЕНТАР	Сурдулица, Српских владара бр. 115	Сурдулица	Српских владара бр. 115	42.679701	22.167257	objekat
Сурдулица	10	ПРИРОДНО-ТЕХНИЧКА ШКОЛА „НИКОЛА ТЕСЛА“	Сурдулица, Томе Ивановића бр. 24	Сурдулица	Томе Ивановића бр. 24	42.690727	22.175915	objekat
Сурдулица	11	ПРЕДШКОЛСКА УСТАНУВА - СТАРИ ОБЈЕКАТ	Сурдулица, Југословенска бр. 57	Сурдулица	Југословенска бр. 57	42.688836	22.176043	objekat
Сурдулица	12	ОШ „ЈОВАН ЈОВАНОВИЋ ЗМАЈ“	Сурдулица, Дринске дивизије бр. 6	Сурдулица	Дринске дивизије бр. 6	42.689003	22.179055	objekat
Сурдулица	13	ОШ „ЈОВАН ЈОВАНОВИЋ ЗМАЈ“	Сурдулица, Дринске дивизије бр. 6	Сурдулица	Дринске дивизије бр. 6	42.689003	22.179055	objekat
Сурдулица	14	ОШ „ПЕРА МАЧКАТОВАЦ“	Бело Поље	Бело Поље		42.700992	22.147968	objekat
Сурдулица	15	ДОМ ПЕНЗИОНЕРА ЗАГУЖАЊЕ ВЛАСНИКА НИКОЛА САВИЋ	Загужање	Загужање		42.709167	22.136944	naselje
Сурдулица	16	ПРИВАТНА КУЋА ВЛАСНИКА СИЛВИЈЕ АЛИТОВИЋ	Јелашница	Јелашница		42.640556	22.088333	naselje
Сурдулица	17	ОШ „БОРА СТАНКОВИЋ“	Јелашница	Јелашница		42.640556	22.088333	naselje
Сурдулица	18	ОСНОВНА ШКОЛА	Алакинце	Алакинце		42.694167	22.144444	naselje
Сурдулица	19	ЗАДРУЖНИ ДОМ	Алакинце	Алакинце		42.694167	22.144444	naselje
Сурдулица	20	ОСНОВНА ШКОЛА	Биновце	Биновце		42.692222	22.110556	naselje
Сурдулица	21	ОШ „ПЕРА МАЧКАТОВАЦ“	Дањино Село	Дањино Село		42.739444	22.181389	naselje
Сурдулица	22	ЗАДРУЖНИ ДОМ	Дугојница	Дугојница		42.676389	22.123889	naselje
Сурдулица	23	ОСНОВНА ШКОЛА	Сувојница	Сувојница		42.661343	22.130676	naselje
Сурдулица	24	ПРИВАТНИ ЛОКАЛ ВЛАСНИКА МИОДРАГА ВЕЛИЧКОВИЋА	Стајковце	Стајковце		42.634722	22.120278	naselje
Сурдулица	25	ОСНОВНА ШКОЛА	Мачкатица	Мачкатица		42.756667	22.181944	naselje
Сурдулица	26	ПРИВАТНА КУЋА ЂОРЂЕВИЋ СЛОБОДАНА	Мачкатица	Мачкатица		42.756667	22.181944	naselje
Сурдулица	27	ОСНОВНА ШКОЛА	Кијевац	Кијевац		42.701944	22.186111	naselje
Сурдулица	28	ПРИВАТНА КУЋА ЈАНЧИЋ ЗАГОРКЕ	Бацијевце	Бацијевце		42.719444	22.158333	naselje
Сурдулица	29	ОСНОВНА ШКОЛА	Лескова Бара	Лескова Бара		42.730556	22.172778	naselje
Сурдулица	30	ОСНОВНА ШКОЛА	Масурица	Масурица		42.670833	22.161667	naselje
Сурдулица	31	ЗАДРУЖНИ ДОМ	Масурица	Масурица		42.670833	22.161667	naselje
Сурдулица	32	МЕСНА КАНЦЕЛАРИЈА	Ново Село	Ново Село		42.598611	22.244167	naselje
Сурдулица	33	ЗАДРУЖНИ ДОМ	Ћурковица	Ћурковица		42.690044	22.199235	naselje
Сурдулица	34	МЕСНА КАНЦЕЛАРИЈА	Вучаделце	Вучаделце		42.665556	22.278889	naselje
Сурдулица	35	МЕСНА КАНЦЕЛАРИЈА	Власина Рид	Власина Рид		42.725290	22.325955	naselje
Сурдулица	36	РЕСТОРАН ВЛАСИНСКЕ ХЕ	Власина Рид	Власина Рид		42.725290	22.325955	naselje
Сурдулица	37	ОШ „АКАДЕМИК ЂОРЂЕ ЛАЗАРЕВИЋ“	Власина Округлица	Власина Округлица		42.669292	22.325100	naselje
Сурдулица	38	ОШ „АКАДЕМИК ЂОРЂЕ ЛАЗАРЕВИЋ“	Власина Стојковићева	Власина Стојковићева		42.695314	22.373501	naselje
Сурдулица	39	ОШ „СВЕТИ САВА“	Божица	Божица		42.615638	22.399979	naselje
Сурдулица	40	ОШ „ИВО ЛОЛА РИБАР“	Клисура	Клисура		42.756703	22.408254	naselje
Сурдулица	41	ОСНОВНА ШКОЛА	Драјинци	Драјинци		42.781662	22.418126	naselje
Сурдулица	42	МЕСНА ЗАЈЕДНИЦА	Доње Романовце	Доње Романовце		42.678333	22.181944	naselje
Сурдулица	43	ОСНОВНА ШКОЛА	Кострошевци	Кострошевци		42.753810	22.450130	naselje
Сурдулица	44	ОСНОВНА ШКОЛА	Топли Дол	Топли Дол		42.606389	22.358056	naselje
Сурчин	1	ОШ „СТЕВАН СРЕМАЦ"	Добановци, Маршала Тита бр. 6	Добановци	Маршала Тита бр. 6	44.826707	20.223249	objekat
Сурчин	2	ОШ „СТЕВАН СРЕМАЦ"	Добановци, Маршала Тита бр. 6	Добановци	Маршала Тита бр. 6	44.826707	20.223249	objekat
Сурчин	3	ДОМ КУЛТУРЕ-КУД	Добановци, Маршала Тита бр. 2	Добановци	Маршала Тита бр. 2	44.827283	20.222438	objekat
Сурчин	4	ОШ „СТЕВАН СРЕМАЦ"	Добановци, Маршала Тита бр. 6	Добановци	Маршала Тита бр. 6	44.826707	20.223249	objekat
Сурчин	5	ОШ „СТЕВАН СРЕМАЦ"	Добановци, Маршала Тита бр. 6	Добановци	Маршала Тита бр. 6	44.826707	20.223249	objekat
Сурчин	6	ОШ „22. ОКТОБАР"	Сурчин, Трг Зорана Ђинђића бр. 8	Сурчин	Трг Зорана Ђинђића бр. 8	44.789520	20.269906	objekat
Сурчин	7	ВОДОПРИВРЕДНО ПРЕДУЗЕЋЕ „ГАЛОВИЦА“	Сурчин, Браће Николић бр. 56	Сурчин	Браће Николић бр. 56	44.785641	20.254879	objekat
Сурчин	8	ОШ „22. ОКТОБАР"	Сурчин, Трг Зорана Ђинђића бр. 8	Сурчин	Трг Зорана Ђинђића бр. 8	44.789520	20.269906	objekat
Сурчин	9	ОШ „ВУК КАРАЏИЋ"	Сурчин, Братства и јединства бр. 1	Сурчин	Братства и јединства бр. 1	44.796001	20.291096	objekat
Сурчин	10	ОШ „ВУК КАРАЏИЋ"	Сурчин, Братства и јединства бр. 1	Сурчин	Братства и јединства бр. 1	44.796001	20.291096	objekat
Сурчин	11	ОШ „ВУК КАРАЏИЋ"	Сурчин, Братства и јединства бр. 1	Сурчин	Братства и јединства бр. 1	44.796001	20.291096	objekat
Сурчин	12	ОШ „22. ОКТОБАР"	Сурчин, Трг Зорана Ђинђића бр. 8	Сурчин	Трг Зорана Ђинђића бр. 8	44.789520	20.269906	objekat
Сурчин	13	ОШ „ДУШАН ВУКАСОВИЋ-ДИОГЕН“	Бечмен, Једанаестог октобра бр. 36	Бечмен	Једанаестог октобра бр. 36	44.779586	20.206438	objekat
Сурчин	14	ОШ „ДУШАН ВУКАСОВИЋ-ДИОГЕН“	Бечмен, Једанаестог октобра бр. 36	Бечмен	Једанаестог октобра бр. 36	44.779586	20.206438	objekat
Сурчин	15	ОШ „ДУШАН ВУКАСОВИЋ-ДИОГЕН“	Петровчић, Душана Вукасовића бр. 5	Петровчић	Душана Вукасовића бр. 5	44.794656	20.145666	objekat
Сурчин	16	ОШ „ВОЖД КАРАЂОРЂЕ“	Јаково, Бољевачка бр. 2	Јаково	Бољевачка бр. 2	44.753848	20.258572	objekat
Сурчин	17	ОШ „ВОЖД КАРАЂОРЂЕ“	Јаково, Бољевачка бр. 2	Јаково	Бољевачка бр. 2	44.753848	20.258572	objekat
Сурчин	18	ОШ „ВОЖД КАРАЂОРЂЕ“	Јаково, Бољевачка бр. 2	Јаково	Бољевачка бр. 2	44.753848	20.258572	objekat
Сурчин	19	ЛОВАЧКИ ДОМ	Бољевци, Доњопољска бр. 7	Бољевци	Доњопољска бр. 7	44.721436	20.239117	objekat
Сурчин	20	ОШ „БРАНКО РАДИЧЕВИЋ“	Бољевци, Браће Кокар бр. 5	Бољевци	Браће Кокар бр. 5	44.723645	20.216568	objekat
Сурчин	21	ОШ „БРАНКО РАДИЧЕВИЋ“	Бољевци, Браће Кокар бр. 5	Бољевци	Браће Кокар бр. 5	44.723645	20.216568	objekat
Сурчин	22	ОШ „БРАНКО РАДИЧЕВИЋ“	Прогар, Момира Пуцаревића бр. 1	Прогар	Момира Пуцаревића бр. 1	44.715093	20.161491	objekat
Сурчин	23	„АУТОКОМЕРЦ“	Сурчин, Светог Саве бр. 84 Ц	Сурчин	Светог Саве бр. 84 Ц	44.833159	20.311150	objekat
Сурчин	24	КИНЕСКИ ТРЖНИ ЦЕНТАР	Сурчин, Војвођанска бр. 386 Д	Сурчин	Војвођанска бр. 386 Д	44.797368	20.313914	objekat
Сурчин	25	ТАПЕТАР	Бољевци, Чмеликово насеље бр. 117	Бољевци	Чмеликово насеље бр. 117	44.723415	20.228885	ulica
Сурчин	26	РОМСКА КУЋА	Сурчин, Вртларска бб	Сурчин	Вртларска бб	44.790927	20.258395	ulica
Сурчин	27	КИНЕСКИ ТРЖНИ ЦЕНТАР	Сурчин, Војвођанска бр. 386 Д	Сурчин	Војвођанска бр. 386 Д	44.797368	20.313914	objekat
Сурчин	28	ОШ „22. ОКТОБАР“	Сурчин, Трг Зорана Ђинђића бр. 8	Сурчин	Трг Зорана Ђинђића бр. 8	44.789520	20.269906	objekat
Сурчин	29	ОШ „22. ОКТОБАР“	Сурчин, Трг Зорана ЂинЂића бр. 8	Сурчин	Трг Зорана ЂинЂића бр. 8	44.789520	20.269906	objekat
Сурчин	30	ОШ „ВОЖД КАРАЂОРЂЕ“	Јаково, Бољевачка бр. 2	Јаково	Бољевачка бр. 2	44.753848	20.258572	objekat
Сурчин	31	ОШ „ДУШАН ВУКАСОВИЋ-ДИОГЕН“	Бечмен, Једанаестог октобра бр. 36	Бечмен	Једанаестог октобра бр. 36	44.779586	20.206438	objekat
Темерин	1	ПУ „ВЕЉКО ВЛАХОВИЋ“ ОБЈЕКАТ „БАМБИ“	Бачки Јарак, Младена Стојановића бр. 21А	Бачки Јарак	Младена Стојановића бр. 21А	45.373110	19.875303	objekat
Темерин	2	МЗ БАЧКИ ЈАРАК	Бачки Јарак, Новосадска бр. 86	Бачки Јарак	Новосадска бр. 86	45.372155	19.873499	objekat
Темерин	3	ПУ „ВЕЉКО ВЛАХОВИЋ“ ОБЈЕКАТ „БАМБИ“	Бачки Јарак, Младена Стојановића бр. 21А	Бачки Јарак	Младена Стојановића бр. 21А	45.373110	19.875303	objekat
Темерин	4	КЛУБ ПЕНЗИОНЕРА	Бачки Јарак, Младена Стојановића бр. 17	Бачки Јарак	Младена Стојановића бр. 17	45.372585	19.871962	objekat
Темерин	5	ПУ „ВЕЉКО ВЛАХОВИЋ“ ОБЈЕКАТ „БАМБИ“	Бачки Јарак, Младена Стојановића бр. 21А	Бачки Јарак	Младена Стојановића бр. 21А	45.373110	19.875303	objekat
Темерин	6	ПУ „ВЕЉКО ВЛАХОВИЋ“ ОБЈЕКАТ „БАМБИ“	Бачки Јарак, Младена Стојановића бр. 21А	Бачки Јарак	Младена Стојановића бр. 21А	45.373110	19.875303	objekat
Темерин	7	ПУ „ВЕЉКО ВЛАХОВИЋ“ ОБЈЕКАТ „БАМБИ“	Бачки Јарак, Младена Стојановића бр. 21А	Бачки Јарак	Младена Стојановића бр. 21А	45.373110	19.875303	objekat
Темерин	8	ПУ „ВЕЉКО ВЛАХОВИЋ“ ОБЈЕКАТ „БАМБИ“	Бачки Јарак, Младена Стојановића бр. 21А	Бачки Јарак	Младена Стојановића бр. 21А	45.373110	19.875303	objekat
Темерин	9	ОШ „ПЕТАР КОЧИЋ“	Темерин, Новосадска бр. 192	Темерин	Новосадска бр. 192	45.395954	19.883080	objekat
Темерин	10	ОШ „ПЕТАР КОЧИЋ“	Темерин, Новосадска бр. 192	Темерин	Новосадска бр. 192	45.395954	19.883080	objekat
Темерин	11	ОШ „ПЕТАР КОЧИЋ“	Темерин, Новосадска бр. 192	Темерин	Новосадска бр. 192	45.395954	19.883080	objekat
Темерин	12	ОШ „ПЕТАР КОЧИЋ“	Темерин, Новосадска бр. 192	Темерин	Новосадска бр. 192	45.395954	19.883080	objekat
Темерин	13	ОШ „ПЕТАР КОЧИЋ“	Темерин, Новосадска бр. 192	Темерин	Новосадска бр. 192	45.395954	19.883080	objekat
Темерин	14	ОШ „ПЕТАР КОЧИЋ“	Темерин, Народног фронта бр. 80	Темерин	Народног фронта бр. 80	45.405925	19.893259	objekat
Темерин	15	ОШ „ПЕТАР КОЧИЋ“	Темерин, Народног фронта бр. 80	Темерин	Народног фронта бр. 80	45.405925	19.893259	objekat
Темерин	16	ПУ „ВЕЉКО ВЛАХОВИЋ“ ОБЈЕКАТ „ПЧЕЛИЦА“	Темерин, Народног фронта бр. 84	Темерин	Народног фронта бр. 84	45.408862	19.893077	objekat
Темерин	17	ЛОВАЧКИ ДОМ	Темерин, Југословенске армије бр. 129 А	Темерин	Југословенске армије бр. 129 А	45.407847	19.897208	objekat
Темерин	18	УДРУЖЕЊЕ ЗАНАТЛИЈА И ПРЕДУЗЕТНИКА	Темерин, Новосадска бр. 365	Темерин	Новосадска бр. 365	45.406092	19.886753	objekat
Темерин	19	ОШ „ПЕТАР КОЧИЋ“	Темерин, Народног фронта бр. 80	Темерин	Народног фронта бр. 80	45.405925	19.893259	objekat
Темерин	20	УДРУЖЕЊЕ ПЕНЗИОНЕРА	Темерин, Новосадска бр. 314	Темерин	Новосадска бр. 314	45.406111	19.887557	objekat
Темерин	21	ФК ТСК	Темерин, Петефи Шандора бр. 98	Темерин	Петефи Шандора бр. 98	45.409784	19.876759	objekat
Темерин	22	ОШ „КОКАИ ИМРЕ“	Темерин, Кошут Лајоша бр. 31	Темерин	Кошут Лајоша бр. 31	45.409841	19.890312	objekat
Темерин	23	ЕПС ЕЛЕКТРОВОЈВОДИНА ТЕМЕРИН	Темерин, Новосадска бр. 478 А	Темерин	Новосадска бр. 478 А	45.419816	19.893690	objekat
Темерин	24	НОБИЛИ	Темерин, Новосадска бр. 511	Темерин	Новосадска бр. 511	45.418231	19.892062	objekat
Темерин	25	ПУ „ВЕЉКО ВЛАХОВИЋ“ ОБЈЕКАТ „ПЧЕЛИЦА“	Темерин, Народног фронта бр. 84	Темерин	Народног фронта бр. 84	45.408862	19.893077	objekat
Темерин	26	ПУ „ВЕЉКО ВЛАХОВИЋ“ ОБЈЕКАТ „СУНЦОКРЕТ“	Темерин, Киш Ференца бр. 1	Темерин	Киш Ференца бр. 1	45.427783	19.896735	objekat
Темерин	27	ПУ „ВЕЉКО ВЛАХОВИЋ“ ОБЈЕКАТ „СУНЦОКРЕТ“	Темерин, Киш Ференца бр. 1	Темерин	Киш Ференца бр. 1	45.427783	19.896735	objekat
Темерин	28	ЈКП „ТЕМЕРИН“	Темерин, Новосадска бр. 701	Темерин	Новосадска бр. 701	45.435615	19.897319	objekat
Темерин	29	ОШ „ДАНИЛО ЗЕЛЕНОВИЋ“	Сириг, Новосадска бр. 1	Сириг	Новосадска бр. 1	45.435527	19.812129	objekat
Темерин	30	МЗ СИРИГ	Сириг, Новосадска бр. 38	Сириг	Новосадска бр. 38	45.439992	19.812701	objekat
Темерин	31	ОШ „ДАНИЛО ЗЕЛЕНОВИЋ“	Сириг, Новосадска бр. 1	Сириг	Новосадска бр. 1	45.435527	19.812129	objekat
Тител	1	ОСНОВНИ СУД - СУДСКА ЈЕДИНИЦА ТИТЕЛ	ТИТЕЛ, ГЛАВНА БР. 14	ТИТЕЛ	ГЛАВНА БР. 14	45.204459	20.309079	objekat
Тител	2	НБ "СТОЈАН ТРУМИЋ"	ТИТЕЛ, ГЛАВНА БР. 10	ТИТЕЛ	ГЛАВНА БР. 10	45.204670	20.309708	objekat
Тител	3	ПЕНЗИОНЕРСКИ ДОМ	ТИТЕЛ, ЗМАЈ ЈОВИНА БР. 1	ТИТЕЛ	ЗМАЈ ЈОВИНА БР. 1	45.266559	20.087382	objekat
Тител	4	ЛОВАЧКИ ДОМ	ТИТЕЛ, ВУКА СТЕФАНОВИЋА КАРАЏИЋА БР. 4	ТИТЕЛ	ВУКА СТЕФАНОВИЋА КАРАЏИЋА БР. 4	45.203424	20.304277	objekat
Тител	5	ГОРЊА ШКОЛА	ТИТЕЛ, ГЛАВНА БР. 130	ТИТЕЛ	ГЛАВНА БР. 130	45.205701	20.293020	objekat
Тител	6	ЛОКАЛ - ЗГРАДА СТАРОГ КОМБИНАТА	ТИТЕЛ, ГЛАВНА БР. 118	ТИТЕЛ	ГЛАВНА БР. 118	45.205464	20.295395	objekat
Тител	7	ГОРЊА ШКОЛА	ТИТЕЛ, ГЛАВНА БР. 130	ТИТЕЛ	ГЛАВНА БР. 130	45.205701	20.293020	objekat
Тител	8	ГОРЊА ШКОЛА	ТИТЕЛ, ГЛАВНА БР. 130	ТИТЕЛ	ГЛАВНА БР. 130	45.205701	20.293020	objekat
Тител	9	ГОРЊА ШКОЛА	ТИТЕЛ, ГЛАВНА БР. 130	ТИТЕЛ	ГЛАВНА БР. 130	45.205701	20.293020	objekat
Тител	10	ДОМ КУЛТУРЕ	ЛОК, СРПСКИХ ВЛАДАРА БР. 23/А	ЛОК	СРПСКИХ ВЛАДАРА БР. 23/А	45.216029	20.207586	objekat
Тител	11	ОСНОВНА ШКОЛА	ЛОК, БРАНКА РАДИЧЕВИЋА БР. 12	ЛОК	БРАНКА РАДИЧЕВИЋА БР. 12	45.216103	20.208520	objekat
Тител	12	МЕСНА КАНЦЕЛАРИЈА	ВИЛОВО, ЖАРКА ЗРЕЊАНИНА БР. 1	ВИЛОВО	ЖАРКА ЗРЕЊАНИНА БР. 1	45.245726	20.157026	objekat
Тител	13	ОСНОВНА ШКОЛА	ВИЛОВО, 22. ОКТОБРА БР. 73	ВИЛОВО	22. ОКТОБРА БР. 73	45.250560	20.150976	objekat
Тител	14	ДОМ КУЛТУРЕ	ГАРДИНОВЦИ, КРАЉА ПЕТРА ПРВОГ БР. 4	ГАРДИНОВЦИ	КРАЉА ПЕТРА ПРВОГ БР. 4	45.200338	20.134318	objekat
Тител	15	ПЕНЗИОНЕРСКИ ДОМ	ГАРДИНОВЦИ, КРАЉА ПЕТРА ПРВОГ БР. 4	ГАРДИНОВЦИ	КРАЉА ПЕТРА ПРВОГ БР. 4	45.200338	20.134318	objekat
Тител	16	ОСНОВНА ШКОЛА	ШАЈКАШ, ПЕТРА ДРАПШИНА БР. 56	ШАЈКАШ	ПЕТРА ДРАПШИНА БР. 56	45.271073	20.091177	objekat
Тител	17	ОСНОВНА ШКОЛА	ШАЈКАШ, ПЕТРА ДРАПШИНА БР. 56	ШАЈКАШ	ПЕТРА ДРАПШИНА БР. 56	45.271073	20.091177	objekat
Тител	18	ОСНОВНА ШКОЛА	ШАЈКАШ, ПЕТРА ДРАПШИНА БР. 56	ШАЈКАШ	ПЕТРА ДРАПШИНА БР. 56	45.271073	20.091177	objekat
Тител	19	БИВША МЕСНА КАНЦЕЛАРИЈА	ШАЈКАШ, НИКОЛЕ ТЕСЛЕ БР. 4	ШАЈКАШ	НИКОЛЕ ТЕСЛЕ БР. 4	45.272128	20.085950	objekat
Тител	20	ОСНОВНА ШКОЛА	ШАЈКАШ, ПЕТРА ДРАПШИНА БР. 56	ШАЈКАШ	ПЕТРА ДРАПШИНА БР. 56	45.271073	20.091177	objekat
Тител	21	МЕСНА КАНЦЕЛАРИЈА	ШАЈКАШ, НИКОЛЕ ТЕСЛЕ БР. 29	ШАЈКАШ	НИКОЛЕ ТЕСЛЕ БР. 29	45.272401	20.088627	objekat
Тител	22	МЕСНА ЗАЈЕДНИЦА	МОШОРИН, СВЕТОЗАРА МИЛЕТИЋА БР. 78	МОШОРИН	СВЕТОЗАРА МИЛЕТИЋА БР. 78	45.299691	20.177709	objekat
Тител	23	ОСНОВНА ШКОЛА	МОШОРИН, ИСИДОРЕ СЕКУЛИЋ БР. 10	МОШОРИН	ИСИДОРЕ СЕКУЛИЋ БР. 10	45.299652	20.178158	objekat
Тител	24	КООПЕРАЦИЈА	МОШОРИН, СВЕТОЗАРА МИЛЕТИЋА БР. 54	МОШОРИН	СВЕТОЗАРА МИЛЕТИЋА БР. 54	45.300598	20.173982	objekat
Тител	25	ЛОКАЛ "КОД МИЋЕ"	МОШОРИН, ЈОВАНОВИЋЕВА БР. 24	МОШОРИН	ЈОВАНОВИЋЕВА БР. 24	45.303297	20.165252	objekat
Топола	1	ОСНОВНА ШКОЛА	Белосавци	Белосавци		44.328345	20.690391	naselje
Топола	2	ОСНОВНА ШКОЛА	Блазнава	Блазнава		44.172348	20.622429	naselje
Топола	3	ОСНОВНА ШКОЛА	Божурња	Божурња		44.222414	20.709228	naselje
Топола	4	ОСНОВНА ШКОЛА	Винча	Винча		44.212550	20.638712	naselje
Топола	5	ОСНОВНА ШКОЛА	Јарменовци	Јарменовци		44.184839	20.544364	naselje
Топола	6	ОСНОВНА ШКОЛА – ВАРОШИЦА	Горња Трнава	Горња Трнава		44.183397	20.765035	naselje
Топола	7	ОСНОВНА ШКОЛА – ВИТЛИНА	Горња Трнава	Горња Трнава		44.183397	20.765035	naselje
Топола	8	ДОМ КУЛТУРЕ ЦЕНТАР	Доња Трнава	Доња Трнава		44.197493	20.794301	naselje
Топола	9	ОСНОВНА ШКОЛА	Доња Шаторња	Доња Шаторња		44.194842	20.606021	naselje
Топола	10	О ОСНОВНА ШКОЛА	Жабаре	Жабаре		44.255510	20.731889	naselje
Топола	11	ОСНОВНА ШКОЛА	Горович	Горович		44.232101	20.743174	naselje
Топола	12	ОСНОВНА ШКОЛА	Доња Трешњевица	Доња Трешњевица		44.208419	20.571084	naselje
Топола	13	ОСНОВНА ШКОЛА	Загорица	Загорица		44.305946	20.727811	naselje
Топола	14	ОСНОВНА ШКОЛА	Јеленац	Јеленац		44.348005	20.707297	naselje
Топола	15	ОСНОВНА ШКОЛА	Јунковац	Јунковац		44.258744	20.766953	naselje
Топола	16	ОСНОВНА ШКОЛА	Клока	Клока		44.288267	20.811426	naselje
Топола	17	ОСНОВНА ШКОЛА	Крћевац	Крћевац		44.300795	20.689619	naselje
Топола	18	ОСНОВНА ШКОЛА	Липовац	Липовац		44.252915	20.634127	naselje
Топола	19	ОСНОВНА ШКОЛА	Маскар	Маскар		44.337018	20.734506	naselje
Топола	20	ОСНОВНА ШКОЛА	Наталинци	Наталинци		44.253826	20.804840	naselje
Топола	21	ОСНОВНА ШКОЛА	Овсиште	Овсиште		44.198421	20.709872	naselje
Топола	22	ОСНОВНА ШКОЛА	Пласковац	Пласковац		44.190797	20.669169	naselje
Топола	23	ДОМ КУЛТУРЕ	Рајковац	Рајковац		44.320716	20.762701	naselje
Топола	24	ОСНОВНА ШКОЛА	Светлић	Светлић		44.176633	20.806603	naselje
Топола	25	ОСНОВНИ СУД АРАНЂЕЛОВАЦ СУДСКА ЈЕДИНИЦА ТОПОЛА	Топола (варош)	Топола (варош)				nije_nadjeno
Топола	26	СРЕДЊА ШКОЛА „КРАЉ ПЕТАР I“	Топола (варош)	Топола (варош)				nije_nadjeno
Топола	27	ЗГРАДА БИОСКОПА	Топола (варош)	Топола (варош)				nije_nadjeno
Топола	28	ОШ „КАРАЂОРЂЕ“	Топола (село)	Топола (село)		44.253345	20.664425	naselje
Топола	29	ОШ „КАРАЂОРЂЕ“	Топола (село)	Топола (село)		44.253345	20.664425	naselje
Топола	30	СОФК КАРАЂОРЂЕ ДОО	Топола (село)	Топола (село)		44.253345	20.664425	naselje
Топола	31	ОСНОВНА ШКОЛА	Шуме	Шуме		44.227996	20.776927	naselje
Трговиште	1	ОСНОВНА ШКОЛА	БАРБАЦЕ, МИЛОРАДА МИТИЋА 13	БАРБАЦЕ	МИЛОРАДА МИТИЋА 13	42.370823	21.960719	objekat
Трговиште	2	ОСНОВНА ШКОЛА	НОВО СЕЛО, ПЧИЊСКА 272	НОВО СЕЛО	ПЧИЊСКА 272	42.382102	21.977577	objekat
Трговиште	3	ОСНОВНА ШКОЛА	ШАЈИНЦЕ, ПЧИЊСКА 190	ШАЈИНЦЕ	ПЧИЊСКА 190	42.385603	22.026104	objekat
Трговиште	4	ОСНОВНА ШКОЛА	ЦРНОВЦЕ, ЦРНОВСКИ ПУТ 79	ЦРНОВЦЕ	ЦРНОВСКИ ПУТ 79	42.411417	22.078277	objekat
Трговиште	5	ОСНОВНА ШКОЛА	ДОЊА ТРНИЦА, ШКОЛСКА 36	ДОЊА ТРНИЦА	ШКОЛСКА 36	42.379430	22.065634	objekat
Трговиште	6	ОСНОВНА ШКОЛА	ЗЛАДОВЦЕ, ЗЛАДОВСКИ ПУТ 20	ЗЛАДОВЦЕ	ЗЛАДОВСКИ ПУТ 20	42.396498	22.121120	objekat
Трговиште	7	ОСНОВНА ШКОЛА	ГОРЊА ТРНИЦА, ЈЕЧМИШТЕ 1	ГОРЊА ТРНИЦА	ЈЕЧМИШТЕ 1	42.365703	22.148824	naselje
Трговиште	8	ОСНОВНА ШКОЛА	ЛЕСНИЦА, ЦАРИЦЕ ЈЕЛЕНЕ 39	ЛЕСНИЦА	ЦАРИЦЕ ЈЕЛЕНЕ 39	42.332701	22.138142	objekat
Трговиште	9	ОСНОВНА ШКОЛА	ДОЊИ КОЗЈИ ДОЛ, ПАТРИЈАРХА ПАВЛА 254 B	ДОЊИ КОЗЈИ ДОЛ	ПАТРИЈАРХА ПАВЛА 254 B	42.337190	22.099166	ulica
Трговиште	10	ОСНОВНА ШКОЛА	ШИРОКА ПЛАНИНА, СРЕДЊА МАХАЛА 2	ШИРОКА ПЛАНИНА	СРЕДЊА МАХАЛА 2	42.307778	22.033611	naselje
Трговиште	11	НАРОДНА БИБЛИОТЕКА "АНТОНИЈЕ ПОПОВИЋ"	ТРГОВИШТЕ, КРАЉА ПЕТРА І КАРАЂОРЂЕВИЋА БР. 1	ТРГОВИШТЕ	КРАЉА ПЕТРА І КАРАЂОРЂЕВИЋА БР. 1	42.362140	22.085474	objekat
Трговиште	12	ССШ "МИЛУТИН БОЈИЋ"	ТРГОВИШТЕ, МИЛУТИНА БОЈИЋА 27	ТРГОВИШТЕ	МИЛУТИНА БОЈИЋА 27	42.362116	22.079089	objekat
Трговиште	13	ПРЕДШКОЛСКА УСТАНОВА "ПОЛЕТАРАЦ"	ТРГОВИШТЕ, ЈНА БР.24	ТРГОВИШТЕ	ЈНА БР.24	42.363517	22.081776	objekat
Трговиште	14	ОСНОВНА ШКОЛА "БРАНКО РАДИЧЕВИЋ"	ТРГОВИШТЕ, 8. СРПСКЕ УДАРНЕ БРИГАДЕ БР. 1	ТРГОВИШТЕ	8. СРПСКЕ УДАРНЕ БРИГАДЕ БР. 1	42.363850	22.084409	objekat
Трговиште	15	ЦЕНТАР ЗА СОЦИЈАЛНИ РАД ТРГОВИШТЕ	ТРГОВИШТЕ, ЈНА 40 Б	ТРГОВИШТЕ	ЈНА 40 Б	42.364936	22.079962	objekat
Трговиште	16	ОСНОВНА ШКОЛА	СУРЛИЦА, БИГЛАР ББ	СУРЛИЦА	БИГЛАР ББ	42.350425	22.200803	naselje
Трговиште	17	ОСНОВНА ШКОЛА	ГОРЊИ СТАЈЕВАЦ, ТРИПУШЊИЧКА 446 Б	ГОРЊИ СТАЈЕВАЦ	ТРИПУШЊИЧКА 446 Б	42.404502	22.200453	objekat
Трговиште	18	ОСНОВНА ШКОЛА	Нови глог, ЂОРИНЦИ 7	Нови глог	ЂОРИНЦИ 7	42.450450	22.116238	naselje
Трговиште	19	ОСНОВНА ШКОЛА "ВУК КАРАЏИЋ"	ДОЊИ СТАЈЕВАЦ, ПЕТРА И ПАВЛА 12	ДОЊИ СТАЈЕВАЦ	ПЕТРА И ПАВЛА 12	42.404513	22.164005	objekat
Трговиште	20	ЗДРАВСТВЕНА АМБУЛАНТА	ДОЊИ СТАЈЕВАЦ, ГЛОШКИ ПУТ 2	ДОЊИ СТАЈЕВАЦ	ГЛОШКИ ПУТ 2	42.402603	22.162385	objekat
Трговиште	21	ПУ ПОЛЕТАРАЦ ИСТУРЕНО ОДЕЉЕЊЕ	РАДОВНИЦА, ТРИПУШЊИЧКА ББ	РАДОВНИЦА	ТРИПУШЊИЧКА ББ	42.418177	22.231473	ulica
Трговиште	22	ЗДРАВСТВЕНА АМБУЛАНТА	РАДОВНИЦА, РАДНИЧКА 5	РАДОВНИЦА	РАДНИЧКА 5	42.413713	22.224567	objekat
Трговиште	23	ОСНОВНА ШКОЛА "ЖАРКО ЗРЕЊАНИН" УЧА	РАДОВНИЦА, ТРИПУШЊИЧКА 535	РАДОВНИЦА	ТРИПУШЊИЧКА 535	42.414344	22.227379	objekat
Трговиште	24	МЕСНА КАНЦЕЛАРИЈА	РАДОВНИЦА, ТРИПУШЊИЧКА 539	РАДОВНИЦА	ТРИПУШЊИЧКА 539	42.414148	22.227928	objekat
Трговиште	25	ОСНОВНА ШКОЛА	ЦРВЕНИ ГРАД, ТРИПУШЊИЧКА 642	ЦРВЕНИ ГРАД	ТРИПУШЊИЧКА 642	42.423575	22.254000	objekat
Трстеник	1	ОШ "МИОДРАГ ЧАЈЕТИНАЦ ЧАЈКА"	ТРСТЕНИК, БРАНКА РАДИЧЕВИЋА БР.1	ТРСТЕНИК	БРАНКА РАДИЧЕВИЋА БР.1	43.616863	20.996346	objekat
Трстеник	2	ЛИКОВНИ САЛОН У НАРОДНОМ УНИВЕРЗИТЕТУ	ТРСТЕНИК, КНЕГИЊЕ МИЛИЦЕ БР. 16	ТРСТЕНИК	КНЕГИЊЕ МИЛИЦЕ БР. 16	43.619842	20.999463	objekat
Трстеник	3	ТЕХНИЧКА ШКОЛА	ТРСТЕНИК, ВУКА КАРАЏИЋА БР. 9	ТРСТЕНИК	ВУКА КАРАЏИЋА БР. 9	43.618627	20.999312	objekat
Трстеник	4	ВИСОКА ТЕХНИЧКО - МАШИНСКА ШКОЛА	ТРСТЕНИК, РАДОЈА КРСТИЋА БР. 19	ТРСТЕНИК	РАДОЈА КРСТИЋА БР. 19	43.617882	20.999379	objekat
Трстеник	5	ДЕЧИЈИ ВРТИЋ "БИСЕРИ"	ТРСТЕНИК, РАДОЈА КРСТИЋА БР. 90	ТРСТЕНИК	РАДОЈА КРСТИЋА БР. 90	43.616444	21.004807	objekat
Трстеник	6	ОПШТИНСКА ОРГАНИЗАЦИЈА ПЕНЗИОНЕРА "ТРСТЕНИК"	ТРСТЕНИК, РАДОЈА КРСТИЋА БР. 86	ТРСТЕНИК	РАДОЈА КРСТИЋА БР. 86	43.616930	21.004128	objekat
Трстеник	7	БИВШИ ДОМ УЧЕНИКА СРЕДЊИХ ШКОЛА "ТРСТЕНИК"	ТРСТЕНИК, ДАМЈАНА МАКСИЋА БР. 2	ТРСТЕНИК	ДАМЈАНА МАКСИЋА БР. 2	43.620214	20.998445	naselje
Трстеник	8	БИВША МШ "КОРНЕЛИЈЕ СТАНКОВИЋ"	ТРСТЕНИК, ОБРЕНА-БРЕНЕ АНТИЋА БР. 13	ТРСТЕНИК	ОБРЕНА-БРЕНЕ АНТИЋА БР. 13	43.616586	21.008685	objekat
Трстеник	9	ОШ "ЖИВАДИН АПОСТОЛОВИЋ"	ТРСТЕНИК, КНЕГИЊЕ МИЛИЦЕ БР. 41	ТРСТЕНИК	КНЕГИЊЕ МИЛИЦЕ БР. 41	43.619332	21.004839	objekat
Трстеник	10	ОШ "СВЕТИ САВА"	ТРСТЕНИК, КАРАЂОРЂЕВА ББ	ТРСТЕНИК	КАРАЂОРЂЕВА ББ	43.609445	21.011152	objekat
Трстеник	11	ОШ "СВЕТИ САВА"	ТРСТЕНИК, КАРАЂОРЂЕВА ББ	ТРСТЕНИК	КАРАЂОРЂЕВА ББ	43.609445	21.011152	objekat
Трстеник	12	ЗГРАДА ОСНОВНОГ ОБРАЗОВАЊА	ТРСТЕНИК, ЧАИРИ 46	ТРСТЕНИК	ЧАИРИ 46	43.611093	21.024849	naselje
Трстеник	13	АЕРО КЛУБ "ТРСТЕНИК"	ТРСТЕНИК, АЕРОДРОМ ТРСТЕНИК	ТРСТЕНИК	АЕРОДРОМ ТРСТЕНИК	43.614261	21.029599	drugo:aeroway
Трстеник	14	ОШ "МИОДРАГ ЧАЈЕТИНАЦ ЧАЈКА"	ТРСТЕНИК, КРАЉЕВАЧКА БР. 42	ТРСТЕНИК	КРАЉЕВАЧКА БР. 42	43.617867	20.980849	objekat
Трстеник	15	МЕСНА КАНЦЕЛАРИЈА	ОЏАЦИ	ОЏАЦИ		43.600420	21.030229	ulica
Трстеник	16	ОШ "СВЕТИ САВА"	ОЏАЦИ	ОЏАЦИ		43.600420	21.030229	ulica
Трстеник	17	ДОМ КУЛТУРЕ	ПОЧЕКОВИНА	ПОЧЕКОВИНА				nije_nadjeno
Трстеник	18	МЕСНА КАНЦЕЛАРИЈА	ПОЧЕКОВИНА	ПОЧЕКОВИНА				nije_nadjeno
Трстеник	19	ОШ "КНЕГИЊА МИЛИЦА"	ГОРЊИ РИБНИК	ГОРЊИ РИБНИК				nije_nadjeno
Трстеник	20	ОШ "КНЕГИЊА МИЛИЦА"	ЛОПAШ	ЛОПAШ				nije_nadjeno
Трстеник	21	ОШ "КНЕГИЊА МИЛИЦА"	ЛОПАШ	ЛОПАШ				nije_nadjeno
Трстеник	22	ОШ "КНЕГИЊА МИЛИЦА"	ГОРЊА ЦРНИШАВА	ГОРЊА ЦРНИШАВА				nije_nadjeno
Трстеник	23	ОШ "КНЕГИЊА МИЛИЦА"	ДОЊА ЦРНИШАВА	ДОЊА ЦРНИШАВА				nije_nadjeno
Трстеник	24	МЕСНА КАНЦЕЛАРИЈА	ЈАСИКОВИЦА	ЈАСИКОВИЦА				nije_nadjeno
Трстеник	25	ЛОКАЛ ЋОСИЋ НЕНАДА	БУЧЈЕ	БУЧЈЕ				nije_nadjeno
Трстеник	26	ОШ "ЈОВАН ЈОВАНОВИЋ ЗМАЈ"	ВЕЛУЋЕ	ВЕЛУЋЕ				nije_nadjeno
Трстеник	27	ДОМ КУЛТУРЕ	РИЂЕВШТИЦА	РИЂЕВШТИЦА				nije_nadjeno
Трстеник	28	ДОМ КУЛТУРЕ	ТОБОЛАЦ	ТОБОЛАЦ				nije_nadjeno
Трстеник	29	ОШ "ЈОВАН ЈОВАНОВИЋ ЗМАЈ"	ОКРУГЛИЦА	ОКРУГЛИЦА				nije_nadjeno
Трстеник	30	ОШ "ЈОВАН ЈОВАНОВИЋ ЗМАЈ"	ОКРУГЛИЦА	ОКРУГЛИЦА				nije_nadjeno
Трстеник	31	ДОМ КУЛТУРЕ	СТАРИ ТРСТЕНИК	СТАРИ ТРСТЕНИК				nije_nadjeno
Трстеник	32	ДОМ КУЛТУРЕ	БРЕСНО ПОЉЕ	БРЕСНО ПОЉЕ				nije_nadjeno
Трстеник	33	ОШ "ЈОВАН ЈОВАНОВИЋ ЗМАЈ"	СТОПАЊА	СТОПАЊА				nije_nadjeno
Трстеник	34	ДОМ КУЛТУРЕ	СТОПАЊА	СТОПАЊА				nije_nadjeno
Трстеник	35	ОШ "ЈОВАН ЈОВАНОВИЋ ЗМАЈ"	ДОЊА ОМАШНИЦА	ДОЊА ОМАШНИЦА				nije_nadjeno
Трстеник	36	ДОМ КУЛТУРЕ	ГОЛУБОВАЦ	ГОЛУБОВАЦ				nije_nadjeno
Трстеник	37	ОШ "ЈОВАН ЈОВАНОВИЋ ЗМАЈ"	ГОРЊА ОМАШНИЦА	ГОРЊА ОМАШНИЦА				nije_nadjeno
Трстеник	38	ОШ "СВЕТИ САВА"	ПОПИНА	ПОПИНА		43.595199	20.950166	naselje
Трстеник	39	ОШ "СВЕТИ САВА"	ДУБЉЕ	ДУБЉЕ		43.612591	20.956241	ulica
Трстеник	40	ОШ "СВЕТИ САВА"	БРЕЗОВИЦА	БРЕЗОВИЦА				nije_nadjeno
Трстеник	41	ОШ "СВЕТИ САВА"	СТУБЛИЦА	СТУБЛИЦА				nije_nadjeno
Трстеник	42	ДОМ КУЛТУРЕ ГРАБОВАЦ	ТРСТЕНИК, МОРАВСКА БР. 20	ТРСТЕНИК	МОРАВСКА БР. 20	43.629788	20.995502	objekat
Трстеник	43	ОШ "МИОДРАГ ЧАЈЕТИНАЦ ЧАЈКА"	ТРСТЕНИК, ЈЕФИМИЈИНА БР. 6	ТРСТЕНИК	ЈЕФИМИЈИНА БР. 6	43.616515	20.994431	objekat
Трстеник	44	ОШ "МИОДРАГ ЧАЈЕТИНАЦ-ЧАЈКА"	УГЉАРЕВО	УГЉАРЕВО				nije_nadjeno
Трстеник	45	ОШ "МИОДРАГ ЧАЈЕТИНАЦ-ЧАЈКА"	ЛОЗНА	ЛОЗНА				nije_nadjeno
Трстеник	46	МЕСНА КАНЦЕЛАРИЈА	ПЛАНИНИЦА	ПЛАНИНИЦА				nije_nadjeno
Трстеник	47	ПЛАНИНАРСКИ ДОМ	ГОРЊИ ДУБИЧ	ГОРЊИ ДУБИЧ				nije_nadjeno
Трстеник	48	ДРУШТВЕНИ ДОМ	ДОЊИ ДУБИЧ	ДОЊИ ДУБИЧ				nije_nadjeno
Трстеник	49	ОШ "МИОДРАГ ЧАЈЕТИНАЦ-ЧАЈКА"	РАЈИНАЦ	РАЈИНАЦ				nije_nadjeno
Трстеник	50	ОШ "ЖИВАДИН АПОСТОЛОВИЋ"	БОГДАЊЕ	БОГДАЊЕ		43.631936	21.015449	ulica
Трстеник	51	ОШ "ЉУБИВОЈЕ БАЈИЋ"	МЕДВЕЂА	МЕДВЕЂА				nije_nadjeno
Трстеник	52	ОШ "ЉУБИВОЈЕ БАЈИЋ"	МЕДВЕЂА	МЕДВЕЂА				nije_nadjeno
Трстеник	53	ОШ "ЉУБИВОЈЕ БАЈИЋ"	МЕДВЕЂА	МЕДВЕЂА				nije_nadjeno
Трстеник	54	ОШ "ЉУБИВОЈЕ БАЈИЋ"	МИЈАЈЛОВАЦ	МИЈАЈЛОВАЦ				nije_nadjeno
Трстеник	55	ОШ "ЉУБИВОЈЕ БАЈИЋ"	РУЈИШНИК	РУЈИШНИК				nije_nadjeno
Трстеник	56	ОШ "ДОБРИЦА ЋОСИЋ"	ВЕЛИКА ДРЕНОВА	ВЕЛИКА ДРЕНОВА				nije_nadjeno
Трстеник	57	ДОМ КУЛТУРЕ	СТРАГАРИ	СТРАГАРИ				nije_nadjeno
Трстеник	58	МЕСНА ЗАЈЕДНИЦА	ВЕЛИКА ДРЕНОВА	ВЕЛИКА ДРЕНОВА				nije_nadjeno
Трстеник	59	ОШ "ДОБРИЦА ЋОСИЋ"	ВЕЛИКА ДРЕНОВА	ВЕЛИКА ДРЕНОВА				nije_nadjeno
Трстеник	60	ОШ "ДОБРИЦА ЋОСИЋ"	СЕЛИШТЕ	СЕЛИШТЕ				nije_nadjeno
Трстеник	61	ОШ "РАДЕ ДОДИЋ" МИЛУТОВАЦ	МИЛУТОВАЦ	МИЛУТОВАЦ				nije_nadjeno
Трстеник	62	ДОМ КУЛТУРЕ	МИЛУТОВАЦ	МИЛУТОВАЦ				nije_nadjeno
Трстеник	63	ОШ "РАДЕ ДОДИЋ" МИЛУТОВАЦ	МАЛА ДРЕНОВА	МАЛА ДРЕНОВА				nije_nadjeno
Трстеник	64	ЛОВАЧКО ДРУШТВО	ПОЉНА	ПОЉНА				nije_nadjeno
Трстеник	65	ОШ "РАДЕ ДОДИЋ" МИЛУТОВАЦ	РИЉАЦ	РИЉАЦ				nije_nadjeno
Трстеник	66	ОШ "РАДЕ ДОДИЋ" МИЛУТОВАЦ	МАЛА СУГУБИНА	МАЛА СУГУБИНА				nije_nadjeno
Трстеник	67	ДОМ КУЛТУРЕ	БОЖУРЕВАЦ	БОЖУРЕВАЦ				nije_nadjeno
Тутин	1	ЛОКАЛ РЕШАДА ХАМЗАГИЋА	Тутин, Богољуба Чукића бб	Тутин	Богољуба Чукића бб	42.988506	20.344064	ulica
Тутин	2	ПУ "ХАБИБА СТОЧЕВИЋ" - ВРТИЋ "СУНЦЕ"	Тутин, Сврачиће бб	Тутин	Сврачиће бб	42.986524	20.351904	ulica
Тутин	3	ДОМ КУЛТУРЕ - МАЛА САЛА	Тутин, Пештерска бр. 1	Тутин	Пештерска бр. 1	42.990681	20.336420	objekat
Тутин	4	ОШ "ВУК КАРАЏИЋ"	Тутин, Његошева бр. 3	Тутин	Његошева бр. 3	42.989154	20.335570	objekat
Тутин	5	КЛУБ ПЕНЗИОНЕРА И ИНВАЛИДА РАДА	Тутин, Пештерска бр. 5	Тутин	Пештерска бр. 5	42.990500	20.335301	objekat
Тутин	6	ГИМНАЗИЈА	Тутин, 7. јула бр. 18	Тутин	7. јула бр. 18	42.993067	20.333409	objekat
Тутин	7	ЛОКАЛ ШЕМСА ШАБАНОВИЋА	Тутин, Пештерска бб	Тутин	Пештерска бб	42.987513	20.327639	ulica
Тутин	8	ЛОКАЛ САФЕТА КАХРОВИЋА	Клече	Клече		42.957066	20.473940	naselje
Тутин	9	ОШ "ВУК КАРАЏИЋ"	Дубово	Дубово		43.007169	20.325542	ulica
Тутин	10	ДРОБИЛИШНО ПОСТРОЈЕЊЕ РПГП "23. НОВЕМБАР"	Дубово	Дубово		43.007169	20.325542	ulica
Тутин	11	ОСНОВНА ШКОЛА	Горњи Црниш	Горњи Црниш		42.980712	20.403445	ulica
Тутин	12	ОСНОВНА ШКОЛА	Добриње	Добриње		42.950099	20.370712	naselje
Тутин	13	КУЋА МИЛАНА АЛЕКСИЋА	Јужни Кочарник	Јужни Кочарник		42.970933	20.335323	naselje
Тутин	14	ОСНОВНА ШКОЛА	Биохане	Биохане		42.938030	20.331533	ulica
Тутин	15	ОСНОВНА ШКОЛА	Шпиљани	Шпиљани		42.919535	20.345337	naselje
Тутин	16	ПУ "ХАБИБА СТОЧЕВИЋ" - ВРТИЋ "БУБАМАРА"	Мала Раван	Мала Раван		42.982597	20.320967	ulica
Тутин	17	ОСНОВНА ШКОЛА	Бујковиће	Бујковиће		43.008539	20.290310	naselje
Тутин	18	ОСНОВНА ШКОЛА	Годово	Годово		42.950137	20.300786	naselje
Тутин	19	ЦЕНТАР ЗА АЗИЛ	Веље Поље	Веље Поље		42.985897	20.302894	naselje
Тутин	20	ОСНОВНА ШКОЛА	Саш	Саш		42.949749	20.248394	naselje
Тутин	21	ОСНОВНА ШКОЛА	Липица	Липица		43.001597	20.242095	naselje
Тутин	22	ОСНОВНА ШКОЛА	Долово	Долово		42.976269	20.214029	naselje
Тутин	23	ОСНОВНА ШКОЛА	Суви До	Суви До		43.046717	20.122305	naselje
Тутин	24	ОСНОВНА ШКОЛА	Ђерекаре	Ђерекаре		43.002972	20.141361	naselje
Тутин	25	ОСНОВНА ШКОЛА	Лескова	Лескова		43.047415	20.170016	naselje
Тутин	26	ОСНОВНА ШКОЛА (ИСТУРЕНО ОДЕЉЕЊЕ - НАБОЈЕ)	Лескова	Лескова		43.047415	20.170016	naselje
Тутин	27	ОСНОВНА ШКОЛА	Шароње (Учионица бр.1)	Шароње (Учионица бр.1)				nije_nadjeno
Тутин	28	ОСНОВНА ШКОЛА	Режевиће	Режевиће		43.073653	20.212355	naselje
Тутин	29	ОСНОВНА ШКОЛА	Браћак	Браћак		43.096596	20.164032	naselje
Тутин	30	ОСНОВНА ШКОЛА	Шароње (Учионица бр.2)	Шароње (Учионица бр.2)				nije_nadjeno
Тутин	31	ОСНОВНА ШКОЛА	Рамошево	Рамошево		43.107947	20.189090	ulica
Тутин	32	ОСНОВНА ШКОЛА	Мелаје (Учионица бр.1)	Мелаје (Учионица бр.1)				nije_nadjeno
Тутин	33	ОСНОВНА ШКОЛА	Пружањ	Пружањ		43.150466	20.284186	naselje
Тутин	34	ОСНОВНА ШКОЛА	Мелаје (Учионица бр.2)	Мелаје (Учионица бр.2)				nije_nadjeno
Тутин	35	ОСНОВНА ШКОЛА	Баћица	Баћица		43.129428	20.201239	naselje
Тутин	36	ОСНОВНА ШКОЛА	Делимеђе	Делимеђе		43.102632	20.299215	naselje
Тутин	37	ОСНОВНА ШКОЛА	Гурдијеље	Гурдијеље		43.096411	20.273053	ulica
Тутин	38	ОСНОВНА ШКОЛА – ДЕЛИМЕЂЕ	Потреб	Потреб		43.093474	20.326565	ulica
Тутин	39	ОСНОВНА ШКОЛА	Чаровина	Чаровина		43.132184	20.320587	naselje
Тутин	40	ОСНОВНА ШКОЛА	Морани	Морани		43.084138	20.363138	naselje
Тутин	41	ОСНОВНА ШКОЛА	Кониче	Кониче		43.061332	20.288403	naselje
Тутин	42	ОСНОВНА ШКОЛА	Добри Дуб	Добри Дуб		43.060403	20.321164	naselje
Тутин	43	ОСНОВНА ШКОЛА	Цркивне (Учионица бр.1)	Цркивне (Учионица бр.1)				nije_nadjeno
Тутин	44	ОСНОВНА ШКОЛА	Цркивне (Учионица бр.2)	Цркивне (Учионица бр.2)				nije_nadjeno
Тутин	45	ОСНОВНА ШКОЛА	Жирче	Жирче		43.024014	20.350903	naselje
Тутин	46	ОСНОВНА ШКОЛА	Цркивне (Учионица бр.3)	Цркивне (Учионица бр.3)				nije_nadjeno
Тутин	47	ОСНОВНА ШКОЛА	Пископовце	Пископовце		43.059155	20.418595	ulica
Тутин	48	ОСНОВНА ШКОЛА	Орље	Орље		43.007636	20.432945	naselje
Тутин	49	ОСНОВНА ШКОЛА	Паљево	Паљево		43.019941	20.395759	naselje
Тутин	50	ОСНОВНА ШКОЛА	Рибариће (Учионица бр.1)	Рибариће (Учионица бр.1)				nije_nadjeno
Тутин	51	ЛОКАЛ ХАЗИРА РАМИЧЕВИЋА	Рибариће	Рибариће		42.971633	20.454443	naselje
Тутин	52	ОСНОВНА ШКОЛА	Рибариће (Учионица бр.2)	Рибариће (Учионица бр.2)				nije_nadjeno
Тутин	53	ЛОКАЛ БЕЋИРА ДАУТОВИЋА	Језгровиће	Језгровиће		42.974146	20.479339	naselje
Тутин	54	ОСНОВНА ШКОЛА	Старчевиће	Старчевиће		42.964627	20.503130	naselje
Тутин	55	ОСНОВНА ШКОЛА	Источни Мојстир	Источни Мојстир		42.915297	20.441026	naselje
Тутин	56	ЛОКАЛ СЕНАДА МАВРИЋА	Батраге	Батраге		42.937592	20.397154	ulica
Тутин	57	ОСНОВНА ШКОЛА	Мојстир	Мојстир		42.909313	20.415052	naselje
Тутин	58	ОСНОВНА ШКОЛА	Западни Мојстир	Западни Мојстир		42.909313	20.415052	naselje
Тутин	59	ОСНОВНА ШКОЛА	Драга	Драга		42.903056	20.375164	naselje
Тутин	60	ОСНОВНА ШКОЛА	Врба	Врба		42.880095	20.360432	ulica
Тутин	61	ОСНОВНА ШКОЛА	Цркивне (Учионица бр.4)	Цркивне (Учионица бр.4)				nije_nadjeno
Ћићевац	1	КЛУБ ПЕНЗИОНЕРА	Браљина, НИКОЛИЋА ВЕСЕЛИНА 2	Браљина	НИКОЛИЋА ВЕСЕЛИНА 2	43.650392	21.463865	objekat
Ћићевац	2	ДОМ КУЛТУРЕ	Град Сталаћ, МОРАВСКА 63А	Град Сталаћ	МОРАВСКА 63А	43.668974	21.408752	objekat
Ћићевац	3	ПРОДАВНИЦА ЉУБИШЕ МИЛОЈЕВИЋА	Лучина, ВОЈСКЕ ЈУГОСЛАВИЈЕ 47	Лучина	ВОЈСКЕ ЈУГОСЛАВИЈЕ 47	43.700068	21.429344	objekat
Ћићевац	4	ДОМ КУЛТУРЕ	Лучина, СРПСКИХ ВЛАДАРА 87	Лучина	СРПСКИХ ВЛАДАРА 87	43.691322	21.444754	objekat
Ћићевац	5	ОСНОВНА ШКОЛА	Мрзеница, МИЛОЈА ЗАКИЋА 38Б	Мрзеница	МИЛОЈА ЗАКИЋА 38Б	43.656105	21.383580	objekat
Ћићевац	6	ДОМ КУЛТУРЕ	Плочник, КРАЉА ПЕТРА І 30	Плочник	КРАЉА ПЕТРА І 30	43.732138	21.503313	objekat
Ћићевац	7	КЛУБ ПЕНЗИОНЕРА	Појате, КРАЉА АЛЕКСАНДРА 58	Појате	КРАЉА АЛЕКСАНДРА 58	43.740874	21.455043	objekat
Ћићевац	8	ЖЕЛЕЗНИЧКА СТАНИЦА	Сталаћ, ДР ИЛИЈЕ НАГУЛИЋА 8	Сталаћ	ДР ИЛИЈЕ НАГУЛИЋА 8	43.679436	21.414036	naselje
Ћићевац	9	ДОМ КУЛТУРЕ	Сталаћ, ДР ИЛИЈЕ НАГУЛИЋА 123А	Сталаћ	ДР ИЛИЈЕ НАГУЛИЋА 123А	43.679436	21.414036	naselje
Ћићевац	10	ШУМИЦЕ	Сталаћ, ДР ИЛИЈЕ НАГУЛИЋА 54А	Сталаћ	ДР ИЛИЈЕ НАГУЛИЋА 54А	43.679436	21.414036	naselje
Ћићевац	11	ОСНОВНА ШКОЛА	Ћићевац, ЂУРЕ ДАНИЧИЋА 6А	Ћићевац	ЂУРЕ ДАНИЧИЋА 6А	43.722099	21.444936	objekat
Ћићевац	12	ОСНОВНА ШКОЛА	Ћићевац, ЂУРЕ ДАНИЧИЋА 6А	Ћићевац	ЂУРЕ ДАНИЧИЋА 6А	43.722099	21.444936	objekat
Ћићевац	13	НАРОДНА БИБЛИОТЕКА	Ћићевац, КАРАЂОРЂЕВА 108	Ћићевац	КАРАЂОРЂЕВА 108	43.720396	21.440666	objekat
Ћићевац	14	САЛА СКУПШТИНЕ ОПШТИНЕ	Ћићевац, КАРАЂОРЂЕВА 106	Ћићевац	КАРАЂОРЂЕВА 106	43.720530	21.440728	objekat
Ћићевац	15	СТАРИ ДЕЧИЈИ ВРТИЋ	Ћићевац, ДОСИТЕЈА ОБРАДОВИЋА 3	Ћићевац	ДОСИТЕЈА ОБРАДОВИЋА 3	43.716208	21.444880	objekat
Ћићевац	16	ЗЕМЉОРАДНИЧКА ЗАДРУГА	Ћићевац, КАРАЂОРЂЕВА 140	Ћићевац	КАРАЂОРЂЕВА 140	43.716394	21.440241	objekat
Ћићевац	17	ОБЈЕКАТ НА УГЛУ КАРАЂОРЂЕВЕ И ЦАРА ЛАЗАРА	Ћићевац, КАРАЂОРЂЕВА 251	Ћићевац	КАРАЂОРЂЕВА 251	43.716186	21.440530	objekat
Ћићевац	18	ОСНОВНА ШКОЛА	Трубарево, МИРКА ТОМИЋА 28	Трубарево	МИРКА ТОМИЋА 28	43.608236	21.484507	objekat
Ћуприја	1	ВРТИЋ "НЕВЕН"	Ћуприја, МЛИНСКА ББ	Ћуприја	МЛИНСКА ББ	43.945161	21.376898	objekat
Ћуприја	2	ОШ "13. ОКТОБАР"	Ћуприја, АЛЕКСЕ ШАНТИЋА ББ	Ћуприја	АЛЕКСЕ ШАНТИЋА ББ	43.936449	21.383321	objekat
Ћуприја	3	ЦЕНТАР ЗА СОЦИЈАЛНИ РАД	Ћуприја, ЦАРА ЛАЗАРА БР. 87	Ћуприја	ЦАРА ЛАЗАРА БР. 87	43.934489	21.378690	objekat
Ћуприја	4	І МЕСНА ЗАЈЕДНИЦА	Ћуприја, СВЕТОСАВСКА БР. 18	Ћуприја	СВЕТОСАВСКА БР. 18	43.934721	21.374989	objekat
Ћуприја	5	МЕДИЦИНСКА ШКОЛА	Ћуприја, РАДЕ КОНЧАРА БР. 1	Ћуприја	РАДЕ КОНЧАРА БР. 1	43.934585	21.369988	objekat
Ћуприја	6	ГИМНАЗИЈА	Ћуприја, КАРАЂОРЂЕВА БР. 57	Ћуприја	КАРАЂОРЂЕВА БР. 57	43.932920	21.371142	objekat
Ћуприја	7	ДЕЧИЈИ ВРТИЋ "ВИЛА ДОБРИЛА"	Ћуприја, ЦЕТИЊСКА ББ	Ћуприја	ЦЕТИЊСКА ББ	43.928138	21.379869	ulica
Ћуприја	8	ДОМ УЧЕНИКА "СРЕЋНО"	Ћуприја, ЂУРЕ ЂАКОВИЋА БР. 48	Ћуприја	ЂУРЕ ЂАКОВИЋА БР. 48	43.925471	21.383603	objekat
Ћуприја	9	СТОЈАНОВИЋ ЧАСЛАВА ПРИВАТНА КУЋА	Ћуприја, КНЕЗА МИЛОША БР. 57/А	Ћуприја	КНЕЗА МИЛОША БР. 57/А	43.925810	21.373162	objekat
Ћуприја	10	ІІ МЕСНА ЗАЈЕДНИЦА	Ћуприја, БОРИВОЈА ВЕЛИМАНОВИЋА ББ	Ћуприја	БОРИВОЈА ВЕЛИМАНОВИЋА ББ	43.919593	21.383529	ulica
Ћуприја	11	ОШ "ВУК КАРАЏИЋ"	Ћуприја, КНЕЗА МИЛОША БР. 96	Ћуприја	КНЕЗА МИЛОША БР. 96	43.923125	21.372868	objekat
Ћуприја	12	ТЕХНИЧКА ШКОЛА	Ћуприја, КНЕЗА МИЛОША ББ	Ћуприја	КНЕЗА МИЛОША ББ	43.913290	21.377801	objekat
Ћуприја	13	ВРТИЋ "ШЕЋЕРКО"	Ћуприја, РАДЕ МИЉКОВИЋ ББ	Ћуприја	РАДЕ МИЉКОВИЋ ББ	43.919932	21.371346	objekat
Ћуприја	14	ПАРТИЗАН	Ћуприја, КНЕЗА МИЛОША БР. 40	Ћуприја	КНЕЗА МИЛОША БР. 40	43.926803	21.372046	objekat
Ћуприја	15	ХАЛА СПОРТОВА "АДА"	Ћуприја, КНЕЗА МИЛОША БР. 57	Ћуприја	КНЕЗА МИЛОША БР. 57	43.926091	21.372984	objekat
Ћуприја	16	МЕСНА ЗАЈЕДНИЦА	Мијатовац, БРАЋЕ ЈУГОВИЋА БР. 31	Мијатовац	БРАЋЕ ЈУГОВИЋА БР. 31	43.951956	21.331476	naselje
Ћуприја	17	ОШ "ВУК КАРАЏИЋ"	Остриковац	Остриковац		43.922814	21.321007	naselje
Ћуприја	18	ДОМ КУЛТУРЕ	Паљане	Паљане		43.987947	21.439863	naselje
Ћуприја	19	ОШ "ЂУРА ЈАКШИЋ"	Сење	Сење		43.972389	21.491791	ulica
Ћуприја	20	ОШ "13. ОКТОБАР"	Супска	Супска		43.973979	21.374161	naselje
Ћуприја	21	ОШ "ВУК КАРАЏИЋ"	Вирине	Вирине		44.033533	21.418782	naselje
Ћуприја	22	МЕСНА ЗАЈЕДНИЦА	Влашка	Влашка		43.986575	21.358058	naselje
Ћуприја	23	ОШ "ВУК КАРАЏИЋ"	Иванковац	Иванковац		43.973249	21.435601	naselje
Ћуприја	24	ОШ "ЂУРА ЈАКШИЋ"	Исаково	Исаково		44.025957	21.382639	naselje
Ћуприја	25	МЕСНА ЗАЈЕДНИЦА	Јовац	Јовац		43.903833	21.316527	naselje
Ћуприја	26	ОШ "ВУК КАРАЏИЋ"	Кованица	Кованица		44.030750	21.493275	naselje
Ћуприја	27	ОШ "13. ОКТОБАР"	Крушар	Крушар		44.014759	21.338411	naselje
Ћуприја	28	МЕСНА ЗАЈЕДНИЦА	Старо Село	Старо Село		44.017654	21.495677	naselje
Ћуприја	29	ПРИВАТНА КУЋА У УЛ.	Бигреница	Бигреница		44.017917	21.464590	naselje
Ћуприја	30	ОШ "13. ОКТОБАР"	Батинац	Батинац		43.923604	21.435698	naselje
Ћуприја	31	ОШ "13. ОКТОБАР"	Добричево	Добричево		43.941307	21.409733	ulica
Уб	1	ОСНОВНА ШКОЛА	БАЊАНИ	БАЊАНИ		44.536634	19.979854	naselje
Уб	2	ОСНОВНА ШКОЛА	ВУКОНА	ВУКОНА		44.568698	19.945820	naselje
Уб	3	МЕСНА КАНЦЕЛАРИЈА	КАЛИНОВАЦ	КАЛИНОВАЦ		44.501793	19.954100	naselje
Уб	4	ФУДБАЛСКИ КЛУБ БРГУЛЕ	БРГУЛЕ	БРГУЛЕ		44.521379	20.199526	naselje
Уб	5	ОСНОВНА ШКОЛА	БРГУЛЕ	БРГУЛЕ		44.521379	20.199526	naselje
Уб	6	ФУДБАЛСКИ КЛУБ ЛИСО ПОЉЕ	ЛИСО ПОЉЕ	ЛИСО ПОЉЕ		44.550668	20.197889	naselje
Уб	7	ОСНОВНА ШКОЛА	БРЕЗОВИЦА	БРЕЗОВИЦА		44.482036	19.967230	naselje
Уб	8	КУЋА ЉУБИЧИЋ ДРАГАНА	ВРЕЛО	ВРЕЛО		44.505802	20.027315	naselje
Уб	9	КУЋА ЈОКИЋ МИЛОВАНА	ВРЕЛО	ВРЕЛО		44.505802	20.027315	naselje
Уб	10	ОСНОВНА ШКОЛА	ВРЕЛО	ВРЕЛО		44.505802	20.027315	naselje
Уб	11	КУЋА ЈОВИЧИЋ СВЕТИСЛАВА	ВРЕЛО	ВРЕЛО		44.505802	20.027315	naselje
Уб	12	ОСНОВНА ШКОЛА	ДОКМИР	ДОКМИР		44.401754	19.962330	naselje
Уб	13	ОСНОВНА ШКОЛА	ЗВИЗДАР	ЗВИЗДАР		44.426207	20.032658	naselje
Уб	14	НОВА ОСНОВНА ШКОЛА	КАЛЕНИЋ	КАЛЕНИЋ		44.509430	20.201005	naselje
Уб	15	ОСНОВНА ШКОЛА	КОЖУАР	КОЖУАР		44.550246	19.923065	naselje
Уб	16	СТАРА ПРОДАВНИЦА У ГАЈИЋА КРАЈУ	КОЖУАР	КОЖУАР		44.550246	19.923065	naselje
Уб	17	МЕСНА ЗАЈЕДНИЦА	МИЛОРЦИ	МИЛОРЦИ		44.514475	20.110560	naselje
Уб	18	ОСНОВНА ШКОЛА	ЦРВЕНА ЈАБУКА	ЦРВЕНА ЈАБУКА		44.497443	20.099220	naselje
Уб	19	ОСНОВНА ШКОЛА	ЛОНЧАНИК	ЛОНЧАНИК		44.527028	20.117070	naselje
Уб	20	ОСНОВНА ШКОЛА	ЈОШЕВА	ЈОШЕВА		44.527325	20.082532	naselje
Уб	21	ОСНОВНА ШКОЛА	МУРГАШ	МУРГАШ		44.418610	20.076592	naselje
Уб	22	ОСНОВНА ШКОЛА	РУКЛАДА	РУКЛАДА		44.405297	20.112977	naselje
Уб	23	ОСНОВНА ШКОЛА	ВРХОВИНЕ	ВРХОВИНЕ		44.388108	20.047175	naselje
Уб	24	ОСНОВНА ШКОЛА	НОВАЦИ	НОВАЦИ		44.494692	19.922153	naselje
Уб	25	ЗАДРУЖНА ЗГРАДА - МАГАЦИН	НОВАЦИ	НОВАЦИ		44.494692	19.922153	naselje
Уб	26	ОСНОВНА ШКОЛА	ПАЉУВИ	ПАЉУВИ		44.432803	20.137701	naselje
Уб	27	ДОМ ОМЛАДИНЕ	СТУБЛЕНИЦА	СТУБЛЕНИЦА		44.457865	20.123786	ulica
Уб	28	ОСНОВНА ШКОЛА	ПАМБУКОВИЦА	ПАМБУКОВИЦА		44.442823	19.921933	naselje
Уб	29	ОСНОВНА ШКОЛА	РАДУША	РАДУША		44.419798	19.884205	naselje
Уб	30	ОСНОВНА ШКОЛА	РАДЉЕВО	РАДЉЕВО		44.496053	20.170879	naselje
Уб	31	ОСНОВНА ШКОЛА	РАДЉЕВО	РАДЉЕВО		44.496053	20.170879	naselje
Уб	32	ОСНОВНА ШКОЛА	ШАРБАНЕ	ШАРБАНЕ		44.491000	20.133033	naselje
Уб	33	ОСНОВНА ШКОЛА	ЧУЧУГЕ	ЧУЧУГЕ		44.424551	19.971388	naselje
Уб	34	ОСНОВНА ШКОЛА	СЛАТИНА	СЛАТИНА		44.399571	19.912962	naselje
Уб	35	МОБИЛНИ ОБЈЕКАТ	КРШНА ГЛАВА	КРШНА ГЛАВА		44.382869	19.943889	naselje
Уб	36	ОСНОВНА ШКОЛА	СОВЉАК	СОВЉАК		44.460311	20.025988	naselje
Уб	37	ОСНОВНА ШКОЛА	ТАКОВО	ТАКОВО		44.498562	20.051037	naselje
Уб	38	МЕСНА КАНЦЕЛАРИЈА	ТВРДОЈЕВАЦ	ТВРДОЈЕВАЦ		44.428167	19.998398	naselje
Уб	39	ОСНОВНА ШКОЛА	ТВРДОЈЕВАЦ	ТВРДОЈЕВАЦ		44.428167	19.998398	naselje
Уб	40	ОСНОВНА ШКОЛА	ГВОЗДЕНОВИЋ	ГВОЗДЕНОВИЋ		44.386432	20.026015	naselje
Уб	41	ОСНОВНА ШКОЛА	ТРЛИЋ	ТРЛИЋ		44.461826	19.978404	naselje
Уб	42	ОСНОВНА ШКОЛА	ТУЛАРИ	ТУЛАРИ		44.519511	19.911899	naselje
Уб	43	ДОМ КУЛТУРЕ	УБ	УБ		44.456191	20.073995	naselje
Уб	44	ПРЕДШКОЛСКА УСТАНУВА У УБУ (стари део објекта, улаз из Улице Милоша Селаковића)	УБ	УБ		44.456191	20.073995	naselje
Уб	45	МУЗИЧКА ШКОЛА	УБ	УБ		44.456191	20.073995	naselje
Уб	46	МУЗИЧКА ШКОЛА	УБ	УБ		44.456191	20.073995	naselje
Уб	47	ОСНОВНА ШКОЛА	УБ	УБ		44.456191	20.073995	naselje
Уб	48	ОСНОВНА ШКОЛА	УБ	УБ		44.456191	20.073995	naselje
Уб	49	ОСНОВНА ШКОЛА	УБ	УБ		44.456191	20.073995	naselje
Уб	50	ЗГРАДА ГРАДСКОГ БАЗЕНА	УБ	УБ		44.456191	20.073995	naselje
Уб	51	ПОСЛОНИ ПРОСТОР ГОРАНА СИМИЋА	ГУЊЕВАЦ	ГУЊЕВАЦ		44.439160	20.046210	naselje
Уб	52	ПРОДАВНИЦА ВАСИЉЕВИЋ СНЕЖАНЕ	СОВЉАК	СОВЉАК		44.460311	20.025988	naselje
Ужице	1	ОСНОВНА ШКОЛА	Мокра Гора, Улица Котроманска бр. 130	Мокра Гора	Улица Котроманска бр. 130	43.789016	19.500422	objekat
Ужице	2	МЕСНА ЗАЈЕДНИЦА	Мокра Гора, Улица Котроманска бр. 143	Мокра Гора	Улица Котроманска бр. 143	43.787364	19.498250	objekat
Ужице	3	ЗГРАДА ЖЕЛЕЗНИЧКЕ СТАНИЦЕ ШАРГАН ВИТАСИ	Шарган-Витаси, Јанка Веселиновића бр. 3	Шарган-Витаси	Јанка Веселиновића бр. 3			nije_nadjeno
Ужице	4	ОСНОВНА ШКОЛА	Радуша, Улица Проте Вукоја Цвијовића бр. 17	Радуша	Улица Проте Вукоја Цвијовића бр. 17	43.842381	19.593828	naselje
Ужице	5	ОСНОВНА ШКОЛА - САЛА	Радуша, Улица Проте Вукоја Цвијовића бр. 17	Радуша	Улица Проте Вукоја Цвијовића бр. 17	43.842381	19.593828	naselje
Ужице	6	ОСНОВНА ШКОЛА	Биоска, Улица Цара Душана бр. 396	Биоска	Улица Цара Душана бр. 396	43.862962	19.651931	objekat
Ужице	7	МЕСНА ЗАЈЕДНИЦА	Врутци, Улица Николе Тесле бр. 1	Врутци	Улица Николе Тесле бр. 1	43.849409	19.706899	objekat
Ужице	8	ОБЈЕКАТ АЛЕКСЕ НИКОВИЋА	Пеар, Улица Милутина Бојића бр. 5	Пеар	Улица Милутина Бојића бр. 5	43.883497	19.643848	objekat
Ужице	9	ОСНОВНА ШКОЛА	Кесеровина, Улица Цара Душана бр. 274	Кесеровина	Улица Цара Душана бр. 274	43.870925	19.678982	objekat
Ужице	10	ОБЈЕКАТ МИРОЉУБА ЈАЊИЋА	Кесеровина, Улица Ужичке републике бр. 150	Кесеровина	Улица Ужичке републике бр. 150	43.892733	19.673364	objekat
Ужице	11	ОСНОВНА ШКОЛА	Стапари, Улица Димитрија Туцовића бр. 66	Стапари	Улица Димитрија Туцовића бр. 66	43.870087	19.754524	objekat
Ужице	12	ОБЈЕКАТ ЖЕЉКА РАФАИЛОВИЋА	Стапари, Улица Долови бр. 2	Стапари	Улица Долови бр. 2	43.890080	19.718224	objekat
Ужице	13	ОСНОВНА ШКОЛА	Волујац, Улица Војводе Мишића бр. 15	Волујац	Улица Војводе Мишића бр. 15	43.893003	19.775118	objekat
Ужице	14	ОБЈЕКАТ "КАДИЊАЧА"	Волујац, Улица Волујачка бр. 202	Волујац	Улица Волујачка бр. 202	43.910104	19.740784	objekat
Ужице	15	ОБЈЕКАТ МИЛОША ПАПИЋА	Буар, Улица Јована Цвијића бр. 7	Буар	Улица Јована Цвијића бр. 7	43.903523	19.819121	objekat
Ужице	16	МЕСНА КАНЦЕЛАРИЈА	Буар, Улица Десанке Максимовић бр. 9	Буар	Улица Десанке Максимовић бр. 9	43.879026	19.814465	naselje
Ужице	17	КУЋА СТЕВА РАДОЈЕВИЋА	Буар, Улица Теразије бр. 198	Буар	Улица Теразије бр. 198	43.882845	19.810828	objekat
Ужице	18	ОБЈЕКАТ РАТКА ФИЛИПОВИЋА	Буар, Улица Милоша Обреновића бр. 13	Буар	Улица Милоша Обреновића бр. 13	43.865028	19.811569	objekat
Ужице	19	МЕСНА ЗАЈЕДНИЦА ДУБОКО	Дубоко, Улица Десанке Максимовић бр. 9	Дубоко	Улица Десанке Максимовић бр. 9	43.881003	19.840611	objekat
Ужице	20	ОБЈЕКАТ МИРКА СИМИЋА	Дубоко, Улица Ужичке републике бр. 1	Дубоко	Улица Ужичке републике бр. 1	43.894304	19.873779	objekat
Ужице	21	ПРОДАВНИЦА ВЛАДАНА МИТРОВИЋА	Дубоко, Улица Татинац бр. 3	Дубоко	Улица Татинац бр. 3	43.872878	19.863517	objekat
Ужице	22	ОСНОВНА ШКОЛА	Гостиница, Улица Николаја Жичког бр. 174	Гостиница	Улица Николаја Жичког бр. 174	43.907033	19.813420	objekat
Ужице	23	МЕСНА ЗАЈЕДНИЦА ГОСТИНИЦА	Гостиница, Улица Др Рада Познановића бр. 7	Гостиница	Улица Др Рада Познановића бр. 7	43.923597	19.867228	objekat
Ужице	24	ОСНОВНА ШКОЛА	Рибашевина, Улица Ужичка бр. 65	Рибашевина	Улица Ужичка бр. 65	43.939346	19.873604	objekat
Ужице	25	ОСНОВНА ШКОЛА	Трнава, Улица Патријарха Павла бр. 1	Трнава	Улица Патријарха Павла бр. 1	43.955141	19.912448	objekat
Ужице	26	ДОМ КУЛТУРЕ	Каран, Улица Радничка бр. 1	Каран	Улица Радничка бр. 1	43.911776	19.899666	ulica
Ужице	27	МЕСНА КАНЦЕЛАРИЈА	Пониковица, Улица Ужичка бр. 112	Пониковица	Улица Ужичка бр. 112	43.881661	19.938065	objekat
Ужице	28	МЕСНА ЗАЈЕДНИЦА	Горјани, Улица Доситеја Обрадовића бр. 8	Горјани	Улица Доситеја Обрадовића бр. 8	43.822083	19.928829	objekat
Ужице	29	ОСНОВНА ШКОЛА	Злакуса, Улица Милутина Чолића бр. 202	Злакуса	Улица Милутина Чолића бр. 202	43.802393	19.949954	objekat
Ужице	30	МЕСНА ЗАЈЕДНИЦА	Крвавци, Улица Војислава Јовановића бр. 3	Крвавци	Улица Војислава Јовановића бр. 3	43.816997	19.921002	objekat
Ужице	31	ДРУШТВЕНИ ДОМ	Потпеће, Улица Светосавска бр. 72 б	Потпеће	Улица Светосавска бр. 72 б	43.800320	19.934683	objekat
Ужице	32	ОСНОВНА ШКОЛА	Дрежник, Улица Брдо бр. 9	Дрежник	Улица Брдо бр. 9	43.776841	19.914198	objekat
Ужице	33	ДРУШТВЕНИ ДОМ - МАЛА САЛА	Скржути, Улица Проте Милана Смиљанића бр. 34	Скржути	Улица Проте Милана Смиљанића бр. 34	43.740452	19.887839	objekat
Ужице	34	ОСНОВНА ШКОЛА	Никојевићи, Улица Ледине бр. 1	Никојевићи	Улица Ледине бр. 1	43.742960	19.867029	objekat
Ужице	35	ДРУШТВЕНИ ДОМ - ВЕЛИКА САЛА	Равни, Улица Проте Милана Смиљанића бр. 34	Равни	Улица Проте Милана Смиљанића бр. 34	43.740452	19.887839	objekat
Ужице	36	МЕСНА ЗАЈЕДНИЦА	Љубање, Улица Иве Андрића бр. 1	Љубање	Улица Иве Андрића бр. 1	43.805515	19.841200	objekat
Ужице	37	КУЋА СВЕТОЗАРА ПРЉЕВИЋА	Љубање, Улица Краља Петра I бр. 89	Љубање	Улица Краља Петра I бр. 89	43.822894	19.813426	objekat
Ужице	38	КУЋА МИЛИСАВА ЈОЛИЋА	Збојштица, Улица Краљевска бр. 54	Збојштица	Улица Краљевска бр. 54	43.799165	19.864325	objekat
Ужице	39	ДРУШТВЕНИ ДОМ	Качер, Улица Сремчица бр. 4	Качер	Улица Сремчица бр. 4	43.828960	19.781106	objekat
Ужице	40	ОБЈЕКАТ МИЛОША ЗАРИЋА	Качер, Улица Војводе Степе бр. 29	Качер	Улица Војводе Степе бр. 29	43.807081	19.762695	objekat
Ужице	41	МЕСНА ЗАЈЕДНИЦА	Бела Земља, Улица Војводе Путника бр. 4	Бела Земља	Улица Војводе Путника бр. 4	43.827397	19.802305	objekat
Ужице	42	ОСНОВНА ШКОЛА	Ужице, Улица Ђачка бр. 1	Ужице	Улица Ђачка бр. 1	43.860750	19.817685	objekat
Ужице	43	ОСНОВНА ШКОЛА	Ужице, Улица Ђачка бр. 1	Ужице	Улица Ђачка бр. 1	43.860750	19.817685	objekat
Ужице	44	ОБЈЕКАТ ЈКП "ВОДОВОД"	Ужице, Улица Радничког батаљона број 48	Ужице	Улица Радничког батаљона број 48	43.862031	19.819974	objekat
Ужице	45	ДОМ УЧЕНИКА	Ужице, Улица Ужичке републике бр. 116	Ужице	Улица Ужичке републике бр. 116	43.864022	19.824470	objekat
Ужице	46	ДОМ ПЕНЗИОНЕРА	Ужице, Улица Ужичке републике бр. 5	Ужице	Улица Ужичке републике бр. 5	43.856942	19.834217	objekat
Ужице	47	ОШ "СТАРИ ГРАД"	Ужице, Улица Градска бр. 1	Ужице	Улица Градска бр. 1	43.854680	19.841707	objekat
Ужице	48	САЛА МЕСНЕ ЗАЈЕДНИЦЕ	Ужице, Улица Вука Караџића бр. 3	Ужице	Улица Вука Караџића бр. 3	43.856195	19.833322	objekat
Ужице	49	ОШ "СТАРИ ГРАД"	Ужице, Улица Градска бр. 1	Ужице	Улица Градска бр. 1	43.854680	19.841707	objekat
Ужице	50	ОШ "СТАРИ ГРАД"	Ужице, Улица Градска бр. 1	Ужице	Улица Градска бр. 1	43.854680	19.841707	objekat
Ужице	51	ЈП "СТАН"	Ужице, Улица Марије Маге Магазиновић бр. 7	Ужице	Улица Марије Маге Магазиновић бр. 7	43.858665	19.839503	objekat
Ужице	52	МЗ "РОСУЉЕ"	Ужице, Улица Друге Пролетерске бр. 3	Ужице	Улица Друге Пролетерске бр. 3	43.857761	19.838741	objekat
Ужице	53	ВРТИЋ НА ПОРИ	Ужице, Улица Хајдук Вељкова бр. 1	Ужице	Улица Хајдук Вељкова бр. 1	43.860930	19.831768	objekat
Ужице	54	ПОШТА	Ужице, Улица Пора бр. 2	Ужице	Улица Пора бр. 2	43.859321	19.834027	objekat
Ужице	55	НАРОДНО ПОЗОРИШТЕ СЛУЖБЕНИ УЛАЗ	Ужице, Улица Марије Маге Магазиновић бр. 2	Ужице	Улица Марије Маге Магазиновић бр. 2	43.834237	19.604984	objekat
Ужице	56	ПРВА ОСНОВНА ШКОЛА КРАЉА ПЕТРА II	Ужице, Улица Димитрија Туцовића бр. 171	Ужице	Улица Димитрија Туцовића бр. 171	43.856217	19.837171	objekat
Ужице	57	ПРВА ОСНОВНА ШКОЛА КРАЉА ПЕТРА II	Ужице, Улица Димитрија Туцовића бр. 171	Ужице	Улица Димитрија Туцовића бр. 171	43.856217	19.837171	objekat
Ужице	58	ЈКП "ВОДОВОД"	Ужице, Улица Хероја Луна бр. 2	Ужице	Улица Хероја Луна бр. 2	43.852581	19.833460	objekat
Ужице	59	МЗ "ЦЕНТАР"	Ужице, Улица Димитрија Туцовића бр. 97	Ужице	Улица Димитрија Туцовића бр. 97	43.855546	19.841768	objekat
Ужице	60	НАРОДНА БИБЛИОТЕКА	Ужице, Трг партизана бр. 12	Ужице	Трг партизана бр. 12	43.857536	19.839911	objekat
Ужице	61	ОШ "НАДА МАТИЋ"	Ужице, Улица Хаџи Мелентијева бр. 22	Ужице	Улица Хаџи Мелентијева бр. 22	43.856496	19.840273	naselje
Ужице	62	ОШ "НАДА МАТИЋ"	Ужице, Улица Хаџи Мелентијева бр. 22	Ужице	Улица Хаџи Мелентијева бр. 22	43.856496	19.840273	naselje
Ужице	63	ЦЕНТАР ЗА СОЦИЈАЛНИ РАД	Ужице, Улица Видовданска бр. 32а	Ужице	Улица Видовданска бр. 32а	43.860003	19.840654	objekat
Ужице	64	ШКОЛСКА УПРАВА УЖИЦЕ	Ужице, Улица Видовданска бр. 34	Ужице	Улица Видовданска бр. 34	43.860007	19.840653	objekat
Ужице	65	МЕДИЦИНСКА ШКОЛА	Ужице, Улица Немањина бр. 148	Ужице	Улица Немањина бр. 148	43.860274	19.854888	objekat
Ужице	66	МЕДИЦИНСКА ШКОЛА	Ужице, Улица Немањина бр. 148	Ужице	Улица Немањина бр. 148	43.860274	19.854888	objekat
Ужице	67	ПОСЛОВНИ ПРОСТОР ВЛАСНИКА НАТАШЕ ПАНИЋ	Ужице, Улица Николе Тесле бр. 65	Ужице	Улица Николе Тесле бр. 65	43.865226	19.845714	objekat
Ужице	68	ДОМ УЧЕНИКА СРЕДЊИХ ШКОЛА-II УЛАЗ	Ужице, Улица Немањина бр. 52	Ужице	Улица Немањина бр. 52	43.858783	19.848397	objekat
Ужице	69	МЗ "ЦАРИНА"	Ужице, Улица Ратарска бр. 69	Ужице	Улица Ратарска бр. 69	43.864032	19.849255	objekat
Ужице	70	ДОМ УЧЕНИКА СРЕДЊИХ ШКОЛА	Ужице, Улица Немањина бр. 52	Ужице	Улица Немањина бр. 52	43.858783	19.848397	objekat
Ужице	71	ГРАДСКИ КУЛТУРНИ ЦЕНТАР	Ужице, Трг Светог Саве бр. 11	Ужице	Трг Светог Саве бр. 11	43.856315	19.844011	objekat
Ужице	72	ОШ "ДУШАН ЈЕРКОВИЋ"	Ужице, Улица Трг Светог Саве бр. 22	Ужице	Улица Трг Светог Саве бр. 22	43.855841	19.845372	objekat
Ужице	73	СШ "РАДОЈЕ ЉУБИЧИЋ"	Ужице, Улица Николе Пашића бр. 17	Ужице	Улица Николе Пашића бр. 17	43.855075	19.845874	objekat
Ужице	74	ФИЛИЈАЛА ПИО	Ужице, Улица Омладинска бр. 22	Ужице	Улица Омладинска бр. 22	43.853097	19.844633	objekat
Ужице	75	ОШ "ДУШАН ЈЕРКОВИЋ" УЛАЗ	Ужице, Трг Светог Саве бр. 22	Ужице	Трг Светог Саве бр. 22	43.855841	19.845372	objekat
Ужице	76	МЗ "КРЧАГОВО"	Ужице, Улица Норвешких Интернираца бр. 14	Ужице	Улица Норвешких Интернираца бр. 14	43.853832	19.858225	objekat
Ужице	77	ОШ "МИОДРАГ В. МАТИЋ"	Ужице, Улица Драгише Лапчевића бр. 1	Ужице	Улица Драгише Лапчевића бр. 1	43.858477	19.854149	objekat
Ужице	78	МАЛА СПОРТСКА ХАЛА КРЧАГОВО	Ужице, Улица Милоша Обреновића бр. 2	Ужице	Улица Милоша Обреновића бр. 2	43.899038	19.766223	objekat
Ужице	79	ОШ "СЛОБОДАН СЕКУЛИЋ"	Ужице, Улица Норвешких Интернираца бр. 18	Ужице	Улица Норвешких Интернираца бр. 18	43.854442	19.859352	objekat
Ужице	80	ОБЈЕКАТ СЛАВКА ГЛИШИЋА	Ужице, Улица Мендино брдо бр. 10Б	Ужице	Улица Мендино брдо бр. 10Б	43.847619	19.865782	objekat
Ужице	81	ОШ "МИОДРАГ В. МАТИЋ"	Ужице, Улица Драгише Лапчевића бр. 1	Ужице	Улица Драгише Лапчевића бр. 1	43.858477	19.854149	objekat
Ужице	82	ОБЈЕКАТ ПЕТРОВИЋ ПРЕДРАГА	Ужице, Улица Милоша Обреновића бр. 37	Ужице	Улица Милоша Обреновића бр. 37	43.847282	19.863867	objekat
Ужице	83	ОБЈЕКАТ МЛАДЕНА ВИТОРОВИЋА	Ужице, Улица Врела бр. 40	Ужице	Улица Врела бр. 40	43.833732	19.860902	objekat
Ужице	84	ДИЈАМАНТ-ВИДИЋ ДОО	Ужице, Улица Ада бр. 2	Ужице	Улица Ада бр. 2	43.846079	19.857214	objekat
Ужице	1	СОЛИТЕР "Б" 54	Севојно, Улица Миливоја Марића бр. 40	Севојно	Улица Миливоја Марића бр. 40	43.844658	19.898094	objekat
Ужице	2	ОШ "АЛЕКСА ДЕЈОВИЋ"	Севојно, Улица Вишеслава Бугариновића бр. 24	Севојно	Улица Вишеслава Бугариновића бр. 24	43.846453	19.900932	objekat
Ужице	3	СТАРА ШКОЛА	Севојно, Улица Хероја Дејовића бр. 2	Севојно	Улица Хероја Дејовића бр. 2	43.845599	19.896908	objekat
Ужице	4	ОШ "АЛЕКСА ДЕЈОВИЋ"	Севојно, Улица Хероја Дејовића бр. 9	Севојно	Улица Хероја Дејовића бр. 9	43.844950	19.895900	objekat
Ужице	5	БИВШИ МОТЕЛ ПОРЕД ВАТРОГАСНОГ ДОМА	Севојно, Улица Првомајска бб	Севојно	Улица Првомајска бб	43.835729	19.882544	ulica
Црна Трава	1	ДОМ КУЛУТРЕ	Брод, Брод центар 5	Брод	Брод центар 5	42.849482	22.284816	naselje
Црна Трава	2	ОСНОВНА ШКОЛА	Горње Гаре, Стојана Петровића Уче 38	Горње Гаре	Стојана Петровића Уче 38	42.904976	22.327766	objekat
Црна Трава	3	ОСНОВНА ШКОЛА	Градска, Јосе Савића 12	Градска	Јосе Савића 12	42.873236	22.400939	objekat
Црна Трава	4	МЕСНА КАНЦЕЛАРИЈА	Дарковце, Дарковце центар 8	Дарковце	Дарковце центар 8	42.871368	22.338618	naselje
Црна Трава	5	МЕСНА КАНЦЕЛАРИЈА	Добро Поље, Добропољска 35	Добро Поље	Добропољска 35	42.892913	22.280857	objekat
Црна Трава	6	ОСНОВНА ШКОЛА	Златанице, Чурчисци 2	Златанице	Чурчисци 2			nije_nadjeno
Црна Трава	7	ОСНОВНА ШКОЛА	Јабуковик, Турско гумно 1	Јабуковик	Турско гумно 1	42.905556	22.369167	naselje
Црна Трава	8	ДОМ КУЛТУРЕ	Кална, Палих бораца 76	Кална	Палих бораца 76	42.875564	22.444805	objekat
Црна Трава	9	ОСНОВНА ШКОЛА	Криви Дел, Криви Дел центар 4	Криви Дел	Криви Дел центар 4	42.921043	22.338659	naselje
Црна Трава	10	ДОМ КУЛТУРЕ	Преслап, 7. јули 35	Преслап	7. јули 35	42.822207	22.407553	objekat
Црна Трава	11	АМБУЛАНТА	Рупље, Рупље 13	Рупље	Рупље 13	42.838024	22.227201	naselje
Црна Трава	12	ОМЛАДИНСКИ КЛУБ	Црна Трава, Трг Милентија Поповића 53	Црна Трава	Трг Милентија Поповића 53	42.810011	22.298755	objekat
Чајетина	1	Основна школа Димитрије Туцовић	Алин Поток, Бранка Његошевића 53	Алин Поток	Бранка Његошевића 53	43.702404	19.801832	objekat
Чајетина	2	Просторије месне заједнице	Бранешци, Николино брдо 13	Бранешци	Николино брдо 13	43.785399	19.717144	objekat
Чајетина	3	Просторије месне заједнице	Бранешци, Николино брдо 13	Бранешци	Николино брдо 13	43.785399	19.717144	objekat
Чајетина	4	Основна школа Димитрије Туцовић	Голово, Јанка Арнаута 22	Голово	Јанка Арнаута 22	43.734443	19.781592	objekat
Чајетина	5	Основна школа Саво Јовановић Сирогојно	Гостиље, Димитрија Туцовића 75	Гостиље	Димитрија Туцовића 75	43.653470	19.829051	objekat
Чајетина	6	Основна школа Димитрије Туцовић	Доброселица, Прераст 99	Доброселица	Прераст 99	43.616616	19.703435	objekat
Чајетина	7	Основна школа Миливоје Боровић	Мачкат, Дринске дивизије 4	Мачкат	Дринске дивизије 4	43.793862	19.780441	objekat
Чајетина	8	Основна школа Димитрије Туцовић	Мушвете, Радована Барјактаревића 13	Мушвете	Радована Барјактаревића 13	43.766998	19.766506	objekat
Чајетина	9	Основна школа Саво Јовановић Сирогојно	Рожанство, Златиборска 2	Рожанство	Златиборска 2	43.720994	19.834517	objekat
Чајетина	10	Просторије месне заједнице Задружни дом	Рудине, Константина Јеремића 4	Рудине	Константина Јеремића 4	43.718762	19.762367	objekat
Чајетина	11	Просторије месне заједнице	Семегњево, Пањак 8	Семегњево	Пањак 8	43.748577	19.586188	objekat
Чајетина	12	Основна школа Димитрије Туцовић	Стубло, Палих ратника 27	Стубло	Палих ратника 27	43.627765	19.659633	objekat
Чајетина	13	Просторије месне заједнице	Трипкова, Жигалска 35	Трипкова	Жигалска 35	43.811235	19.730372	objekat
Чајетина	14	Основна школа Димитрије Туцовић	Јабланица, Ком 10	Јабланица	Ком 10	43.653693	19.583190	objekat
Чајетина	15	Основна школа Саво Јовановић Сирогојно	Љубиш, Миладина Пећинара 40	Љубиш	Миладина Пећинара 40	43.613107	19.891815	objekat
Чајетина	16	Просторије месне заједнице	Љубиш, Миладина Пећинара 12	Љубиш	Миладина Пећинара 12	43.617680	19.855135	objekat
Чајетина	17	Коначиште Бошкова вода	Љубиш, Радована Ршумовића 23	Љубиш	Радована Ршумовића 23	43.626212	19.795579	objekat
Чајетина	18	Основна школа Саво Јовановић Сирогојно	Сирогојно, Протојереја Георгија Смиљанића 2	Сирогојно	Протојереја Георгија Смиљанића 2	43.685707	19.879625	naselje
Чајетина	19	Задружна продавница	Дренова, Томислава Крејовића 28	Дренова	Томислава Крејовића 28	43.646553	19.860188	objekat
Чајетина	20	Основна школа Саво Јовановић Сирогојно	Жељине, Рзавска 3	Жељине	Рзавска 3	43.655018	19.892804	objekat
Чајетина	21	Основна школа Саво Јовановић Сирогојно	Трнава, Владимира Митровића 19	Трнава	Владимира Митровића 19	43.691505	19.847966	objekat
Чајетина	22	Основна школа Миливоје Боровић	Крива Река, Криворечки пут 25	Крива Река	Криворечки пут 25	43.773080	19.799726	objekat
Чајетина	23	Основна школа Миливоје Боровић	Шљивовица, Кесеровина 51	Шљивовица	Кесеровина 51	43.817341	19.672219	objekat
Чајетина	24	Месна канцеларија	Росуље, Раденка Станића 4	Росуље	Раденка Станића 4	43.798713	19.656632	ulica
Чајетина	25	Основна школа Миливоје Боровић	Саиновина, Колонија 16	Саиновина	Колонија 16	43.791775	19.679542	objekat
Чајетина	26	Основна школа Димитрије Туцовић учионица бр 1	Златибор, Светогорска 33	Златибор	Светогорска 33	43.732588	19.704685	objekat
Чајетина	27	Основна школа Димитрије Туцовић учионица бр 2	Златибор, Светогорска 33	Златибор	Светогорска 33	43.732588	19.704685	objekat
Чајетина	28	Основна школа Димитрије Туцовић учионица бр 3	Златибор, Светогорска 33	Златибор	Светогорска 33	43.732588	19.704685	objekat
Чајетина	29	Основна школа Димитрије Туцовић учионица бр 4	Златибор, Светогорска 33	Златибор	Светогорска 33	43.732588	19.704685	objekat
Чајетина	30	Угоститељско туристичка школа -учионица бр 4	Чајетина, Сердара Мићића 7	Чајетина	Сердара Мићића 7	43.751698	19.720057	objekat
Чајетина	31	Угоститељско туристичка школа -учионица бр 5	Чајетина, Сердара Мићића 7	Чајетина	Сердара Мићића 7	43.751698	19.720057	objekat
Чајетина	32	Предузеће Југофриго кооп	Даутовац, Љубомира Поповића 1	Даутовац	Љубомира Поповића 1			nije_nadjeno
Чачак	1	ВАТРОГАСНИ ДОМ	Чачак, БУЛЕВАР ОСЛОБОЂЕЊА БР. 3	Чачак	БУЛЕВАР ОСЛОБОЂЕЊА БР. 3	43.883008	20.356964	objekat
Чачак	2	ВАТРОГАСНИ ДОМ	Чачак, БУЛЕВАР ОСЛОБОЂЕЊА БР. 3	Чачак	БУЛЕВАР ОСЛОБОЂЕЊА БР. 3	43.883008	20.356964	objekat
Чачак	3	СПОРТСКИ ЦЕНТАР "КЉУЧ"	Чачак, КЉУЧКА ББ	Чачак	КЉУЧКА ББ	43.884551	20.366481	ulica
Чачак	4	МЕДИЦИНСКА ШКОЛА	Чачак, ЕПИСКОПА НИКИФОРА МАКСИМОВИЋА БР. 8	Чачак	ЕПИСКОПА НИКИФОРА МАКСИМОВИЋА БР. 8	43.885328	20.351348	objekat
Чачак	5	ДОМ САВЕЗА ГЛУВИХ И НАГЛУВИХ	Чачак, СВЕТОЗАРА МАРКОВИЋА БР. 83	Чачак	СВЕТОЗАРА МАРКОВИЋА БР. 83	43.883202	20.345726	objekat
Чачак	6	МЕСНА ЗАЈЕДНИЦА "КЉУЧ"	Чачак, БАЛКАНСКА БР. 9	Чачак	БАЛКАНСКА БР. 9	43.885087	20.352070	objekat
Чачак	7	ОСНОВНА ШКОЛА "МИЛИЦА ПАВЛОВИЋ"	Чачак, ЕПИСКОПА НИКИФОРА МАКСИМОВИЋА БР. 14	Чачак	ЕПИСКОПА НИКИФОРА МАКСИМОВИЋА БР. 14	43.885029	20.352971	objekat
Чачак	8	ОСНОВНА ШКОЛА "ДР ДРАГИША МИШОВИЋ"	Чачак, БУЛЕВАР ВУКА КАРАЏИЋА БР. 1	Чачак	БУЛЕВАР ВУКА КАРАЏИЋА БР. 1	43.886947	20.342459	objekat
Чачак	9	ОСНОВНА ШКОЛА "ДР ДРАГИША МИШОВИЋ"	Чачак, БУЛЕВАР ВУКА КАРАЏИЋА БР. 1	Чачак	БУЛЕВАР ВУКА КАРАЏИЋА БР. 1	43.886947	20.342459	objekat
Чачак	10	ОСНОВНА ШКОЛА "ДР ДРАГИША МИШОВИЋ"	Чачак, БУЛЕВАР ВУКА КАРАЏИЋА БР. 1	Чачак	БУЛЕВАР ВУКА КАРАЏИЋА БР. 1	43.886947	20.342459	objekat
Чачак	11	ОСНОВНА ШКОЛА "ДР ДРАГИША МИШОВИЋ"	Чачак, БУЛЕВАР ВУКА КАРАЏИЋА БР. 1	Чачак	БУЛЕВАР ВУКА КАРАЏИЋА БР. 1	43.886947	20.342459	objekat
Чачак	12	ОСНОВНА ШКОЛА "ФИЛИП ФИЛИПОВИЋ"	Чачак, СВЕТОЗАРА МАРКОВИЋА БР. 68	Чачак	СВЕТОЗАРА МАРКОВИЋА БР. 68	43.883909	20.345329	objekat
Чачак	13	МЕСНА ЗАЈЕДНИЦА "ПАРК"	Чачак, МОСТАРСКА БР. 2	Чачак	МОСТАРСКА БР. 2	43.884758	20.340928	objekat
Чачак	14	ШКОЛА ЗА ОСНОВНО И СРЕДЊЕ ОБРАЗОВАЊЕ "1. НОВЕМБАР"	Чачак, БУЛЕВАР ВУКА КАРАЏИЋА БР. 9	Чачак	БУЛЕВАР ВУКА КАРАЏИЋА БР. 9	43.885809	20.338840	objekat
Чачак	15	ПРЕХРАМБЕНО УГОСТИТЕЉСКА ШКОЛА	Чачак, СТОЈЕ ТОШИЋ БР. 23	Чачак	СТОЈЕ ТОШИЋ БР. 23	43.882329	20.332324	objekat
Чачак	16	ДЕЧИЈИ ВРТИЋ "БОШКО БУХА"	Чачак, СВЕТОГОРСКА БР. 33	Чачак	СВЕТОГОРСКА БР. 33	43.887183	20.323660	objekat
Чачак	17	ОСНОВНА ШКОЛА "РАТКО МИТРОВИЋ"	Чачак, СВЕТОГОРСКА БР. 44	Чачак	СВЕТОГОРСКА БР. 44	43.887846	20.324437	objekat
Чачак	18	ОСНОВНА ШКОЛА "РАТКО МИТРОВИЋ"	Чачак, СВЕТОГОРСКА БР. 44	Чачак	СВЕТОГОРСКА БР. 44	43.887846	20.324437	objekat
Чачак	19	ОСНОВНИ СУД ЧАЧАК	Чачак, ЦАРА ДУШАНА БР. 6	Чачак	ЦАРА ДУШАНА БР. 6	43.893989	20.348428	objekat
Чачак	20	ДОМ УЧЕНИКА СРЕДЊИХ ШКОЛА - УЧИТЕЉСКИ ДОМ	Чачак, УЧИТЕЉСКА БР. 8	Чачак	УЧИТЕЉСКА БР. 8	43.892177	20.342821	objekat
Чачак	21	ЗГРАДА РЕПУБЛИЧКОГ ФОНДА ЗА ЗДРАВСТВЕНО ОСИГУРАЊЕ	Чачак, ЖЕЛЕЗНИЧКА БР. 7	Чачак	ЖЕЛЕЗНИЧКА БР. 7	43.890166	20.351593	objekat
Чачак	22	МЕСНА ЗАЈЕДНИЦА "СТАРИ ГРАД"	Чачак, БРАЋЕ ГЛИШИЋА БР. 6	Чачак	БРАЋЕ ГЛИШИЋА БР. 6	43.891363	20.351875	objekat
Чачак	23	ГИМНАЗИЈА	Чачак, ЖУПАНА СТРАЦИМИРА БР. 1	Чачак	ЖУПАНА СТРАЦИМИРА БР. 1	43.893340	20.350075	objekat
Чачак	24	МЕСНА ЗАЈЕДНИЦА "ПАЛИЛУЛА"	Чачак, НУШИЋЕВА БР. 4	Чачак	НУШИЋЕВА БР. 4	43.888273	20.338418	objekat
Чачак	25	МЕСНА ЗАЈЕДНИЦА "СВЕТИ САВА"	Чачак, ЉУБИНКЕ ПОПОВИЋ БР. 6	Чачак	ЉУБИНКЕ ПОПОВИЋ БР. 6	43.871167	20.367923	ulica
Чачак	26	ОСНОВНА ШКОЛА "СВЕТИ САВА"	Чачак, ДР ДРАГИШЕ МИШОВИЋА БР. 245	Чачак	ДР ДРАГИШЕ МИШОВИЋА БР. 245	43.867129	20.369151	objekat
Чачак	27	МЕСНА ЗАЈЕДНИЦА "ЉУБИЋ КЕЈ"	Чачак, ЉУБИЋСКИ КЕЈ 1	Чачак	ЉУБИЋСКИ КЕЈ 1	43.899226	20.352128	objekat
Чачак	28	ДЕЧИЈИ ВРТИЋ "БИСЕРИ"	Чачак, ЉУБИЋСКИ КЕЈ БР. 15	Чачак	ЉУБИЋСКИ КЕЈ БР. 15	43.900808	20.348694	objekat
Чачак	29	ДЕЧИЈИ ВРТИЋ "МЛАДОСТ"	Чачак, ЊЕГОШЕВА БР. 1	Чачак	ЊЕГОШЕВА БР. 1	43.901658	20.349089	objekat
Чачак	30	МЕСНА ЗАЈЕДНИЦА "ТАНАСКО РАЈИЋ"	Чачак, СЛАВКА КРУПЕЖА БР. 2	Чачак	СЛАВКА КРУПЕЖА БР. 2	43.902537	20.355638	objekat
Чачак	31	ОСНОВНА ШКОЛА "ТАНАСКО РАЈИЋ"	Чачак, АЛЕКСИЈА МИЛЕНКОВИЋА БР. 5	Чачак	АЛЕКСИЈА МИЛЕНКОВИЋА БР. 5	43.905446	20.356971	objekat
Чачак	32	МЕСНА КАНЦЕЛАРИЈА РОШЦИ	Рошци	Рошци		43.928499	20.192313	naselje
Чачак	33	БИВША ОСНОВНА ШКОЛА У ЦАГАЊАМА	Рошци	Рошци		43.928499	20.192313	naselje
Чачак	34	ОДЕЉЕЊЕ ОСНОВНЕ ШКОЛЕ "БОЖО ТОМИЋ" РОШЦИ	Рошци	Рошци		43.928499	20.192313	naselje
Чачак	35	БИВША ОСНОВНА ШКОЛА "БЈЕЛИШ"	Јанчићи	Јанчићи		43.955337	20.151339	naselje
Чачак	36	ОДЕЉЕЊЕ ОСНОВНЕ ШКОЛЕ "СТЕПА СТЕПАНОВИЋ" МИОКОВЦИ	Миоковци	Миоковци		43.958318	20.250421	naselje
Чачак	37	ОСНОВНА ШКОЛА "СТЕПА СТЕПАНОВИЋ"	Горња Горевница	Горња Горевница		43.958081	20.284972	naselje
Чачак	38	ДОМ КУЛТУРЕ МИЛИЋЕВЦИ	Милићевци	Милићевци		43.960459	20.346090	naselje
Чачак	39	ОСНОВНА ШКОЛА "БОЖО ТОМИЋ"	Пријевор	Пријевор		43.916619	20.274341	naselje
Чачак	40	ДОМ МЕСНЕ ЗАЈЕДНИЦЕ ВИДОВА	Видова	Видова		43.923013	20.231409	naselje
Чачак	41	ДОМ КУЛТУРЕ РАКОВА	Ракова	Ракова		43.928241	20.363124	naselje
Чачак	42	ДОМ МЕСНЕ ЗАЈЕДНИЦЕ СОКОЛИЋИ	Соколићи	Соколићи		43.941448	20.391827	naselje
Чачак	43	ОДЕЉЕЊЕ ОСНОВНЕ ШКОЛЕ "СТЕПА СТЕПАНОВИЋ" ВРАНИЋИ	Вранићи	Вранићи		43.937888	20.327076	naselje
Чачак	44	ОДЕЉЕЊЕ ОСНОВНЕ ШКОЛЕ "ТАНАСКО РАЈИЋ" ТРБУШАНИ	Трбушани	Трбушани		43.925077	20.325245	naselje
Чачак	45	ОДЕЉЕЊЕ ОСНОВНЕ ШКОЛЕ "ТАНАСКО РАЈИЋ" ТРБУШАНИ	Трбушани	Трбушани		43.925077	20.325245	naselje
Чачак	46	ДОМ МЕСНЕ ЗАЈЕДНИЦЕ "ЛУГОВИ"	Чачак, АЛЕКСАНДРА САВИЋА БР. 35	Чачак	АЛЕКСАНДРА САВИЋА БР. 35	43.911678	20.339481	objekat
Чачак	47	ВЕЛИКА САЛА ДОМА КУЛТУРЕ ЉУБИЋ	Чачак, ГВОЗДЕНА ПАУНОВИЋА БР. 32	Чачак	ГВОЗДЕНА ПАУНОВИЋА БР. 32	43.907141	20.359204	objekat
Чачак	48	МАЛА САЛА ДОМА КУЛТУРЕ ЉУБИЋ	Чачак, ГВОЗДЕНА ПАУНОВИЋА БР. 32	Чачак	ГВОЗДЕНА ПАУНОВИЋА БР. 32	43.907141	20.359204	objekat
Чачак	49	СТАРА ОСНОВНА ШКОЛА "ЉУБИЋ"	Љубић	Љубић		43.907439	20.363650	naselje
Чачак	50	ДОМ КУЛТУРЕ КОЊЕВИЋИ	Коњевићи	Коњевићи		43.899280	20.388280	naselje
Чачак	51	ОСНОВНА ШКОЛА "ПРЕЉИНА"	Прељина	Прељина		43.915330	20.407512	ulica
Чачак	52	МЕСНА ЗАЈЕДНИЦА ПРИСЛОНИЦА	Прислоница	Прислоница		43.952222	20.435278	naselje
Чачак	53	ОСНОВНА ШКОЛА "22. ДЕЦЕМБАР"	Доња Трепча	Доња Трепча		43.903242	20.459633	naselje
Чачак	54	ДОМ КУЛТУРЕ - МЕСНА ЗАЈЕДНИЦА ГОРЊА ТРЕПЧА	Горња Трепча	Горња Трепча		43.949357	20.484617	naselje
Чачак	55	ДОМ МЕСНЕ ЗАЈЕДНИЦЕ БАЛУГА (ЉУБИЋСКА)	Балуга (Љубићска)	Балуга (Љубићска)		43.894212	20.423284	naselje
Чачак	56	ОДЕЉЕЊЕ ОСНОВНЕ ШКОЛЕ "22. ДЕЦЕМБАР" СТАНЧИЋИ	Станчићи	Станчићи		43.880325	20.441480	naselje
Чачак	57	ДОМ КУЛТУРЕ МОЈСИЊЕ	Мојсиње	Мојсиње		43.885491	20.471907	naselje
Чачак	58	ОСНОВНА ШКОЛА "ГРАБАЦ" (ОДЕЉЕЊЕ ОСНОВНЕ ШКОЛЕ "ТАТОМИР АНЂЕЛИЋ")	Остра	Остра		43.920153	20.513406	naselje
Чачак	59	БИВША ОСНОВНА ШКОЛА "ДОБРИЊЕ"	Остра	Остра		43.920153	20.513406	naselje
Чачак	60	БИВША ОСНОВНА ШКОЛА "СОЛИНАЦ"	Остра	Остра		43.920153	20.513406	naselje
Чачак	61	ПОСЛОВНА ПРОСТОРИЈА СЛОБОДАНА КАТАНИЋА	Бечањ	Бечањ		43.869498	20.562158	naselje
Чачак	62	ДОМ КУЛТУРЕ "БЕЧАЊ"	Бечањ	Бечањ		43.869498	20.562158	naselje
Чачак	63	МАРИНКОВИЋА ШКОЛА	Бечањ	Бечањ		43.869498	20.562158	naselje
Чачак	64	ОДЕЉЕЊЕ ОСНОВНЕ ШКОЛЕ "ТАТОМИР АНЂЕЛИЋ" ВУЈЕТИНЦИ	Вујетинци	Вујетинци		43.937615	20.550998	naselje
Чачак	65	БИВША ОСНОВНА ШКОЛА "ЂОКИЋИ"	Бресница	Бресница		43.873980	20.595818	naselje
Чачак	66	МАРИНКОВИЋА ШКОЛА	Бечањ	Бечањ		43.869498	20.562158	naselje
Чачак	67	МЕСНА ЗАЈЕДНИЦА БРЕСНИЦА	Бресница	Бресница		43.873980	20.595818	naselje
Чачак	68	ДОМ КУЛТУРЕ МРЧАЈЕВЦИ	Мрчајевци	Мрчајевци		43.867055	20.529671	naselje
Чачак	69	МЕСНА ЗАЈЕДНИЦА МРЧАЈЕВЦИ	Мрчајевци	Мрчајевци		43.867055	20.529671	naselje
Чачак	70	ОДЕЉЕЊЕ ОСНОВНЕ ШКОЛЕ "ТАТОМИР АНЂЕЛИЋ" КАТРГА	Катерга	Катерга				nije_nadjeno
Чачак	71	ДОМ КУЛТУРЕ ДОЊА ГОРЕВНИЦА	Доња Горевница	Доња Горевница		43.875206	20.500759	naselje
Чачак	72	ДОМ КУЛТУРЕ ГОРИЧАНИ	Горичани	Горичани		43.795230	20.531902	naselje
Чачак	73	ОДЕЉЕЊЕ ОСНОВНЕ ШКОЛЕ "БРАНИСЛАВ ПЕТРОВИЋ" КАЧУЛИЦЕ	Качулице	Качулице		43.773201	20.487056	naselje
Чачак	74	ОСНОВНА ШКОЛА "БРАНИСЛАВ ПЕТРОВИЋ"	Слатина	Слатина		43.811533	20.474849	naselje
Чачак	75	ДОМ КУЛТУРЕ ЖАОЧАНИ	Жаочани	Жаочани		43.783674	20.462766	naselje
Чачак	76	ДОМ КУЛТУРЕ ПРЕМЕЋА	Премећа	Премећа		43.777229	20.428905	naselje
Чачак	77	ДОМ КУЛТУРЕ ПЕТНИЦА	Петница	Петница		43.765274	20.446464	naselje
Чачак	78	ОДЕЉЕЊЕ ОСНОВНЕ ШКОЛЕ "БРАНИСЛАВ ПЕТРОВИЋ" БРЕЗОВИЦА	Брезовица	Брезовица		43.739864	20.413692	naselje
Чачак	79	ДОМ КУЛТУРЕ ЛИПНИЦА	Липница	Липница		43.823010	20.459504	naselje
Чачак	80	БИВША ОСНОВНА ШКОЛА ВЛАДИСЛАВ ПЕТКОВИЋ ДИС	Рајац	Рајац		43.797212	20.422983	naselje
Чачак	81	ОСНОВНА ШКОЛА "БРАНИСЛАВ ПЕТРОВИЋ"	Слатина	Слатина		43.811533	20.474849	naselje
Чачак	82	ДОМ МЕСНЕ ЗАЈЕДНИЦЕ КУКИЋИ	Кукићи	Кукићи		43.827375	20.467701	naselje
Чачак	83	НАРОДНИ ДОМ У ПОРТИ	Заблаће	Заблаће		43.843224	20.447961	naselje
Чачак	84	СПОМЕН ДОМ ВАПА	Вапа	Вапа		43.857033	20.437142	naselje
Чачак	85	МЕСНА ЗАЈЕДНИЦА ЈЕЖЕВИЦА	Јежевица	Јежевица		43.824784	20.419506	naselje
Чачак	86	БИВША ОСНОВНА ШКОЛА ДОЊА ЈЕЖЕВИЦА	Јежевица	Јежевица		43.824784	20.419506	naselje
Чачак	87	ЗАДРУЖНИ ДОМ БАЊИЦА	Бањица	Бањица		43.820794	20.382659	naselje
Чачак	88	ОДЕЉЕЊЕ ОСНОВНЕ ШКОЛЕ "ВЛАДИСЛАВ ПЕТКОВИЋ - ДИС" ВИЉУША	Виљуша	Виљуша		43.853670	20.405903	naselje
Чачак	89	ДОМ МЕСНЕ ЗАЈЕДНИЦЕ БАЛУГА (ТРНАВСКА)	Балуга (Трнавска)	Балуга (Трнавска)		43.861453	20.424442	naselje
Чачак	90	ОСНОВНА ШКОЛА "СВЕТИ ЂАКОН АВАКУМ" ТРНАВА	Трнава	Трнава		43.857647	20.391097	naselje
Чачак	91	МЕСНА ЗАЈЕДНИЦА ТРНАВА	Трнава	Трнава		43.857647	20.391097	naselje
Чачак	92	СПОМЕН ДОМ КУЛИНОВЦИ	Кулиновци	Кулиновци		43.862381	20.349319	naselje
Чачак	93	ОСНОВНА ШКОЛА "СВЕТИ САВА"	Чачак, ДР ДРАГИШЕ МИШОВИЋА БР. 245	Чачак	ДР ДРАГИШЕ МИШОВИЋА БР. 245	43.867129	20.369151	objekat
Чачак	94	ОСНОВНА ШКОЛА "СВЕТИ САВА"	Чачак, ДР ДРАГИШЕ МИШОВИЋА БР. 245	Чачак	ДР ДРАГИШЕ МИШОВИЋА БР. 245	43.867129	20.369151	objekat
Чачак	95	ПОСЛОВНА ПРОСТОРИЈА ЛЕПОСАВЕ ЋИРКОВИЋ	Атеница	Атеница		43.867558	20.367676	ulica
Чачак	96	ДОМ МЕСНЕ ЗАЈЕДНИЦЕ ЛОЗНИЦА	Лозница	Лозница		43.866980	20.331898	naselje
Чачак	97	МЕСНА ЗАЈЕДНИЦА ЈЕЗДИНА (СТАРА ЈЕЗДИНСКА ШКОЛА)	Јездина	Јездина		43.857165	20.291581	naselje
Чачак	98	МЕСНА ЗАЈЕДНИЦА ПРИДВОРИЦА (СТАРА ЈЕЗДИНСКА ШКОЛА)	Јездина	Јездина		43.857165	20.291581	naselje
Чачак	99	МЕСНА ЗАЈЕДНИЦА БЕЉИНА	Бељина, БУЛЕВАР ОСЛОБОДИЛАЦА ЧАЧКА БР. 7	Бељина	БУЛЕВАР ОСЛОБОДИЛАЦА ЧАЧКА БР. 7	43.887967	20.315775	objekat
Чачак	100	МЕСНА ЗАЈЕДНИЦА ПАРМЕНАЦ	Парменац	Парменац		43.895998	20.290992	naselje
Чачак	101	МЕСНА ЗАЈЕДНИЦА РИЂАГЕ	Риђаге	Риђаге		43.892326	20.272522	naselje
Чачак	102	ОДЕЉЕЊЕ ОСНОВНЕ ШКОЛЕ "РАТКО МИТРОВИЋ" ПАКОВРАЋЕ	Паковраће	Паковраће		43.899284	20.260634	naselje
Чачак	103	МЕСНА ЗАЈЕДНИЦА МЕЂУВРШЈЕ	Међувршје	Међувршје		43.922067	20.223079	naselje
Чачак	104	ПРИРОДЊАЧКИ ЦЕНТАР ОВЧАР БАЊА	Овчар Бања	Овчар Бања		43.898056	20.185833	naselje
Чока	1	Омладински дом	Врбица, Маршала Тита бр. 115	Врбица	Маршала Тита бр. 115	46.002711	20.309958	ulica
Чока	2	Добровољно ватрогасно друштво	Јазово, Маршала Тита бр. 122	Јазово	Маршала Тита бр. 122	45.892488	20.218464	objekat
Чока	3	Основна школа	Остојићево, Маршала Тита бр. 54	Остојићево	Маршала Тита бр. 54	45.890181	20.167444	objekat
Чока	4	Основна школа	Остојићево, Маршала Тита бр. 54	Остојићево	Маршала Тита бр. 54	45.890181	20.167444	objekat
Чока	5	Ловачки дом	Остојићево, Маршала Тита бр. 37	Остојићево	Маршала Тита бр. 37	45.888765	20.170998	objekat
Чока	6	Месна канцеларија сала за венчање	Остојићево, Маршала Тита бр. 55	Остојићево	Маршала Тита бр. 55	45.889488	20.167850	objekat
Чока	7	ДВД „Падеј"	Падеј, Жарка Зрењанин бб	Падеј	Жарка Зрењанин бб	45.826786	20.164876	naselje
Чока	8	Основна школа	Падеј, Маршала Тита бр. 45	Падеј	Маршала Тита бр. 45	45.825766	20.164575	objekat
Чока	9	Месна канцеларија	Падеј, Маршала Тита бр. 46	Падеј	Маршала Тита бр. 46	45.826664	20.164289	objekat
Чока	10	Месна заједница	Падеј, Маршала Тита бр. 46	Падеј	Маршала Тита бр. 46	45.826664	20.164289	objekat
Чока	11	Месна канцеларија	Санад, Маршала Тита бр. 53	Санад	Маршала Тита бр. 53	45.975729	20.104696	objekat
Чока	12	Основна школа	Санад, Маршала Тита бр. 55	Санад	Маршала Тита бр. 55	45.975751	20.104145	objekat
Чока	13	Основна школа	Црна Бара, ЈНА бр. 40	Црна Бара	ЈНА бр. 40	45.972184	20.275625	objekat
Чока	14	Основна школа	Чока, Бранка Радичевића бр. 11	Чока	Бранка Радичевића бр. 11	45.936483	20.145307	objekat
Чока	15	ПУ „Радост" фискултурна сала	Чока, Маршала Тита бб	Чока	Маршала Тита бб	45.939598	20.151636	ulica
Чока	16	Дом културе - хол	Чока, Маршала Тита бр. 2	Чока	Маршала Тита бр. 2	45.937775	20.140880	objekat
Чока	17	Основна школа	Чока, Бранка Радичевића бр. 11	Чока	Бранка Радичевића бр. 11	45.936483	20.145307	objekat
Чока	18	Средња школа	Чока, Моше Пијаде бр. 28	Чока	Моше Пијаде бр. 28	45.937804	20.145755	objekat
Чока	19	ДВД „Чока"	Чока, Сенћанска бр. 1	Чока	Сенћанска бр. 1	45.942062	20.139034	objekat
Чока	20	КУД „Свети Сава" Чока	Чока, Потиска бр. 24	Чока	Потиска бр. 24	45.939658	20.139937	ulica
Чока	21	ПУ „Радост" хол	Чока, Маршала Тита бб	Чока	Маршала Тита бб	45.939598	20.151636	ulica
Чока	22	Омладински дом	Банатски Моноштор, Петефи Шандора бр. 55	Банатски Моноштор	Петефи Шандора бр. 55	45.957571	20.278496	naselje
Чукарица	1	ДВ "СВЕТИ CABA"	Чукарица, ПОЖЕШКА БР. 28	Чукарица	ПОЖЕШКА БР. 28	44.783138	20.420205	objekat
Чукарица	2	ДВ "СВЕТИ CABA"	Чукарица, ПОЖЕШКА БР. 28	Чукарица	ПОЖЕШКА БР. 28	44.783138	20.420205	objekat
Чукарица	13	ШУМАРСКИ ФАКУЛТЕТ	Чукарица, КНЕЗА ВИШЕСЛАВА БР. 1	Чукарица	КНЕЗА ВИШЕСЛАВА БР. 1	44.782414	20.422722	objekat
Чукарица	4	ОШ "МИЛОЈЕ ПАВЛОВИЋ"	Чукарица, МИЛОСАВА ВЛАЈИЋА БР. 1	Чукарица	МИЛОСАВА ВЛАЈИЋА БР. 1	44.778087	20.416170	objekat
Чукарица	5	ОШ "МИЛОЈЕ ПАВЛОВИЋ"	Чукарица, МИЛОСАВА ВЛАЈИЋА БР. 1	Чукарица	МИЛОСАВА ВЛАЈИЋА БР. 1	44.778087	20.416170	objekat
Чукарица	6	ОШ "БАНОВИЋ СТРАХИЊА"	Чукарица, КНЕЗА ВИШЕСЛАВА БР. 15	Чукарица	КНЕЗА ВИШЕСЛАВА БР. 15	44.779147	20.423628	objekat
Чукарица	7	ОШ "БАНОВИЋ СТРАХИЊА"	Чукарица, КНЕЗА ВИШЕСЛАВА БР. 15	Чукарица	КНЕЗА ВИШЕСЛАВА БР. 15	44.779147	20.423628	objekat
Чукарица	8	ОШ "ЈОСИФ ПАНЧИЋ"	Чукарица, ПОЖЕШКА БР. 52	Чукарица	ПОЖЕШКА БР. 52	44.780695	20.416212	objekat
Чукарица	9	ОШ "ЈОСИФ ПАНЧИЋ"	Чукарица, ПОЖЕШКА БР. 52	Чукарица	ПОЖЕШКА БР. 52	44.780695	20.416212	objekat
Чукарица	10	ХЕМИЈСКА ШКОЛА, УЧИОНИЦА 1	Чукарица, ЉЕШКА БР. 82	Чукарица	ЉЕШКА БР. 82	44.779967	20.412200	objekat
Чукарица	11	ХЕМИЈСКА ШКОЛА, УЧИОНИЦА 2	Чукарица, ЉЕШКА БР. 82	Чукарица	ЉЕШКА БР. 82	44.779967	20.412200	objekat
Чукарица	12	ЈП АДА ЦИГАНЛИЈА-УПРАВНА ЗГРАДА	Чукарица, АДА ЦИГАНЛИЈА БР. 2	Чукарица	АДА ЦИГАНЛИЈА БР. 2	44.790984	20.403990	objekat
Чукарица	13	МЗ "МАКИШ"	Чукарица, МАКИШКА-КОЛОНИЈА КОСМАЈ БР. 24	Чукарица	МАКИШКА-КОЛОНИЈА КОСМАЈ БР. 24	44.760840	20.367056	ulica
Чукарица	14	ОШ "ФИЛИП КЉАЈИЋ ФИЋА"	Чукарица, НИКОЛАЈА ГОГОЉА БР. 40	Чукарица	НИКОЛАЈА ГОГОЉА БР. 40	44.775575	20.412305	objekat
Чукарица	15	ОШ "ФИЛИП КЉАЈИЋ ФИЋА"	Чукарица, НИКОЛАЈА ГОГОЉА БР. 40	Чукарица	НИКОЛАЈА ГОГОЉА БР. 40	44.775575	20.412305	objekat
Чукарица	16	ОШ "ФИЛИП КЉАЈИЋ ФИЋА"	Чукарица, НИКОЛАЈА ГОГОЉА БР. 40	Чукарица	НИКОЛАЈА ГОГОЉА БР. 40	44.775575	20.412305	objekat
Чукарица	17	ДОМ ЗДРАВЉА	Чукарица, СТЕВАНА ЂУРЂЕВИЋА-ТРОШАРИНЦА БР. 3	Чукарица	СТЕВАНА ЂУРЂЕВИЋА-ТРОШАРИНЦА БР. 3	44.776547	20.406525	objekat
Чукарица	18	МЗ ЧУКАРИЧКА ПАДИНА	Чукарица, ОБАЛСКИХ РАДНИКА БР. 39	Чукарица	ОБАЛСКИХ РАДНИКА БР. 39	44.776256	20.406919	objekat
Чукарица	19	ДОМ ЗДРАВЉА	Чукарица, СТЕВАНА ЂУРЂЕВИЋА-ТРОШАРИНЦА БР. 2	Чукарица	СТЕВАНА ЂУРЂЕВИЋА-ТРОШАРИНЦА БР. 2	44.776854	20.406118	objekat
Чукарица	20	ДВ "НЕВЕН"	Чукарица, ПОЖЕШКА БР. 168	Чукарица	ПОЖЕШКА БР. 168	44.770998	20.413627	objekat
Чукарица	21	ДВ "НЕВЕН"	Чукарица, ПОЖЕШКА БР. 168	Чукарица	ПОЖЕШКА БР. 168	44.770998	20.413627	objekat
Чукарица	22	ДВ "ЦАРИЋ"	Чукарица, МЛАДЕНА МИТРИЋА ББ	Чукарица	МЛАДЕНА МИТРИЋА ББ	44.778506	20.407250	ulica
Чукарица	23	ОШ "ФИЛИП КЉАЈИЋ-ФИЋА"	Чукарица, НИКОЛАЈА ГОГОЉА БР. 40	Чукарица	НИКОЛАЈА ГОГОЉА БР. 40	44.775575	20.412305	objekat
Чукарица	24	ОШ "МИЛОШ ЦРЊАНСКИ"	Чукарица, ЂОРЂА ОГЊАНОВИЋА БР. 2	Чукарица	ЂОРЂА ОГЊАНОВИЋА БР. 2	44.764813	20.418221	objekat
Чукарица	25	ОШ "МИЛОШ ЦРЊАНСКИ"	Чукарица, ЂОРЂА ОГЊАНОВИЋА БР. 2	Чукарица	ЂОРЂА ОГЊАНОВИЋА БР. 2	44.764813	20.418221	objekat
Чукарица	26	ОШ "МИЛОШ ЦРЊАНСКИ"	Чукарица, ЂОРЂА ОГЊАНОВИЋА БР. 2	Чукарица	ЂОРЂА ОГЊАНОВИЋА БР. 2	44.764813	20.418221	objekat
Чукарица	27	ОШ "МИЛОШ ЦРЊАНСКИ"	Чукарица, ЂОРЂА ОГЊАНОВИЋА БР. 2	Чукарица	ЂОРЂА ОГЊАНОВИЋА БР. 2	44.764813	20.418221	objekat
Чукарица	28	МЗ "МИЛАН ТОМИЋ ЧАРЕ" ВЕЛИКА САЛА	Чукарица, НЕДЕЉКА ЧАБРИНОВИЋА БР. 54	Чукарица	НЕДЕЉКА ЧАБРИНОВИЋА БР. 54	44.775133	20.415740	objekat
Чукарица	29	МЗ "МИЛАН ТОМИЋ ЧАРЕ" - МАЛА САЛА	Чукарица, НЕДЕЉКА ЧАБРИНОВИЋА БР. 54	Чукарица	НЕДЕЉКА ЧАБРИНОВИЋА БР. 54	44.775133	20.415740	objekat
Чукарица	30	РО "ЕЛЕКТРОДИСТРИБУЦИЈА"	Чукарица, ПОЖЕШКА БР. 71	Чукарица	ПОЖЕШКА БР. 71	44.776954	20.414448	objekat
Чукарица	31	ОШ "МИЛОШ ЦРЊАНСКИ"	Чукарица, ЂОРЂА ОГЊАНОВИЋА БР. 2	Чукарица	ЂОРЂА ОГЊАНОВИЋА БР. 2	44.764813	20.418221	objekat
Чукарица	32	ОШ "МИЛОШ ЦРЊАНСКИ"	Чукарица, ЂОРЂА ОГЊАНОВИЋА БР. 2	Чукарица	ЂОРЂА ОГЊАНОВИЋА БР. 2	44.764813	20.418221	objekat
Чукарица	33	ОШ "ЉУБА НЕНАДОВИЋ"	Чукарица, АЦЕ ЈОКСИМОВИЋА БР. 25	Чукарица	АЦЕ ЈОКСИМОВИЋА БР. 25	44.758213	20.419357	objekat
Чукарица	34	ОШ "МИЛОШ ЦРЊАНСКИ"	Чукарица, ЂОРЂА ОГЊАНОВИЋА БР. 2	Чукарица	ЂОРЂА ОГЊАНОВИЋА БР. 2	44.764813	20.418221	objekat
Чукарица	35	КЛУБ ПЕНЗИОНЕРА	Чукарица, МИЛАНА ЈОВАНОВИЋА БР. 8	Чукарица	МИЛАНА ЈОВАНОВИЋА БР. 8	44.763552	20.414407	objekat
Чукарица	36	ДЗ "ДР СИМО МИЛОШЕВИЋ"	Чукарица, СПАСОВДАНСКА БР. 4А	Чукарица	СПАСОВДАНСКА БР. 4А	44.759518	20.417956	ulica
Чукарица	37	ОШ "ЉУБА НЕНАДОВИЋ", УЧИОНИЦА 1	Чукарица, АЦЕ ЈОКСИМОВИЋА БР. 25	Чукарица	АЦЕ ЈОКСИМОВИЋА БР. 25	44.758213	20.419357	objekat
Чукарица	38	ОШ "ЉУБА НЕНАДОВИЋ"	Чукарица, АЦЕ ЈОКСИМОВИЋА БР. 25	Чукарица	АЦЕ ЈОКСИМОВИЋА БР. 25	44.758213	20.419357	objekat
Чукарица	39	ОШ "ЉУБА НЕНАДОВИЋ"	Чукарица, АЦЕ ЈОКСИМОВИЋА БР. 25	Чукарица	АЦЕ ЈОКСИМОВИЋА БР. 25	44.758213	20.419357	objekat
Чукарица	40	ОШ "ЉУБА НЕНАДОВИЋ"	Чукарица, АЦЕ ЈОКСИМОВИЋА БР. 25	Чукарица	АЦЕ ЈОКСИМОВИЋА БР. 25	44.758213	20.419357	objekat
Чукарица	41	ОШ "ЉУБА НЕНАДОВИЋ"	Чукарица, АЦЕ ЈОКСИМОВИЋА БР. 25	Чукарица	АЦЕ ЈОКСИМОВИЋА БР. 25	44.758213	20.419357	objekat
Чукарица	42	ДВ "ЦЕРАК"	Чукарица, ЈАБЛАНИЧКА БР. 20	Чукарица	ЈАБЛАНИЧКА БР. 20	44.748066	20.416190	objekat
Чукарица	43	ДВ "ЦЕРАК"	Чукарица, ЈАБЛАНИЧКА БР. 20	Чукарица	ЈАБЛАНИЧКА БР. 20	44.748066	20.416190	objekat
Чукарица	44	ДВ "ЦЕРАК"	Чукарица, ЈАБЛАНИЧКА БР. 20	Чукарица	ЈАБЛАНИЧКА БР. 20	44.748066	20.416190	objekat
Чукарица	45	ДВ "ЦЕРАК"	Чукарица, ЈАБЛАНИЧКА БР. 20	Чукарица	ЈАБЛАНИЧКА БР. 20	44.748066	20.416190	objekat
Чукарица	46	МЗ "ЦЕРАК" - МАЛА САЛА	Чукарица, КОСМАЈСКА БР. 56	Чукарица	КОСМАЈСКА БР. 56	44.750695	20.417158	objekat
Чукарица	47	МЗ "ЦЕРАК" - ПРОСТОРИЈЕ ПОШТЕ	Чукарица, КОСМАЈСКА БР. 58	Чукарица	КОСМАЈСКА БР. 58	44.749632	20.416719	objekat
Чукарица	48	МЗ "ЦЕРАК" - УДРУЖЕЊЕ ПЕНЗИОНИОНЕРА	Чукарица, КОСМАЈСКА БР. 56 А	Чукарица	КОСМАЈСКА БР. 56 А	44.750634	20.417152	objekat
Чукарица	49	Инос доо БЕОГРАД	Чукарица, ЈАБЛАНИЧКА БР. 31	Чукарица	ЈАБЛАНИЧКА БР. 31	44.749525	20.421926	objekat
Чукарица	50	ДВ "ПЛАВА ПТИЦА"	Чукарица, ВИНОГРАДСКИ ВЕНАЦ БР. 42	Чукарица	ВИНОГРАДСКИ ВЕНАЦ БР. 42	44.745595	20.413452	objekat
Чукарица	51	ДВ "ПЛАВА ПТИЦА"	Чукарица, ВИНОГРАДСКИ ВЕНАЦ БР. 42	Чукарица	ВИНОГРАДСКИ ВЕНАЦ БР. 42	44.745595	20.413452	objekat
Чукарица	52	ОШ "УЈЕДИЊЕНЕ НАЦИЈЕ", ВЕЛИКА САЛА	Чукарица, БОРОВА БР. 8	Чукарица	БОРОВА БР. 8	44.746638	20.420613	objekat
Чукарица	53	ОШ "УЈЕДИЊЕНЕ НАЦИЈЕ", МАЛА САЛА	Чукарица, БОРОВА БР. 8	Чукарица	БОРОВА БР. 8	44.746638	20.420613	objekat
Чукарица	54	ОБДАНИШТЕ "ДЕЧИЈИ ГАЈ", ВЕЛИКА САЛА	Чукарица, ПЛАТАНА БР. 8	Чукарица	ПЛАТАНА БР. 8	44.745740	20.424361	objekat
Чукарица	55	ОБДАНИШТЕ "ДЕЧИЈИ ГАЈ", МАЛА САЛА	Чукарица, ПЛАТАНА БР. 8	Чукарица	ПЛАТАНА БР. 8	44.745740	20.424361	objekat
Чукарица	56	МЗ "ВИНОГРАДИ", МАЛА САЛА	Чукарица, БРЕЗА БР. 13	Чукарица	БРЕЗА БР. 13	44.746819	20.422337	objekat
Чукарица	57	МЗ "ВИНОГРАДИ", ВЕЛИКА САЛА	Чукарица, БРЕЗА БР. 13	Чукарица	БРЕЗА БР. 13	44.746819	20.422337	objekat
Чукарица	58	ОШ "АЦА МИЛОСАВЉЕВИЋ", СТАРА ЗГРАДА	РУШАЊ, ШКОЛСКА БР. 7	РУШАЊ	ШКОЛСКА БР. 7	44.683776	20.439411	objekat
Чукарица	59	ОШ "АЦА МИЛОСАВЉЕВИЋ", НОВА ЗГРАДА	РУШАЊ, ШКОЛСКА БР. 7	РУШАЊ	ШКОЛСКА БР. 7	44.683776	20.439411	objekat
Чукарица	60	ОШ "АЦА МИЛОСАВЉЕВИЋ", НОВА ЗГРАДА	РУШАЊ, ШКОЛСКА БР. 7	РУШАЊ	ШКОЛСКА БР. 7	44.683776	20.439411	objekat
Чукарица	61	ДНЕВНИ БОРАВАК ЗА ОМЕТЕНЕ У РАЗВОЈУ	Чукарица, ПОРУЧНИКА СПАСИЋА И МАШЕРЕ БР. 90	Чукарица	ПОРУЧНИКА СПАСИЋА И МАШЕРЕ БР. 90	44.767134	20.409836	objekat
Чукарица	62	ДНЕВНИ БОРАВАК ЗА ОМЕТЕНЕ У РАЗВОЈУ	Чукарица, ПОРУЧНИКА СПАСИЋА И МАШЕРЕ БР. 90	Чукарица	ПОРУЧНИКА СПАСИЋА И МАШЕРЕ БР. 90	44.767134	20.409836	objekat
Чукарица	63	ОШ "ЂОРЂЕ КРСТИЋ"	Чукарица, ЖИВКА НАСТИЋА БР. 12	Чукарица	ЖИВКА НАСТИЋА БР. 12	44.760735	20.412050	objekat
Чукарица	64	ОШ "ЂОРЂЕ КРСТИЋ"	Чукарица, ЖИВКА НАСТИЋА БР. 12	Чукарица	ЖИВКА НАСТИЋА БР. 12	44.760735	20.412050	objekat
Чукарица	65	ОШ "ЂОРЂЕ КРСТИЋ"	Чукарица, ЖИВКА НАСТИЋА БР. 12	Чукарица	ЖИВКА НАСТИЋА БР. 12	44.760735	20.412050	objekat
Чукарица	66	ОШ "ЂОРЂЕ КРСТИЋ"	Чукарица, ЖИВКА НАСТИЋА БР. 12	Чукарица	ЖИВКА НАСТИЋА БР. 12	44.760735	20.412050	objekat
Чукарица	67	ОШ "ЂОРЂЕ КРСТИЋ"	Чукарица, ЖИВКА НАСТИЋА БР. 12	Чукарица	ЖИВКА НАСТИЋА БР. 12	44.760735	20.412050	objekat
Чукарица	68	ОШ "ЂОРЂЕ КРСТИЋ"	Чукарица, ЖИВКА НАСТИЋА БР. 12	Чукарица	ЖИВКА НАСТИЋА БР. 12	44.760735	20.412050	objekat
Чукарица	69	МЗ "СТАРО ЖАРКОВО", велика сала	Чукарица, МИХАЈЛА ВАЛТРОВИЋА БР. 36А	Чукарица	МИХАЈЛА ВАЛТРОВИЋА БР. 36А	44.760357	20.408085	objekat
Чукарица	70	МЗ "СТАРО ЖАРКОВО", мала сала	Чукарица, МИХАЈЛА ВАЛТРОВИЋА БР. 36А	Чукарица	МИХАЈЛА ВАЛТРОВИЋА БР. 36А	44.760357	20.408085	objekat
Чукарица	71	ОШ "МИРОСЛАВ АНТИЋ"	Чукарица, ЦРВЕНО БАРЈАЧЕ БР. 6	Чукарица	ЦРВЕНО БАРЈАЧЕ БР. 6	44.753198	20.408078	objekat
Чукарица	72	ОШ "МИРОСЛАВ АНТИЋ"	Чукарица, ЦРВЕНО БАРЈАЧЕ БР. 6	Чукарица	ЦРВЕНО БАРЈАЧЕ БР. 6	44.753198	20.408078	objekat
Чукарица	73	ОШ "МИРОСЛАВ АНТИЋ"	Чукарица, ЦРВЕНО БАРЈАЧЕ БР. 6	Чукарица	ЦРВЕНО БАРЈАЧЕ БР. 6	44.753198	20.408078	objekat
Чукарица	74	ОШ "МИРОСЛАВ АНТИЋ"	Чукарица, ЦРВЕНО БАРЈАЧЕ БР. 6	Чукарица	ЦРВЕНО БАРЈАЧЕ БР. 6	44.753198	20.408078	objekat
Чукарица	75	ДТВ "ПАРТИЗАН", САЛА 1	Чукарица, ПРОТЕ МИЛОРАДА ПАВЛОВИЋА БР. 54	Чукарица	ПРОТЕ МИЛОРАДА ПАВЛОВИЋА БР. 54	44.755188	20.406637	objekat
Чукарица	76	ДТВ "ПАРТИЗАН", САЛА 2	Чукарица, ПРОТЕ МИЛОРАДА ПАВЛОВИЋА БР. 54	Чукарица	ПРОТЕ МИЛОРАДА ПАВЛОВИЋА БР. 54	44.755188	20.406637	objekat
Чукарица	77	ДТВ "ПАРТИЗАН", САЛА 2	Чукарица, ПРОТЕ МИЛОРАДА ПАВЛОВИЋА БР. 54	Чукарица	ПРОТЕ МИЛОРАДА ПАВЛОВИЋА БР. 54	44.755188	20.406637	objekat
Чукарица	78	ВОЈНО ТЕХНИЧКИ ИНСТИТУТ	Чукарица, РАТКА РЕСАНОВИЋА БР. 1	Чукарица	РАТКА РЕСАНОВИЋА БР. 1	44.744368	20.407055	objekat
Чукарица	79	ПОШТА - ШАЛТЕР САЛА	Чукарица, ЧАСЛАВА ВЕЉИЋА БР. 13	Чукарица	ЧАСЛАВА ВЕЉИЋА БР. 13	44.744197	20.396584	objekat
Чукарица	80	ВОЈНО ТЕХНИЧКИ ИНСТИТУТ	Чукарица, РАТКА РЕСАНОВИЋА БР. 1	Чукарица	РАТКА РЕСАНОВИЋА БР. 1	44.744368	20.407055	objekat
Чукарица	81	ОШ "КАРАЂОРЂЕ"	ОСТРУЖНИЦА, ВУКА КАРАЏИЋА БР. 11	ОСТРУЖНИЦА	ВУКА КАРАЏИЋА БР. 11	44.727262	20.320505	objekat
Чукарица	82	ОШ "КАРАЂОРЂЕ"	ОСТРУЖНИЦА, ВУКА КАРАЏИЋА БР. 11	ОСТРУЖНИЦА	ВУКА КАРАЏИЋА БР. 11	44.727262	20.320505	objekat
Чукарица	83	ОШ "КАРАЂОРЂЕ"	ОСТРУЖНИЦА, ВУКА КАРАЏИЋА БР. 11	ОСТРУЖНИЦА	ВУКА КАРАЏИЋА БР. 11	44.727262	20.320505	objekat
Чукарица	84	ОШ "ДОСИТЕЈ ОБРАДОВИЋ"	УМКА, МИЛИЈЕ СТАНОЈЛОВИЋА БР. 10	УМКА	МИЛИЈЕ СТАНОЈЛОВИЋА БР. 10	44.677363	20.305781	objekat
Чукарица	85	ОШ "ДОСИТЕЈ ОБРАДОВИЋ", УЧИОНИЦА 1	УМКА, МИЛИЈЕ СТАНОЈЛОВИЋА БР. 10	УМКА	МИЛИЈЕ СТАНОЈЛОВИЋА БР. 10	44.677363	20.305781	objekat
Чукарица	86	ОШ "ДОСИТЕЈ ОБРАДОВИЋ", УЧИОНИЦА 4	УМКА, МИЛИЈЕ СТАНОЈЛОВИЋА БР. 10	УМКА	МИЛИЈЕ СТАНОЈЛОВИЋА БР. 10	44.677363	20.305781	objekat
Чукарица	87	ОШ "ДОСИТЕЈ ОБРАДОВИЋ", УЧИОНИЦА 5	УМКА, МИЛИЈЕ СТАНОЈЛОВИЋА БР. 10	УМКА	МИЛИЈЕ СТАНОЈЛОВИЋА БР. 10	44.677363	20.305781	objekat
Чукарица	88	ДРЖАВНИ АРХИВ СРБИЈЕ, ХОЛ	Чукарица, БУЛЕВАР МЛАДИХ БР. 5	Чукарица	БУЛЕВАР МЛАДИХ БР. 5	44.729988	20.371323	objekat
Чукарица	89	ДРЖАВНИ АРХИВ СРБИЈЕ, БИБЛИОТЕКА	Чукарица, БУЛЕВАР МЛАДИХ БР. 5	Чукарица	БУЛЕВАР МЛАДИХ БР. 5	44.729988	20.371323	objekat
Чукарица	90	ОШ "БРАЋЕ ЈЕРКОВИЋ"	Чукарица, СТЈЕПАНА СУПАНЦА БР. 15	Чукарица	СТЈЕПАНА СУПАНЦА БР. 15	44.730922	20.377287	objekat
Чукарица	91	ОШ "БРАЋЕ ЈЕРКОВИЋ"	Чукарица, СТЈЕПАНА СУПАНЦА БР. 15	Чукарица	СТЈЕПАНА СУПАНЦА БР. 15	44.730922	20.377287	objekat
Чукарица	92	ОШ "БРАЋЕ ЈЕРКОВИЋ"	Чукарица, СТЈЕПАНА СУПАНЦА БР. 15	Чукарица	СТЈЕПАНА СУПАНЦА БР. 15	44.730922	20.377287	objekat
Чукарица	93	МЗ "ОМЛАДИНСКИХ АКЦИЈА", МАЛА САЛА	Чукарица, ДАРИНКЕ РАДОВИЋ БР. 35	Чукарица	ДАРИНКЕ РАДОВИЋ БР. 35	44.729850	20.383446	objekat
Чукарица	94	МЗ "ОМЛАДИНСКИХ АКЦИЈА", ВЕЛИКА САЛА	Чукарица, ДАРИНКЕ РАДОВИЋ БР. 35	Чукарица	ДАРИНКЕ РАДОВИЋ БР. 35	44.729850	20.383446	objekat
Чукарица	95	ДОМ КУЛТУРЕ	Чукарица, СВЕТЕ МИЛУТИНОВИЋА БР. 2	Чукарица	СВЕТЕ МИЛУТИНОВИЋА БР. 2	44.724555	20.372321	objekat
Чукарица	96	ДОМ КУЛТУРЕ	Чукарица, СВЕТЕ МИЛУТИНОВИЋА БР. 2	Чукарица	СВЕТЕ МИЛУТИНОВИЋА БР. 2	44.724555	20.372321	objekat
Чукарица	97	ДОМ КУЛТУРЕ	Чукарица, СВЕТЕ МИЛУТИНОВИЋА БР. 2	Чукарица	СВЕТЕ МИЛУТИНОВИЋА БР. 2	44.724555	20.372321	objekat
Чукарица	98	ДЕЧИЈИ ВРТИЋ	Чукарица, СВЕТЕ МИЛУТИНОВИЋА БР. 21	Чукарица	СВЕТЕ МИЛУТИНОВИЋА БР. 21	44.723006	20.376091	objekat
Чукарица	99	ОШ "СТЕФАН ДЕЧАНСКИ"	Чукарица, МИЛАНА МИЈАЛКОВИЋА БР. 11	Чукарица	МИЛАНА МИЈАЛКОВИЋА БР. 11	44.727434	20.378879	objekat
Чукарица	100	ОШ "СТЕФАН ДЕЧАНСКИ"	Чукарица, МИЛАНА МИЈАЛКОВИЋА БР. 11	Чукарица	МИЛАНА МИЈАЛКОВИЋА БР. 11	44.727434	20.378879	objekat
Чукарица	101	ОШ "ДУШКО РАДОВИЋ"	СРЕМЧИЦА, ТОМАСА ЕДИСОНА БР. 3	СРЕМЧИЦА	ТОМАСА ЕДИСОНА БР. 3	44.691103	20.383104	objekat
Чукарица	102	ОШ "ДУШКО РАДОВИЋ"	СРЕМЧИЦА, ТОМАСА ЕДИСОНА БР. 3	СРЕМЧИЦА	ТОМАСА ЕДИСОНА БР. 3	44.691103	20.383104	objekat
Чукарица	103	ОШ "ДУШКО РАДОВИЋ", УЧИОНИЦА 3	СРЕМЧИЦА, ТОМАСА ЕДИСОНА БР. 3	СРЕМЧИЦА	ТОМАСА ЕДИСОНА БР. 3	44.691103	20.383104	objekat
Чукарица	104	ДОМ ЗДРАВЉА	СРЕМЧИЦА, БЕОГРАДСКА БР. 150	СРЕМЧИЦА	БЕОГРАДСКА БР. 150	44.676425	20.390680	objekat
Чукарица	105	ДОМ ЗДРАВЉА	СРЕМЧИЦА, БЕОГРАДСКА БР. 150	СРЕМЧИЦА	БЕОГРАДСКА БР. 150	44.676425	20.390680	objekat
Чукарица	106	ПОШТА - ШАЛТЕР САЛА	СРЕМЧИЦА, БЕОГРАДСКА БР. 157А	СРЕМЧИЦА	БЕОГРАДСКА БР. 157А	44.676789	20.391664	objekat
Чукарица	107	ПОШТА - ЕКСПЕДИЦИЈА	СРЕМЧИЦА, БЕОГРАДСКА БР. 157 А	СРЕМЧИЦА	БЕОГРАДСКА БР. 157 А	44.676789	20.391664	objekat
Чукарица	108	МЗ "СРЕМЧИЦА"	СРЕМЧИЦА, БЕОГРАДСКА БР. 157	СРЕМЧИЦА	БЕОГРАДСКА БР. 157	44.677241	20.391551	objekat
Чукарица	109	МЗ "СРЕМЧИЦА", ВЕЛИКА САЛА	СРЕМЧИЦА, БЕОГРАДСКА БР. 157	СРЕМЧИЦА	БЕОГРАДСКА БР. 157	44.677241	20.391551	objekat
Чукарица	110	ОШ "ВУК КАРАЏИЋ" - УЧИОНИЦА 1	СРЕМЧИЦА, ШКОЛСКА БР. 4	СРЕМЧИЦА	ШКОЛСКА БР. 4	44.676893	20.394324	objekat
Чукарица	111	ОШ "ВУК КАРАЏИЋ" - УЧИОНИЦА 2	СРЕМЧИЦА, ШКОЛСКА БР. 4	СРЕМЧИЦА	ШКОЛСКА БР. 4	44.676893	20.394324	objekat
Чукарица	112	ДОМ КУЛТУРЕ ВЕЛИКА МОШТАНИЦА - ВЕЛИКА САЛА	ВЕЛИКА МОШТАНИЦА, ДЕСЕТОГ ОКТОБРА БР. 18	ВЕЛИКА МОШТАНИЦА	ДЕСЕТОГ ОКТОБРА БР. 18	44.667303	20.353367	objekat
Чукарица	113	ОШ "БРАНКО РАДИЧЕВИЋ"	ВЕЛИКА МОШТАНИЦА, ДЕСЕТОГ ОКТОБРА БР. 10	ВЕЛИКА МОШТАНИЦА	ДЕСЕТОГ ОКТОБРА БР. 10	44.666754	20.353444	objekat
Шабац	1	ШКОЛА ЗА УМЕТНИЧКЕ ЗАНАТЕ - ГЛАВНИ УЛАЗ	Шабац, ДОБРОПОЉСКА БР. 3	Шабац	ДОБРОПОЉСКА БР. 3	44.758848	19.697671	objekat
Шабац	2	ВИША ШКОЛА СТРУКОВНИХ СТУДИЈА ЗА ВАСПИТАЧЕ - УЛАЗ ИЗ ДВОРИШТА	Шабац, ДОБРОПОЉСКА БР. 3	Шабац	ДОБРОПОЉСКА БР. 3	44.758848	19.697671	objekat
Шабац	3	МЕДИЦИНСКА ШКОЛА "ДР АНДРА ЈОВАНОВИЋ"	Шабац, ЦАРА ДУШАНА БР. 9	Шабац	ЦАРА ДУШАНА БР. 9	44.758935	19.698723	objekat
Шабац	4	ДЕЧЈИ ВРТИЋ "МЛАДОСТ"	Шабац, КНЕЗА ЛАЗАРА БР. 10	Шабац	КНЕЗА ЛАЗАРА БР. 10	44.757691	19.700807	objekat
Шабац	5	УДРУЖЕЊЕ ПЕНЗИОНЕРА	Шабац, КРАЉИЦЕ МАРИЈЕ 13	Шабац	КРАЉИЦЕ МАРИЈЕ 13	44.755030	19.698479	objekat
Шабац	6	КУЛТУРНИ ЦЕНТАР	Шабац, ГОСПОДАР ЈЕВРЕМОВА БР. 12	Шабац	ГОСПОДАР ЈЕВРЕМОВА БР. 12	44.757803	19.692632	objekat
Шабац	7	МЗ "КАМИЧАК"	Шабац, ЈАРАЧКИХ ЖРТАВА БР. 22	Шабац	ЈАРАЧКИХ ЖРТАВА БР. 22	44.763440	19.692163	objekat
Шабац	8	ОШ "НАТА ЈЕЛИЧИЋ"	Шабац, ЈЕЛЕ СПИРИДОНОВИЋ САВИЋ БР. 5	Шабац	ЈЕЛЕ СПИРИДОНОВИЋ САВИЋ БР. 5	44.760858	19.689133	objekat
Шабац	9	ОШ "НАТА ЈЕЛИЧИЋ"	Шабац, ЈЕЛЕ СПИРИДОНОВИЋ - САВИЋ БР. 5	Шабац	ЈЕЛЕ СПИРИДОНОВИЋ - САВИЋ БР. 5	44.760858	19.689133	objekat
Шабац	10	ДЕЧЈИ ВРТИЋ "БАЈКА"	Шабац, БОРЕ ТИРИЋА ББ	Шабац	БОРЕ ТИРИЋА ББ	44.769056	19.688645	ulica
Шабац	11	МЗ "КАМЕЊАК"	Шабац, ВУКА КАРАЏИЋА БР. 31	Шабац	ВУКА КАРАЏИЋА БР. 31	44.876042	19.701791	objekat
Шабац	12	ІІ ЗДРАВСТВЕНА АМБУЛАНТА	Шабац, СТОЈАНА НОВАКОВИЋА ББ	Шабац	СТОЈАНА НОВАКОВИЋА ББ	44.753894	19.685957	ulica
Шабац	13	ОШ "ВУК КАРАЏИЋ"	Шабац, ВУКА КАРАЏИЋА БР. 14	Шабац	ВУКА КАРАЏИЋА БР. 14	44.876324	19.703102	objekat
Шабац	14	ЕКОНОМСКО-ТРГОВИНСКА ШКОЛА	Шабац, МАСАРИКОВА БР. 29	Шабац	МАСАРИКОВА БР. 29	44.754194	19.691585	objekat
Шабац	15	ЕКОНОМСКО-ТРГОВИНСКА ШКОЛА	Шабац, МАСАРИКОВА БР. 29	Шабац	МАСАРИКОВА БР. 29	44.754194	19.691585	objekat
Шабац	16	ДОМ ПЕНЗИОНЕРА	Шабац, КАРАЂОРЂЕВА БР. 34	Шабац	КАРАЂОРЂЕВА БР. 34	44.868208	19.655141	objekat
Шабац	17	ОШ "ЈАНКО ВЕСЕЛИНОВИЋ"	Шабац, КАРАЂОРЂЕВА БР. 48	Шабац	КАРАЂОРЂЕВА БР. 48	44.753727	19.697224	objekat
Шабац	18	ОШ "НИКОЛАЈА ВЕЛИМИРОВИЋА"	Шабац, ВЛАДЕ ЈОВАНОВИЋА БР. 52	Шабац	ВЛАДЕ ЈОВАНОВИЋА БР. 52	44.753019	19.692099	objekat
Шабац	19	ОШ "ЈЕВРЕМ ОБРЕНОВИЋ"	Шабац, ЖИКЕ ПОПОВИЋ БР. 20	Шабац	ЖИКЕ ПОПОВИЋ БР. 20	44.748883	19.697933	objekat
Шабац	20	МЗ "ДОЊИ ШОР"	Шабац, КАРАЂОРЂЕВА БР. 68	Шабац	КАРАЂОРЂЕВА БР. 68	44.868699	19.650923	objekat
Шабац	21	ОШ "ЈЕВРЕМ ОБРЕНОВИЋ"	Шабац, ЖИКЕ ПОПОВИЋА БР. 20	Шабац	ЖИКЕ ПОПОВИЋА БР. 20	44.748883	19.697933	objekat
Шабац	22	ЈКП "ТОПЛАНА-ШАБАЦ"	Шабац, ЂУРЕ ЈАКШИЋА БР. 1	Шабац	ЂУРЕ ЈАКШИЋА БР. 1	44.746998	19.691589	objekat
Шабац	23	ДЕЧЈЕ ОБДАНИШТЕ "СЛОБОДА"	Шабац, МИЛУТИНА БОЈИЋА ББ	Шабац	МИЛУТИНА БОЈИЋА ББ	44.746031	19.699105	ulica
Шабац	24	ДОМ МЗ "ЖИКА ПОПОВИЋ" МАЛА САЛА	Шабац, ЖИКЕ ПОПОВИЋА БР. 69	Шабац	ЖИКЕ ПОПОВИЋА БР. 69	44.744731	19.694314	objekat
Шабац	25	ДОМ МЗ "ЖИКА ПОПОВИЋ" - ВЕЛИКА САЛА	Шабац, ЖИКЕ ПОПОВИЋА БР. 69	Шабац	ЖИКЕ ПОПОВИЋА БР. 69	44.744731	19.694314	objekat
Шабац	26	M3 "ЈЕВРЕМОВА" - ВЕЛИКА САЛА	Шабац, НИКОЛЕ ПАШИЋА БР. 10	Шабац	НИКОЛЕ ПАШИЋА БР. 10	44.745205	19.678165	objekat
Шабац	27	M3 "ЈЕВРЕМОВА" - МАЛА САЛА	Шабац, НИКОЛЕ ПАШИЋА БР. 10	Шабац	НИКОЛЕ ПАШИЋА БР. 10	44.745205	19.678165	objekat
Шабац	28	ОШ "ЛАЗА ЛАЗАРЕВИЋ"	Шабац, МАСАРИКОВА БР. 136	Шабац	МАСАРИКОВА БР. 136	44.749665	19.685624	objekat
Шабац	29	ОШ "ЛАЗА ЛАЗАРЕВИЋ"	Шабац, МАСАРИКОВА БР. 136	Шабац	МАСАРИКОВА БР. 136	44.749665	19.685624	objekat
Шабац	30	ДОМ КУЛТУРЕ "ШИПУРСКЕ ЛИВАДЕ" - ВЕЛИКА САЛА	Шабац, СТАНОЈА ГЛАВАША БР. 9	Шабац	СТАНОЈА ГЛАВАША БР. 9	44.744475	19.704616	objekat
Шабац	31	ОШ "СТОЈАН НОВАКОВИЋ"	Шабац, ВОЈВОДЕ ЈАНКА СТОЈИЋЕВИЋА БР. 34	Шабац	ВОЈВОДЕ ЈАНКА СТОЈИЋЕВИЋА БР. 34	44.745779	19.706187	objekat
Шабац	32	ОШ "СТОЈАН НОВАКОВИЋ"	Шабац, ВОЈВОДЕ ЈАНКА СТОЈИЋЕВИЋА БР. 34	Шабац	ВОЈВОДЕ ЈАНКА СТОЈИЋЕВИЋА БР. 34	44.745779	19.706187	objekat
Шабац	33	МЕСНА ЗАЈЕДНИЦА НОВА ПРОСТОРИЈА	Шабац, ПЕТРА ЛАЗИЋА ББ	Шабац	ПЕТРА ЛАЗИЋА ББ	44.731402	19.697731	ulica
Шабац	34	ОШ "СТОЈАН НОВАКОВИЋ"	Шабац, ПЕТРА ЛАЗИЋА БР. 1	Шабац	ПЕТРА ЛАЗИЋА БР. 1	44.731573	19.697912	objekat
Шабац	35	МЗ "КАСАРСКЕ ЛИВАДЕ"	Шабац, СТЕФАНА ПРВОВЕНЧАНОГ БР. 6	Шабац	СТЕФАНА ПРВОВЕНЧАНОГ БР. 6	44.749034	19.661154	objekat
Шабац	36	ОШ "ВУК КАРАЏИЋ"	Шабац, СТЕФАНА ПРВОВЕНЧАНОГ БР. 1	Шабац	СТЕФАНА ПРВОВЕНЧАНОГ БР. 1	44.748797	19.662630	objekat
Шабац	37	ОСНОВНА ШКОЛА	Табановић	Табановић		44.820182	19.641277	naselje
Шабац	38	ОСНОВНА ШКОЛА	Мачвански Причиновић	Мачвански Причиновић		44.807935	19.682532	ulica
Шабац	39	ОСНОВНА ШКОЛА	Шеварице	Шеварице		44.867205	19.659709	naselje
Шабац	40	ЗДРАВСТВЕНА АМБУЛАНТА	Дреновац	Дреновац		44.867624	19.709848	naselje
Шабац	41	ДОМ КУЛТУРЕ	Дреновац	Дреновац		44.867624	19.709848	naselje
Шабац	42	ОСНОВНА ШКОЛА	Мајур	Мајур		44.767542	19.663033	objekat
Шабац	43	ОСНОВНА ШКОЛА	Мајур	Мајур		44.767542	19.663033	objekat
Шабац	44	ЗДРАВСТВЕНА АМБУЛАНТА	Мајур	Мајур		44.767542	19.663033	objekat
Шабац	45	УСТАНОВА "НАШЕ ДЕТЕ"	Мајур	Мајур		44.767542	19.663033	objekat
Шабац	46	ОСНОВНА ШКОЛА	Штитар	Штитар		44.791137	19.594338	naselje
Шабац	47	ОСНОВНА ШКОЛА - НОВА ЗГРАДА	Слепчевић	Слепчевић		44.752775	19.565229	naselje
Шабац	48	ОСНОВНА ШКОЛА	Петловача	Петловача		44.727140	19.451279	naselje
Шабац	49	ДОМ КУЛТУРЕ	Змињак	Змињак		44.754722	19.470556	naselje
Шабац	50	ДОМ КУЛТУРЕ	Скрађани	Скрађани		44.755000	19.484444	naselje
Шабац	51	ОСНОВНА ШКОЛА	Рибари	Рибари		44.710004	19.423810	naselje
Шабац	52	ДОМ КУЛТУРЕ	Петковица	Петковица		44.662479	19.427588	objekat
Шабац	53	ОСНОВНА ШКОЛА - УЧИОНИЦА БР. 1	Прњавор	Прњавор		44.700833	19.385278	naselje
Шабац	54	ОСНОВНА ШКОЛА - УЧИОНИЦА БР. 4	Прњавор	Прњавор		44.700833	19.385278	naselje
Шабац	55	ОСНОВНА ШКОЛА - УЧИОНИЦА БР. 5	Прњавор	Прњавор		44.700833	19.385278	naselje
Шабац	56	МЕСНА ЗАЈЕДНИЦА	Дуваниште	Дуваниште		44.742235	19.524167	naselje
Шабац	57	ОСНОВНА ШКОЛА ПРВИ УЛАЗ	Липолист	Липолист		44.698199	19.501214	naselje
Шабац	58	ОСНОВНА ШКОЛА ДРУГИ УЛАЗ	Липолист	Липолист		44.698199	19.501214	naselje
Шабац	59	ОСНОВНА ШКОЛА	Бела Река	Бела Река		44.754083	19.649787	drugo:waterway
Шабац	60	ОСНОВНА ШКОЛА	Богосавац	Богосавац		44.718194	19.594899	naselje
Шабац	61	ОСНОВНА ШКОЛА	Добрић	Добрић		44.702242	19.579309	naselje
Шабац	62	ОСНОВНА ШКОЛА	Цулјковић	Цулјковић		44.664436	19.540253	naselje
Шабац	63	ОСНОВНА ШКОЛА	Радовашница	Радовашница		44.641972	19.509629	naselje
Шабац	64	ДОМ КУЛТУРЕ	Јеленча	Јеленча		44.734367	19.735187	naselje
Шабац	65	ОШ "ЈАНКО ВЕСЕЛИНОВИЋ"	Јеленча	Јеленча		44.734367	19.735187	naselje
Шабац	66	ОСНОВНА ШКОЛА	Мала Врањска	Мала Врањска		44.695063	19.733799	naselje
Шабац	67	ОШ "ЈЕВРЕМ ОБРЕНОВИЋ" - ИЗДВОЈЕНО ОДЕЉЕЊЕ МИШАР	Мишар, Карађорђева улица б.б.	Мишар	Карађорђева улица б.б.	44.734559	19.754708	naselje
Шабац	68	ОСНОВНА ШКОЛА	Орашац	Орашац		44.732110	19.789543	naselje
Шабац	69	ОСНОВНА ШКОЛА	Мрђеновац	Мрђеновац		44.733429	19.805955	naselje
Шабац	70	ОСНОВНА ШКОЛА	Корман	Корман		44.705028	19.768527	naselje
Шабац	71	ОСНОВНА ШКОЛА	Предворица	Предворица		44.688893	19.804482	naselje
Шабац	72	ОСНОВНА ШКОЛА	Миокус	Миокус		44.704107	19.826961	naselje
Шабац	73	ОСНОВНА ШКОЛА	Церовац	Церовац		44.675565	19.742327	naselje
Шабац	74	ОСНОВНА ШКОЛА	Жабар	Жабар		44.697145	19.764703	naselje
Шабац	75	ФК "ПОЦЕРИНА"	Јевремовац	Јевремовац		44.721720	19.663642	naselje
Шабац	76	ОШ "ЛАЗА ЛАЗАРЕВИЋ" - ИЗДВОЈЕНО ОДЕЉЕЊЕ ЈЕВРЕМОВАЦ	Јевремовац	Јевремовац		44.721720	19.663642	naselje
Шабац	77	ОСНОВНА ШКОЛА	Варна	Варна		44.679141	19.651504	naselje
Шабац	78	ДОМ КУЛТУРЕ	Маови	Маови		44.694089	19.622815	naselje
Шабац	79	ОСНОВНА ШКОЛА	Поцерски Метковић	Поцерски Метковић		44.658491	19.621015	naselje
Шабац	80	ОСНОВНА ШКОЛА	Слатина	Слатина		44.651784	19.646364	naselje
Шабац	81	ДОМ КУЛТУРЕ	Грушић	Грушић		44.636000	19.565269	naselje
Шабац	82	ОСНОВНА ШКОЛА	Десић	Десић		44.618675	19.530647	naselje
Шабац	83	ОСНОВНА ШКОЛА	Поцерски Причиновић	Поцерски Причиновић		44.722222	19.707222	naselje
Шабац	84	МЕСНА ЗАЈЕДНИЦА	Поцерски Причиновић	Поцерски Причиновић		44.722222	19.707222	naselje
Шабац	85	ОСНОВНА ШКОЛА	Поцерски Причиновић	Поцерски Причиновић		44.722222	19.707222	naselje
Шабац	86	ДОМ КУЛТУРЕ	Горња Врањска	Горња Врањска		44.691111	19.693333	naselje
Шабац	87	ОСНОВНА ШКОЛА	Заблаће	Заблаће		44.629335	19.695369	naselje
Шабац	88	ОСНОВНА ШКОЛА	Синошевић	Синошевић		44.617759	19.650877	naselje
Шабац	89	ОСНОВНА ШКОЛА	Накучани	Накучани		44.600052	19.654415	naselje
Шабац	90	ОШ "ДОСИТЕЈ ОБРАДОВИЋ"	Волујац	Волујац		44.613989	19.601586	naselje
Шабац	91	ОСНОВНА ШКОЛА	Бојић	Бојић		44.625762	19.632637	naselje
Шабац	92	ОСНОВНА ШКОЛА	Двориште	Двориште		44.602989	19.578875	naselje
Шабац	93	МАГАЦИН	Метлић, Брђанска бб	Метлић	Брђанска бб	44.562354	19.643925	ulica
Шабац	94	ОСНОВНА ШКОЛА СТАРА ШКОЛА	Метлић	Метлић		44.574532	19.638185	naselje
Шабац	95	ОСНОВНА ШКОЛА - СТЕВАНОВИЋА МАЛА	Метлић	Метлић		44.574532	19.638185	naselje
Шабац	96	ОСНОВНА ШКОЛА	Криваја	Криваја		44.553675	19.600733	naselje
Шабац	97	ОСНОВНА ШКОЛА	Румска	Румска		44.568406	19.574829	naselje
Шабац	98	ОСНОВНА ШКОЛА	Букор	Букор		44.512316	19.591047	naselje
Шабац	99	МАГАЦИН	Букор, Ћосић мала	Букор	Ћосић мала	44.512316	19.591047	naselje
Шабац	100	ОСНОВНА ШКОЛА	Румска	Румска		44.568406	19.574829	naselje
Шид	1	ОШ "ВУК КАРАЏИЋ"	Адашевци, Фрушкогорска бр. 3	Адашевци	Фрушкогорска бр. 3	45.083063	19.221690	objekat
Шид	2	ОШ "ВУК КАРАЏИЋ"	Адашевци, Фрушкогорска бр. 3	Адашевци	Фрушкогорска бр. 3	45.083063	19.221690	objekat
Шид	3	ОШ "ВУК КАРАЏИЋ"	Батровци, ЈНА бр. 34	Батровци	ЈНА бр. 34	45.053610	19.129062	objekat
Шид	4	ОШ "БРАНКО РАДИЧЕВИЋ"	Бачинци, Сремска бр. 1	Бачинци	Сремска бр. 1	45.082602	19.307896	objekat
Шид	5	ДОМ КУЛТУРЕ	Беркасово, Светог Саве бр. 1	Беркасово	Светог Саве бр. 1	45.150181	19.263068	objekat
Шид	6	ОШ "САВА ШУМАНОВИЋ"	Бингула, Нушићева бр. 1	Бингула	Нушићева бр. 1	45.101359	19.448952	objekat
Шид	7	ОШ "СРЕМСКИ ФРОНТ"	Бикић До, Чапајева бр. 27	Бикић До	Чапајева бр. 27	45.153920	19.292590	ulica
Шид	8	ОШ "ВУК КАРАЏИЋ"	Вашица, Вука Караџића бр. 2	Вашица	Вука Караџића бр. 2	45.094564	19.185971	objekat
Шид	9	ОШ "ВУК КАРАЏИЋ"	Вашица, Вука Караџића бр. 2	Вашица	Вука Караџића бр. 2	45.094564	19.185971	objekat
Шид	10	ОШ "ФИЛИП ВИШЊИЋ"	Вишњићево, Филипа Вишњића бр. 1	Вишњићево	Филипа Вишњића бр. 1	44.965997	19.289321	objekat
Шид	11	ОШ "ФИЛИП ВИШЊИЋ"	Вишњићево, Филипа Вишњића бр. 1	Вишњићево	Филипа Вишњића бр. 1	44.965997	19.289321	objekat
Шид	12	ОШ "БРАНКО РАДИЧЕВИЋ"	Гибарац, Светог Саве бр. 5	Гибарац	Светог Саве бр. 5	45.104740	19.265562	objekat
Шид	13	ОШ "САВА ШУМАНОВИЋ"	Ердевик, Светог Саве бр. 4	Ердевик	Светог Саве бр. 4	45.116908	19.410278	objekat
Шид	14	СЛОВАЧКИ ДОМ	Ердевик, Масарикова бр. 2	Ердевик	Масарикова бр. 2	45.114049	19.413594	objekat
Шид	15	МЕСНА ЗАЈЕДНИЦА	Ердевик, Трг младих бр. 1	Ердевик	Трг младих бр. 1	45.115499	19.409791	objekat
Шид	16	ОШ "ВУК КАРАЏИЋ"	Илинци, Војвођанска бр. 1	Илинци	Војвођанска бр. 1	45.113874	19.124909	objekat
Шид	17	ОШ "ФИЛИП ВИШЊИЋ"	Јамена, Милоша Обилића бр. 42	Јамена	Милоша Обилића бр. 42	44.883614	19.064163	objekat
Шид	18	ОШ "БРАНКО РАДИЧЕВИЋ"	Кукујевци, Десанке Максимовић бр. 2	Кукујевци	Десанке Максимовић бр. 2	45.071095	19.340667	objekat
Шид	19	МЕСНА ЗАЈЕДНИЦА	Кукујевци, Војводе Синђелића бр. 4	Кукујевци	Војводе Синђелића бр. 4	45.069812	19.339728	objekat
Шид	20	ОШ "САВА ШУМАНОВИЋ"	Љуба, Војвођанска бр. 36	Љуба	Војвођанска бр. 36	45.156619	19.390326	objekat
Шид	21	ОШ "СРЕМСКИ ФРОНТ"	Моловин, Фрушкогорска 0	Моловин	Фрушкогорска 0	45.182218	19.313446	ulica
Шид	22	ОШ "ФИЛИП ВИШЊИЋ"	Моровић, Краља Петра Првог бр. 18	Моровић	Краља Петра Првог бр. 18	45.008387	19.217398	objekat
Шид	23	ОШ "ФИЛИП ВИШЊИЋ"	Моровић, Краља Петра Првог бр. 18	Моровић	Краља Петра Првог бр. 18	45.008387	19.217398	objekat
Шид	24	МЕСНА ЗАЈЕДНИЦА	Привина Глава, ЈНА бр. 10	Привина Глава	ЈНА бр. 10	45.139381	19.297565	objekat
Шид	25	ОШ "СРЕМСКИ ФРОНТ"	Сот, Моше Пијаде бр. 1	Сот	Моше Пијаде бр. 1	45.157756	19.318060	objekat
Шид	26	ОШ "СРЕМСКИ ФРОНТ"	Шид, Мајке Јевросиме бр. 1	Шид	Мајке Јевросиме бр. 1	45.123359	19.238163	objekat
Шид	27	ТЕХНИЧКА ШКОЛА "НИКОЛА ТЕСЛА"	Шид, Школска бр. 1	Шид	Школска бр. 1	45.128751	19.227276	objekat
Шид	28	СПОРТСКИ ЦЕНТАР	Шид, Матије Гупца бр. 5	Шид	Матије Гупца бр. 5	45.125835	19.232352	objekat
Шид	29	ОШ "СРЕМСКИ ФРОНТ"	Шид, Мајке Јевросиме бр. 1	Шид	Мајке Јевросиме бр. 1	45.123359	19.238163	objekat
Шид	30	ПУ "ЈЕЛИЦА СТАНИВУКОВИЋ - ШИЛА"	Шид, Јелице Станивуковић бр. 18	Шид	Јелице Станивуковић бр. 18	45.122565	19.224175	objekat
Шид	31	ДОМ ЗДРАВЉА	Шид, Алексе Шантића бр. 1	Шид	Алексе Шантића бр. 1	45.125136	19.224433	objekat
Шид	32	ГИМНАЗИЈА "САВА ШУМАНОВИЋ"	Шид, Лазе Костића бр. 2	Шид	Лазе Костића бр. 2	45.121414	19.221126	objekat
Шид	33	СЛОВАЧКИ ДОМ	Шид, Светог Саве бр. 76	Шид	Светог Саве бр. 76	45.124072	19.232965	objekat
Шид	34	МЕСНА ЗАЈЕДНИЦА	Шид, Карађорђева бр. 85	Шид	Карађорђева бр. 85	45.123037	19.221809	objekat
Шид	35	ГИМНАЗИЈА "САВА ШУМАНОВИЋ"	Шид, Лазе Костића бр. 2	Шид	Лазе Костића бр. 2	45.121414	19.221126	objekat
Шид	36	ОШ "БРАНКО РАДИЧЕВИЋ"	Шид, Петра Кочића 0	Шид	Петра Кочића 0	45.128293	19.217393	ulica
Шид	37	ЦРВЕНИ КРСТ	Шид, Цара Лазара бр. 10	Шид	Цара Лазара бр. 10	45.129419	19.227854	objekat
Шид	38	ДОМ ПЕНЗИОНЕРА	Шид, Бранка Радичевића бр. 1	Шид	Бранка Радичевића бр. 1	45.130017	19.224009	objekat
Шид	39	КПД "ЂУРА КИШ"	Шид, Цара Лазара бр. 105	Шид	Цара Лазара бр. 105	45.134565	19.232040	objekat
Штрпце	1	ОСНОВНА ШКОЛА	Штрпце	Штрпце				nije_nadjeno
Штрпце	2	ОСНОВНА ШКОЛА	Штрпце	Штрпце				nije_nadjeno
Штрпце	3	ОСНОВНА ШКОЛА	Штрпце	Штрпце				nije_nadjeno
Штрпце	4	ОСНОВНА ШКОЛА	Штрпце	Штрпце				nije_nadjeno
Штрпце	5	ОСНОВНА ШКОЛА	Штрпце	Штрпце				nije_nadjeno
Штрпце	6	ОСНОВНА ШКОЛА	Штрпце	Штрпце				nije_nadjeno
Штрпце	7	ОСНОВНА ШКОЛА	Штрпце	Штрпце				nije_nadjeno
Штрпце	8	ОСНОВНА ШКОЛА	Штрпце	Штрпце				nije_nadjeno
Штрпце	9	ОСНОВНА ШКОЛА	Штрпце	Штрпце				nije_nadjeno
Штрпце	10	ОСНОВНА ШКОЛА	Штрпце	Штрпце				nije_nadjeno